
  You can now view your Streamlit app in your browser.

  URL: http://0.0.0.0:8501

  Stopping...

  You can now view your Streamlit app in your browser.

  URL: http://0.0.0.0:8501

[31m──[0m[31m────────────────────────[0m[31m [0m[1;31mTraceback [0m[1;2;31m(most recent call last)[0m[31m [0m[31m─────────────────────────[0m[31m──[0m
[31m [0m [2m/usr/local/lib/python3.12/site-packages/streamlit/runtime/scriptrunner/[0m[1mexec_code.py[0m: [31m [0m
[31m [0m 128 in exec_func_with_error_handling                                                 [31m [0m
[31m [0m                                                                                      [31m [0m
[31m [0m [2m/usr/local/lib/python3.12/site-packages/streamlit/runtime/scriptrunner/[0m[1mscript_runner[0m [31m [0m
[31m [0m [1m.py[0m:669 in code_to_exec                                                              [31m [0m
[31m [0m                                                                                      [31m [0m
[31m [0m [2m/home/user/webapp/[0m[1mstreamlit_app.py[0m:27 in <module>                                    [31m [0m
[31m [0m                                                                                      [31m [0m
[31m [0m   [2m  24 [0m[2m│   [0m[94mfrom[0m[90m [0m[4;96mconfig[0m[90m [0m[94mimport[0m Config                                                 [31m [0m
[31m [0m   [2m  25 [0m[94mexcept[0m [96mImportError[0m [94mas[0m e:                                                      [31m [0m
[31m [0m   [2m  26 [0m[2m│   [0m[94mtry[0m:                                                                      [31m [0m
[31m [0m [31m❱ [0m  27 [2m│   │   [0mbackend_path = Path([91m__file__[0m).parent / [33m'[0m[33mbackend[0m[33m'[0m / [33m'[0m[33mapp[0m[33m'[0m              [31m [0m
[31m [0m   [2m  28 [0m[2m│   │   [0msys.path.insert([94m0[0m, [96mstr[0m(backend_path))                                 [31m [0m
[31m [0m   [2m  29 [0m[2m│   │   [0m[94mfrom[0m[90m [0m[4;96mfixed_multiresponse_processor[0m[90m [0m[94mimport[0m FixedMultiResponseProcessor [31m [0m
[31m [0m   [2m  30 [0m[2m│   │   [0m[94mfrom[0m[90m [0m[4;96moptimized_analytics[0m[90m [0m[94mimport[0m OptimizedOSNAnalytics                 [31m [0m
[31m [0m in _find_and_load:1360                                                               [31m [0m
[31m [0m in _find_and_load_unlocked:1331                                                      [31m [0m
[31m [0m in _load_unlocked:946                                                                [31m [0m
[31m────────────────────────────────────────────────────────────────────────────────────────[0m
[1;91mKeyError: [0m[32m'fixed_multiresponse_processor'[0m
[31m──[0m[31m────────────────────────[0m[31m [0m[1;31mTraceback [0m[1;2;31m(most recent call last)[0m[31m [0m[31m─────────────────────────[0m[31m──[0m
[31m [0m [2m/usr/local/lib/python3.12/site-packages/streamlit/runtime/scriptrunner/[0m[1mexec_code.py[0m: [31m [0m
[31m [0m 128 in exec_func_with_error_handling                                                 [31m [0m
[31m [0m                                                                                      [31m [0m
[31m [0m [2m/usr/local/lib/python3.12/site-packages/streamlit/runtime/scriptrunner/[0m[1mscript_runner[0m [31m [0m
[31m [0m [1m.py[0m:669 in code_to_exec                                                              [31m [0m
[31m [0m                                                                                      [31m [0m
[31m [0m [2m/home/user/webapp/[0m[1mstreamlit_app.py[0m:27 in <module>                                    [31m [0m
[31m [0m                                                                                      [31m [0m
[31m [0m   [2m  24 [0m[2m│   [0m[94mfrom[0m[90m [0m[4;96mconfig[0m[90m [0m[94mimport[0m Config                                                 [31m [0m
[31m [0m   [2m  25 [0m[94mexcept[0m [96mImportError[0m [94mas[0m e:                                                      [31m [0m
[31m [0m   [2m  26 [0m[2m│   [0m[94mtry[0m:                                                                      [31m [0m
[31m [0m [31m❱ [0m  27 [2m│   │   [0mbackend_path = Path([91m__file__[0m).parent / [33m'[0m[33mbackend[0m[33m'[0m / [33m'[0m[33mapp[0m[33m'[0m              [31m [0m
[31m [0m   [2m  28 [0m[2m│   │   [0msys.path.insert([94m0[0m, [96mstr[0m(backend_path))                                 [31m [0m
[31m [0m   [2m  29 [0m[2m│   │   [0m[94mfrom[0m[90m [0m[4;96mfixed_multiresponse_processor[0m[90m [0m[94mimport[0m FixedMultiResponseProcessor [31m [0m
[31m [0m   [2m  30 [0m[2m│   │   [0m[94mfrom[0m[90m [0m[4;96moptimized_analytics[0m[90m [0m[94mimport[0m OptimizedOSNAnalytics                 [31m [0m
[31m [0m in _find_and_load:1360                                                               [31m [0m
[31m [0m in _find_and_load_unlocked:1331                                                      [31m [0m
[31m [0m in _load_unlocked:946                                                                [31m [0m
[31m────────────────────────────────────────────────────────────────────────────────────────[0m
[1;91mKeyError: [0m[32m'fixed_multiresponse_processor'[0m
  Stopping...

  You can now view your Streamlit app in your browser.

  URL: http://0.0.0.0:8501

✅ Imported FixedMultiResponseProcessor from main directory
✅ Imported FixedMultiResponseProcessor from main directory
  Stopping...
  Stopping...

  You can now view your Streamlit app in your browser.

  URL: http://0.0.0.0:8501

✅ Imported FixedMultiResponseProcessor (lazy loading version)
✅ Imported FixedMultiResponseProcessor (lazy loading version)
✅ Imported OptimizedOSNAnalytics and Config
✅ Imported OptimizedOSNAnalytics and Config
Loading Excel file with sheets: ['Guests (UAE)', 'Guests Online (KSA)']
Loaded Guests (UAE): (204, 45)
Processing multi-response question B1-A: What were your top 3 reasons for choosing this hotel? (Select up to 3)
  Response distribution: {'Location': 155, 'Price': 88, 'Brand Reputation': 77, 'Amenities (gym, pool, etc.)': 118, 'In-room Entertainment': 42, 'Family-friendly Features': 48, 'Guest Reviews': 71}
Processing multi-response question C2-A: What type of content did you watch? (Select all that apply)
  Response distribution: {'News': 87, 'Movies': 126, 'Sports': 64, 'Children’s Content': 53, 'Streaming Apps (e.g., Netflix, OSN+)': 114, 'Other': 5}
Processing multi-response question D1: Do you currently subscribe to any of the following platforms? (Select all that apply)
  Response distribution: {'OSN+': 26, 'Netflix': 133, 'Amazon Prime': 108, 'Disney+': 56, 'Shahid': 33, 'None': 12}
Text column 'A1': 40 responses
Text column 'A2-A': 6 responses
Text column 'B2-B': 184 responses
Text column 'C2-A-a': 10 responses
Text column 'C2-B': 169 responses
Text column 'C4-B': 175 responses
Text column 'D5': 168 responses
Final processed data for Guests (UAE): 200 responses
Processed Guests (UAE): (200, 27) - 200 actual responses
Loaded Guests Online (KSA): (204, 45)
Processing multi-response question B1-A: What were your top 3 reasons for choosing this hotel? (Select up to 3)
  Response distribution: {'Location': 172, 'Price': 91, 'Brand Reputation': 87, 'Amenities (gym, pool, etc.)': 106, 'In-room Entertainment': 23, 'Family-friendly Features': 51, 'Guest Reviews': 63}
Processing multi-response question C2-A: What type of content did you watch? (Select all that apply)
  Response distribution: {'News': 92, 'Movies': 92, 'Sports': 68, 'Children’s Content': 52, 'Streaming Apps (e.g., Netflix, OSN+)': 113, 'Other': 19}
Processing multi-response question D1: Do you currently subscribe to any of the following platforms? (Select all that apply)
  Response distribution: {'OSN+': 48, 'Netflix': 139, 'Amazon Prime': 81, 'Disney+': 48, 'Shahid': 56, 'None': 10}
Text column 'A1': 85 responses
Text column 'A2-A': 21 responses
Text column 'B-A-a': 10 responses
Text column 'B2-B': 173 responses
Text column 'C2-A-a': 24 responses
Text column 'C2-B': 173 responses
Text column 'C4-B': 168 responses
Text column 'D5': 174 responses
Final processed data for Guests Online (KSA): 200 responses
Processed Guests Online (KSA): (200, 27) - 200 actual responses
✅ Imported FixedMultiResponseProcessor (lazy loading version)
✅ Imported OptimizedOSNAnalytics and Config
✅ Imported FixedMultiResponseProcessor (lazy loading version)
✅ Imported OptimizedOSNAnalytics and Config
✅ Imported FixedMultiResponseProcessor (lazy loading version)
✅ Imported OptimizedOSNAnalytics and Config
✅ Imported FixedMultiResponseProcessor (lazy loading version)
✅ Imported OptimizedOSNAnalytics and Config
✅ Imported FixedMultiResponseProcessor (lazy loading version)
✅ Imported OptimizedOSNAnalytics and Config
✅ Imported FixedMultiResponseProcessor (lazy loading version)
✅ Imported OptimizedOSNAnalytics and Config
✅ Imported FixedMultiResponseProcessor (lazy loading version)
✅ Imported FixedMultiResponseProcessor (lazy loading version)
✅ Imported OptimizedOSNAnalytics and Config
✅ Imported OptimizedOSNAnalytics and Config
✅ Imported FixedMultiResponseProcessor (lazy loading version)
✅ Imported OptimizedOSNAnalytics and Config
✅ Imported FixedMultiResponseProcessor (lazy loading version)
✅ Imported OptimizedOSNAnalytics and Config
✅ Imported FixedMultiResponseProcessor (lazy loading version)
✅ Imported OptimizedOSNAnalytics and Config
✅ Imported FixedMultiResponseProcessor (lazy loading version)
✅ Imported FixedMultiResponseProcessor (lazy loading version)
✅ Imported OptimizedOSNAnalytics and Config
✅ Imported FixedMultiResponseProcessor (lazy loading version)
✅ Imported OptimizedOSNAnalytics and Config
✅ Imported FixedMultiResponseProcessor (lazy loading version)
✅ Imported OptimizedOSNAnalytics and Config
[31m──[0m[31m────────────────────────[0m[31m [0m[1;31mTraceback [0m[1;2;31m(most recent call last)[0m[31m [0m[31m─────────────────────────[0m[31m──[0m
[31m [0m [2m/usr/local/lib/python3.12/site-packages/streamlit/runtime/scriptrunner/[0m[1mexec_code.py[0m: [31m [0m
[31m [0m 128 in exec_func_with_error_handling                                                 [31m [0m
[31m [0m                                                                                      [31m [0m
[31m [0m [2m/usr/local/lib/python3.12/site-packages/streamlit/runtime/scriptrunner/[0m[1mscript_runner[0m [31m [0m
[31m [0m [1m.py[0m:669 in code_to_exec                                                              [31m [0m
[31m [0m                                                                                      [31m [0m
[31m [0m [2m/home/user/webapp/[0m[1mstreamlit_app.py[0m:34 in <module>                                    [31m [0m
[31m [0m                                                                                      [31m [0m
[31m [0m   [2m  31 [0mConfig = [94mNone[0m                                                                 [31m [0m
[31m [0m   [2m  32 [0m                                                                              [31m [0m
[31m [0m   [2m  33 [0m[94mtry[0m:                                                                          [31m [0m
[31m [0m [31m❱ [0m  34 [2m│   [0m[94mfrom[0m[90m [0m[4;96moptimized_analytics[0m[90m [0m[94mimport[0m OptimizedOSNAnalytics                     [31m [0m
[31m [0m   [2m  35 [0m[2m│   [0m[94mfrom[0m[90m [0m[4;96mconfig[0m[90m [0m[94mimport[0m Config                                                 [31m [0m
[31m [0m   [2m  36 [0m[2m│   [0m[96mprint[0m([33m"[0m[33m✅ Imported OptimizedOSNAnalytics and Config[0m[33m"[0m)                     [31m [0m
[31m [0m   [2m  37 [0m[1;4;94mexcept[0m[1;4m [0m[1;4;96mImportError[0m[1;4m:[0m                                                           [31m [0m
[31m [0m in _find_and_load:1360                                                               [31m [0m
[31m [0m in _find_and_load_unlocked:1331                                                      [31m [0m
[31m [0m in _load_unlocked:946                                                                [31m [0m
[31m────────────────────────────────────────────────────────────────────────────────────────[0m
[1;91mKeyError: [0m[32m'optimized_analytics'[0m
✅ Imported FixedMultiResponseProcessor (lazy loading version)
✅ Imported FixedMultiResponseProcessor (lazy loading version)
✅ Imported OptimizedOSNAnalytics and Config
✅ Imported OptimizedOSNAnalytics and Config
✅ Imported FixedMultiResponseProcessor (lazy loading version)
✅ Imported OptimizedOSNAnalytics and Config
✅ Imported FixedMultiResponseProcessor (lazy loading version)
✅ Imported OptimizedOSNAnalytics and Config
  Stopping...

  You can now view your Streamlit app in your browser.

  URL: http://0.0.0.0:8501

✅ Imported FixedMultiResponseProcessor (lazy loading version)
✅ Imported FixedMultiResponseProcessor (lazy loading version)
✅ Imported OptimizedOSNAnalytics and Config
✅ Imported OptimizedOSNAnalytics and Config
Loading Excel file with sheets: ['Guests (UAE)', 'Guests Online (KSA)']
Loaded Guests (UAE): (204, 45)
Processing multi-response question B1-A: What were your top 3 reasons for choosing this hotel? (Select up to 3)
  Response distribution: {'Location': 155, 'Price': 88, 'Brand Reputation': 77, 'Amenities (gym, pool, etc.)': 118, 'In-room Entertainment': 42, 'Family-friendly Features': 48, 'Guest Reviews': 71}
Processing multi-response question C2-A: What type of content did you watch? (Select all that apply)
  Response distribution: {'News': 87, 'Movies': 126, 'Sports': 64, 'Children’s Content': 53, 'Streaming Apps (e.g., Netflix, OSN+)': 114, 'Other': 5}
Processing multi-response question D1: Do you currently subscribe to any of the following platforms? (Select all that apply)
  Response distribution: {'OSN+': 26, 'Netflix': 133, 'Amazon Prime': 108, 'Disney+': 56, 'Shahid': 33, 'None': 12}
Text column 'A1': 40 responses
Text column 'A2-A': 6 responses
Text column 'B2-B': 184 responses
Text column 'C2-A-a': 10 responses
Text column 'C2-B': 169 responses
Text column 'C4-B': 175 responses
Text column 'D5': 168 responses
Final processed data for Guests (UAE): 200 responses
Processed Guests (UAE): (200, 27) - 200 actual responses
Loaded Guests Online (KSA): (204, 45)
Processing multi-response question B1-A: What were your top 3 reasons for choosing this hotel? (Select up to 3)
  Response distribution: {'Location': 172, 'Price': 91, 'Brand Reputation': 87, 'Amenities (gym, pool, etc.)': 106, 'In-room Entertainment': 23, 'Family-friendly Features': 51, 'Guest Reviews': 63}
Processing multi-response question C2-A: What type of content did you watch? (Select all that apply)
  Response distribution: {'News': 92, 'Movies': 92, 'Sports': 68, 'Children’s Content': 52, 'Streaming Apps (e.g., Netflix, OSN+)': 113, 'Other': 19}
Processing multi-response question D1: Do you currently subscribe to any of the following platforms? (Select all that apply)
  Response distribution: {'OSN+': 48, 'Netflix': 139, 'Amazon Prime': 81, 'Disney+': 48, 'Shahid': 56, 'None': 10}
Text column 'A1': 85 responses
Text column 'A2-A': 21 responses
Text column 'B-A-a': 10 responses
Text column 'B2-B': 173 responses
Text column 'C2-A-a': 24 responses
Text column 'C2-B': 173 responses
Text column 'C4-B': 168 responses
Text column 'D5': 174 responses
Final processed data for Guests Online (KSA): 200 responses
Processed Guests Online (KSA): (200, 27) - 200 actual responses
✅ Imported FixedMultiResponseProcessor (lazy loading version)
✅ Imported OptimizedOSNAnalytics and Config
✅ Imported FixedMultiResponseProcessor (lazy loading version)
✅ Imported OptimizedOSNAnalytics and Config
✅ Imported FixedMultiResponseProcessor (lazy loading version)
✅ Imported OptimizedOSNAnalytics and Config
✅ Imported FixedMultiResponseProcessor (lazy loading version)
✅ Imported OptimizedOSNAnalytics and Config
✅ Imported FixedMultiResponseProcessor (lazy loading version)
✅ Imported OptimizedOSNAnalytics and Config
✅ Imported FixedMultiResponseProcessor (lazy loading version)
✅ Imported OptimizedOSNAnalytics and Config
  Stopping...

  You can now view your Streamlit app in your browser.

  URL: http://0.0.0.0:8501

✅ Imported FixedMultiResponseProcessor (lazy loading version)
✅ Imported OptimizedOSNAnalytics and Config
Loading Excel file with sheets: ['Guests (UAE)', 'Guests Online (KSA)']
Loaded Guests (UAE): (204, 45)
Processing multi-response question B1-A: What were your top 3 reasons for choosing this hotel? (Select up to 3)
  Response distribution: {'Location': 155, 'Price': 88, 'Brand Reputation': 77, 'Amenities (gym, pool, etc.)': 118, 'In-room Entertainment': 42, 'Family-friendly Features': 48, 'Guest Reviews': 71}
Processing multi-response question C2-A: What type of content did you watch? (Select all that apply)
  Response distribution: {'News': 87, 'Movies': 126, 'Sports': 64, 'Children’s Content': 53, 'Streaming Apps (e.g., Netflix, OSN+)': 114, 'Other': 5}
Processing multi-response question D1: Do you currently subscribe to any of the following platforms? (Select all that apply)
  Response distribution: {'OSN+': 26, 'Netflix': 133, 'Amazon Prime': 108, 'Disney+': 56, 'Shahid': 33, 'None': 12}
Text column 'A1': 40 responses
Text column 'A2-A': 6 responses
Text column 'B2-B': 184 responses
Text column 'C2-A-a': 10 responses
Text column 'C2-B': 169 responses
Text column 'C4-B': 175 responses
Text column 'D5': 168 responses
Final processed data for Guests (UAE): 200 responses
Processed Guests (UAE): (200, 27) - 200 actual responses
Loaded Guests Online (KSA): (204, 45)
Processing multi-response question B1-A: What were your top 3 reasons for choosing this hotel? (Select up to 3)
  Response distribution: {'Location': 172, 'Price': 91, 'Brand Reputation': 87, 'Amenities (gym, pool, etc.)': 106, 'In-room Entertainment': 23, 'Family-friendly Features': 51, 'Guest Reviews': 63}
Processing multi-response question C2-A: What type of content did you watch? (Select all that apply)
  Response distribution: {'News': 92, 'Movies': 92, 'Sports': 68, 'Children’s Content': 52, 'Streaming Apps (e.g., Netflix, OSN+)': 113, 'Other': 19}
Processing multi-response question D1: Do you currently subscribe to any of the following platforms? (Select all that apply)
  Response distribution: {'OSN+': 48, 'Netflix': 139, 'Amazon Prime': 81, 'Disney+': 48, 'Shahid': 56, 'None': 10}
Text column 'A1': 85 responses
Text column 'A2-A': 21 responses
Text column 'B-A-a': 10 responses
Text column 'B2-B': 173 responses
Text column 'C2-A-a': 24 responses
Text column 'C2-B': 173 responses
Text column 'C4-B': 168 responses
Text column 'D5': 174 responses
Final processed data for Guests Online (KSA): 200 responses
Processed Guests Online (KSA): (200, 27) - 200 actual responses
✅ Imported FixedMultiResponseProcessor (lazy loading version)
✅ Imported OptimizedOSNAnalytics and Config
✅ Imported FixedMultiResponseProcessor (lazy loading version)
✅ Imported OptimizedOSNAnalytics and Config
✅ Imported FixedMultiResponseProcessor (lazy loading version)
✅ Imported OptimizedOSNAnalytics and Config
✅ Imported FixedMultiResponseProcessor (lazy loading version)
✅ Imported OptimizedOSNAnalytics and Config
✅ Imported FixedMultiResponseProcessor (lazy loading version)
✅ Imported OptimizedOSNAnalytics and Config
✅ Imported FixedMultiResponseProcessor (lazy loading version)
✅ Imported OptimizedOSNAnalytics and Config
✅ Imported FixedMultiResponseProcessor (lazy loading version)
✅ Imported OptimizedOSNAnalytics and Config
✅ Imported FixedMultiResponseProcessor (lazy loading version)
✅ Imported OptimizedOSNAnalytics and Config
✅ Imported FixedMultiResponseProcessor (lazy loading version)
✅ Imported OptimizedOSNAnalytics and Config
✅ Imported FixedMultiResponseProcessor (lazy loading version)
✅ Imported OptimizedOSNAnalytics and Config
✅ Imported FixedMultiResponseProcessor (lazy loading version)
✅ Imported OptimizedOSNAnalytics and Config
✅ Imported FixedMultiResponseProcessor (lazy loading version)
✅ Imported OptimizedOSNAnalytics and Config
✅ Imported FixedMultiResponseProcessor (lazy loading version)
✅ Imported FixedMultiResponseProcessor (lazy loading version)
✅ Imported OptimizedOSNAnalytics and Config
✅ Imported OptimizedOSNAnalytics and Config
[31m──[0m[31m────────────────────────[0m[31m [0m[1;31mTraceback [0m[1;2;31m(most recent call last)[0m[31m [0m[31m─────────────────────────[0m[31m──[0m
[31m [0m [2m/usr/local/lib/python3.12/site-packages/streamlit/runtime/scriptrunner/[0m[1mexec_code.py[0m: [31m [0m
[31m [0m 128 in exec_func_with_error_handling                                                 [31m [0m
[31m [0m                                                                                      [31m [0m
[31m [0m [2m/usr/local/lib/python3.12/site-packages/streamlit/runtime/scriptrunner/[0m[1mscript_runner[0m [31m [0m
[31m [0m [1m.py[0m:669 in code_to_exec                                                              [31m [0m
[31m [0m                                                                                      [31m [0m
[31m [0m [2m/home/user/webapp/[0m[1mstreamlit_app.py[0m:1128 in <module>                                  [31m [0m
[31m [0m                                                                                      [31m [0m
[31m [0m   [2m1125 [0m[2m│   │   │   [0mst.sidebar.markdown([33mf[0m[33m"[0m[33m**[0m[33m{[0mcategory[33m}[0m[33m:** [0m[33m{[0m[96mlen[0m(questions)[33m}[0m[33m questions[0m[33m"[0m [31m [0m
[31m [0m   [2m1126 [0m                                                                              [31m [0m
[31m [0m   [2m1127 [0m[94mif[0m [91m__name__[0m == [33m"[0m[33m__main__[0m[33m"[0m:                                                    [31m [0m
[31m [0m [31m❱ [0m1128 [2m│   [0m[1;4mmain()[0m                                                                    [31m [0m
[31m [0m   [2m1129 [0m                                                                              [31m [0m
[31m [0m                                                                                      [31m [0m
[31m [0m [2m/home/user/webapp/[0m[1mstreamlit_app.py[0m:1011 in main                                      [31m [0m
[31m [0m                                                                                      [31m [0m
[31m [0m   [2m1008 [0m[2m│   │   │   [0mst.plotly_chart(chart, use_container_width=[94mTrue[0m)                  [31m [0m
[31m [0m   [2m1009 [0m[2m│   │   [0m                                                                      [31m [0m
[31m [0m   [2m1010 [0m[2m│   │   [0m[2m# Pattern detection and insights for single-response questions[0m        [31m [0m
[31m [0m [31m❱ [0m1011 [2m│   │   [0minsights = [1;4mdetect_patterns_and_insights(filtered_df, selected_questio[0m [31m [0m
[31m [0m   [2m1012 [0m[2m│   │   │   [0m[1;4;33m'[0m[1;4;33mcountry[0m[1;4;33m'[0m[1;4m: selected_country,[0m                                      [31m [0m
[31m [0m   [2m1013 [0m[2m│   │   │   [0m[1;4;33m'[0m[1;4;33mnationality[0m[1;4;33m'[0m[1;4m: selected_nationality,[0m                              [31m [0m
[31m [0m   [2m1014 [0m[2m│   │   │   [0m[1;4;33m'[0m[1;4;33mpurpose[0m[1;4;33m'[0m[1;4m: selected_purpose,[0m                                      [31m [0m
[31m [0m                                                                                      [31m [0m
[31m [0m [2m/home/user/webapp/[0m[1mstreamlit_app.py[0m:570 in detect_patterns_and_insights               [31m [0m
[31m [0m                                                                                      [31m [0m
[31m [0m   [2m 567 [0m[2m│   [0mquestion_title = SURVEY_QUESTIONS.get(question_col, question_col)         [31m [0m
[31m [0m   [2m 568 [0m[2m│   [0m                                                                          [31m [0m
[31m [0m   [2m 569 [0m[2m│   [0m[2m# Find correlating attributes[0m                                             [31m [0m
[31m [0m [31m❱ [0m 570 [2m│   [0mcorrelations = [1;4mfind_correlating_attributes[0m(df, question_col)              [31m [0m
[31m [0m   [2m 571 [0m[2m│   [0m                                                                          [31m [0m
[31m [0m   [2m 572 [0m[2m│   [0m[2m# Generate comprehensive insights based on distribution patterns[0m          [31m [0m
[31m [0m   [2m 573 [0m                                                                              [31m [0m
[31m────────────────────────────────────────────────────────────────────────────────────────[0m
[1;91mNameError: [0mname [32m'find_correlating_attributes'[0m is not defined
✅ Imported FixedMultiResponseProcessor (lazy loading version)
✅ Imported OptimizedOSNAnalytics and Config
[31m──[0m[31m────────────────────────[0m[31m [0m[1;31mTraceback [0m[1;2;31m(most recent call last)[0m[31m [0m[31m─────────────────────────[0m[31m──[0m
[31m [0m [2m/usr/local/lib/python3.12/site-packages/streamlit/runtime/scriptrunner/[0m[1mexec_code.py[0m: [31m [0m
[31m [0m 128 in exec_func_with_error_handling                                                 [31m [0m
[31m [0m                                                                                      [31m [0m
[31m [0m [2m/usr/local/lib/python3.12/site-packages/streamlit/runtime/scriptrunner/[0m[1mscript_runner[0m [31m [0m
[31m [0m [1m.py[0m:669 in code_to_exec                                                              [31m [0m
[31m [0m                                                                                      [31m [0m
[31m [0m [2m/home/user/webapp/[0m[1mstreamlit_app.py[0m:1128 in <module>                                  [31m [0m
[31m [0m                                                                                      [31m [0m
[31m [0m   [2m1125 [0m[2m│   │   │   [0mst.sidebar.markdown([33mf[0m[33m"[0m[33m**[0m[33m{[0mcategory[33m}[0m[33m:** [0m[33m{[0m[96mlen[0m(questions)[33m}[0m[33m questions[0m[33m"[0m [31m [0m
[31m [0m   [2m1126 [0m                                                                              [31m [0m
[31m [0m   [2m1127 [0m[94mif[0m [91m__name__[0m == [33m"[0m[33m__main__[0m[33m"[0m:                                                    [31m [0m
[31m [0m [31m❱ [0m1128 [2m│   [0m[1;4mmain()[0m                                                                    [31m [0m
[31m [0m   [2m1129 [0m                                                                              [31m [0m
[31m [0m                                                                                      [31m [0m
[31m [0m [2m/home/user/webapp/[0m[1mstreamlit_app.py[0m:1011 in main                                      [31m [0m
[31m [0m                                                                                      [31m [0m
[31m [0m   [2m1008 [0m[2m│   │   │   [0mst.plotly_chart(chart, use_container_width=[94mTrue[0m)                  [31m [0m
[31m [0m   [2m1009 [0m[2m│   │   [0m                                                                      [31m [0m
[31m [0m   [2m1010 [0m[2m│   │   [0m[2m# Pattern detection and insights for single-response questions[0m        [31m [0m
[31m [0m [31m❱ [0m1011 [2m│   │   [0minsights = [1;4mdetect_patterns_and_insights(filtered_df, selected_questio[0m [31m [0m
[31m [0m   [2m1012 [0m[2m│   │   │   [0m[1;4;33m'[0m[1;4;33mcountry[0m[1;4;33m'[0m[1;4m: selected_country,[0m                                      [31m [0m
[31m [0m   [2m1013 [0m[2m│   │   │   [0m[1;4;33m'[0m[1;4;33mnationality[0m[1;4;33m'[0m[1;4m: selected_nationality,[0m                              [31m [0m
[31m [0m   [2m1014 [0m[2m│   │   │   [0m[1;4;33m'[0m[1;4;33mpurpose[0m[1;4;33m'[0m[1;4m: selected_purpose,[0m                                      [31m [0m
[31m [0m                                                                                      [31m [0m
[31m [0m [2m/home/user/webapp/[0m[1mstreamlit_app.py[0m:660 in detect_patterns_and_insights               [31m [0m
[31m [0m                                                                                      [31m [0m
[31m [0m   [2m 657 [0m[2m│   │   │   [0minsight_finding += [33mf[0m[33m"[0m[33mwith [0m[33m{[0mtop_pct[90m [0m-[90m [0msecond_pct[33m:[0m[33m.1f[0m[33m}[0m[33m percentage p[0m [31m [0m
[31m [0m   [2m 658 [0m[2m│   │   [0m                                                                      [31m [0m
[31m [0m   [2m 659 [0m[2m│   │   [0m[2m# Add correlation context[0m                                             [31m [0m
[31m [0m [31m❱ [0m 660 [2m│   │   [0m[94mif[0m [1;4mcorrelations[0m:                                                      [31m [0m
[31m [0m   [2m 661 [0m[2m│   │   │   [0minsight_finding += [33mf[0m[33m"[0m[33m**Behavioral Correlation**: Preference patte[0m [31m [0m
[31m [0m   [2m 662 [0m[2m│   │   │   [0minsight_finding += [33mf[0m[33m"[0m[33m(Cramér[0m[33m'[0m[33ms V: [0m[33m{[0mcorrelations[[94m0[0m][[33m'[0m[33mcorrelation[0m[33m'[0m] [31m [0m
[31m [0m   [2m 663 [0m                                                                              [31m [0m
[31m────────────────────────────────────────────────────────────────────────────────────────[0m
[1;91mNameError: [0mname [32m'correlations'[0m is not defined
✅ Imported FixedMultiResponseProcessor (lazy loading version)
✅ Imported OptimizedOSNAnalytics and Config
[31m──[0m[31m────────────────────────[0m[31m [0m[1;31mTraceback [0m[1;2;31m(most recent call last)[0m[31m [0m[31m─────────────────────────[0m[31m──[0m
[31m [0m [2m/usr/local/lib/python3.12/site-packages/streamlit/runtime/scriptrunner/[0m[1mexec_code.py[0m: [31m [0m
[31m [0m 128 in exec_func_with_error_handling                                                 [31m [0m
[31m [0m                                                                                      [31m [0m
[31m [0m [2m/usr/local/lib/python3.12/site-packages/streamlit/runtime/scriptrunner/[0m[1mscript_runner[0m [31m [0m
[31m [0m [1m.py[0m:669 in code_to_exec                                                              [31m [0m
[31m [0m                                                                                      [31m [0m
[31m [0m [2m/home/user/webapp/[0m[1mstreamlit_app.py[0m:1015 in <module>                                  [31m [0m
[31m [0m                                                                                      [31m [0m
[31m [0m   [2m1012 [0m[2m│   │   │   [0mst.sidebar.markdown([33mf[0m[33m"[0m[33m**[0m[33m{[0mcategory[33m}[0m[33m:** [0m[33m{[0m[96mlen[0m(questions)[33m}[0m[33m questions[0m[33m"[0m [31m [0m
[31m [0m   [2m1013 [0m                                                                              [31m [0m
[31m [0m   [2m1014 [0m[94mif[0m [91m__name__[0m == [33m"[0m[33m__main__[0m[33m"[0m:                                                    [31m [0m
[31m [0m [31m❱ [0m1015 [2m│   [0m[1;4mmain()[0m                                                                    [31m [0m
[31m [0m   [2m1016 [0m                                                                              [31m [0m
[31m [0m                                                                                      [31m [0m
[31m [0m [2m/home/user/webapp/[0m[1mstreamlit_app.py[0m:914 in main                                       [31m [0m
[31m [0m                                                                                      [31m [0m
[31m [0m   [2m 911 [0m[2;33m│   │   │   │   [0m[33m<div style=[0m[33m"[0m[33mbackground: [0m[33m{[0mconfidence_color[33m}[0m[33m15; border-left: 4p[0m [31m [0m
[31m [0m   [2m 912 [0m[2;33m│   │   │   │   │   [0m[33m<strong>[0m[33m{[0minsight[[33m'[0m[33mtitle[0m[33m'[0m][33m}[0m[33m</strong><br>[0m                   [31m [0m
[31m [0m   [2m 913 [0m[2;33m│   │   │   │   │   [0m[33m<strong>Finding:</strong> [0m[33m{[0minsight[[33m'[0m[33mfinding[0m[33m'[0m][33m}[0m[33m<br>[0m        [31m [0m
[31m [0m [31m❱ [0m 914 [2;33m│   │   │   │   │   [0m[33m<strong>Business Implication:</strong> [0m[33m{[0m[1;4minsight[[0m[1;4;33m'[0m[1;4;33mimplicat[0m [31m [0m
[31m [0m   [2m 915 [0m[2;33m│   │   │   │   │   [0m[33m<small><strong>Data Confidence:</strong> [0m[33m{[0minsight[[33m'[0m[33mdata_b[0m [31m [0m
[31m [0m   [2m 916 [0m[2;33m│   │   │   │   [0m[33m</div>[0m                                                        [31m [0m
[31m [0m   [2m 917 [0m[2;33m│   │   │   │   [0m[33m"""[0m, unsafe_allow_html=[94mTrue[0m)                                  [31m [0m
[31m────────────────────────────────────────────────────────────────────────────────────────[0m
[1;91mKeyError: [0m[32m'implication'[0m
✅ Imported FixedMultiResponseProcessor (lazy loading version)
✅ Imported OptimizedOSNAnalytics and Config
✅ Imported FixedMultiResponseProcessor (lazy loading version)
✅ Imported OptimizedOSNAnalytics and Config
[31m──[0m[31m────────────────────────[0m[31m [0m[1;31mTraceback [0m[1;2;31m(most recent call last)[0m[31m [0m[31m─────────────────────────[0m[31m──[0m
[31m [0m [2m/usr/local/lib/python3.12/site-packages/streamlit/runtime/scriptrunner/[0m[1mexec_code.py[0m: [31m [0m
[31m [0m 128 in exec_func_with_error_handling                                                 [31m [0m
[31m [0m                                                                                      [31m [0m
[31m [0m [2m/usr/local/lib/python3.12/site-packages/streamlit/runtime/scriptrunner/[0m[1mscript_runner[0m [31m [0m
[31m [0m [1m.py[0m:669 in code_to_exec                                                              [31m [0m
[31m [0m                                                                                      [31m [0m
[31m [0m [2m/home/user/webapp/[0m[1mstreamlit_app.py[0m:1015 in <module>                                  [31m [0m
[31m [0m                                                                                      [31m [0m
[31m [0m   [2m1012 [0m[2m│   │   │   [0mst.sidebar.markdown([33mf[0m[33m"[0m[33m**[0m[33m{[0mcategory[33m}[0m[33m:** [0m[33m{[0m[96mlen[0m(questions)[33m}[0m[33m questions[0m[33m"[0m [31m [0m
[31m [0m   [2m1013 [0m                                                                              [31m [0m
[31m [0m   [2m1014 [0m[94mif[0m [91m__name__[0m == [33m"[0m[33m__main__[0m[33m"[0m:                                                    [31m [0m
[31m [0m [31m❱ [0m1015 [2m│   [0m[1;4mmain()[0m                                                                    [31m [0m
[31m [0m   [2m1016 [0m                                                                              [31m [0m
[31m [0m                                                                                      [31m [0m
[31m [0m [2m/home/user/webapp/[0m[1mstreamlit_app.py[0m:914 in main                                       [31m [0m
[31m [0m                                                                                      [31m [0m
[31m [0m   [2m 911 [0m[2;33m│   │   │   │   [0m[33m<div style=[0m[33m"[0m[33mbackground: [0m[33m{[0mconfidence_color[33m}[0m[33m15; border-left: 4p[0m [31m [0m
[31m [0m   [2m 912 [0m[2;33m│   │   │   │   │   [0m[33m<strong>[0m[33m{[0minsight[[33m'[0m[33mtitle[0m[33m'[0m][33m}[0m[33m</strong><br>[0m                   [31m [0m
[31m [0m   [2m 913 [0m[2;33m│   │   │   │   │   [0m[33m<strong>Finding:</strong> [0m[33m{[0minsight[[33m'[0m[33mfinding[0m[33m'[0m][33m}[0m[33m<br>[0m        [31m [0m
[31m [0m [31m❱ [0m 914 [2;33m│   │   │   │   │   [0m[33m<strong>Business Implication:</strong> [0m[33m{[0m[1;4minsight[[0m[1;4;33m'[0m[1;4;33mimplicat[0m [31m [0m
[31m [0m   [2m 915 [0m[2;33m│   │   │   │   │   [0m[33m<small><strong>Data Confidence:</strong> [0m[33m{[0minsight[[33m'[0m[33mdata_b[0m [31m [0m
[31m [0m   [2m 916 [0m[2;33m│   │   │   │   [0m[33m</div>[0m                                                        [31m [0m
[31m [0m   [2m 917 [0m[2;33m│   │   │   │   [0m[33m"""[0m, unsafe_allow_html=[94mTrue[0m)                                  [31m [0m
[31m────────────────────────────────────────────────────────────────────────────────────────[0m
[1;91mKeyError: [0m[32m'implication'[0m
  Stopping...

  You can now view your Streamlit app in your browser.

  URL: http://0.0.0.0:8501

✅ Imported FixedMultiResponseProcessor (lazy loading version)
✅ Imported OptimizedOSNAnalytics and Config
Loading Excel file with sheets: ['Guests (UAE)', 'Guests Online (KSA)']
Loaded Guests (UAE): (204, 45)
Processing multi-response question B1-A: What were your top 3 reasons for choosing this hotel? (Select up to 3)
  Response distribution: {'Location': 155, 'Price': 88, 'Brand Reputation': 77, 'Amenities (gym, pool, etc.)': 118, 'In-room Entertainment': 42, 'Family-friendly Features': 48, 'Guest Reviews': 71}
Processing multi-response question C2-A: What type of content did you watch? (Select all that apply)
  Response distribution: {'News': 87, 'Movies': 126, 'Sports': 64, 'Children’s Content': 53, 'Streaming Apps (e.g., Netflix, OSN+)': 114, 'Other': 5}
Processing multi-response question D1: Do you currently subscribe to any of the following platforms? (Select all that apply)
  Response distribution: {'OSN+': 26, 'Netflix': 133, 'Amazon Prime': 108, 'Disney+': 56, 'Shahid': 33, 'None': 12}
Text column 'A1': 40 responses
Text column 'A2-A': 6 responses
Text column 'B2-B': 184 responses
Text column 'C2-A-a': 10 responses
Text column 'C2-B': 169 responses
Text column 'C4-B': 175 responses
Text column 'D5': 168 responses
Final processed data for Guests (UAE): 200 responses
Processed Guests (UAE): (200, 27) - 200 actual responses
Loaded Guests Online (KSA): (204, 45)
Processing multi-response question B1-A: What were your top 3 reasons for choosing this hotel? (Select up to 3)
  Response distribution: {'Location': 172, 'Price': 91, 'Brand Reputation': 87, 'Amenities (gym, pool, etc.)': 106, 'In-room Entertainment': 23, 'Family-friendly Features': 51, 'Guest Reviews': 63}
Processing multi-response question C2-A: What type of content did you watch? (Select all that apply)
  Response distribution: {'News': 92, 'Movies': 92, 'Sports': 68, 'Children’s Content': 52, 'Streaming Apps (e.g., Netflix, OSN+)': 113, 'Other': 19}
Processing multi-response question D1: Do you currently subscribe to any of the following platforms? (Select all that apply)
  Response distribution: {'OSN+': 48, 'Netflix': 139, 'Amazon Prime': 81, 'Disney+': 48, 'Shahid': 56, 'None': 10}
Text column 'A1': 85 responses
Text column 'A2-A': 21 responses
Text column 'B-A-a': 10 responses
Text column 'B2-B': 173 responses
Text column 'C2-A-a': 24 responses
Text column 'C2-B': 173 responses
Text column 'C4-B': 168 responses
Text column 'D5': 174 responses
Final processed data for Guests Online (KSA): 200 responses
Processed Guests Online (KSA): (200, 27) - 200 actual responses
[31m──[0m[31m────────────────────────[0m[31m [0m[1;31mTraceback [0m[1;2;31m(most recent call last)[0m[31m [0m[31m─────────────────────────[0m[31m──[0m
[31m [0m [2m/usr/local/lib/python3.12/site-packages/streamlit/runtime/scriptrunner/[0m[1mexec_code.py[0m: [31m [0m
[31m [0m 128 in exec_func_with_error_handling                                                 [31m [0m
[31m [0m                                                                                      [31m [0m
[31m [0m [2m/usr/local/lib/python3.12/site-packages/streamlit/runtime/scriptrunner/[0m[1mscript_runner[0m [31m [0m
[31m [0m [1m.py[0m:669 in code_to_exec                                                              [31m [0m
[31m [0m                                                                                      [31m [0m
[31m [0m [2m/home/user/webapp/[0m[1mstreamlit_app.py[0m:1015 in <module>                                  [31m [0m
[31m [0m                                                                                      [31m [0m
[31m [0m   [2m1012 [0m[2m│   │   │   [0mst.sidebar.markdown([33mf[0m[33m"[0m[33m**[0m[33m{[0mcategory[33m}[0m[33m:** [0m[33m{[0m[96mlen[0m(questions)[33m}[0m[33m questions[0m[33m"[0m [31m [0m
[31m [0m   [2m1013 [0m                                                                              [31m [0m
[31m [0m   [2m1014 [0m[94mif[0m [91m__name__[0m == [33m"[0m[33m__main__[0m[33m"[0m:                                                    [31m [0m
[31m [0m [31m❱ [0m1015 [2m│   [0m[1;4mmain()[0m                                                                    [31m [0m
[31m [0m   [2m1016 [0m                                                                              [31m [0m
[31m [0m                                                                                      [31m [0m
[31m [0m [2m/home/user/webapp/[0m[1mstreamlit_app.py[0m:914 in main                                       [31m [0m
[31m [0m                                                                                      [31m [0m
[31m [0m   [2m 911 [0m[2;33m│   │   │   │   [0m[33m<div style=[0m[33m"[0m[33mbackground: [0m[33m{[0mconfidence_color[33m}[0m[33m15; border-left: 4p[0m [31m [0m
[31m [0m   [2m 912 [0m[2;33m│   │   │   │   │   [0m[33m<strong>[0m[33m{[0minsight[[33m'[0m[33mtitle[0m[33m'[0m][33m}[0m[33m</strong><br>[0m                   [31m [0m
[31m [0m   [2m 913 [0m[2;33m│   │   │   │   │   [0m[33m<strong>Finding:</strong> [0m[33m{[0minsight[[33m'[0m[33mfinding[0m[33m'[0m][33m}[0m[33m<br>[0m        [31m [0m
[31m [0m [31m❱ [0m 914 [2;33m│   │   │   │   │   [0m[33m<strong>Business Implication:</strong> [0m[33m{[0m[1;4minsight[[0m[1;4;33m'[0m[1;4;33mimplicat[0m [31m [0m
[31m [0m   [2m 915 [0m[2;33m│   │   │   │   │   [0m[33m<small><strong>Data Confidence:</strong> [0m[33m{[0minsight[[33m'[0m[33mdata_b[0m [31m [0m
[31m [0m   [2m 916 [0m[2;33m│   │   │   │   [0m[33m</div>[0m                                                        [31m [0m
[31m [0m   [2m 917 [0m[2;33m│   │   │   │   [0m[33m"""[0m, unsafe_allow_html=[94mTrue[0m)                                  [31m [0m
[31m────────────────────────────────────────────────────────────────────────────────────────[0m
[1;91mKeyError: [0m[32m'implication'[0m
✅ Imported FixedMultiResponseProcessor (lazy loading version)
✅ Imported OptimizedOSNAnalytics and Config
[31m──[0m[31m────────────────────────[0m[31m [0m[1;31mTraceback [0m[1;2;31m(most recent call last)[0m[31m [0m[31m─────────────────────────[0m[31m──[0m
[31m [0m [2m/usr/local/lib/python3.12/site-packages/streamlit/runtime/scriptrunner/[0m[1mexec_code.py[0m: [31m [0m
[31m [0m 128 in exec_func_with_error_handling                                                 [31m [0m
[31m [0m                                                                                      [31m [0m
[31m [0m [2m/usr/local/lib/python3.12/site-packages/streamlit/runtime/scriptrunner/[0m[1mscript_runner[0m [31m [0m
[31m [0m [1m.py[0m:669 in code_to_exec                                                              [31m [0m
[31m [0m                                                                                      [31m [0m
[31m [0m [2m/home/user/webapp/[0m[1mstreamlit_app.py[0m:1015 in <module>                                  [31m [0m
[31m [0m                                                                                      [31m [0m
[31m [0m   [2m1012 [0m[2m│   │   │   [0mst.sidebar.markdown([33mf[0m[33m"[0m[33m**[0m[33m{[0mcategory[33m}[0m[33m:** [0m[33m{[0m[96mlen[0m(questions)[33m}[0m[33m questions[0m[33m"[0m [31m [0m
[31m [0m   [2m1013 [0m                                                                              [31m [0m
[31m [0m   [2m1014 [0m[94mif[0m [91m__name__[0m == [33m"[0m[33m__main__[0m[33m"[0m:                                                    [31m [0m
[31m [0m [31m❱ [0m1015 [2m│   [0m[1;4mmain()[0m                                                                    [31m [0m
[31m [0m   [2m1016 [0m                                                                              [31m [0m
[31m [0m                                                                                      [31m [0m
[31m [0m [2m/home/user/webapp/[0m[1mstreamlit_app.py[0m:914 in main                                       [31m [0m
[31m [0m                                                                                      [31m [0m
[31m [0m   [2m 911 [0m[2;33m│   │   │   │   [0m[33m<div style=[0m[33m"[0m[33mbackground: [0m[33m{[0mconfidence_color[33m}[0m[33m15; border-left: 4p[0m [31m [0m
[31m [0m   [2m 912 [0m[2;33m│   │   │   │   │   [0m[33m<strong>[0m[33m{[0minsight[[33m'[0m[33mtitle[0m[33m'[0m][33m}[0m[33m</strong><br>[0m                   [31m [0m
[31m [0m   [2m 913 [0m[2;33m│   │   │   │   │   [0m[33m<strong>Finding:</strong> [0m[33m{[0minsight[[33m'[0m[33mfinding[0m[33m'[0m][33m}[0m[33m<br>[0m        [31m [0m
[31m [0m [31m❱ [0m 914 [2;33m│   │   │   │   │   [0m[33m<strong>Business Implication:</strong> [0m[33m{[0m[1;4minsight[[0m[1;4;33m'[0m[1;4;33mimplicat[0m [31m [0m
[31m [0m   [2m 915 [0m[2;33m│   │   │   │   │   [0m[33m<small><strong>Data Confidence:</strong> [0m[33m{[0minsight[[33m'[0m[33mdata_b[0m [31m [0m
[31m [0m   [2m 916 [0m[2;33m│   │   │   │   [0m[33m</div>[0m                                                        [31m [0m
[31m [0m   [2m 917 [0m[2;33m│   │   │   │   [0m[33m"""[0m, unsafe_allow_html=[94mTrue[0m)                                  [31m [0m
[31m────────────────────────────────────────────────────────────────────────────────────────[0m
[1;91mKeyError: [0m[32m'implication'[0m
✅ Imported FixedMultiResponseProcessor (lazy loading version)
✅ Imported OptimizedOSNAnalytics and Config
✅ Imported FixedMultiResponseProcessor (lazy loading version)
✅ Imported OptimizedOSNAnalytics and Config
[31m──[0m[31m────────────────────────[0m[31m [0m[1;31mTraceback [0m[1;2;31m(most recent call last)[0m[31m [0m[31m─────────────────────────[0m[31m──[0m
[31m [0m [2m/usr/local/lib/python3.12/site-packages/streamlit/runtime/scriptrunner/[0m[1mexec_code.py[0m: [31m [0m
[31m [0m 128 in exec_func_with_error_handling                                                 [31m [0m
[31m [0m                                                                                      [31m [0m
[31m [0m [2m/usr/local/lib/python3.12/site-packages/streamlit/runtime/scriptrunner/[0m[1mscript_runner[0m [31m [0m
[31m [0m [1m.py[0m:669 in code_to_exec                                                              [31m [0m
[31m [0m                                                                                      [31m [0m
[31m [0m [2m/home/user/webapp/[0m[1mstreamlit_app.py[0m:1015 in <module>                                  [31m [0m
[31m [0m                                                                                      [31m [0m
[31m [0m   [2m1012 [0m[2m│   │   │   [0mst.sidebar.markdown([33mf[0m[33m"[0m[33m**[0m[33m{[0mcategory[33m}[0m[33m:** [0m[33m{[0m[96mlen[0m(questions)[33m}[0m[33m questions[0m[33m"[0m [31m [0m
[31m [0m   [2m1013 [0m                                                                              [31m [0m
[31m [0m   [2m1014 [0m[94mif[0m [91m__name__[0m == [33m"[0m[33m__main__[0m[33m"[0m:                                                    [31m [0m
[31m [0m [31m❱ [0m1015 [2m│   [0m[1;4mmain()[0m                                                                    [31m [0m
[31m [0m   [2m1016 [0m                                                                              [31m [0m
[31m [0m                                                                                      [31m [0m
[31m [0m [2m/home/user/webapp/[0m[1mstreamlit_app.py[0m:914 in main                                       [31m [0m
[31m [0m                                                                                      [31m [0m
[31m [0m   [2m 911 [0m[2;33m│   │   │   │   [0m[33m<div style=[0m[33m"[0m[33mbackground: [0m[33m{[0mconfidence_color[33m}[0m[33m15; border-left: 4p[0m [31m [0m
[31m [0m   [2m 912 [0m[2;33m│   │   │   │   │   [0m[33m<strong>[0m[33m{[0minsight[[33m'[0m[33mtitle[0m[33m'[0m][33m}[0m[33m</strong><br>[0m                   [31m [0m
[31m [0m   [2m 913 [0m[2;33m│   │   │   │   │   [0m[33m<strong>Finding:</strong> [0m[33m{[0minsight[[33m'[0m[33mfinding[0m[33m'[0m][33m}[0m[33m<br>[0m        [31m [0m
[31m [0m [31m❱ [0m 914 [2;33m│   │   │   │   │   [0m[33m<strong>Business Implication:</strong> [0m[33m{[0m[1;4minsight[[0m[1;4;33m'[0m[1;4;33mimplicat[0m [31m [0m
[31m [0m   [2m 915 [0m[2;33m│   │   │   │   │   [0m[33m<small><strong>Data Confidence:</strong> [0m[33m{[0minsight[[33m'[0m[33mdata_b[0m [31m [0m
[31m [0m   [2m 916 [0m[2;33m│   │   │   │   [0m[33m</div>[0m                                                        [31m [0m
[31m [0m   [2m 917 [0m[2;33m│   │   │   │   [0m[33m"""[0m, unsafe_allow_html=[94mTrue[0m)                                  [31m [0m
[31m────────────────────────────────────────────────────────────────────────────────────────[0m
[1;91mKeyError: [0m[32m'implication'[0m
[31m──[0m[31m────────────────────────[0m[31m [0m[1;31mTraceback [0m[1;2;31m(most recent call last)[0m[31m [0m[31m─────────────────────────[0m[31m──[0m
[31m [0m [2m/usr/local/lib/python3.12/site-packages/streamlit/runtime/scriptrunner/[0m[1mexec_code.py[0m: [31m [0m
[31m [0m 128 in exec_func_with_error_handling                                                 [31m [0m
[31m [0m                                                                                      [31m [0m
[31m [0m [2m/usr/local/lib/python3.12/site-packages/streamlit/runtime/scriptrunner/[0m[1mscript_runner[0m [31m [0m
[31m [0m [1m.py[0m:669 in code_to_exec                                                              [31m [0m
[31m [0m                                                                                      [31m [0m
[31m [0m [2m/home/user/webapp/[0m[1mstreamlit_app.py[0m:1015 in <module>                                  [31m [0m
[31m [0m                                                                                      [31m [0m
[31m [0m   [2m1012 [0m[2m│   │   │   [0mst.sidebar.markdown([33mf[0m[33m"[0m[33m**[0m[33m{[0mcategory[33m}[0m[33m:** [0m[33m{[0m[96mlen[0m(questions)[33m}[0m[33m questions[0m[33m"[0m [31m [0m
[31m [0m   [2m1013 [0m                                                                              [31m [0m
[31m [0m   [2m1014 [0m[94mif[0m [91m__name__[0m == [33m"[0m[33m__main__[0m[33m"[0m:                                                    [31m [0m
[31m [0m [31m❱ [0m1015 [2m│   [0m[1;4mmain()[0m                                                                    [31m [0m
[31m [0m   [2m1016 [0m                                                                              [31m [0m
[31m [0m                                                                                      [31m [0m
[31m [0m [2m/home/user/webapp/[0m[1mstreamlit_app.py[0m:914 in main                                       [31m [0m
[31m [0m                                                                                      [31m [0m
[31m [0m   [2m 911 [0m[2;33m│   │   │   │   [0m[33m<div style=[0m[33m"[0m[33mbackground: [0m[33m{[0mconfidence_color[33m}[0m[33m15; border-left: 4p[0m [31m [0m
[31m [0m   [2m 912 [0m[2;33m│   │   │   │   │   [0m[33m<strong>[0m[33m{[0minsight[[33m'[0m[33mtitle[0m[33m'[0m][33m}[0m[33m</strong><br>[0m                   [31m [0m
[31m [0m   [2m 913 [0m[2;33m│   │   │   │   │   [0m[33m<strong>Finding:</strong> [0m[33m{[0minsight[[33m'[0m[33mfinding[0m[33m'[0m][33m}[0m[33m<br>[0m        [31m [0m
[31m [0m [31m❱ [0m 914 [2;33m│   │   │   │   │   [0m[33m<strong>Business Implication:</strong> [0m[33m{[0m[1;4minsight[[0m[1;4;33m'[0m[1;4;33mimplicat[0m [31m [0m
[31m [0m   [2m 915 [0m[2;33m│   │   │   │   │   [0m[33m<small><strong>Data Confidence:</strong> [0m[33m{[0minsight[[33m'[0m[33mdata_b[0m [31m [0m
[31m [0m   [2m 916 [0m[2;33m│   │   │   │   [0m[33m</div>[0m                                                        [31m [0m
[31m [0m   [2m 917 [0m[2;33m│   │   │   │   [0m[33m"""[0m, unsafe_allow_html=[94mTrue[0m)                                  [31m [0m
[31m────────────────────────────────────────────────────────────────────────────────────────[0m
[1;91mKeyError: [0m[32m'implication'[0m
✅ Imported FixedMultiResponseProcessor (lazy loading version)
✅ Imported OptimizedOSNAnalytics and Config
[31m──[0m[31m────────────────────────[0m[31m [0m[1;31mTraceback [0m[1;2;31m(most recent call last)[0m[31m [0m[31m─────────────────────────[0m[31m──[0m
[31m [0m [2m/usr/local/lib/python3.12/site-packages/streamlit/runtime/scriptrunner/[0m[1mexec_code.py[0m: [31m [0m
[31m [0m 128 in exec_func_with_error_handling                                                 [31m [0m
[31m [0m                                                                                      [31m [0m
[31m [0m [2m/usr/local/lib/python3.12/site-packages/streamlit/runtime/scriptrunner/[0m[1mscript_runner[0m [31m [0m
[31m [0m [1m.py[0m:669 in code_to_exec                                                              [31m [0m
[31m [0m                                                                                      [31m [0m
[31m [0m [2m/home/user/webapp/[0m[1mstreamlit_app.py[0m:1015 in <module>                                  [31m [0m
[31m [0m                                                                                      [31m [0m
[31m [0m   [2m1012 [0m[2m│   │   │   [0mst.sidebar.markdown([33mf[0m[33m"[0m[33m**[0m[33m{[0mcategory[33m}[0m[33m:** [0m[33m{[0m[96mlen[0m(questions)[33m}[0m[33m questions[0m[33m"[0m [31m [0m
[31m [0m   [2m1013 [0m                                                                              [31m [0m
[31m [0m   [2m1014 [0m[94mif[0m [91m__name__[0m == [33m"[0m[33m__main__[0m[33m"[0m:                                                    [31m [0m
[31m [0m [31m❱ [0m1015 [2m│   [0m[1;4mmain()[0m                                                                    [31m [0m
[31m [0m   [2m1016 [0m                                                                              [31m [0m
[31m [0m                                                                                      [31m [0m
[31m [0m [2m/home/user/webapp/[0m[1mstreamlit_app.py[0m:914 in main                                       [31m [0m
[31m [0m                                                                                      [31m [0m
[31m [0m   [2m 911 [0m[2;33m│   │   │   │   [0m[33m<div style=[0m[33m"[0m[33mbackground: [0m[33m{[0mconfidence_color[33m}[0m[33m15; border-left: 4p[0m [31m [0m
[31m [0m   [2m 912 [0m[2;33m│   │   │   │   │   [0m[33m<strong>[0m[33m{[0minsight[[33m'[0m[33mtitle[0m[33m'[0m][33m}[0m[33m</strong><br>[0m                   [31m [0m
[31m [0m   [2m 913 [0m[2;33m│   │   │   │   │   [0m[33m<strong>Finding:</strong> [0m[33m{[0minsight[[33m'[0m[33mfinding[0m[33m'[0m][33m}[0m[33m<br>[0m        [31m [0m
[31m [0m [31m❱ [0m 914 [2;33m│   │   │   │   │   [0m[33m<strong>Business Implication:</strong> [0m[33m{[0m[1;4minsight[[0m[1;4;33m'[0m[1;4;33mimplicat[0m [31m [0m
[31m [0m   [2m 915 [0m[2;33m│   │   │   │   │   [0m[33m<small><strong>Data Confidence:</strong> [0m[33m{[0minsight[[33m'[0m[33mdata_b[0m [31m [0m
[31m [0m   [2m 916 [0m[2;33m│   │   │   │   [0m[33m</div>[0m                                                        [31m [0m
[31m [0m   [2m 917 [0m[2;33m│   │   │   │   [0m[33m"""[0m, unsafe_allow_html=[94mTrue[0m)                                  [31m [0m
[31m────────────────────────────────────────────────────────────────────────────────────────[0m
[1;91mKeyError: [0m[32m'implication'[0m
✅ Imported FixedMultiResponseProcessor (lazy loading version)
[31m──[0m[31m────────────────────────[0m[31m [0m[1;31mTraceback [0m[1;2;31m(most recent call last)[0m[31m [0m[31m─────────────────────────[0m[31m──[0m
[31m [0m [2m/usr/local/lib/python3.12/site-packages/streamlit/runtime/scriptrunner/[0m[1mexec_code.py[0m: [31m [0m
[31m [0m 128 in exec_func_with_error_handling                                                 [31m [0m
[31m [0m                                                                                      [31m [0m
[31m [0m [2m/usr/local/lib/python3.12/site-packages/streamlit/runtime/scriptrunner/[0m[1mscript_runner[0m [31m [0m
[31m [0m [1m.py[0m:669 in code_to_exec                                                              [31m [0m
[31m [0m                                                                                      [31m [0m
[31m [0m [2m/home/user/webapp/[0m[1mstreamlit_app.py[0m:34 in <module>                                    [31m [0m
[31m [0m                                                                                      [31m [0m
[31m [0m   [2m  31 [0mConfig = [94mNone[0m                                                                 [31m [0m
[31m [0m   [2m  32 [0m                                                                              [31m [0m
[31m [0m   [2m  33 [0m[94mtry[0m:                                                                          [31m [0m
[31m [0m [31m❱ [0m  34 [2m│   [0m[94mfrom[0m[90m [0m[4;96moptimized_analytics[0m[90m [0m[94mimport[0m OptimizedOSNAnalytics                     [31m [0m
[31m [0m   [2m  35 [0m[2m│   [0m[94mfrom[0m[90m [0m[4;96mconfig[0m[90m [0m[94mimport[0m Config                                                 [31m [0m
[31m [0m   [2m  36 [0m[2m│   [0m[96mprint[0m([33m"[0m[33m✅ Imported OptimizedOSNAnalytics and Config[0m[33m"[0m)                     [31m [0m
[31m [0m   [2m  37 [0m[1;4;94mexcept[0m[1;4m [0m[1;4;96mImportError[0m[1;4m:[0m                                                           [31m [0m
[31m [0m                                                                                      [31m [0m
[31m [0m [2m/home/user/webapp/[0m[1moptimized_analytics.py[0m:14 in <module>                              [31m [0m
[31m [0m                                                                                      [31m [0m
[31m [0m   [2m 11 [0m[94mimport[0m[90m [0m[4;96mtime[0m                                                                    [31m [0m
[31m [0m   [2m 12 [0m[94mfrom[0m[90m [0m[4;96mfunctools[0m[90m [0m[94mimport[0m lru_cache                                                [31m [0m
[31m [0m   [2m 13 [0m[94mimport[0m[90m [0m[4;96mhashlib[0m                                                                 [31m [0m
[31m [0m [31m❱ [0m 14 [1;4;94mfrom[0m[1;4;90m [0m[1;4;96mcorrected_data_processor[0m[1;4;90m [0m[1;4;94mimport[0m[1;4m CorrectedSurveyDataProcessor[0m              [31m [0m
[31m [0m   [2m 15 [0m[94mfrom[0m[90m [0m[4;96msklearn[0m[4;96m.[0m[4;96mfeature_extraction[0m[4;96m.[0m[4;96mtext[0m[90m [0m[94mimport[0m TfidfVectorizer                    [31m [0m
[31m [0m   [2m 16 [0m[94mfrom[0m[90m [0m[4;96msklearn[0m[4;96m.[0m[4;96mcluster[0m[90m [0m[94mimport[0m KMeans                                             [31m [0m
[31m [0m   [2m 17 [0m[94mfrom[0m[90m [0m[4;96msklearn[0m[4;96m.[0m[4;96mmetrics[0m[90m [0m[94mimport[0m silhouette_score                                   [31m [0m
[31m [0m in _find_and_load:1360                                                               [31m [0m
[31m [0m in _find_and_load_unlocked:1331                                                      [31m [0m
[31m [0m in _load_unlocked:946                                                                [31m [0m
[31m────────────────────────────────────────────────────────────────────────────────────────[0m
[1;91mKeyError: [0m[32m'corrected_data_processor'[0m
✅ Imported FixedMultiResponseProcessor (lazy loading version)
✅ Imported OptimizedOSNAnalytics and Config
✅ Imported FixedMultiResponseProcessor (lazy loading version)
✅ Imported OptimizedOSNAnalytics and Config
✅ Imported FixedMultiResponseProcessor (lazy loading version)
✅ Imported OptimizedOSNAnalytics and Config
  Stopping...

  You can now view your Streamlit app in your browser.

  URL: http://0.0.0.0:8501

✅ Imported FixedMultiResponseProcessor (lazy loading version)
✅ Imported FixedMultiResponseProcessor (lazy loading version)
✅ Imported FixedMultiResponseProcessor (lazy loading version)
✅ Imported FixedMultiResponseProcessor (lazy loading version)
✅ Imported OptimizedOSNAnalytics and Config
✅ Imported OptimizedOSNAnalytics and Config
✅ Imported OptimizedOSNAnalytics and Config
✅ Imported OptimizedOSNAnalytics and Config
Loading Excel file with sheets: ['Guests (UAE)', 'Guests Online (KSA)']
Loaded Guests (UAE): (204, 45)
Processing multi-response question B1-A: What were your top 3 reasons for choosing this hotel? (Select up to 3)
  Response distribution: {'Location': 155, 'Price': 88, 'Brand Reputation': 77, 'Amenities (gym, pool, etc.)': 118, 'In-room Entertainment': 42, 'Family-friendly Features': 48, 'Guest Reviews': 71}
Processing multi-response question C2-A: What type of content did you watch? (Select all that apply)
  Response distribution: {'News': 87, 'Movies': 126, 'Sports': 64, 'Children’s Content': 53, 'Streaming Apps (e.g., Netflix, OSN+)': 114, 'Other': 5}
Processing multi-response question D1: Do you currently subscribe to any of the following platforms? (Select all that apply)
  Response distribution: {'OSN+': 26, 'Netflix': 133, 'Amazon Prime': 108, 'Disney+': 56, 'Shahid': 33, 'None': 12}
Text column 'A1': 40 responses
Text column 'A2-A': 6 responses
Text column 'B2-B': 184 responses
Text column 'C2-A-a': 10 responses
Text column 'C2-B': 169 responses
Text column 'C4-B': 175 responses
Text column 'D5': 168 responses
Final processed data for Guests (UAE): 200 responses
Processed Guests (UAE): (200, 27) - 200 actual responses
Loaded Guests Online (KSA): (204, 45)
Processing multi-response question B1-A: What were your top 3 reasons for choosing this hotel? (Select up to 3)
  Response distribution: {'Location': 172, 'Price': 91, 'Brand Reputation': 87, 'Amenities (gym, pool, etc.)': 106, 'In-room Entertainment': 23, 'Family-friendly Features': 51, 'Guest Reviews': 63}
Processing multi-response question C2-A: What type of content did you watch? (Select all that apply)
  Response distribution: {'News': 92, 'Movies': 92, 'Sports': 68, 'Children’s Content': 52, 'Streaming Apps (e.g., Netflix, OSN+)': 113, 'Other': 19}
Processing multi-response question D1: Do you currently subscribe to any of the following platforms? (Select all that apply)
  Response distribution: {'OSN+': 48, 'Netflix': 139, 'Amazon Prime': 81, 'Disney+': 48, 'Shahid': 56, 'None': 10}
Text column 'A1': 85 responses
Text column 'A2-A': 21 responses
Text column 'B-A-a': 10 responses
Text column 'B2-B': 173 responses
Text column 'C2-A-a': 24 responses
Text column 'C2-B': 173 responses
Text column 'C4-B': 168 responses
Text column 'D5': 174 responses
Final processed data for Guests Online (KSA): 200 responses
Processed Guests Online (KSA): (200, 27) - 200 actual responses
✅ Imported FixedMultiResponseProcessor (lazy loading version)
✅ Imported OptimizedOSNAnalytics and Config
✅ Imported FixedMultiResponseProcessor (lazy loading version)
✅ Imported FixedMultiResponseProcessor (lazy loading version)
✅ Imported OptimizedOSNAnalytics and Config
✅ Imported FixedMultiResponseProcessor (lazy loading version)
✅ Imported FixedMultiResponseProcessor (lazy loading version)
Warning: Could not import OptimizedOSNAnalytics or Config: attempted relative import with no known parent package
Will proceed without advanced analytics
✅ Imported FixedMultiResponseProcessor (lazy loading version)
Warning: Could not import OptimizedOSNAnalytics or Config: attempted relative import with no known parent package
Will proceed without advanced analytics
✅ Imported FixedMultiResponseProcessor (lazy loading version)
✅ Imported FixedMultiResponseProcessor (lazy loading version)
Warning: Could not import OptimizedOSNAnalytics or Config: attempted relative import with no known parent package
Will proceed without advanced analytics
Warning: Could not import OptimizedOSNAnalytics or Config: attempted relative import with no known parent package
Will proceed without advanced analytics
Warning: Could not import OptimizedOSNAnalytics or Config: attempted relative import with no known parent package
Will proceed without advanced analytics
[31m──[0m[31m────────────────────────[0m[31m [0m[1;31mTraceback [0m[1;2;31m(most recent call last)[0m[31m [0m[31m─────────────────────────[0m[31m──[0m
[31m [0m [2m/usr/local/lib/python3.12/site-packages/streamlit/runtime/scriptrunner/[0m[1mexec_code.py[0m: [31m [0m
[31m [0m 128 in exec_func_with_error_handling                                                 [31m [0m
[31m [0m                                                                                      [31m [0m
[31m [0m [2m/usr/local/lib/python3.12/site-packages/streamlit/runtime/scriptrunner/[0m[1mscript_runner[0m [31m [0m
[31m [0m [1m.py[0m:669 in code_to_exec                                                              [31m [0m
[31m [0m                                                                                      [31m [0m
[31m [0m [2m/home/user/webapp/[0m[1mstreamlit_app.py[0m:34 in <module>                                    [31m [0m
[31m [0m                                                                                      [31m [0m
[31m [0m   [2m  31 [0mConfig = [94mNone[0m                                                                 [31m [0m
[31m [0m   [2m  32 [0m                                                                              [31m [0m
[31m [0m   [2m  33 [0m[94mtry[0m:                                                                          [31m [0m
[31m [0m [31m❱ [0m  34 [2m│   [0m[94mfrom[0m[90m [0m[4;96moptimized_analytics[0m[90m [0m[94mimport[0m OptimizedOSNAnalytics                     [31m [0m
[31m [0m   [2m  35 [0m[2m│   [0m[94mfrom[0m[90m [0m[4;96mconfig[0m[90m [0m[94mimport[0m Config                                                 [31m [0m
[31m [0m   [2m  36 [0m[2m│   [0m[96mprint[0m([33m"[0m[33m✅ Imported OptimizedOSNAnalytics and Config[0m[33m"[0m)                     [31m [0m
[31m [0m   [2m  37 [0m[1;4;94mexcept[0m[1;4m [0m[1;4;96mImportError[0m[1;4m:[0m                                                           [31m [0m
[31m [0m in _find_and_load:1360                                                               [31m [0m
[31m [0m in _find_and_load_unlocked:1331                                                      [31m [0m
[31m [0m in _load_unlocked:946                                                                [31m [0m
[31m────────────────────────────────────────────────────────────────────────────────────────[0m
[1;91mKeyError: [0m[32m'optimized_analytics'[0m
[31m──[0m[31m────────────────────────[0m[31m [0m[1;31mTraceback [0m[1;2;31m(most recent call last)[0m[31m [0m[31m─────────────────────────[0m[31m──[0m
[31m [0m [2m/usr/local/lib/python3.12/site-packages/streamlit/runtime/scriptrunner/[0m[1mexec_code.py[0m: [31m [0m
[31m [0m 128 in exec_func_with_error_handling                                                 [31m [0m
[31m [0m                                                                                      [31m [0m
[31m [0m [2m/usr/local/lib/python3.12/site-packages/streamlit/runtime/scriptrunner/[0m[1mscript_runner[0m [31m [0m
[31m [0m [1m.py[0m:669 in code_to_exec                                                              [31m [0m
[31m [0m                                                                                      [31m [0m
[31m [0m [2m/home/user/webapp/[0m[1mstreamlit_app.py[0m:23 in <module>                                    [31m [0m
[31m [0m                                                                                      [31m [0m
[31m [0m   [2m  20 [0m                                                                              [31m [0m
[31m [0m   [2m  21 [0m[2m# Import processors[0m                                                           [31m [0m
[31m [0m   [2m  22 [0m[94mtry[0m:                                                                          [31m [0m
[31m [0m [31m❱ [0m  23 [2m│   [0m[94mfrom[0m[90m [0m[4;96mfixed_multiresponse_processor_lazy[0m[90m [0m[94mimport[0m FixedMultiResponseProcesso [31m [0m
[31m [0m   [2m  24 [0m[2m│   [0m[96mprint[0m([33m"[0m[33m✅ Imported FixedMultiResponseProcessor (lazy loading version)[0m[33m"[0m)   [31m [0m
[31m [0m   [2m  25 [0m[1;4;94mexcept[0m[1;4m [0m[1;4;96mImportError[0m[1;4m [0m[1;4;94mas[0m[1;4m e:[0m                                                      [31m [0m
[31m [0m   [2m  26 [0m[2m│   [0m[1;4mst.error([0m[1;4;33mf[0m[1;4;33m"[0m[1;4;33mCould not import FixedMultiResponseProcessor: [0m[1;4;33m{[0m[1;4me[0m[1;4;33m}[0m[1;4;33m"[0m[1;4m)[0m            [31m [0m
[31m [0m in _find_and_load:1360                                                               [31m [0m
[31m [0m in _find_and_load_unlocked:1331                                                      [31m [0m
[31m [0m in _load_unlocked:946                                                                [31m [0m
[31m────────────────────────────────────────────────────────────────────────────────────────[0m
[1;91mKeyError: [0m[32m'fixed_multiresponse_processor_lazy'[0m
[31m──[0m[31m────────────────────────[0m[31m [0m[1;31mTraceback [0m[1;2;31m(most recent call last)[0m[31m [0m[31m─────────────────────────[0m[31m──[0m
[31m [0m [2m/usr/local/lib/python3.12/site-packages/streamlit/runtime/scriptrunner/[0m[1mexec_code.py[0m: [31m [0m
[31m [0m 128 in exec_func_with_error_handling                                                 [31m [0m
[31m [0m                                                                                      [31m [0m
[31m [0m [2m/usr/local/lib/python3.12/site-packages/streamlit/runtime/scriptrunner/[0m[1mscript_runner[0m [31m [0m
[31m [0m [1m.py[0m:669 in code_to_exec                                                              [31m [0m
[31m [0m                                                                                      [31m [0m
[31m [0m [2m/home/user/webapp/[0m[1mstreamlit_app.py[0m:1019 in <module>                                  [31m [0m
[31m [0m                                                                                      [31m [0m
[31m [0m   [2m1016 [0m[2m│   │   │   [0mst.sidebar.markdown([33mf[0m[33m"[0m[33m**[0m[33m{[0mcategory[33m}[0m[33m:** [0m[33m{[0m[96mlen[0m(questions)[33m}[0m[33m questions[0m[33m"[0m [31m [0m
[31m [0m   [2m1017 [0m                                                                              [31m [0m
[31m [0m   [2m1018 [0m[94mif[0m [91m__name__[0m == [33m"[0m[33m__main__[0m[33m"[0m:                                                    [31m [0m
[31m [0m [31m❱ [0m1019 [2m│   [0m[1;4mmain()[0m                                                                    [31m [0m
[31m [0m   [2m1020 [0m                                                                              [31m [0m
[31m [0m                                                                                      [31m [0m
[31m [0m [2m/home/user/webapp/[0m[1mstreamlit_app.py[0m:754 in main                                       [31m [0m
[31m [0m                                                                                      [31m [0m
[31m [0m   [2m 751 [0m[2;33m│   [0m[33m"""[0m, unsafe_allow_html=[94mTrue[0m)                                              [31m [0m
[31m [0m   [2m 752 [0m[2m│   [0m                                                                          [31m [0m
[31m [0m   [2m 753 [0m[2m│   [0m[2m# Load data[0m                                                               [31m [0m
[31m [0m [31m❱ [0m 754 [2m│   [0mprocessor, analytics, df = [1;4mload_survey_data()[0m                             [31m [0m
[31m [0m   [2m 755 [0m[2m│   [0m                                                                          [31m [0m
[31m [0m   [2m 756 [0m[2m│   [0m[94mif[0m df [95mis[0m [94mNone[0m:                                                            [31m [0m
[31m [0m   [2m 757 [0m[2m│   │   [0mst.error([33m"[0m[33mCould not load survey data. Please check the data file.[0m[33m"[0m)   [31m [0m
[31m [0m                                                                                      [31m [0m
[31m [0m [2m/usr/local/lib/python3.12/site-packages/streamlit/runtime/caching/[0m[1mcache_utils.py[0m:227 [31m [0m
[31m [0m in __call__                                                                          [31m [0m
[31m [0m                                                                                      [31m [0m
[31m [0m [2m/usr/local/lib/python3.12/site-packages/streamlit/runtime/caching/[0m[1mcache_utils.py[0m:251 [31m [0m
[31m [0m in _get_or_create_cached_value                                                       [31m [0m
[31m [0m                                                                                      [31m [0m
[31m [0m [2m/usr/local/lib/python3.12/site-packages/streamlit/runtime/caching/[0m[1mcache_data_api.py[0m: [31m [0m
[31m [0m 651 in read_result                                                                   [31m [0m
[31m [0m                                                                                      [31m [0m
[31m [0m [2m/home/user/webapp/backend/app/[0m[1moptimized_analytics.py[0m:14 in <module>                  [31m [0m
[31m [0m                                                                                      [31m [0m
[31m [0m   [2m 11 [0m[94mimport[0m[90m [0m[4;96mtime[0m                                                                    [31m [0m
[31m [0m   [2m 12 [0m[94mfrom[0m[90m [0m[4;96mfunctools[0m[90m [0m[94mimport[0m lru_cache                                                [31m [0m
[31m [0m   [2m 13 [0m[94mimport[0m[90m [0m[4;96mhashlib[0m                                                                 [31m [0m
[31m [0m [31m❱ [0m 14 [1;4;94mfrom[0m[1;4;90m [0m[1;4;96m.[0m[1;4;96mcorrected_data_processor[0m[1;4;90m [0m[1;4;94mimport[0m[1;4m CorrectedSurveyDataProcessor[0m             [31m [0m
[31m [0m   [2m 15 [0m[94mfrom[0m[90m [0m[4;96msklearn[0m[4;96m.[0m[4;96mfeature_extraction[0m[4;96m.[0m[4;96mtext[0m[90m [0m[94mimport[0m TfidfVectorizer                    [31m [0m
[31m [0m   [2m 16 [0m[94mfrom[0m[90m [0m[4;96msklearn[0m[4;96m.[0m[4;96mcluster[0m[90m [0m[94mimport[0m KMeans                                             [31m [0m
[31m [0m   [2m 17 [0m[94mfrom[0m[90m [0m[4;96msklearn[0m[4;96m.[0m[4;96mmetrics[0m[90m [0m[94mimport[0m silhouette_score                                   [31m [0m
[31m────────────────────────────────────────────────────────────────────────────────────────[0m
[1;91mImportError: [0mattempted relative import with no known parent package
[31m──[0m[31m────────────────────────[0m[31m [0m[1;31mTraceback [0m[1;2;31m(most recent call last)[0m[31m [0m[31m─────────────────────────[0m[31m──[0m
[31m [0m [2m/usr/local/lib/python3.12/site-packages/streamlit/runtime/scriptrunner/[0m[1mexec_code.py[0m: [31m [0m
[31m [0m 128 in exec_func_with_error_handling                                                 [31m [0m
[31m [0m                                                                                      [31m [0m
[31m [0m [2m/usr/local/lib/python3.12/site-packages/streamlit/runtime/scriptrunner/[0m[1mscript_runner[0m [31m [0m
[31m [0m [1m.py[0m:669 in code_to_exec                                                              [31m [0m
[31m [0m                                                                                      [31m [0m
[31m [0m [2m/home/user/webapp/[0m[1mstreamlit_app.py[0m:1019 in <module>                                  [31m [0m
[31m [0m                                                                                      [31m [0m
[31m [0m   [2m1016 [0m[2m│   │   │   [0mst.sidebar.markdown([33mf[0m[33m"[0m[33m**[0m[33m{[0mcategory[33m}[0m[33m:** [0m[33m{[0m[96mlen[0m(questions)[33m}[0m[33m questions[0m[33m"[0m [31m [0m
[31m [0m   [2m1017 [0m                                                                              [31m [0m
[31m [0m   [2m1018 [0m[94mif[0m [91m__name__[0m == [33m"[0m[33m__main__[0m[33m"[0m:                                                    [31m [0m
[31m [0m [31m❱ [0m1019 [2m│   [0m[1;4mmain()[0m                                                                    [31m [0m
[31m [0m   [2m1020 [0m                                                                              [31m [0m
[31m [0m                                                                                      [31m [0m
[31m [0m [2m/home/user/webapp/[0m[1mstreamlit_app.py[0m:754 in main                                       [31m [0m
[31m [0m                                                                                      [31m [0m
[31m [0m   [2m 751 [0m[2;33m│   [0m[33m"""[0m, unsafe_allow_html=[94mTrue[0m)                                              [31m [0m
[31m [0m   [2m 752 [0m[2m│   [0m                                                                          [31m [0m
[31m [0m   [2m 753 [0m[2m│   [0m[2m# Load data[0m                                                               [31m [0m
[31m [0m [31m❱ [0m 754 [2m│   [0mprocessor, analytics, df = [1;4mload_survey_data()[0m                             [31m [0m
[31m [0m   [2m 755 [0m[2m│   [0m                                                                          [31m [0m
[31m [0m   [2m 756 [0m[2m│   [0m[94mif[0m df [95mis[0m [94mNone[0m:                                                            [31m [0m
[31m [0m   [2m 757 [0m[2m│   │   [0mst.error([33m"[0m[33mCould not load survey data. Please check the data file.[0m[33m"[0m)   [31m [0m
[31m [0m                                                                                      [31m [0m
[31m [0m [2m/usr/local/lib/python3.12/site-packages/streamlit/runtime/caching/[0m[1mcache_utils.py[0m:227 [31m [0m
[31m [0m in __call__                                                                          [31m [0m
[31m [0m                                                                                      [31m [0m
[31m [0m [2m/usr/local/lib/python3.12/site-packages/streamlit/runtime/caching/[0m[1mcache_utils.py[0m:251 [31m [0m
[31m [0m in _get_or_create_cached_value                                                       [31m [0m
[31m [0m                                                                                      [31m [0m
[31m [0m [2m/usr/local/lib/python3.12/site-packages/streamlit/runtime/caching/[0m[1mcache_data_api.py[0m: [31m [0m
[31m [0m 651 in read_result                                                                   [31m [0m
[31m [0m                                                                                      [31m [0m
[31m [0m [2m/home/user/webapp/backend/app/[0m[1moptimized_analytics.py[0m:14 in <module>                  [31m [0m
[31m [0m                                                                                      [31m [0m
[31m [0m   [2m 11 [0m[94mimport[0m[90m [0m[4;96mtime[0m                                                                    [31m [0m
[31m [0m   [2m 12 [0m[94mfrom[0m[90m [0m[4;96mfunctools[0m[90m [0m[94mimport[0m lru_cache                                                [31m [0m
[31m [0m   [2m 13 [0m[94mimport[0m[90m [0m[4;96mhashlib[0m                                                                 [31m [0m
[31m [0m [31m❱ [0m 14 [1;4;94mfrom[0m[1;4;90m [0m[1;4;96m.[0m[1;4;96mcorrected_data_processor[0m[1;4;90m [0m[1;4;94mimport[0m[1;4m CorrectedSurveyDataProcessor[0m             [31m [0m
[31m [0m   [2m 15 [0m[94mfrom[0m[90m [0m[4;96msklearn[0m[4;96m.[0m[4;96mfeature_extraction[0m[4;96m.[0m[4;96mtext[0m[90m [0m[94mimport[0m TfidfVectorizer                    [31m [0m
[31m [0m   [2m 16 [0m[94mfrom[0m[90m [0m[4;96msklearn[0m[4;96m.[0m[4;96mcluster[0m[90m [0m[94mimport[0m KMeans                                             [31m [0m
[31m [0m   [2m 17 [0m[94mfrom[0m[90m [0m[4;96msklearn[0m[4;96m.[0m[4;96mmetrics[0m[90m [0m[94mimport[0m silhouette_score                                   [31m [0m
[31m────────────────────────────────────────────────────────────────────────────────────────[0m
[1;91mImportError: [0mattempted relative import with no known parent package
[31m──[0m[31m────────────────────────[0m[31m [0m[1;31mTraceback [0m[1;2;31m(most recent call last)[0m[31m [0m[31m─────────────────────────[0m[31m──[0m
[31m [0m [2m/usr/local/lib/python3.12/site-packages/streamlit/runtime/scriptrunner/[0m[1mexec_code.py[0m: [31m [0m
[31m [0m 128 in exec_func_with_error_handling                                                 [31m [0m
[31m [0m                                                                                      [31m [0m
[31m [0m [2m/usr/local/lib/python3.12/site-packages/streamlit/runtime/scriptrunner/[0m[1mscript_runner[0m [31m [0m
[31m [0m [1m.py[0m:669 in code_to_exec                                                              [31m [0m
[31m [0m                                                                                      [31m [0m
[31m [0m [2m/home/user/webapp/[0m[1mstreamlit_app.py[0m:1019 in <module>                                  [31m [0m
[31m [0m                                                                                      [31m [0m
[31m [0m   [2m1016 [0m[2m│   │   │   [0mst.sidebar.markdown([33mf[0m[33m"[0m[33m**[0m[33m{[0mcategory[33m}[0m[33m:** [0m[33m{[0m[96mlen[0m(questions)[33m}[0m[33m questions[0m[33m"[0m [31m [0m
[31m [0m   [2m1017 [0m                                                                              [31m [0m
[31m [0m   [2m1018 [0m[94mif[0m [91m__name__[0m == [33m"[0m[33m__main__[0m[33m"[0m:                                                    [31m [0m
[31m [0m [31m❱ [0m1019 [2m│   [0m[1;4mmain()[0m                                                                    [31m [0m
[31m [0m   [2m1020 [0m                                                                              [31m [0m
[31m [0m                                                                                      [31m [0m
[31m [0m [2m/home/user/webapp/[0m[1mstreamlit_app.py[0m:754 in main                                       [31m [0m
[31m [0m                                                                                      [31m [0m
[31m [0m   [2m 751 [0m[2;33m│   [0m[33m"""[0m, unsafe_allow_html=[94mTrue[0m)                                              [31m [0m
[31m [0m   [2m 752 [0m[2m│   [0m                                                                          [31m [0m
[31m [0m   [2m 753 [0m[2m│   [0m[2m# Load data[0m                                                               [31m [0m
[31m [0m [31m❱ [0m 754 [2m│   [0mprocessor, analytics, df = [1;4mload_survey_data()[0m                             [31m [0m
[31m [0m   [2m 755 [0m[2m│   [0m                                                                          [31m [0m
[31m [0m   [2m 756 [0m[2m│   [0m[94mif[0m df [95mis[0m [94mNone[0m:                                                            [31m [0m
[31m [0m   [2m 757 [0m[2m│   │   [0mst.error([33m"[0m[33mCould not load survey data. Please check the data file.[0m[33m"[0m)   [31m [0m
[31m [0m                                                                                      [31m [0m
[31m [0m [2m/usr/local/lib/python3.12/site-packages/streamlit/runtime/caching/[0m[1mcache_utils.py[0m:227 [31m [0m
[31m [0m in __call__                                                                          [31m [0m
[31m [0m                                                                                      [31m [0m
[31m [0m [2m/usr/local/lib/python3.12/site-packages/streamlit/runtime/caching/[0m[1mcache_utils.py[0m:251 [31m [0m
[31m [0m in _get_or_create_cached_value                                                       [31m [0m
[31m [0m                                                                                      [31m [0m
[31m [0m [2m/usr/local/lib/python3.12/site-packages/streamlit/runtime/caching/[0m[1mcache_data_api.py[0m: [31m [0m
[31m [0m 651 in read_result                                                                   [31m [0m
[31m [0m                                                                                      [31m [0m
[31m [0m [2m/home/user/webapp/backend/app/[0m[1moptimized_analytics.py[0m:14 in <module>                  [31m [0m
[31m [0m                                                                                      [31m [0m
[31m [0m   [2m 11 [0m[94mimport[0m[90m [0m[4;96mtime[0m                                                                    [31m [0m
[31m [0m   [2m 12 [0m[94mfrom[0m[90m [0m[4;96mfunctools[0m[90m [0m[94mimport[0m lru_cache                                                [31m [0m
[31m [0m   [2m 13 [0m[94mimport[0m[90m [0m[4;96mhashlib[0m                                                                 [31m [0m
[31m [0m [31m❱ [0m 14 [1;4;94mfrom[0m[1;4;90m [0m[1;4;96m.[0m[1;4;96mcorrected_data_processor[0m[1;4;90m [0m[1;4;94mimport[0m[1;4m CorrectedSurveyDataProcessor[0m             [31m [0m
[31m [0m   [2m 15 [0m[94mfrom[0m[90m [0m[4;96msklearn[0m[4;96m.[0m[4;96mfeature_extraction[0m[4;96m.[0m[4;96mtext[0m[90m [0m[94mimport[0m TfidfVectorizer                    [31m [0m
[31m [0m   [2m 16 [0m[94mfrom[0m[90m [0m[4;96msklearn[0m[4;96m.[0m[4;96mcluster[0m[90m [0m[94mimport[0m KMeans                                             [31m [0m
[31m [0m   [2m 17 [0m[94mfrom[0m[90m [0m[4;96msklearn[0m[4;96m.[0m[4;96mmetrics[0m[90m [0m[94mimport[0m silhouette_score                                   [31m [0m
[31m────────────────────────────────────────────────────────────────────────────────────────[0m
[1;91mImportError: [0mattempted relative import with no known parent package
[31m──[0m[31m────────────────────────[0m[31m [0m[1;31mTraceback [0m[1;2;31m(most recent call last)[0m[31m [0m[31m─────────────────────────[0m[31m──[0m
[31m [0m [2m/usr/local/lib/python3.12/site-packages/streamlit/runtime/scriptrunner/[0m[1mexec_code.py[0m: [31m [0m
[31m [0m 128 in exec_func_with_error_handling                                                 [31m [0m
[31m [0m                                                                                      [31m [0m
[31m [0m [2m/usr/local/lib/python3.12/site-packages/streamlit/runtime/scriptrunner/[0m[1mscript_runner[0m [31m [0m
[31m [0m [1m.py[0m:669 in code_to_exec                                                              [31m [0m
[31m [0m                                                                                      [31m [0m
[31m [0m [2m/home/user/webapp/[0m[1mstreamlit_app.py[0m:1019 in <module>                                  [31m [0m
[31m [0m                                                                                      [31m [0m
[31m [0m   [2m1016 [0m[2m│   │   │   [0mst.sidebar.markdown([33mf[0m[33m"[0m[33m**[0m[33m{[0mcategory[33m}[0m[33m:** [0m[33m{[0m[96mlen[0m(questions)[33m}[0m[33m questions[0m[33m"[0m [31m [0m
[31m [0m   [2m1017 [0m                                                                              [31m [0m
[31m [0m   [2m1018 [0m[94mif[0m [91m__name__[0m == [33m"[0m[33m__main__[0m[33m"[0m:                                                    [31m [0m
[31m [0m [31m❱ [0m1019 [2m│   [0m[1;4mmain()[0m                                                                    [31m [0m
[31m [0m   [2m1020 [0m                                                                              [31m [0m
[31m [0m                                                                                      [31m [0m
[31m [0m [2m/home/user/webapp/[0m[1mstreamlit_app.py[0m:754 in main                                       [31m [0m
[31m [0m                                                                                      [31m [0m
[31m [0m   [2m 751 [0m[2;33m│   [0m[33m"""[0m, unsafe_allow_html=[94mTrue[0m)                                              [31m [0m
[31m [0m   [2m 752 [0m[2m│   [0m                                                                          [31m [0m
[31m [0m   [2m 753 [0m[2m│   [0m[2m# Load data[0m                                                               [31m [0m
[31m [0m [31m❱ [0m 754 [2m│   [0mprocessor, analytics, df = [1;4mload_survey_data()[0m                             [31m [0m
[31m [0m   [2m 755 [0m[2m│   [0m                                                                          [31m [0m
[31m [0m   [2m 756 [0m[2m│   [0m[94mif[0m df [95mis[0m [94mNone[0m:                                                            [31m [0m
[31m [0m   [2m 757 [0m[2m│   │   [0mst.error([33m"[0m[33mCould not load survey data. Please check the data file.[0m[33m"[0m)   [31m [0m
[31m [0m                                                                                      [31m [0m
[31m [0m [2m/usr/local/lib/python3.12/site-packages/streamlit/runtime/caching/[0m[1mcache_utils.py[0m:227 [31m [0m
[31m [0m in __call__                                                                          [31m [0m
[31m [0m                                                                                      [31m [0m
[31m [0m [2m/usr/local/lib/python3.12/site-packages/streamlit/runtime/caching/[0m[1mcache_utils.py[0m:251 [31m [0m
[31m [0m in _get_or_create_cached_value                                                       [31m [0m
[31m [0m                                                                                      [31m [0m
[31m [0m [2m/usr/local/lib/python3.12/site-packages/streamlit/runtime/caching/[0m[1mcache_data_api.py[0m: [31m [0m
[31m [0m 651 in read_result                                                                   [31m [0m
[31m [0m                                                                                      [31m [0m
[31m [0m [2m/home/user/webapp/[0m[1moptimized_analytics.py[0m:14 in <module>                              [31m [0m
[31m [0m                                                                                      [31m [0m
[31m [0m   [2m 11 [0m[94mimport[0m[90m [0m[4;96mtime[0m                                                                    [31m [0m
[31m [0m   [2m 12 [0m[94mfrom[0m[90m [0m[4;96mfunctools[0m[90m [0m[94mimport[0m lru_cache                                                [31m [0m
[31m [0m   [2m 13 [0m[94mimport[0m[90m [0m[4;96mhashlib[0m                                                                 [31m [0m
[31m [0m [31m❱ [0m 14 [1;4;94mfrom[0m[1;4;90m [0m[1;4;96mcorrected_data_processor[0m[1;4;90m [0m[1;4;94mimport[0m[1;4m CorrectedSurveyDataProcessor[0m              [31m [0m
[31m [0m   [2m 15 [0m[94mfrom[0m[90m [0m[4;96msklearn[0m[4;96m.[0m[4;96mfeature_extraction[0m[4;96m.[0m[4;96mtext[0m[90m [0m[94mimport[0m TfidfVectorizer                    [31m [0m
[31m [0m   [2m 16 [0m[94mfrom[0m[90m [0m[4;96msklearn[0m[4;96m.[0m[4;96mcluster[0m[90m [0m[94mimport[0m KMeans                                             [31m [0m
[31m [0m   [2m 17 [0m[94mfrom[0m[90m [0m[4;96msklearn[0m[4;96m.[0m[4;96mmetrics[0m[90m [0m[94mimport[0m silhouette_score                                   [31m [0m
[31m [0m in _find_and_load:1360                                                               [31m [0m
[31m [0m in _find_and_load_unlocked:1331                                                      [31m [0m
[31m [0m in _load_unlocked:946                                                                [31m [0m
[31m────────────────────────────────────────────────────────────────────────────────────────[0m
[1;91mKeyError: [0m[32m'corrected_data_processor'[0m
[31m──[0m[31m────────────────────────[0m[31m [0m[1;31mTraceback [0m[1;2;31m(most recent call last)[0m[31m [0m[31m─────────────────────────[0m[31m──[0m
[31m [0m [2m/usr/local/lib/python3.12/site-packages/streamlit/runtime/scriptrunner/[0m[1mexec_code.py[0m: [31m [0m
[31m [0m 128 in exec_func_with_error_handling                                                 [31m [0m
[31m [0m                                                                                      [31m [0m
[31m [0m [2m/usr/local/lib/python3.12/site-packages/streamlit/runtime/scriptrunner/[0m[1mscript_runner[0m [31m [0m
[31m [0m [1m.py[0m:669 in code_to_exec                                                              [31m [0m
[31m [0m                                                                                      [31m [0m
[31m [0m [2m/home/user/webapp/[0m[1mstreamlit_app.py[0m:1019 in <module>                                  [31m [0m
[31m [0m                                                                                      [31m [0m
[31m [0m   [2m1016 [0m[2m│   │   │   [0mst.sidebar.markdown([33mf[0m[33m"[0m[33m**[0m[33m{[0mcategory[33m}[0m[33m:** [0m[33m{[0m[96mlen[0m(questions)[33m}[0m[33m questions[0m[33m"[0m [31m [0m
[31m [0m   [2m1017 [0m                                                                              [31m [0m
[31m [0m   [2m1018 [0m[94mif[0m [91m__name__[0m == [33m"[0m[33m__main__[0m[33m"[0m:                                                    [31m [0m
[31m [0m [31m❱ [0m1019 [2m│   [0m[1;4mmain()[0m                                                                    [31m [0m
[31m [0m   [2m1020 [0m                                                                              [31m [0m
[31m [0m                                                                                      [31m [0m
[31m [0m [2m/home/user/webapp/[0m[1mstreamlit_app.py[0m:754 in main                                       [31m [0m
[31m [0m                                                                                      [31m [0m
[31m [0m   [2m 751 [0m[2;33m│   [0m[33m"""[0m, unsafe_allow_html=[94mTrue[0m)                                              [31m [0m
[31m [0m   [2m 752 [0m[2m│   [0m                                                                          [31m [0m
[31m [0m   [2m 753 [0m[2m│   [0m[2m# Load data[0m                                                               [31m [0m
[31m [0m [31m❱ [0m 754 [2m│   [0mprocessor, analytics, df = [1;4mload_survey_data()[0m                             [31m [0m
[31m [0m   [2m 755 [0m[2m│   [0m                                                                          [31m [0m
[31m [0m   [2m 756 [0m[2m│   [0m[94mif[0m df [95mis[0m [94mNone[0m:                                                            [31m [0m
[31m [0m   [2m 757 [0m[2m│   │   [0mst.error([33m"[0m[33mCould not load survey data. Please check the data file.[0m[33m"[0m)   [31m [0m
[31m [0m                                                                                      [31m [0m
[31m [0m [2m/usr/local/lib/python3.12/site-packages/streamlit/runtime/caching/[0m[1mcache_utils.py[0m:227 [31m [0m
[31m [0m in __call__                                                                          [31m [0m
[31m [0m                                                                                      [31m [0m
[31m [0m [2m/usr/local/lib/python3.12/site-packages/streamlit/runtime/caching/[0m[1mcache_utils.py[0m:251 [31m [0m
[31m [0m in _get_or_create_cached_value                                                       [31m [0m
[31m [0m                                                                                      [31m [0m
[31m [0m [2m/usr/local/lib/python3.12/site-packages/streamlit/runtime/caching/[0m[1mcache_data_api.py[0m: [31m [0m
[31m [0m 651 in read_result                                                                   [31m [0m
[31m [0m                                                                                      [31m [0m
[31m [0m [2m/home/user/webapp/backend/app/[0m[1moptimized_analytics.py[0m:14 in <module>                  [31m [0m
[31m [0m                                                                                      [31m [0m
[31m [0m   [2m 11 [0m[94mimport[0m[90m [0m[4;96mtime[0m                                                                    [31m [0m
[31m [0m   [2m 12 [0m[94mfrom[0m[90m [0m[4;96mfunctools[0m[90m [0m[94mimport[0m lru_cache                                                [31m [0m
[31m [0m   [2m 13 [0m[94mimport[0m[90m [0m[4;96mhashlib[0m                                                                 [31m [0m
[31m [0m [31m❱ [0m 14 [1;4;94mfrom[0m[1;4;90m [0m[1;4;96m.[0m[1;4;96mcorrected_data_processor[0m[1;4;90m [0m[1;4;94mimport[0m[1;4m CorrectedSurveyDataProcessor[0m             [31m [0m
[31m [0m   [2m 15 [0m[94mfrom[0m[90m [0m[4;96msklearn[0m[4;96m.[0m[4;96mfeature_extraction[0m[4;96m.[0m[4;96mtext[0m[90m [0m[94mimport[0m TfidfVectorizer                    [31m [0m
[31m [0m   [2m 16 [0m[94mfrom[0m[90m [0m[4;96msklearn[0m[4;96m.[0m[4;96mcluster[0m[90m [0m[94mimport[0m KMeans                                             [31m [0m
[31m [0m   [2m 17 [0m[94mfrom[0m[90m [0m[4;96msklearn[0m[4;96m.[0m[4;96mmetrics[0m[90m [0m[94mimport[0m silhouette_score                                   [31m [0m
[31m────────────────────────────────────────────────────────────────────────────────────────[0m
[1;91mImportError: [0mattempted relative import with no known parent package
[31m──[0m[31m────────────────────────[0m[31m [0m[1;31mTraceback [0m[1;2;31m(most recent call last)[0m[31m [0m[31m─────────────────────────[0m[31m──[0m
[31m [0m [2m/usr/local/lib/python3.12/site-packages/streamlit/runtime/scriptrunner/[0m[1mexec_code.py[0m: [31m [0m
[31m [0m 128 in exec_func_with_error_handling                                                 [31m [0m
[31m [0m                                                                                      [31m [0m
[31m [0m [2m/usr/local/lib/python3.12/site-packages/streamlit/runtime/scriptrunner/[0m[1mscript_runner[0m [31m [0m
[31m [0m [1m.py[0m:669 in code_to_exec                                                              [31m [0m
[31m [0m                                                                                      [31m [0m
[31m [0m [2m/home/user/webapp/[0m[1mstreamlit_app.py[0m:23 in <module>                                    [31m [0m
[31m [0m                                                                                      [31m [0m
[31m [0m   [2m  20 [0m                                                                              [31m [0m
[31m [0m   [2m  21 [0m[2m# Import processors[0m                                                           [31m [0m
[31m [0m   [2m  22 [0m[94mtry[0m:                                                                          [31m [0m
[31m [0m [31m❱ [0m  23 [2m│   [0m[94mfrom[0m[90m [0m[4;96mfixed_multiresponse_processor_lazy[0m[90m [0m[94mimport[0m FixedMultiResponseProcesso [31m [0m
[31m [0m   [2m  24 [0m[2m│   [0m[96mprint[0m([33m"[0m[33m✅ Imported FixedMultiResponseProcessor (lazy loading version)[0m[33m"[0m)   [31m [0m
[31m [0m   [2m  25 [0m[1;4;94mexcept[0m[1;4m [0m[1;4;96mImportError[0m[1;4m [0m[1;4;94mas[0m[1;4m e:[0m                                                      [31m [0m
[31m [0m   [2m  26 [0m[2m│   [0m[1;4mst.error([0m[1;4;33mf[0m[1;4;33m"[0m[1;4;33mCould not import FixedMultiResponseProcessor: [0m[1;4;33m{[0m[1;4me[0m[1;4;33m}[0m[1;4;33m"[0m[1;4m)[0m            [31m [0m
[31m [0m in _find_and_load:1360                                                               [31m [0m
[31m [0m in _find_and_load_unlocked:1331                                                      [31m [0m
[31m [0m in _load_unlocked:946                                                                [31m [0m
[31m────────────────────────────────────────────────────────────────────────────────────────[0m
[1;91mKeyError: [0m[32m'fixed_multiresponse_processor_lazy'[0m
[31m──[0m[31m────────────────────────[0m[31m [0m[1;31mTraceback [0m[1;2;31m(most recent call last)[0m[31m [0m[31m─────────────────────────[0m[31m──[0m
[31m [0m [2m/usr/local/lib/python3.12/site-packages/streamlit/runtime/scriptrunner/[0m[1mexec_code.py[0m: [31m [0m
[31m [0m 128 in exec_func_with_error_handling                                                 [31m [0m
[31m [0m                                                                                      [31m [0m
[31m [0m [2m/usr/local/lib/python3.12/site-packages/streamlit/runtime/scriptrunner/[0m[1mscript_runner[0m [31m [0m
[31m [0m [1m.py[0m:669 in code_to_exec                                                              [31m [0m
[31m [0m                                                                                      [31m [0m
[31m [0m [2m/home/user/webapp/[0m[1mstreamlit_app.py[0m:23 in <module>                                    [31m [0m
[31m [0m                                                                                      [31m [0m
[31m [0m   [2m  20 [0m                                                                              [31m [0m
[31m [0m   [2m  21 [0m[2m# Import processors[0m                                                           [31m [0m
[31m [0m   [2m  22 [0m[94mtry[0m:                                                                          [31m [0m
[31m [0m [31m❱ [0m  23 [2m│   [0m[94mfrom[0m[90m [0m[4;96mfixed_multiresponse_processor_lazy[0m[90m [0m[94mimport[0m FixedMultiResponseProcesso [31m [0m
[31m [0m   [2m  24 [0m[2m│   [0m[96mprint[0m([33m"[0m[33m✅ Imported FixedMultiResponseProcessor (lazy loading version)[0m[33m"[0m)   [31m [0m
[31m [0m   [2m  25 [0m[1;4;94mexcept[0m[1;4m [0m[1;4;96mImportError[0m[1;4m [0m[1;4;94mas[0m[1;4m e:[0m                                                      [31m [0m
[31m [0m   [2m  26 [0m[2m│   [0m[1;4mst.error([0m[1;4;33mf[0m[1;4;33m"[0m[1;4;33mCould not import FixedMultiResponseProcessor: [0m[1;4;33m{[0m[1;4me[0m[1;4;33m}[0m[1;4;33m"[0m[1;4m)[0m            [31m [0m
[31m [0m in _find_and_load:1360                                                               [31m [0m
[31m [0m in _find_and_load_unlocked:1331                                                      [31m [0m
[31m [0m in _load_unlocked:946                                                                [31m [0m
[31m────────────────────────────────────────────────────────────────────────────────────────[0m
[1;91mKeyError: [0m[32m'fixed_multiresponse_processor_lazy'[0m
✅ Imported FixedMultiResponseProcessor (lazy loading version)
Warning: Could not import OptimizedOSNAnalytics or Config: attempted relative import with no known parent package
Will proceed without advanced analytics
✅ Imported FixedMultiResponseProcessor (lazy loading version)
Warning: Could not import OptimizedOSNAnalytics or Config: attempted relative import with no known parent package
Will proceed without advanced analytics
[31m──[0m[31m────────────────────────[0m[31m [0m[1;31mTraceback [0m[1;2;31m(most recent call last)[0m[31m [0m[31m─────────────────────────[0m[31m──[0m
[31m [0m [2m/usr/local/lib/python3.12/site-packages/streamlit/runtime/scriptrunner/[0m[1mexec_code.py[0m: [31m [0m
[31m [0m 128 in exec_func_with_error_handling                                                 [31m [0m
[31m [0m                                                                                      [31m [0m
[31m [0m [2m/usr/local/lib/python3.12/site-packages/streamlit/runtime/scriptrunner/[0m[1mscript_runner[0m [31m [0m
[31m [0m [1m.py[0m:669 in code_to_exec                                                              [31m [0m
[31m [0m                                                                                      [31m [0m
[31m [0m [2m/home/user/webapp/[0m[1mstreamlit_app.py[0m:1021 in <module>                                  [31m [0m
[31m [0m                                                                                      [31m [0m
[31m [0m   [2m1018 [0m[2m│   │   │   [0mst.sidebar.markdown([33mf[0m[33m"[0m[33m**[0m[33m{[0mcategory[33m}[0m[33m:** [0m[33m{[0m[96mlen[0m(questions)[33m}[0m[33m questions[0m[33m"[0m [31m [0m
[31m [0m   [2m1019 [0m                                                                              [31m [0m
[31m [0m   [2m1020 [0m[94mif[0m [91m__name__[0m == [33m"[0m[33m__main__[0m[33m"[0m:                                                    [31m [0m
[31m [0m [31m❱ [0m1021 [2m│   [0m[1;4mmain()[0m                                                                    [31m [0m
[31m [0m   [2m1022 [0m                                                                              [31m [0m
[31m [0m                                                                                      [31m [0m
[31m [0m [2m/home/user/webapp/[0m[1mstreamlit_app.py[0m:754 in main                                       [31m [0m
[31m [0m                                                                                      [31m [0m
[31m [0m   [2m 751 [0m[2;33m│   [0m[33m"""[0m, unsafe_allow_html=[94mTrue[0m)                                              [31m [0m
[31m [0m   [2m 752 [0m[2m│   [0m                                                                          [31m [0m
[31m [0m   [2m 753 [0m[2m│   [0m[2m# Load data[0m                                                               [31m [0m
[31m [0m [31m❱ [0m 754 [2m│   [0mprocessor, analytics, df = [1;4mload_survey_data()[0m                             [31m [0m
[31m [0m   [2m 755 [0m[2m│   [0m                                                                          [31m [0m
[31m [0m   [2m 756 [0m[2m│   [0m[94mif[0m df [95mis[0m [94mNone[0m:                                                            [31m [0m
[31m [0m   [2m 757 [0m[2m│   │   [0mst.error([33m"[0m[33mCould not load survey data. Please check the data file.[0m[33m"[0m)   [31m [0m
[31m [0m                                                                                      [31m [0m
[31m [0m [2m/usr/local/lib/python3.12/site-packages/streamlit/runtime/caching/[0m[1mcache_utils.py[0m:227 [31m [0m
[31m [0m in __call__                                                                          [31m [0m
[31m [0m                                                                                      [31m [0m
[31m [0m [2m/usr/local/lib/python3.12/site-packages/streamlit/runtime/caching/[0m[1mcache_utils.py[0m:251 [31m [0m
[31m [0m in _get_or_create_cached_value                                                       [31m [0m
[31m [0m                                                                                      [31m [0m
[31m [0m [2m/usr/local/lib/python3.12/site-packages/streamlit/runtime/caching/[0m[1mcache_data_api.py[0m: [31m [0m
[31m [0m 651 in read_result                                                                   [31m [0m
[31m [0m                                                                                      [31m [0m
[31m [0m [2m/home/user/webapp/backend/app/[0m[1moptimized_analytics.py[0m:14 in <module>                  [31m [0m
[31m [0m                                                                                      [31m [0m
[31m [0m   [2m 11 [0m[94mimport[0m[90m [0m[4;96mtime[0m                                                                    [31m [0m
[31m [0m   [2m 12 [0m[94mfrom[0m[90m [0m[4;96mfunctools[0m[90m [0m[94mimport[0m lru_cache                                                [31m [0m
[31m [0m   [2m 13 [0m[94mimport[0m[90m [0m[4;96mhashlib[0m                                                                 [31m [0m
[31m [0m [31m❱ [0m 14 [1;4;94mfrom[0m[1;4;90m [0m[1;4;96m.[0m[1;4;96mcorrected_data_processor[0m[1;4;90m [0m[1;4;94mimport[0m[1;4m CorrectedSurveyDataProcessor[0m             [31m [0m
[31m [0m   [2m 15 [0m[94mfrom[0m[90m [0m[4;96msklearn[0m[4;96m.[0m[4;96mfeature_extraction[0m[4;96m.[0m[4;96mtext[0m[90m [0m[94mimport[0m TfidfVectorizer                    [31m [0m
[31m [0m   [2m 16 [0m[94mfrom[0m[90m [0m[4;96msklearn[0m[4;96m.[0m[4;96mcluster[0m[90m [0m[94mimport[0m KMeans                                             [31m [0m
[31m [0m   [2m 17 [0m[94mfrom[0m[90m [0m[4;96msklearn[0m[4;96m.[0m[4;96mmetrics[0m[90m [0m[94mimport[0m silhouette_score                                   [31m [0m
[31m────────────────────────────────────────────────────────────────────────────────────────[0m
[1;91mImportError: [0mattempted relative import with no known parent package
[31m──[0m[31m────────────────────────[0m[31m [0m[1;31mTraceback [0m[1;2;31m(most recent call last)[0m[31m [0m[31m─────────────────────────[0m[31m──[0m
[31m [0m [2m/usr/local/lib/python3.12/site-packages/streamlit/runtime/scriptrunner/[0m[1mexec_code.py[0m: [31m [0m
[31m [0m 128 in exec_func_with_error_handling                                                 [31m [0m
[31m [0m                                                                                      [31m [0m
[31m [0m [2m/usr/local/lib/python3.12/site-packages/streamlit/runtime/scriptrunner/[0m[1mscript_runner[0m [31m [0m
[31m [0m [1m.py[0m:669 in code_to_exec                                                              [31m [0m
[31m [0m                                                                                      [31m [0m
[31m [0m [2m/home/user/webapp/[0m[1mstreamlit_app.py[0m:1021 in <module>                                  [31m [0m
[31m [0m                                                                                      [31m [0m
[31m [0m   [2m1018 [0m[2m│   │   │   [0mst.sidebar.markdown([33mf[0m[33m"[0m[33m**[0m[33m{[0mcategory[33m}[0m[33m:** [0m[33m{[0m[96mlen[0m(questions)[33m}[0m[33m questions[0m[33m"[0m [31m [0m
[31m [0m   [2m1019 [0m                                                                              [31m [0m
[31m [0m   [2m1020 [0m[94mif[0m [91m__name__[0m == [33m"[0m[33m__main__[0m[33m"[0m:                                                    [31m [0m
[31m [0m [31m❱ [0m1021 [2m│   [0m[1;4mmain()[0m                                                                    [31m [0m
[31m [0m   [2m1022 [0m                                                                              [31m [0m
[31m [0m                                                                                      [31m [0m
[31m [0m [2m/home/user/webapp/[0m[1mstreamlit_app.py[0m:754 in main                                       [31m [0m
[31m [0m                                                                                      [31m [0m
[31m [0m   [2m 751 [0m[2;33m│   [0m[33m"""[0m, unsafe_allow_html=[94mTrue[0m)                                              [31m [0m
[31m [0m   [2m 752 [0m[2m│   [0m                                                                          [31m [0m
[31m [0m   [2m 753 [0m[2m│   [0m[2m# Load data[0m                                                               [31m [0m
[31m [0m [31m❱ [0m 754 [2m│   [0mprocessor, analytics, df = [1;4mload_survey_data()[0m                             [31m [0m
[31m [0m   [2m 755 [0m[2m│   [0m                                                                          [31m [0m
[31m [0m   [2m 756 [0m[2m│   [0m[94mif[0m df [95mis[0m [94mNone[0m:                                                            [31m [0m
[31m [0m   [2m 757 [0m[2m│   │   [0mst.error([33m"[0m[33mCould not load survey data. Please check the data file.[0m[33m"[0m)   [31m [0m
[31m [0m                                                                                      [31m [0m
[31m [0m [2m/usr/local/lib/python3.12/site-packages/streamlit/runtime/caching/[0m[1mcache_utils.py[0m:227 [31m [0m
[31m [0m in __call__                                                                          [31m [0m
[31m [0m                                                                                      [31m [0m
[31m [0m [2m/usr/local/lib/python3.12/site-packages/streamlit/runtime/caching/[0m[1mcache_utils.py[0m:251 [31m [0m
[31m [0m in _get_or_create_cached_value                                                       [31m [0m
[31m [0m                                                                                      [31m [0m
[31m [0m [2m/usr/local/lib/python3.12/site-packages/streamlit/runtime/caching/[0m[1mcache_data_api.py[0m: [31m [0m
[31m [0m 651 in read_result                                                                   [31m [0m
[31m [0m                                                                                      [31m [0m
[31m [0m [2m/home/user/webapp/backend/app/[0m[1moptimized_analytics.py[0m:14 in <module>                  [31m [0m
[31m [0m                                                                                      [31m [0m
[31m [0m   [2m 11 [0m[94mimport[0m[90m [0m[4;96mtime[0m                                                                    [31m [0m
[31m [0m   [2m 12 [0m[94mfrom[0m[90m [0m[4;96mfunctools[0m[90m [0m[94mimport[0m lru_cache                                                [31m [0m
[31m [0m   [2m 13 [0m[94mimport[0m[90m [0m[4;96mhashlib[0m                                                                 [31m [0m
[31m [0m [31m❱ [0m 14 [1;4;94mfrom[0m[1;4;90m [0m[1;4;96m.[0m[1;4;96mcorrected_data_processor[0m[1;4;90m [0m[1;4;94mimport[0m[1;4m CorrectedSurveyDataProcessor[0m             [31m [0m
[31m [0m   [2m 15 [0m[94mfrom[0m[90m [0m[4;96msklearn[0m[4;96m.[0m[4;96mfeature_extraction[0m[4;96m.[0m[4;96mtext[0m[90m [0m[94mimport[0m TfidfVectorizer                    [31m [0m
[31m [0m   [2m 16 [0m[94mfrom[0m[90m [0m[4;96msklearn[0m[4;96m.[0m[4;96mcluster[0m[90m [0m[94mimport[0m KMeans                                             [31m [0m
[31m [0m   [2m 17 [0m[94mfrom[0m[90m [0m[4;96msklearn[0m[4;96m.[0m[4;96mmetrics[0m[90m [0m[94mimport[0m silhouette_score                                   [31m [0m
[31m────────────────────────────────────────────────────────────────────────────────────────[0m
[1;91mImportError: [0mattempted relative import with no known parent package
  Stopping...

  You can now view your Streamlit app in your browser.

  URL: http://0.0.0.0:8501

✅ Imported FixedMultiResponseProcessor (lazy loading version)
✅ Imported FixedMultiResponseProcessor (lazy loading version)
✅ Imported FixedMultiResponseProcessor (lazy loading version)
✅ Imported FixedMultiResponseProcessor (lazy loading version)
✅ Imported OptimizedOSNAnalytics and Config
✅ Imported OptimizedOSNAnalytics and Config
✅ Imported OptimizedOSNAnalytics and Config
✅ Imported OptimizedOSNAnalytics and Config
Loading Excel file with sheets: ['Guests (UAE)', 'Guests Online (KSA)']
Loaded Guests (UAE): (204, 45)
Processing multi-response question B1-A: What were your top 3 reasons for choosing this hotel? (Select up to 3)
  Response distribution: {'Location': 155, 'Price': 88, 'Brand Reputation': 77, 'Amenities (gym, pool, etc.)': 118, 'In-room Entertainment': 42, 'Family-friendly Features': 48, 'Guest Reviews': 71}
Processing multi-response question C2-A: What type of content did you watch? (Select all that apply)
  Response distribution: {'News': 87, 'Movies': 126, 'Sports': 64, 'Children’s Content': 53, 'Streaming Apps (e.g., Netflix, OSN+)': 114, 'Other': 5}
Processing multi-response question D1: Do you currently subscribe to any of the following platforms? (Select all that apply)
  Response distribution: {'OSN+': 26, 'Netflix': 133, 'Amazon Prime': 108, 'Disney+': 56, 'Shahid': 33, 'None': 12}
Text column 'A1': 40 responses
Text column 'A2-A': 6 responses
Text column 'B2-B': 184 responses
Text column 'C2-A-a': 10 responses
Text column 'C2-B': 169 responses
Text column 'C4-B': 175 responses
Text column 'D5': 168 responses
Final processed data for Guests (UAE): 200 responses
Processed Guests (UAE): (200, 27) - 200 actual responses
Loaded Guests Online (KSA): (204, 45)
Processing multi-response question B1-A: What were your top 3 reasons for choosing this hotel? (Select up to 3)
  Response distribution: {'Location': 172, 'Price': 91, 'Brand Reputation': 87, 'Amenities (gym, pool, etc.)': 106, 'In-room Entertainment': 23, 'Family-friendly Features': 51, 'Guest Reviews': 63}
Processing multi-response question C2-A: What type of content did you watch? (Select all that apply)
  Response distribution: {'News': 92, 'Movies': 92, 'Sports': 68, 'Children’s Content': 52, 'Streaming Apps (e.g., Netflix, OSN+)': 113, 'Other': 19}
Processing multi-response question D1: Do you currently subscribe to any of the following platforms? (Select all that apply)
  Response distribution: {'OSN+': 48, 'Netflix': 139, 'Amazon Prime': 81, 'Disney+': 48, 'Shahid': 56, 'None': 10}
Text column 'A1': 85 responses
Text column 'A2-A': 21 responses
Text column 'B-A-a': 10 responses
Text column 'B2-B': 173 responses
Text column 'C2-A-a': 24 responses
Text column 'C2-B': 173 responses
Text column 'C4-B': 168 responses
Text column 'D5': 174 responses
Final processed data for Guests Online (KSA): 200 responses
Processed Guests Online (KSA): (200, 27) - 200 actual responses
✅ Imported FixedMultiResponseProcessor (lazy loading version)
✅ Imported OptimizedOSNAnalytics and Config
✅ Imported FixedMultiResponseProcessor (lazy loading version)
✅ Imported OptimizedOSNAnalytics and Config
✅ Imported FixedMultiResponseProcessor (lazy loading version)
✅ Imported OptimizedOSNAnalytics and Config
✅ Imported FixedMultiResponseProcessor (lazy loading version)
✅ Imported OptimizedOSNAnalytics and Config
✅ Imported FixedMultiResponseProcessor (lazy loading version)
✅ Imported OptimizedOSNAnalytics and Config
✅ Imported FixedMultiResponseProcessor (lazy loading version)
✅ Imported OptimizedOSNAnalytics and Config
✅ Imported FixedMultiResponseProcessor (lazy loading version)
✅ Imported OptimizedOSNAnalytics and Config
✅ Imported FixedMultiResponseProcessor (lazy loading version)
✅ Imported OptimizedOSNAnalytics and Config
✅ Imported FixedMultiResponseProcessor (lazy loading version)
✅ Imported OptimizedOSNAnalytics and Config
✅ Imported FixedMultiResponseProcessor (lazy loading version)
✅ Imported OptimizedOSNAnalytics and Config
✅ Imported FixedMultiResponseProcessor (lazy loading version)
✅ Imported OptimizedOSNAnalytics and Config
✅ Imported FixedMultiResponseProcessor (lazy loading version)
✅ Imported OptimizedOSNAnalytics and Config
✅ Imported FixedMultiResponseProcessor (lazy loading version)
✅ Imported OptimizedOSNAnalytics and Config
✅ Imported FixedMultiResponseProcessor (lazy loading version)
✅ Imported OptimizedOSNAnalytics and Config
✅ Imported FixedMultiResponseProcessor (lazy loading version)
✅ Imported OptimizedOSNAnalytics and Config
✅ Imported FixedMultiResponseProcessor (lazy loading version)
✅ Imported OptimizedOSNAnalytics and Config
✅ Imported FixedMultiResponseProcessor (lazy loading version)
✅ Imported OptimizedOSNAnalytics and Config
✅ Imported FixedMultiResponseProcessor (lazy loading version)
✅ Imported OptimizedOSNAnalytics and Config
✅ Imported FixedMultiResponseProcessor (lazy loading version)
✅ Imported OptimizedOSNAnalytics and Config
✅ Imported FixedMultiResponseProcessor (lazy loading version)
✅ Imported OptimizedOSNAnalytics and Config
✅ Imported FixedMultiResponseProcessor (lazy loading version)
✅ Imported OptimizedOSNAnalytics and Config
✅ Imported FixedMultiResponseProcessor (lazy loading version)
✅ Imported OptimizedOSNAnalytics and Config
✅ Imported FixedMultiResponseProcessor (lazy loading version)
✅ Imported OptimizedOSNAnalytics and Config
✅ Imported FixedMultiResponseProcessor (lazy loading version)
✅ Imported OptimizedOSNAnalytics and Config
✅ Imported FixedMultiResponseProcessor (lazy loading version)
✅ Imported OptimizedOSNAnalytics and Config
✅ Imported FixedMultiResponseProcessor (lazy loading version)
✅ Imported OptimizedOSNAnalytics and Config
✅ Imported FixedMultiResponseProcessor (lazy loading version)
✅ Imported OptimizedOSNAnalytics and Config
✅ Imported FixedMultiResponseProcessor (lazy loading version)
✅ Imported OptimizedOSNAnalytics and Config
✅ Imported FixedMultiResponseProcessor (lazy loading version)
✅ Imported OptimizedOSNAnalytics and Config
✅ Imported FixedMultiResponseProcessor (lazy loading version)
✅ Imported OptimizedOSNAnalytics and Config
✅ Imported FixedMultiResponseProcessor (lazy loading version)
✅ Imported OptimizedOSNAnalytics and Config
✅ Imported FixedMultiResponseProcessor (lazy loading version)
✅ Imported OptimizedOSNAnalytics and Config
✅ Imported FixedMultiResponseProcessor (lazy loading version)
✅ Imported OptimizedOSNAnalytics and Config
✅ Imported FixedMultiResponseProcessor (lazy loading version)
✅ Imported OptimizedOSNAnalytics and Config
✅ Imported FixedMultiResponseProcessor (lazy loading version)
✅ Imported OptimizedOSNAnalytics and Config
✅ Imported FixedMultiResponseProcessor (lazy loading version)
✅ Imported OptimizedOSNAnalytics and Config
✅ Imported FixedMultiResponseProcessor (lazy loading version)
✅ Imported OptimizedOSNAnalytics and Config
✅ Imported FixedMultiResponseProcessor (lazy loading version)
✅ Imported OptimizedOSNAnalytics and Config
✅ Imported FixedMultiResponseProcessor (lazy loading version)
✅ Imported OptimizedOSNAnalytics and Config
✅ Imported FixedMultiResponseProcessor (lazy loading version)
✅ Imported OptimizedOSNAnalytics and Config
✅ Imported FixedMultiResponseProcessor (lazy loading version)
✅ Imported OptimizedOSNAnalytics and Config
✅ Imported FixedMultiResponseProcessor (lazy loading version)
✅ Imported OptimizedOSNAnalytics and Config
✅ Imported FixedMultiResponseProcessor (lazy loading version)
✅ Imported OptimizedOSNAnalytics and Config
✅ Imported FixedMultiResponseProcessor (lazy loading version)
✅ Imported OptimizedOSNAnalytics and Config
✅ Imported FixedMultiResponseProcessor (lazy loading version)
✅ Imported OptimizedOSNAnalytics and Config
✅ Imported FixedMultiResponseProcessor (lazy loading version)
✅ Imported OptimizedOSNAnalytics and Config
✅ Imported FixedMultiResponseProcessor (lazy loading version)
✅ Imported OptimizedOSNAnalytics and Config
✅ Imported FixedMultiResponseProcessor (lazy loading version)
✅ Imported OptimizedOSNAnalytics and Config
✅ Imported FixedMultiResponseProcessor (lazy loading version)
✅ Imported OptimizedOSNAnalytics and Config
✅ Imported FixedMultiResponseProcessor (lazy loading version)
✅ Imported OptimizedOSNAnalytics and Config
✅ Imported FixedMultiResponseProcessor (lazy loading version)
✅ Imported OptimizedOSNAnalytics and Config
✅ Imported FixedMultiResponseProcessor (lazy loading version)
✅ Imported OptimizedOSNAnalytics and Config
✅ Imported FixedMultiResponseProcessor (lazy loading version)
✅ Imported OptimizedOSNAnalytics and Config
✅ Imported FixedMultiResponseProcessor (lazy loading version)
✅ Imported OptimizedOSNAnalytics and Config
✅ Imported FixedMultiResponseProcessor (lazy loading version)
✅ Imported OptimizedOSNAnalytics and Config
✅ Imported FixedMultiResponseProcessor (lazy loading version)
✅ Imported OptimizedOSNAnalytics and Config
✅ Imported FixedMultiResponseProcessor (lazy loading version)
✅ Imported OptimizedOSNAnalytics and Config
✅ Imported FixedMultiResponseProcessor (lazy loading version)
✅ Imported OptimizedOSNAnalytics and Config
✅ Imported FixedMultiResponseProcessor (lazy loading version)
✅ Imported OptimizedOSNAnalytics and Config
✅ Imported FixedMultiResponseProcessor (lazy loading version)
✅ Imported OptimizedOSNAnalytics and Config
✅ Imported FixedMultiResponseProcessor (lazy loading version)
✅ Imported OptimizedOSNAnalytics and Config
✅ Imported FixedMultiResponseProcessor (lazy loading version)
✅ Imported OptimizedOSNAnalytics and Config
✅ Imported FixedMultiResponseProcessor (lazy loading version)
✅ Imported OptimizedOSNAnalytics and Config
✅ Imported FixedMultiResponseProcessor (lazy loading version)
✅ Imported OptimizedOSNAnalytics and Config
✅ Imported FixedMultiResponseProcessor (lazy loading version)
✅ Imported OptimizedOSNAnalytics and Config
✅ Imported FixedMultiResponseProcessor (lazy loading version)
✅ Imported OptimizedOSNAnalytics and Config
✅ Imported FixedMultiResponseProcessor (lazy loading version)
✅ Imported OptimizedOSNAnalytics and Config
✅ Imported FixedMultiResponseProcessor (lazy loading version)
✅ Imported OptimizedOSNAnalytics and Config
✅ Imported FixedMultiResponseProcessor (lazy loading version)
✅ Imported OptimizedOSNAnalytics and Config
✅ Imported FixedMultiResponseProcessor (lazy loading version)
✅ Imported OptimizedOSNAnalytics and Config
✅ Imported FixedMultiResponseProcessor (lazy loading version)
✅ Imported OptimizedOSNAnalytics and Config
✅ Imported FixedMultiResponseProcessor (lazy loading version)
✅ Imported OptimizedOSNAnalytics and Config
✅ Imported FixedMultiResponseProcessor (lazy loading version)
✅ Imported OptimizedOSNAnalytics and Config
✅ Imported FixedMultiResponseProcessor (lazy loading version)
✅ Imported OptimizedOSNAnalytics and Config
✅ Imported FixedMultiResponseProcessor (lazy loading version)
✅ Imported OptimizedOSNAnalytics and Config
✅ Imported FixedMultiResponseProcessor (lazy loading version)
✅ Imported OptimizedOSNAnalytics and Config
✅ Imported FixedMultiResponseProcessor (lazy loading version)
✅ Imported OptimizedOSNAnalytics and Config
✅ Imported FixedMultiResponseProcessor (lazy loading version)
✅ Imported OptimizedOSNAnalytics and Config
✅ Imported FixedMultiResponseProcessor (lazy loading version)
✅ Imported OptimizedOSNAnalytics and Config
✅ Imported FixedMultiResponseProcessor (lazy loading version)
✅ Imported OptimizedOSNAnalytics and Config
✅ Imported FixedMultiResponseProcessor (lazy loading version)
✅ Imported OptimizedOSNAnalytics and Config
✅ Imported FixedMultiResponseProcessor (lazy loading version)
✅ Imported OptimizedOSNAnalytics and Config
✅ Imported FixedMultiResponseProcessor (lazy loading version)
✅ Imported OptimizedOSNAnalytics and Config
✅ Imported FixedMultiResponseProcessor (lazy loading version)
✅ Imported OptimizedOSNAnalytics and Config
✅ Imported FixedMultiResponseProcessor (lazy loading version)
✅ Imported OptimizedOSNAnalytics and Config
✅ Imported FixedMultiResponseProcessor (lazy loading version)
✅ Imported OptimizedOSNAnalytics and Config
✅ Imported FixedMultiResponseProcessor (lazy loading version)
✅ Imported OptimizedOSNAnalytics and Config
✅ Imported FixedMultiResponseProcessor (lazy loading version)
✅ Imported FixedMultiResponseProcessor (lazy loading version)
✅ Imported FixedMultiResponseProcessor (lazy loading version)
✅ Imported OptimizedOSNAnalytics and Config
✅ Imported OptimizedOSNAnalytics and Config
✅ Imported OptimizedOSNAnalytics and Config
✅ Imported FixedMultiResponseProcessor (lazy loading version)
✅ Imported OptimizedOSNAnalytics and Config
✅ Imported FixedMultiResponseProcessor (lazy loading version)
✅ Imported OptimizedOSNAnalytics and Config
✅ Imported FixedMultiResponseProcessor (lazy loading version)
✅ Imported OptimizedOSNAnalytics and Config
✅ Imported FixedMultiResponseProcessor (lazy loading version)
✅ Imported OptimizedOSNAnalytics and Config
✅ Imported FixedMultiResponseProcessor (lazy loading version)
✅ Imported OptimizedOSNAnalytics and Config
✅ Imported FixedMultiResponseProcessor (lazy loading version)
✅ Imported FixedMultiResponseProcessor (lazy loading version)
✅ Imported OptimizedOSNAnalytics and Config
✅ Imported FixedMultiResponseProcessor (lazy loading version)
✅ Imported FixedMultiResponseProcessor (lazy loading version)
✅ Imported FixedMultiResponseProcessor (lazy loading version)
✅ Imported OptimizedOSNAnalytics and Config
✅ Imported OptimizedOSNAnalytics and Config
[31m──[0m[31m────────────────────────[0m[31m [0m[1;31mTraceback [0m[1;2;31m(most recent call last)[0m[31m [0m[31m─────────────────────────[0m[31m──[0m
[31m [0m [2m/usr/local/lib/python3.12/site-packages/streamlit/runtime/scriptrunner/[0m[1mexec_code.py[0m: [31m [0m
[31m [0m 128 in exec_func_with_error_handling                                                 [31m [0m
[31m [0m                                                                                      [31m [0m
[31m [0m [2m/usr/local/lib/python3.12/site-packages/streamlit/runtime/scriptrunner/[0m[1mscript_runner[0m [31m [0m
[31m [0m [1m.py[0m:669 in code_to_exec                                                              [31m [0m
[31m [0m                                                                                      [31m [0m
[31m [0m [2m/home/user/webapp/[0m[1mstreamlit_app.py[0m:34 in <module>                                    [31m [0m
[31m [0m                                                                                      [31m [0m
[31m [0m   [2m  31 [0mConfig = [94mNone[0m                                                                 [31m [0m
[31m [0m   [2m  32 [0m                                                                              [31m [0m
[31m [0m   [2m  33 [0m[94mtry[0m:                                                                          [31m [0m
[31m [0m [31m❱ [0m  34 [2m│   [0m[94mfrom[0m[90m [0m[4;96moptimized_analytics[0m[90m [0m[94mimport[0m OptimizedOSNAnalytics                     [31m [0m
[31m [0m   [2m  35 [0m[2m│   [0m[94mfrom[0m[90m [0m[4;96mconfig[0m[90m [0m[94mimport[0m Config                                                 [31m [0m
[31m [0m   [2m  36 [0m[2m│   [0m[96mprint[0m([33m"[0m[33m✅ Imported OptimizedOSNAnalytics and Config[0m[33m"[0m)                     [31m [0m
[31m [0m   [2m  37 [0m[1;4;94mexcept[0m[1;4m [0m[1;4;96mImportError[0m[1;4m:[0m                                                           [31m [0m
[31m [0m in _find_and_load:1360                                                               [31m [0m
[31m [0m in _find_and_load_unlocked:1331                                                      [31m [0m
[31m [0m in _load_unlocked:946                                                                [31m [0m
[31m────────────────────────────────────────────────────────────────────────────────────────[0m
[1;91mKeyError: [0m[32m'optimized_analytics'[0m
[31m──[0m[31m────────────────────────[0m[31m [0m[1;31mTraceback [0m[1;2;31m(most recent call last)[0m[31m [0m[31m─────────────────────────[0m[31m──[0m
[31m [0m [2m/usr/local/lib/python3.12/site-packages/streamlit/runtime/scriptrunner/[0m[1mexec_code.py[0m: [31m [0m
[31m [0m 128 in exec_func_with_error_handling                                                 [31m [0m
[31m [0m                                                                                      [31m [0m
[31m [0m [2m/usr/local/lib/python3.12/site-packages/streamlit/runtime/scriptrunner/[0m[1mscript_runner[0m [31m [0m
[31m [0m [1m.py[0m:669 in code_to_exec                                                              [31m [0m
[31m [0m                                                                                      [31m [0m
[31m [0m [2m/home/user/webapp/[0m[1mstreamlit_app.py[0m:23 in <module>                                    [31m [0m
[31m [0m                                                                                      [31m [0m
[31m [0m   [2m  20 [0m                                                                              [31m [0m
[31m [0m   [2m  21 [0m[2m# Import processors[0m                                                           [31m [0m
[31m [0m   [2m  22 [0m[94mtry[0m:                                                                          [31m [0m
[31m [0m [31m❱ [0m  23 [2m│   [0m[94mfrom[0m[90m [0m[4;96mfixed_multiresponse_processor_lazy[0m[90m [0m[94mimport[0m FixedMultiResponseProcesso [31m [0m
[31m [0m   [2m  24 [0m[2m│   [0m[96mprint[0m([33m"[0m[33m✅ Imported FixedMultiResponseProcessor (lazy loading version)[0m[33m"[0m)   [31m [0m
[31m [0m   [2m  25 [0m[1;4;94mexcept[0m[1;4m [0m[1;4;96mImportError[0m[1;4m [0m[1;4;94mas[0m[1;4m e:[0m                                                      [31m [0m
[31m [0m   [2m  26 [0m[2m│   [0m[1;4mst.error([0m[1;4;33mf[0m[1;4;33m"[0m[1;4;33mCould not import FixedMultiResponseProcessor: [0m[1;4;33m{[0m[1;4me[0m[1;4;33m}[0m[1;4;33m"[0m[1;4m)[0m            [31m [0m
[31m [0m in _find_and_load:1360                                                               [31m [0m
[31m [0m in _find_and_load_unlocked:1331                                                      [31m [0m
[31m [0m in _load_unlocked:946                                                                [31m [0m
[31m────────────────────────────────────────────────────────────────────────────────────────[0m
[1;91mKeyError: [0m[32m'fixed_multiresponse_processor_lazy'[0m
[31m──[0m[31m────────────────────────[0m[31m [0m[1;31mTraceback [0m[1;2;31m(most recent call last)[0m[31m [0m[31m─────────────────────────[0m[31m──[0m
[31m [0m [2m/usr/local/lib/python3.12/site-packages/streamlit/runtime/scriptrunner/[0m[1mexec_code.py[0m: [31m [0m
[31m [0m 128 in exec_func_with_error_handling                                                 [31m [0m
[31m [0m                                                                                      [31m [0m
[31m [0m [2m/usr/local/lib/python3.12/site-packages/streamlit/runtime/scriptrunner/[0m[1mscript_runner[0m [31m [0m
[31m [0m [1m.py[0m:669 in code_to_exec                                                              [31m [0m
[31m [0m                                                                                      [31m [0m
[31m [0m [2m/home/user/webapp/[0m[1mstreamlit_app.py[0m:34 in <module>                                    [31m [0m
[31m [0m                                                                                      [31m [0m
[31m [0m   [2m  31 [0mConfig = [94mNone[0m                                                                 [31m [0m
[31m [0m   [2m  32 [0m                                                                              [31m [0m
[31m [0m   [2m  33 [0m[94mtry[0m:                                                                          [31m [0m
[31m [0m [31m❱ [0m  34 [2m│   [0m[94mfrom[0m[90m [0m[4;96moptimized_analytics[0m[90m [0m[94mimport[0m OptimizedOSNAnalytics                     [31m [0m
[31m [0m   [2m  35 [0m[2m│   [0m[94mfrom[0m[90m [0m[4;96mconfig[0m[90m [0m[94mimport[0m Config                                                 [31m [0m
[31m [0m   [2m  36 [0m[2m│   [0m[96mprint[0m([33m"[0m[33m✅ Imported OptimizedOSNAnalytics and Config[0m[33m"[0m)                     [31m [0m
[31m [0m   [2m  37 [0m[1;4;94mexcept[0m[1;4m [0m[1;4;96mImportError[0m[1;4m:[0m                                                           [31m [0m
[31m [0m in _find_and_load:1360                                                               [31m [0m
[31m [0m in _find_and_load_unlocked:1331                                                      [31m [0m
[31m [0m in _load_unlocked:946                                                                [31m [0m
[31m────────────────────────────────────────────────────────────────────────────────────────[0m
[1;91mKeyError: [0m[32m'optimized_analytics'[0m
✅ Imported FixedMultiResponseProcessor (lazy loading version)
[31m──[0m[31m────────────────────────[0m[31m [0m[1;31mTraceback [0m[1;2;31m(most recent call last)[0m[31m [0m[31m─────────────────────────[0m[31m──[0m
[31m [0m [2m/usr/local/lib/python3.12/site-packages/streamlit/runtime/scriptrunner/[0m[1mexec_code.py[0m: [31m [0m
[31m [0m 128 in exec_func_with_error_handling                                                 [31m [0m
[31m [0m                                                                                      [31m [0m
[31m [0m [2m/usr/local/lib/python3.12/site-packages/streamlit/runtime/scriptrunner/[0m[1mscript_runner[0m [31m [0m
[31m [0m [1m.py[0m:669 in code_to_exec                                                              [31m [0m
[31m [0m                                                                                      [31m [0m
[31m [0m [2m/home/user/webapp/[0m[1mstreamlit_app.py[0m:23 in <module>                                    [31m [0m
[31m [0m                                                                                      [31m [0m
[31m [0m   [2m  20 [0m                                                                              [31m [0m
[31m [0m   [2m  21 [0m[2m# Import processors[0m                                                           [31m [0m
[31m [0m   [2m  22 [0m[94mtry[0m:                                                                          [31m [0m
[31m [0m [31m❱ [0m  23 [2m│   [0m[94mfrom[0m[90m [0m[4;96mfixed_multiresponse_processor_lazy[0m[90m [0m[94mimport[0m FixedMultiResponseProcesso [31m [0m
[31m [0m   [2m  24 [0m[2m│   [0m[96mprint[0m([33m"[0m[33m✅ Imported FixedMultiResponseProcessor (lazy loading version)[0m[33m"[0m)   [31m [0m
[31m [0m   [2m  25 [0m[1;4;94mexcept[0m[1;4m [0m[1;4;96mImportError[0m[1;4m [0m[1;4;94mas[0m[1;4m e:[0m                                                      [31m [0m
[31m [0m   [2m  26 [0m[2m│   [0m[1;4mst.error([0m[1;4;33mf[0m[1;4;33m"[0m[1;4;33mCould not import FixedMultiResponseProcessor: [0m[1;4;33m{[0m[1;4me[0m[1;4;33m}[0m[1;4;33m"[0m[1;4m)[0m            [31m [0m
[31m [0m in _find_and_load:1360                                                               [31m [0m
[31m [0m in _find_and_load_unlocked:1331                                                      [31m [0m
[31m [0m in _load_unlocked:946                                                                [31m [0m
[31m────────────────────────────────────────────────────────────────────────────────────────[0m
[1;91mKeyError: [0m[32m'fixed_multiresponse_processor_lazy'[0m
✅ Imported OptimizedOSNAnalytics and Config
✅ Imported FixedMultiResponseProcessor (lazy loading version)
✅ Imported OptimizedOSNAnalytics and Config
✅ Imported FixedMultiResponseProcessor (lazy loading version)
✅ Imported FixedMultiResponseProcessor (lazy loading version)
✅ Imported OptimizedOSNAnalytics and Config
✅ Imported OptimizedOSNAnalytics and Config
✅ Imported FixedMultiResponseProcessor (lazy loading version)
✅ Imported OptimizedOSNAnalytics and Config
✅ Imported FixedMultiResponseProcessor (lazy loading version)
✅ Imported OptimizedOSNAnalytics and Config
✅ Imported FixedMultiResponseProcessor (lazy loading version)
✅ Imported FixedMultiResponseProcessor (lazy loading version)
✅ Imported OptimizedOSNAnalytics and Config
✅ Imported OptimizedOSNAnalytics and Config
✅ Imported FixedMultiResponseProcessor (lazy loading version)
✅ Imported OptimizedOSNAnalytics and Config
[31m──[0m[31m────────────────────────[0m[31m [0m[1;31mTraceback [0m[1;2;31m(most recent call last)[0m[31m [0m[31m─────────────────────────[0m[31m──[0m
[31m [0m [2m/usr/local/lib/python3.12/site-packages/streamlit/runtime/scriptrunner/[0m[1mexec_code.py[0m: [31m [0m
[31m [0m 128 in exec_func_with_error_handling                                                 [31m [0m
[31m [0m                                                                                      [31m [0m
[31m [0m [2m/usr/local/lib/python3.12/site-packages/streamlit/runtime/scriptrunner/[0m[1mscript_runner[0m [31m [0m
[31m [0m [1m.py[0m:669 in code_to_exec                                                              [31m [0m
[31m [0m                                                                                      [31m [0m
[31m [0m [2m/home/user/webapp/[0m[1mstreamlit_app.py[0m:23 in <module>                                    [31m [0m
[31m [0m                                                                                      [31m [0m
[31m [0m   [2m  20 [0m                                                                              [31m [0m
[31m [0m   [2m  21 [0m[2m# Import processors[0m                                                           [31m [0m
[31m [0m   [2m  22 [0m[94mtry[0m:                                                                          [31m [0m
[31m [0m [31m❱ [0m  23 [2m│   [0m[94mfrom[0m[90m [0m[4;96mfixed_multiresponse_processor_lazy[0m[90m [0m[94mimport[0m FixedMultiResponseProcesso [31m [0m
[31m [0m   [2m  24 [0m[2m│   [0m[96mprint[0m([33m"[0m[33m✅ Imported FixedMultiResponseProcessor (lazy loading version)[0m[33m"[0m)   [31m [0m
[31m [0m   [2m  25 [0m[1;4;94mexcept[0m[1;4m [0m[1;4;96mImportError[0m[1;4m [0m[1;4;94mas[0m[1;4m e:[0m                                                      [31m [0m
[31m [0m   [2m  26 [0m[2m│   [0m[1;4mst.error([0m[1;4;33mf[0m[1;4;33m"[0m[1;4;33mCould not import FixedMultiResponseProcessor: [0m[1;4;33m{[0m[1;4me[0m[1;4;33m}[0m[1;4;33m"[0m[1;4m)[0m            [31m [0m
[31m [0m in _find_and_load:1360                                                               [31m [0m
[31m [0m in _find_and_load_unlocked:1331                                                      [31m [0m
[31m [0m in _load_unlocked:946                                                                [31m [0m
[31m────────────────────────────────────────────────────────────────────────────────────────[0m
[1;91mKeyError: [0m[32m'fixed_multiresponse_processor_lazy'[0m
✅ Imported FixedMultiResponseProcessor (lazy loading version)
✅ Imported FixedMultiResponseProcessor (lazy loading version)
Warning: Could not import OptimizedOSNAnalytics or Config: attempted relative import with no known parent package
Will proceed without advanced analytics
[31m──[0m[31m────────────────────────[0m[31m [0m[1;31mTraceback [0m[1;2;31m(most recent call last)[0m[31m [0m[31m─────────────────────────[0m[31m──[0m
[31m [0m [2m/usr/local/lib/python3.12/site-packages/streamlit/runtime/scriptrunner/[0m[1mexec_code.py[0m: [31m [0m
[31m [0m 128 in exec_func_with_error_handling                                                 [31m [0m
[31m [0m                                                                                      [31m [0m
[31m [0m [2m/usr/local/lib/python3.12/site-packages/streamlit/runtime/scriptrunner/[0m[1mscript_runner[0m [31m [0m
[31m [0m [1m.py[0m:669 in code_to_exec                                                              [31m [0m
[31m [0m                                                                                      [31m [0m
[31m [0m [2m/home/user/webapp/[0m[1mstreamlit_app.py[0m:34 in <module>                                    [31m [0m
[31m [0m                                                                                      [31m [0m
[31m [0m   [2m  31 [0mConfig = [94mNone[0m                                                                 [31m [0m
[31m [0m   [2m  32 [0m                                                                              [31m [0m
[31m [0m   [2m  33 [0m[94mtry[0m:                                                                          [31m [0m
[31m [0m [31m❱ [0m  34 [2m│   [0m[94mfrom[0m[90m [0m[4;96moptimized_analytics[0m[90m [0m[94mimport[0m OptimizedOSNAnalytics                     [31m [0m
[31m [0m   [2m  35 [0m[2m│   [0m[94mfrom[0m[90m [0m[4;96mconfig[0m[90m [0m[94mimport[0m Config                                                 [31m [0m
[31m [0m   [2m  36 [0m[2m│   [0m[96mprint[0m([33m"[0m[33m✅ Imported OptimizedOSNAnalytics and Config[0m[33m"[0m)                     [31m [0m
[31m [0m   [2m  37 [0m[1;4;94mexcept[0m[1;4m [0m[1;4;96mImportError[0m[1;4m:[0m                                                           [31m [0m
[31m [0m                                                                                      [31m [0m
[31m [0m [2m/home/user/webapp/[0m[1moptimized_analytics.py[0m:14 in <module>                              [31m [0m
[31m [0m                                                                                      [31m [0m
[31m [0m   [2m 11 [0m[94mimport[0m[90m [0m[4;96mtime[0m                                                                    [31m [0m
[31m [0m   [2m 12 [0m[94mfrom[0m[90m [0m[4;96mfunctools[0m[90m [0m[94mimport[0m lru_cache                                                [31m [0m
[31m [0m   [2m 13 [0m[94mimport[0m[90m [0m[4;96mhashlib[0m                                                                 [31m [0m
[31m [0m [31m❱ [0m 14 [1;4;94mfrom[0m[1;4;90m [0m[1;4;96mcorrected_data_processor[0m[1;4;90m [0m[1;4;94mimport[0m[1;4m CorrectedSurveyDataProcessor[0m              [31m [0m
[31m [0m   [2m 15 [0m[94mfrom[0m[90m [0m[4;96msklearn[0m[4;96m.[0m[4;96mfeature_extraction[0m[4;96m.[0m[4;96mtext[0m[90m [0m[94mimport[0m TfidfVectorizer                    [31m [0m
[31m [0m   [2m 16 [0m[94mfrom[0m[90m [0m[4;96msklearn[0m[4;96m.[0m[4;96mcluster[0m[90m [0m[94mimport[0m KMeans                                             [31m [0m
[31m [0m   [2m 17 [0m[94mfrom[0m[90m [0m[4;96msklearn[0m[4;96m.[0m[4;96mmetrics[0m[90m [0m[94mimport[0m silhouette_score                                   [31m [0m
[31m [0m in _find_and_load:1360                                                               [31m [0m
[31m [0m in _find_and_load_unlocked:1331                                                      [31m [0m
[31m [0m in _load_unlocked:946                                                                [31m [0m
[31m────────────────────────────────────────────────────────────────────────────────────────[0m
[1;91mKeyError: [0m[32m'corrected_data_processor'[0m
✅ Imported FixedMultiResponseProcessor (lazy loading version)
Warning: Could not import OptimizedOSNAnalytics or Config: attempted relative import with no known parent package
Will proceed without advanced analytics
✅ Imported FixedMultiResponseProcessor (lazy loading version)
Warning: Could not import OptimizedOSNAnalytics or Config: attempted relative import with no known parent package
Will proceed without advanced analytics
[31m──[0m[31m────────────────────────[0m[31m [0m[1;31mTraceback [0m[1;2;31m(most recent call last)[0m[31m [0m[31m─────────────────────────[0m[31m──[0m
[31m [0m [2m/usr/local/lib/python3.12/site-packages/streamlit/runtime/scriptrunner/[0m[1mexec_code.py[0m: [31m [0m
[31m [0m 128 in exec_func_with_error_handling                                                 [31m [0m
[31m [0m                                                                                      [31m [0m
[31m [0m [2m/usr/local/lib/python3.12/site-packages/streamlit/runtime/scriptrunner/[0m[1mscript_runner[0m [31m [0m
[31m [0m [1m.py[0m:669 in code_to_exec                                                              [31m [0m
[31m [0m                                                                                      [31m [0m
[31m [0m [2m/home/user/webapp/[0m[1mstreamlit_app.py[0m:1177 in <module>                                  [31m [0m
[31m [0m                                                                                      [31m [0m
[31m [0m   [2m1174 [0m[2m│   │   │   [0mst.sidebar.markdown([33mf[0m[33m"[0m[33m**[0m[33m{[0mcategory[33m}[0m[33m:** [0m[33m{[0m[96mlen[0m(questions)[33m}[0m[33m questions[0m[33m"[0m [31m [0m
[31m [0m   [2m1175 [0m                                                                              [31m [0m
[31m [0m   [2m1176 [0m[94mif[0m [91m__name__[0m == [33m"[0m[33m__main__[0m[33m"[0m:                                                    [31m [0m
[31m [0m [31m❱ [0m1177 [2m│   [0m[1;4mmain()[0m                                                                    [31m [0m
[31m [0m   [2m1178 [0m                                                                              [31m [0m
[31m [0m                                                                                      [31m [0m
[31m [0m [2m/home/user/webapp/[0m[1mstreamlit_app.py[0m:910 in main                                       [31m [0m
[31m [0m                                                                                      [31m [0m
[31m [0m   [2m 907 [0m[2;33m│   [0m[33m"""[0m, unsafe_allow_html=[94mTrue[0m)                                              [31m [0m
[31m [0m   [2m 908 [0m[2m│   [0m                                                                          [31m [0m
[31m [0m   [2m 909 [0m[2m│   [0m[2m# Load data[0m                                                               [31m [0m
[31m [0m [31m❱ [0m 910 [2m│   [0mprocessor, analytics, df = [1;4mload_survey_data()[0m                             [31m [0m
[31m [0m   [2m 911 [0m[2m│   [0m                                                                          [31m [0m
[31m [0m   [2m 912 [0m[2m│   [0m[94mif[0m df [95mis[0m [94mNone[0m:                                                            [31m [0m
[31m [0m   [2m 913 [0m[2m│   │   [0mst.error([33m"[0m[33mCould not load survey data. Please check the data file.[0m[33m"[0m)   [31m [0m
[31m [0m                                                                                      [31m [0m
[31m [0m [2m/usr/local/lib/python3.12/site-packages/streamlit/runtime/caching/[0m[1mcache_utils.py[0m:227 [31m [0m
[31m [0m in __call__                                                                          [31m [0m
[31m [0m                                                                                      [31m [0m
[31m [0m [2m/usr/local/lib/python3.12/site-packages/streamlit/runtime/caching/[0m[1mcache_utils.py[0m:251 [31m [0m
[31m [0m in _get_or_create_cached_value                                                       [31m [0m
[31m [0m                                                                                      [31m [0m
[31m [0m [2m/usr/local/lib/python3.12/site-packages/streamlit/runtime/caching/[0m[1mcache_data_api.py[0m: [31m [0m
[31m [0m 651 in read_result                                                                   [31m [0m
[31m [0m                                                                                      [31m [0m
[31m [0m [2m/home/user/webapp/backend/app/[0m[1moptimized_analytics.py[0m:14 in <module>                  [31m [0m
[31m [0m                                                                                      [31m [0m
[31m [0m   [2m 11 [0m[94mimport[0m[90m [0m[4;96mtime[0m                                                                    [31m [0m
[31m [0m   [2m 12 [0m[94mfrom[0m[90m [0m[4;96mfunctools[0m[90m [0m[94mimport[0m lru_cache                                                [31m [0m
[31m [0m   [2m 13 [0m[94mimport[0m[90m [0m[4;96mhashlib[0m                                                                 [31m [0m
[31m [0m [31m❱ [0m 14 [1;4;94mfrom[0m[1;4;90m [0m[1;4;96m.[0m[1;4;96mcorrected_data_processor[0m[1;4;90m [0m[1;4;94mimport[0m[1;4m CorrectedSurveyDataProcessor[0m             [31m [0m
[31m [0m   [2m 15 [0m[94mfrom[0m[90m [0m[4;96msklearn[0m[4;96m.[0m[4;96mfeature_extraction[0m[4;96m.[0m[4;96mtext[0m[90m [0m[94mimport[0m TfidfVectorizer                    [31m [0m
[31m [0m   [2m 16 [0m[94mfrom[0m[90m [0m[4;96msklearn[0m[4;96m.[0m[4;96mcluster[0m[90m [0m[94mimport[0m KMeans                                             [31m [0m
[31m [0m   [2m 17 [0m[94mfrom[0m[90m [0m[4;96msklearn[0m[4;96m.[0m[4;96mmetrics[0m[90m [0m[94mimport[0m silhouette_score                                   [31m [0m
[31m────────────────────────────────────────────────────────────────────────────────────────[0m
[1;91mImportError: [0mattempted relative import with no known parent package
[31m──[0m[31m────────────────────────[0m[31m [0m[1;31mTraceback [0m[1;2;31m(most recent call last)[0m[31m [0m[31m─────────────────────────[0m[31m──[0m
[31m [0m [2m/usr/local/lib/python3.12/site-packages/streamlit/runtime/scriptrunner/[0m[1mexec_code.py[0m: [31m [0m
[31m [0m 128 in exec_func_with_error_handling                                                 [31m [0m
[31m [0m                                                                                      [31m [0m
[31m [0m [2m/usr/local/lib/python3.12/site-packages/streamlit/runtime/scriptrunner/[0m[1mscript_runner[0m [31m [0m
[31m [0m [1m.py[0m:669 in code_to_exec                                                              [31m [0m
[31m [0m                                                                                      [31m [0m
[31m [0m [2m/home/user/webapp/[0m[1mstreamlit_app.py[0m:1177 in <module>                                  [31m [0m
[31m [0m                                                                                      [31m [0m
[31m [0m   [2m1174 [0m[2m│   │   │   [0mst.sidebar.markdown([33mf[0m[33m"[0m[33m**[0m[33m{[0mcategory[33m}[0m[33m:** [0m[33m{[0m[96mlen[0m(questions)[33m}[0m[33m questions[0m[33m"[0m [31m [0m
[31m [0m   [2m1175 [0m                                                                              [31m [0m
[31m [0m   [2m1176 [0m[94mif[0m [91m__name__[0m == [33m"[0m[33m__main__[0m[33m"[0m:                                                    [31m [0m
[31m [0m [31m❱ [0m1177 [2m│   [0m[1;4mmain()[0m                                                                    [31m [0m
[31m [0m   [2m1178 [0m                                                                              [31m [0m
[31m [0m                                                                                      [31m [0m
[31m [0m [2m/home/user/webapp/[0m[1mstreamlit_app.py[0m:910 in main                                       [31m [0m
[31m [0m                                                                                      [31m [0m
[31m [0m   [2m 907 [0m[2;33m│   [0m[33m"""[0m, unsafe_allow_html=[94mTrue[0m)                                              [31m [0m
[31m [0m   [2m 908 [0m[2m│   [0m                                                                          [31m [0m
[31m [0m   [2m 909 [0m[2m│   [0m[2m# Load data[0m                                                               [31m [0m
[31m [0m [31m❱ [0m 910 [2m│   [0mprocessor, analytics, df = [1;4mload_survey_data()[0m                             [31m [0m
[31m [0m   [2m 911 [0m[2m│   [0m                                                                          [31m [0m
[31m [0m   [2m 912 [0m[2m│   [0m[94mif[0m df [95mis[0m [94mNone[0m:                                                            [31m [0m
[31m [0m   [2m 913 [0m[2m│   │   [0mst.error([33m"[0m[33mCould not load survey data. Please check the data file.[0m[33m"[0m)   [31m [0m
[31m [0m                                                                                      [31m [0m
[31m [0m [2m/usr/local/lib/python3.12/site-packages/streamlit/runtime/caching/[0m[1mcache_utils.py[0m:227 [31m [0m
[31m [0m in __call__                                                                          [31m [0m
[31m [0m                                                                                      [31m [0m
[31m [0m [2m/usr/local/lib/python3.12/site-packages/streamlit/runtime/caching/[0m[1mcache_utils.py[0m:251 [31m [0m
[31m [0m in _get_or_create_cached_value                                                       [31m [0m
[31m [0m                                                                                      [31m [0m
[31m [0m [2m/usr/local/lib/python3.12/site-packages/streamlit/runtime/caching/[0m[1mcache_data_api.py[0m: [31m [0m
[31m [0m 651 in read_result                                                                   [31m [0m
[31m [0m                                                                                      [31m [0m
[31m [0m [2m/home/user/webapp/backend/app/[0m[1moptimized_analytics.py[0m:14 in <module>                  [31m [0m
[31m [0m                                                                                      [31m [0m
[31m [0m   [2m 11 [0m[94mimport[0m[90m [0m[4;96mtime[0m                                                                    [31m [0m
[31m [0m   [2m 12 [0m[94mfrom[0m[90m [0m[4;96mfunctools[0m[90m [0m[94mimport[0m lru_cache                                                [31m [0m
[31m [0m   [2m 13 [0m[94mimport[0m[90m [0m[4;96mhashlib[0m                                                                 [31m [0m
[31m [0m [31m❱ [0m 14 [1;4;94mfrom[0m[1;4;90m [0m[1;4;96m.[0m[1;4;96mcorrected_data_processor[0m[1;4;90m [0m[1;4;94mimport[0m[1;4m CorrectedSurveyDataProcessor[0m             [31m [0m
[31m [0m   [2m 15 [0m[94mfrom[0m[90m [0m[4;96msklearn[0m[4;96m.[0m[4;96mfeature_extraction[0m[4;96m.[0m[4;96mtext[0m[90m [0m[94mimport[0m TfidfVectorizer                    [31m [0m
[31m [0m   [2m 16 [0m[94mfrom[0m[90m [0m[4;96msklearn[0m[4;96m.[0m[4;96mcluster[0m[90m [0m[94mimport[0m KMeans                                             [31m [0m
[31m [0m   [2m 17 [0m[94mfrom[0m[90m [0m[4;96msklearn[0m[4;96m.[0m[4;96mmetrics[0m[90m [0m[94mimport[0m silhouette_score                                   [31m [0m
[31m────────────────────────────────────────────────────────────────────────────────────────[0m
[1;91mImportError: [0mattempted relative import with no known parent package
[31m──[0m[31m────────────────────────[0m[31m [0m[1;31mTraceback [0m[1;2;31m(most recent call last)[0m[31m [0m[31m─────────────────────────[0m[31m──[0m
[31m [0m [2m/usr/local/lib/python3.12/site-packages/streamlit/runtime/scriptrunner/[0m[1mexec_code.py[0m: [31m [0m
[31m [0m 128 in exec_func_with_error_handling                                                 [31m [0m
[31m [0m                                                                                      [31m [0m
[31m [0m [2m/usr/local/lib/python3.12/site-packages/streamlit/runtime/scriptrunner/[0m[1mscript_runner[0m [31m [0m
[31m [0m [1m.py[0m:669 in code_to_exec                                                              [31m [0m
[31m [0m                                                                                      [31m [0m
[31m [0m [2m/home/user/webapp/[0m[1mstreamlit_app.py[0m:1177 in <module>                                  [31m [0m
[31m [0m                                                                                      [31m [0m
[31m [0m   [2m1174 [0m[2m│   │   │   [0mst.sidebar.markdown([33mf[0m[33m"[0m[33m**[0m[33m{[0mcategory[33m}[0m[33m:** [0m[33m{[0m[96mlen[0m(questions)[33m}[0m[33m questions[0m[33m"[0m [31m [0m
[31m [0m   [2m1175 [0m                                                                              [31m [0m
[31m [0m   [2m1176 [0m[94mif[0m [91m__name__[0m == [33m"[0m[33m__main__[0m[33m"[0m:                                                    [31m [0m
[31m [0m [31m❱ [0m1177 [2m│   [0m[1;4mmain()[0m                                                                    [31m [0m
[31m [0m   [2m1178 [0m                                                                              [31m [0m
[31m [0m                                                                                      [31m [0m
[31m [0m [2m/home/user/webapp/[0m[1mstreamlit_app.py[0m:910 in main                                       [31m [0m
[31m [0m                                                                                      [31m [0m
[31m [0m   [2m 907 [0m[2;33m│   [0m[33m"""[0m, unsafe_allow_html=[94mTrue[0m)                                              [31m [0m
[31m [0m   [2m 908 [0m[2m│   [0m                                                                          [31m [0m
[31m [0m   [2m 909 [0m[2m│   [0m[2m# Load data[0m                                                               [31m [0m
[31m [0m [31m❱ [0m 910 [2m│   [0mprocessor, analytics, df = [1;4mload_survey_data()[0m                             [31m [0m
[31m [0m   [2m 911 [0m[2m│   [0m                                                                          [31m [0m
[31m [0m   [2m 912 [0m[2m│   [0m[94mif[0m df [95mis[0m [94mNone[0m:                                                            [31m [0m
[31m [0m   [2m 913 [0m[2m│   │   [0mst.error([33m"[0m[33mCould not load survey data. Please check the data file.[0m[33m"[0m)   [31m [0m
[31m [0m                                                                                      [31m [0m
[31m [0m [2m/usr/local/lib/python3.12/site-packages/streamlit/runtime/caching/[0m[1mcache_utils.py[0m:227 [31m [0m
[31m [0m in __call__                                                                          [31m [0m
[31m [0m                                                                                      [31m [0m
[31m [0m [2m/usr/local/lib/python3.12/site-packages/streamlit/runtime/caching/[0m[1mcache_utils.py[0m:251 [31m [0m
[31m [0m in _get_or_create_cached_value                                                       [31m [0m
[31m [0m                                                                                      [31m [0m
[31m [0m [2m/usr/local/lib/python3.12/site-packages/streamlit/runtime/caching/[0m[1mcache_data_api.py[0m: [31m [0m
[31m [0m 651 in read_result                                                                   [31m [0m
[31m [0m                                                                                      [31m [0m
[31m [0m [2m/home/user/webapp/backend/app/[0m[1moptimized_analytics.py[0m:14 in <module>                  [31m [0m
[31m [0m                                                                                      [31m [0m
[31m [0m   [2m 11 [0m[94mimport[0m[90m [0m[4;96mtime[0m                                                                    [31m [0m
[31m [0m   [2m 12 [0m[94mfrom[0m[90m [0m[4;96mfunctools[0m[90m [0m[94mimport[0m lru_cache                                                [31m [0m
[31m [0m   [2m 13 [0m[94mimport[0m[90m [0m[4;96mhashlib[0m                                                                 [31m [0m
[31m [0m [31m❱ [0m 14 [1;4;94mfrom[0m[1;4;90m [0m[1;4;96m.[0m[1;4;96mcorrected_data_processor[0m[1;4;90m [0m[1;4;94mimport[0m[1;4m CorrectedSurveyDataProcessor[0m             [31m [0m
[31m [0m   [2m 15 [0m[94mfrom[0m[90m [0m[4;96msklearn[0m[4;96m.[0m[4;96mfeature_extraction[0m[4;96m.[0m[4;96mtext[0m[90m [0m[94mimport[0m TfidfVectorizer                    [31m [0m
[31m [0m   [2m 16 [0m[94mfrom[0m[90m [0m[4;96msklearn[0m[4;96m.[0m[4;96mcluster[0m[90m [0m[94mimport[0m KMeans                                             [31m [0m
[31m [0m   [2m 17 [0m[94mfrom[0m[90m [0m[4;96msklearn[0m[4;96m.[0m[4;96mmetrics[0m[90m [0m[94mimport[0m silhouette_score                                   [31m [0m
[31m────────────────────────────────────────────────────────────────────────────────────────[0m
[1;91mImportError: [0mattempted relative import with no known parent package
✅ Imported FixedMultiResponseProcessor (lazy loading version)
✅ Imported FixedMultiResponseProcessor (lazy loading version)
✅ Imported FixedMultiResponseProcessor (lazy loading version)
Warning: Could not import OptimizedOSNAnalytics or Config: attempted relative import with no known parent package
Will proceed without advanced analytics
Warning: Could not import OptimizedOSNAnalytics or Config: attempted relative import with no known parent package
Will proceed without advanced analytics
Warning: Could not import OptimizedOSNAnalytics or Config: attempted relative import with no known parent package
Will proceed without advanced analytics
✅ Imported FixedMultiResponseProcessor (lazy loading version)
Warning: Could not import OptimizedOSNAnalytics or Config: attempted relative import with no known parent package
Will proceed without advanced analytics
✅ Imported FixedMultiResponseProcessor (lazy loading version)
✅ Imported FixedMultiResponseProcessor (lazy loading version)
Warning: Could not import OptimizedOSNAnalytics or Config: attempted relative import with no known parent package
Will proceed without advanced analytics
Warning: Could not import OptimizedOSNAnalytics or Config: attempted relative import with no known parent package
Will proceed without advanced analytics
✅ Imported FixedMultiResponseProcessor (lazy loading version)
Warning: Could not import OptimizedOSNAnalytics or Config: attempted relative import with no known parent package
Will proceed without advanced analytics
[31m──[0m[31m────────────────────────[0m[31m [0m[1;31mTraceback [0m[1;2;31m(most recent call last)[0m[31m [0m[31m─────────────────────────[0m[31m──[0m
[31m [0m [2m/usr/local/lib/python3.12/site-packages/streamlit/runtime/scriptrunner/[0m[1mexec_code.py[0m: [31m [0m
[31m [0m 128 in exec_func_with_error_handling                                                 [31m [0m
[31m [0m                                                                                      [31m [0m
[31m [0m [2m/usr/local/lib/python3.12/site-packages/streamlit/runtime/scriptrunner/[0m[1mscript_runner[0m [31m [0m
[31m [0m [1m.py[0m:669 in code_to_exec                                                              [31m [0m
[31m [0m                                                                                      [31m [0m
[31m [0m [2m/home/user/webapp/[0m[1mstreamlit_app.py[0m:1270 in <module>                                  [31m [0m
[31m [0m                                                                                      [31m [0m
[31m [0m   [2m1267 [0m[2m│   │   │   [0mst.sidebar.markdown([33mf[0m[33m"[0m[33m**[0m[33m{[0mcategory[33m}[0m[33m:** [0m[33m{[0m[96mlen[0m(questions)[33m}[0m[33m questions[0m[33m"[0m [31m [0m
[31m [0m   [2m1268 [0m                                                                              [31m [0m
[31m [0m   [2m1269 [0m[94mif[0m [91m__name__[0m == [33m"[0m[33m__main__[0m[33m"[0m:                                                    [31m [0m
[31m [0m [31m❱ [0m1270 [2m│   [0m[1;4mmain()[0m                                                                    [31m [0m
[31m [0m   [2m1271 [0m                                                                              [31m [0m
[31m [0m                                                                                      [31m [0m
[31m [0m [2m/home/user/webapp/[0m[1mstreamlit_app.py[0m:1003 in main                                      [31m [0m
[31m [0m                                                                                      [31m [0m
[31m [0m   [2m1000 [0m[2;33m│   [0m[33m"""[0m, unsafe_allow_html=[94mTrue[0m)                                              [31m [0m
[31m [0m   [2m1001 [0m[2m│   [0m                                                                          [31m [0m
[31m [0m   [2m1002 [0m[2m│   [0m[2m# Load data[0m                                                               [31m [0m
[31m [0m [31m❱ [0m1003 [2m│   [0mprocessor, analytics, df = [1;4mload_survey_data()[0m                             [31m [0m
[31m [0m   [2m1004 [0m[2m│   [0m                                                                          [31m [0m
[31m [0m   [2m1005 [0m[2m│   [0m[94mif[0m df [95mis[0m [94mNone[0m:                                                            [31m [0m
[31m [0m   [2m1006 [0m[2m│   │   [0mst.error([33m"[0m[33mCould not load survey data. Please check the data file.[0m[33m"[0m)   [31m [0m
[31m [0m                                                                                      [31m [0m
[31m [0m [2m/usr/local/lib/python3.12/site-packages/streamlit/runtime/caching/[0m[1mcache_utils.py[0m:227 [31m [0m
[31m [0m in __call__                                                                          [31m [0m
[31m [0m                                                                                      [31m [0m
[31m [0m [2m/usr/local/lib/python3.12/site-packages/streamlit/runtime/caching/[0m[1mcache_utils.py[0m:251 [31m [0m
[31m [0m in _get_or_create_cached_value                                                       [31m [0m
[31m [0m                                                                                      [31m [0m
[31m [0m [2m/usr/local/lib/python3.12/site-packages/streamlit/runtime/caching/[0m[1mcache_data_api.py[0m: [31m [0m
[31m [0m 651 in read_result                                                                   [31m [0m
[31m────────────────────────────────────────────────────────────────────────────────────────[0m
[1;91mKeyError: [0m[32m'optimized_analytics'[0m
✅ Imported FixedMultiResponseProcessor (lazy loading version)
Warning: Could not import OptimizedOSNAnalytics or Config: attempted relative import with no known parent package
Will proceed without advanced analytics
[31m──[0m[31m────────────────────────[0m[31m [0m[1;31mTraceback [0m[1;2;31m(most recent call last)[0m[31m [0m[31m─────────────────────────[0m[31m──[0m
[31m [0m [2m/usr/local/lib/python3.12/site-packages/streamlit/runtime/scriptrunner/[0m[1mexec_code.py[0m: [31m [0m
[31m [0m 128 in exec_func_with_error_handling                                                 [31m [0m
[31m [0m                                                                                      [31m [0m
[31m [0m [2m/usr/local/lib/python3.12/site-packages/streamlit/runtime/scriptrunner/[0m[1mscript_runner[0m [31m [0m
[31m [0m [1m.py[0m:669 in code_to_exec                                                              [31m [0m
[31m [0m                                                                                      [31m [0m
[31m [0m [2m/home/user/webapp/[0m[1mstreamlit_app.py[0m:1270 in <module>                                  [31m [0m
[31m [0m                                                                                      [31m [0m
[31m [0m   [2m1267 [0m[2m│   │   │   [0mst.sidebar.markdown([33mf[0m[33m"[0m[33m**[0m[33m{[0mcategory[33m}[0m[33m:** [0m[33m{[0m[96mlen[0m(questions)[33m}[0m[33m questions[0m[33m"[0m [31m [0m
[31m [0m   [2m1268 [0m                                                                              [31m [0m
[31m [0m   [2m1269 [0m[94mif[0m [91m__name__[0m == [33m"[0m[33m__main__[0m[33m"[0m:                                                    [31m [0m
[31m [0m [31m❱ [0m1270 [2m│   [0m[1;4mmain()[0m                                                                    [31m [0m
[31m [0m   [2m1271 [0m                                                                              [31m [0m
[31m [0m                                                                                      [31m [0m
[31m [0m [2m/home/user/webapp/[0m[1mstreamlit_app.py[0m:1003 in main                                      [31m [0m
[31m [0m                                                                                      [31m [0m
[31m [0m   [2m1000 [0m[2;33m│   [0m[33m"""[0m, unsafe_allow_html=[94mTrue[0m)                                              [31m [0m
[31m [0m   [2m1001 [0m[2m│   [0m                                                                          [31m [0m
[31m [0m   [2m1002 [0m[2m│   [0m[2m# Load data[0m                                                               [31m [0m
[31m [0m [31m❱ [0m1003 [2m│   [0mprocessor, analytics, df = [1;4mload_survey_data()[0m                             [31m [0m
[31m [0m   [2m1004 [0m[2m│   [0m                                                                          [31m [0m
[31m [0m   [2m1005 [0m[2m│   [0m[94mif[0m df [95mis[0m [94mNone[0m:                                                            [31m [0m
[31m [0m   [2m1006 [0m[2m│   │   [0mst.error([33m"[0m[33mCould not load survey data. Please check the data file.[0m[33m"[0m)   [31m [0m
[31m [0m                                                                                      [31m [0m
[31m [0m [2m/usr/local/lib/python3.12/site-packages/streamlit/runtime/caching/[0m[1mcache_utils.py[0m:227 [31m [0m
[31m [0m in __call__                                                                          [31m [0m
[31m [0m                                                                                      [31m [0m
[31m [0m [2m/usr/local/lib/python3.12/site-packages/streamlit/runtime/caching/[0m[1mcache_utils.py[0m:251 [31m [0m
[31m [0m in _get_or_create_cached_value                                                       [31m [0m
[31m [0m                                                                                      [31m [0m
[31m [0m [2m/usr/local/lib/python3.12/site-packages/streamlit/runtime/caching/[0m[1mcache_data_api.py[0m: [31m [0m
[31m [0m 651 in read_result                                                                   [31m [0m
[31m [0m                                                                                      [31m [0m
[31m [0m [2m/home/user/webapp/backend/app/[0m[1moptimized_analytics.py[0m:14 in <module>                  [31m [0m
[31m [0m                                                                                      [31m [0m
[31m [0m   [2m 11 [0m[94mimport[0m[90m [0m[4;96mtime[0m                                                                    [31m [0m
[31m [0m   [2m 12 [0m[94mfrom[0m[90m [0m[4;96mfunctools[0m[90m [0m[94mimport[0m lru_cache                                                [31m [0m
[31m [0m   [2m 13 [0m[94mimport[0m[90m [0m[4;96mhashlib[0m                                                                 [31m [0m
[31m [0m [31m❱ [0m 14 [1;4;94mfrom[0m[1;4;90m [0m[1;4;96m.[0m[1;4;96mcorrected_data_processor[0m[1;4;90m [0m[1;4;94mimport[0m[1;4m CorrectedSurveyDataProcessor[0m             [31m [0m
[31m [0m   [2m 15 [0m[94mfrom[0m[90m [0m[4;96msklearn[0m[4;96m.[0m[4;96mfeature_extraction[0m[4;96m.[0m[4;96mtext[0m[90m [0m[94mimport[0m TfidfVectorizer                    [31m [0m
[31m [0m   [2m 16 [0m[94mfrom[0m[90m [0m[4;96msklearn[0m[4;96m.[0m[4;96mcluster[0m[90m [0m[94mimport[0m KMeans                                             [31m [0m
[31m [0m   [2m 17 [0m[94mfrom[0m[90m [0m[4;96msklearn[0m[4;96m.[0m[4;96mmetrics[0m[90m [0m[94mimport[0m silhouette_score                                   [31m [0m
[31m────────────────────────────────────────────────────────────────────────────────────────[0m
[1;91mImportError: [0mattempted relative import with no known parent package
[31m──[0m[31m────────────────────────[0m[31m [0m[1;31mTraceback [0m[1;2;31m(most recent call last)[0m[31m [0m[31m─────────────────────────[0m[31m──[0m
[31m [0m [2m/usr/local/lib/python3.12/site-packages/streamlit/runtime/scriptrunner/[0m[1mexec_code.py[0m: [31m [0m
[31m [0m 128 in exec_func_with_error_handling                                                 [31m [0m
[31m [0m                                                                                      [31m [0m
[31m [0m [2m/usr/local/lib/python3.12/site-packages/streamlit/runtime/scriptrunner/[0m[1mscript_runner[0m [31m [0m
[31m [0m [1m.py[0m:669 in code_to_exec                                                              [31m [0m
[31m [0m                                                                                      [31m [0m
[31m [0m [2m/home/user/webapp/[0m[1mstreamlit_app.py[0m:1270 in <module>                                  [31m [0m
[31m [0m                                                                                      [31m [0m
[31m [0m   [2m1267 [0m[2m│   │   │   [0mst.sidebar.markdown([33mf[0m[33m"[0m[33m**[0m[33m{[0mcategory[33m}[0m[33m:** [0m[33m{[0m[96mlen[0m(questions)[33m}[0m[33m questions[0m[33m"[0m [31m [0m
[31m [0m   [2m1268 [0m                                                                              [31m [0m
[31m [0m   [2m1269 [0m[94mif[0m [91m__name__[0m == [33m"[0m[33m__main__[0m[33m"[0m:                                                    [31m [0m
[31m [0m [31m❱ [0m1270 [2m│   [0m[1;4mmain()[0m                                                                    [31m [0m
[31m [0m   [2m1271 [0m                                                                              [31m [0m
[31m [0m                                                                                      [31m [0m
[31m [0m [2m/home/user/webapp/[0m[1mstreamlit_app.py[0m:1003 in main                                      [31m [0m
[31m [0m                                                                                      [31m [0m
[31m [0m   [2m1000 [0m[2;33m│   [0m[33m"""[0m, unsafe_allow_html=[94mTrue[0m)                                              [31m [0m
[31m [0m   [2m1001 [0m[2m│   [0m                                                                          [31m [0m
[31m [0m   [2m1002 [0m[2m│   [0m[2m# Load data[0m                                                               [31m [0m
[31m [0m [31m❱ [0m1003 [2m│   [0mprocessor, analytics, df = [1;4mload_survey_data()[0m                             [31m [0m
[31m [0m   [2m1004 [0m[2m│   [0m                                                                          [31m [0m
[31m [0m   [2m1005 [0m[2m│   [0m[94mif[0m df [95mis[0m [94mNone[0m:                                                            [31m [0m
[31m [0m   [2m1006 [0m[2m│   │   [0mst.error([33m"[0m[33mCould not load survey data. Please check the data file.[0m[33m"[0m)   [31m [0m
[31m [0m                                                                                      [31m [0m
[31m [0m [2m/usr/local/lib/python3.12/site-packages/streamlit/runtime/caching/[0m[1mcache_utils.py[0m:227 [31m [0m
[31m [0m in __call__                                                                          [31m [0m
[31m [0m                                                                                      [31m [0m
[31m [0m [2m/usr/local/lib/python3.12/site-packages/streamlit/runtime/caching/[0m[1mcache_utils.py[0m:251 [31m [0m
[31m [0m in _get_or_create_cached_value                                                       [31m [0m
[31m [0m                                                                                      [31m [0m
[31m [0m [2m/usr/local/lib/python3.12/site-packages/streamlit/runtime/caching/[0m[1mcache_data_api.py[0m: [31m [0m
[31m [0m 651 in read_result                                                                   [31m [0m
[31m────────────────────────────────────────────────────────────────────────────────────────[0m
[1;91mKeyError: [0m[32m'optimized_analytics'[0m
[31m──[0m[31m────────────────────────[0m[31m [0m[1;31mTraceback [0m[1;2;31m(most recent call last)[0m[31m [0m[31m─────────────────────────[0m[31m──[0m
[31m [0m [2m/usr/local/lib/python3.12/site-packages/streamlit/runtime/scriptrunner/[0m[1mexec_code.py[0m: [31m [0m
[31m [0m 128 in exec_func_with_error_handling                                                 [31m [0m
[31m [0m                                                                                      [31m [0m
[31m [0m [2m/usr/local/lib/python3.12/site-packages/streamlit/runtime/scriptrunner/[0m[1mscript_runner[0m [31m [0m
[31m [0m [1m.py[0m:669 in code_to_exec                                                              [31m [0m
[31m [0m                                                                                      [31m [0m
[31m [0m [2m/home/user/webapp/[0m[1mstreamlit_app.py[0m:1270 in <module>                                  [31m [0m
[31m [0m                                                                                      [31m [0m
[31m [0m   [2m1267 [0m[2m│   │   │   [0mst.sidebar.markdown([33mf[0m[33m"[0m[33m**[0m[33m{[0mcategory[33m}[0m[33m:** [0m[33m{[0m[96mlen[0m(questions)[33m}[0m[33m questions[0m[33m"[0m [31m [0m
[31m [0m   [2m1268 [0m                                                                              [31m [0m
[31m [0m   [2m1269 [0m[94mif[0m [91m__name__[0m == [33m"[0m[33m__main__[0m[33m"[0m:                                                    [31m [0m
[31m [0m [31m❱ [0m1270 [2m│   [0m[1;4mmain()[0m                                                                    [31m [0m
[31m [0m   [2m1271 [0m                                                                              [31m [0m
[31m [0m                                                                                      [31m [0m
[31m [0m [2m/home/user/webapp/[0m[1mstreamlit_app.py[0m:1003 in main                                      [31m [0m
[31m [0m                                                                                      [31m [0m
[31m [0m   [2m1000 [0m[2;33m│   [0m[33m"""[0m, unsafe_allow_html=[94mTrue[0m)                                              [31m [0m
[31m [0m   [2m1001 [0m[2m│   [0m                                                                          [31m [0m
[31m [0m   [2m1002 [0m[2m│   [0m[2m# Load data[0m                                                               [31m [0m
[31m [0m [31m❱ [0m1003 [2m│   [0mprocessor, analytics, df = [1;4mload_survey_data()[0m                             [31m [0m
[31m [0m   [2m1004 [0m[2m│   [0m                                                                          [31m [0m
[31m [0m   [2m1005 [0m[2m│   [0m[94mif[0m df [95mis[0m [94mNone[0m:                                                            [31m [0m
[31m [0m   [2m1006 [0m[2m│   │   [0mst.error([33m"[0m[33mCould not load survey data. Please check the data file.[0m[33m"[0m)   [31m [0m
[31m [0m                                                                                      [31m [0m
[31m [0m [2m/usr/local/lib/python3.12/site-packages/streamlit/runtime/caching/[0m[1mcache_utils.py[0m:227 [31m [0m
[31m [0m in __call__                                                                          [31m [0m
[31m [0m                                                                                      [31m [0m
[31m [0m [2m/usr/local/lib/python3.12/site-packages/streamlit/runtime/caching/[0m[1mcache_utils.py[0m:251 [31m [0m
[31m [0m in _get_or_create_cached_value                                                       [31m [0m
[31m [0m                                                                                      [31m [0m
[31m [0m [2m/usr/local/lib/python3.12/site-packages/streamlit/runtime/caching/[0m[1mcache_data_api.py[0m: [31m [0m
[31m [0m 651 in read_result                                                                   [31m [0m
[31m [0m                                                                                      [31m [0m
[31m [0m [2m/home/user/webapp/backend/app/[0m[1moptimized_analytics.py[0m:14 in <module>                  [31m [0m
[31m [0m                                                                                      [31m [0m
[31m [0m   [2m 11 [0m[94mimport[0m[90m [0m[4;96mtime[0m                                                                    [31m [0m
[31m [0m   [2m 12 [0m[94mfrom[0m[90m [0m[4;96mfunctools[0m[90m [0m[94mimport[0m lru_cache                                                [31m [0m
[31m [0m   [2m 13 [0m[94mimport[0m[90m [0m[4;96mhashlib[0m                                                                 [31m [0m
[31m [0m [31m❱ [0m 14 [1;4;94mfrom[0m[1;4;90m [0m[1;4;96m.[0m[1;4;96mcorrected_data_processor[0m[1;4;90m [0m[1;4;94mimport[0m[1;4m CorrectedSurveyDataProcessor[0m             [31m [0m
[31m [0m   [2m 15 [0m[94mfrom[0m[90m [0m[4;96msklearn[0m[4;96m.[0m[4;96mfeature_extraction[0m[4;96m.[0m[4;96mtext[0m[90m [0m[94mimport[0m TfidfVectorizer                    [31m [0m
[31m [0m   [2m 16 [0m[94mfrom[0m[90m [0m[4;96msklearn[0m[4;96m.[0m[4;96mcluster[0m[90m [0m[94mimport[0m KMeans                                             [31m [0m
[31m [0m   [2m 17 [0m[94mfrom[0m[90m [0m[4;96msklearn[0m[4;96m.[0m[4;96mmetrics[0m[90m [0m[94mimport[0m silhouette_score                                   [31m [0m
[31m────────────────────────────────────────────────────────────────────────────────────────[0m
[1;91mImportError: [0mattempted relative import with no known parent package
[31m──[0m[31m────────────────────────[0m[31m [0m[1;31mTraceback [0m[1;2;31m(most recent call last)[0m[31m [0m[31m─────────────────────────[0m[31m──[0m
[31m [0m [2m/usr/local/lib/python3.12/site-packages/streamlit/runtime/scriptrunner/[0m[1mexec_code.py[0m: [31m [0m
[31m [0m 128 in exec_func_with_error_handling                                                 [31m [0m
[31m [0m                                                                                      [31m [0m
[31m [0m [2m/usr/local/lib/python3.12/site-packages/streamlit/runtime/scriptrunner/[0m[1mscript_runner[0m [31m [0m
[31m [0m [1m.py[0m:669 in code_to_exec                                                              [31m [0m
[31m [0m                                                                                      [31m [0m
[31m [0m [2m/home/user/webapp/[0m[1mstreamlit_app.py[0m:1270 in <module>                                  [31m [0m
[31m [0m                                                                                      [31m [0m
[31m [0m   [2m1267 [0m[2m│   │   │   [0mst.sidebar.markdown([33mf[0m[33m"[0m[33m**[0m[33m{[0mcategory[33m}[0m[33m:** [0m[33m{[0m[96mlen[0m(questions)[33m}[0m[33m questions[0m[33m"[0m [31m [0m
[31m [0m   [2m1268 [0m                                                                              [31m [0m
[31m [0m   [2m1269 [0m[94mif[0m [91m__name__[0m == [33m"[0m[33m__main__[0m[33m"[0m:                                                    [31m [0m
[31m [0m [31m❱ [0m1270 [2m│   [0m[1;4mmain()[0m                                                                    [31m [0m
[31m [0m   [2m1271 [0m                                                                              [31m [0m
[31m [0m                                                                                      [31m [0m
[31m [0m [2m/home/user/webapp/[0m[1mstreamlit_app.py[0m:1003 in main                                      [31m [0m
[31m [0m                                                                                      [31m [0m
[31m [0m   [2m1000 [0m[2;33m│   [0m[33m"""[0m, unsafe_allow_html=[94mTrue[0m)                                              [31m [0m
[31m [0m   [2m1001 [0m[2m│   [0m                                                                          [31m [0m
[31m [0m   [2m1002 [0m[2m│   [0m[2m# Load data[0m                                                               [31m [0m
[31m [0m [31m❱ [0m1003 [2m│   [0mprocessor, analytics, df = [1;4mload_survey_data()[0m                             [31m [0m
[31m [0m   [2m1004 [0m[2m│   [0m                                                                          [31m [0m
[31m [0m   [2m1005 [0m[2m│   [0m[94mif[0m df [95mis[0m [94mNone[0m:                                                            [31m [0m
[31m [0m   [2m1006 [0m[2m│   │   [0mst.error([33m"[0m[33mCould not load survey data. Please check the data file.[0m[33m"[0m)   [31m [0m
[31m [0m                                                                                      [31m [0m
[31m [0m [2m/usr/local/lib/python3.12/site-packages/streamlit/runtime/caching/[0m[1mcache_utils.py[0m:227 [31m [0m
[31m [0m in __call__                                                                          [31m [0m
[31m [0m                                                                                      [31m [0m
[31m [0m [2m/usr/local/lib/python3.12/site-packages/streamlit/runtime/caching/[0m[1mcache_utils.py[0m:251 [31m [0m
[31m [0m in _get_or_create_cached_value                                                       [31m [0m
[31m [0m                                                                                      [31m [0m
[31m [0m [2m/usr/local/lib/python3.12/site-packages/streamlit/runtime/caching/[0m[1mcache_data_api.py[0m: [31m [0m
[31m [0m 651 in read_result                                                                   [31m [0m
[31m [0m                                                                                      [31m [0m
[31m [0m [2m/home/user/webapp/backend/app/[0m[1moptimized_analytics.py[0m:14 in <module>                  [31m [0m
[31m [0m                                                                                      [31m [0m
[31m [0m   [2m 11 [0m[94mimport[0m[90m [0m[4;96mtime[0m                                                                    [31m [0m
[31m [0m   [2m 12 [0m[94mfrom[0m[90m [0m[4;96mfunctools[0m[90m [0m[94mimport[0m lru_cache                                                [31m [0m
[31m [0m   [2m 13 [0m[94mimport[0m[90m [0m[4;96mhashlib[0m                                                                 [31m [0m
[31m [0m [31m❱ [0m 14 [1;4;94mfrom[0m[1;4;90m [0m[1;4;96m.[0m[1;4;96mcorrected_data_processor[0m[1;4;90m [0m[1;4;94mimport[0m[1;4m CorrectedSurveyDataProcessor[0m             [31m [0m
[31m [0m   [2m 15 [0m[94mfrom[0m[90m [0m[4;96msklearn[0m[4;96m.[0m[4;96mfeature_extraction[0m[4;96m.[0m[4;96mtext[0m[90m [0m[94mimport[0m TfidfVectorizer                    [31m [0m
[31m [0m   [2m 16 [0m[94mfrom[0m[90m [0m[4;96msklearn[0m[4;96m.[0m[4;96mcluster[0m[90m [0m[94mimport[0m KMeans                                             [31m [0m
[31m [0m   [2m 17 [0m[94mfrom[0m[90m [0m[4;96msklearn[0m[4;96m.[0m[4;96mmetrics[0m[90m [0m[94mimport[0m silhouette_score                                   [31m [0m
[31m────────────────────────────────────────────────────────────────────────────────────────[0m
[1;91mImportError: [0mattempted relative import with no known parent package
[31m──[0m[31m────────────────────────[0m[31m [0m[1;31mTraceback [0m[1;2;31m(most recent call last)[0m[31m [0m[31m─────────────────────────[0m[31m──[0m
[31m [0m [2m/usr/local/lib/python3.12/site-packages/streamlit/runtime/scriptrunner/[0m[1mexec_code.py[0m: [31m [0m
[31m [0m 128 in exec_func_with_error_handling                                                 [31m [0m
[31m [0m                                                                                      [31m [0m
[31m [0m [2m/usr/local/lib/python3.12/site-packages/streamlit/runtime/scriptrunner/[0m[1mscript_runner[0m [31m [0m
[31m [0m [1m.py[0m:669 in code_to_exec                                                              [31m [0m
[31m [0m                                                                                      [31m [0m
[31m [0m [2m/home/user/webapp/[0m[1mstreamlit_app.py[0m:1270 in <module>                                  [31m [0m
[31m [0m                                                                                      [31m [0m
[31m [0m   [2m1267 [0m[2m│   │   │   [0mst.sidebar.markdown([33mf[0m[33m"[0m[33m**[0m[33m{[0mcategory[33m}[0m[33m:** [0m[33m{[0m[96mlen[0m(questions)[33m}[0m[33m questions[0m[33m"[0m [31m [0m
[31m [0m   [2m1268 [0m                                                                              [31m [0m
[31m [0m   [2m1269 [0m[94mif[0m [91m__name__[0m == [33m"[0m[33m__main__[0m[33m"[0m:                                                    [31m [0m
[31m [0m [31m❱ [0m1270 [2m│   [0m[1;4mmain()[0m                                                                    [31m [0m
[31m [0m   [2m1271 [0m                                                                              [31m [0m
[31m [0m                                                                                      [31m [0m
[31m [0m [2m/home/user/webapp/[0m[1mstreamlit_app.py[0m:1003 in main                                      [31m [0m
[31m [0m                                                                                      [31m [0m
[31m [0m   [2m1000 [0m[2;33m│   [0m[33m"""[0m, unsafe_allow_html=[94mTrue[0m)                                              [31m [0m
[31m [0m   [2m1001 [0m[2m│   [0m                                                                          [31m [0m
[31m [0m   [2m1002 [0m[2m│   [0m[2m# Load data[0m                                                               [31m [0m
[31m [0m [31m❱ [0m1003 [2m│   [0mprocessor, analytics, df = [1;4mload_survey_data()[0m                             [31m [0m
[31m [0m   [2m1004 [0m[2m│   [0m                                                                          [31m [0m
[31m [0m   [2m1005 [0m[2m│   [0m[94mif[0m df [95mis[0m [94mNone[0m:                                                            [31m [0m
[31m [0m   [2m1006 [0m[2m│   │   [0mst.error([33m"[0m[33mCould not load survey data. Please check the data file.[0m[33m"[0m)   [31m [0m
[31m [0m                                                                                      [31m [0m
[31m [0m [2m/usr/local/lib/python3.12/site-packages/streamlit/runtime/caching/[0m[1mcache_utils.py[0m:227 [31m [0m
[31m [0m in __call__                                                                          [31m [0m
[31m [0m                                                                                      [31m [0m
[31m [0m [2m/usr/local/lib/python3.12/site-packages/streamlit/runtime/caching/[0m[1mcache_utils.py[0m:251 [31m [0m
[31m [0m in _get_or_create_cached_value                                                       [31m [0m
[31m [0m                                                                                      [31m [0m
[31m [0m [2m/usr/local/lib/python3.12/site-packages/streamlit/runtime/caching/[0m[1mcache_data_api.py[0m: [31m [0m
[31m [0m 651 in read_result                                                                   [31m [0m
[31m [0m                                                                                      [31m [0m
[31m [0m [2m/home/user/webapp/backend/app/[0m[1moptimized_analytics.py[0m:14 in <module>                  [31m [0m
[31m [0m                                                                                      [31m [0m
[31m [0m   [2m 11 [0m[94mimport[0m[90m [0m[4;96mtime[0m                                                                    [31m [0m
[31m [0m   [2m 12 [0m[94mfrom[0m[90m [0m[4;96mfunctools[0m[90m [0m[94mimport[0m lru_cache                                                [31m [0m
[31m [0m   [2m 13 [0m[94mimport[0m[90m [0m[4;96mhashlib[0m                                                                 [31m [0m
[31m [0m [31m❱ [0m 14 [1;4;94mfrom[0m[1;4;90m [0m[1;4;96m.[0m[1;4;96mcorrected_data_processor[0m[1;4;90m [0m[1;4;94mimport[0m[1;4m CorrectedSurveyDataProcessor[0m             [31m [0m
[31m [0m   [2m 15 [0m[94mfrom[0m[90m [0m[4;96msklearn[0m[4;96m.[0m[4;96mfeature_extraction[0m[4;96m.[0m[4;96mtext[0m[90m [0m[94mimport[0m TfidfVectorizer                    [31m [0m
[31m [0m   [2m 16 [0m[94mfrom[0m[90m [0m[4;96msklearn[0m[4;96m.[0m[4;96mcluster[0m[90m [0m[94mimport[0m KMeans                                             [31m [0m
[31m [0m   [2m 17 [0m[94mfrom[0m[90m [0m[4;96msklearn[0m[4;96m.[0m[4;96mmetrics[0m[90m [0m[94mimport[0m silhouette_score                                   [31m [0m
[31m────────────────────────────────────────────────────────────────────────────────────────[0m
[1;91mImportError: [0mattempted relative import with no known parent package
[31m──[0m[31m────────────────────────[0m[31m [0m[1;31mTraceback [0m[1;2;31m(most recent call last)[0m[31m [0m[31m─────────────────────────[0m[31m──[0m
[31m [0m [2m/usr/local/lib/python3.12/site-packages/streamlit/runtime/scriptrunner/[0m[1mexec_code.py[0m: [31m [0m
[31m [0m 128 in exec_func_with_error_handling                                                 [31m [0m
[31m [0m                                                                                      [31m [0m
[31m [0m [2m/usr/local/lib/python3.12/site-packages/streamlit/runtime/scriptrunner/[0m[1mscript_runner[0m [31m [0m
[31m [0m [1m.py[0m:669 in code_to_exec                                                              [31m [0m
[31m [0m                                                                                      [31m [0m
[31m [0m [2m/home/user/webapp/[0m[1mstreamlit_app.py[0m:1270 in <module>                                  [31m [0m
[31m [0m                                                                                      [31m [0m
[31m [0m   [2m1267 [0m[2m│   │   │   [0mst.sidebar.markdown([33mf[0m[33m"[0m[33m**[0m[33m{[0mcategory[33m}[0m[33m:** [0m[33m{[0m[96mlen[0m(questions)[33m}[0m[33m questions[0m[33m"[0m [31m [0m
[31m [0m   [2m1268 [0m                                                                              [31m [0m
[31m [0m   [2m1269 [0m[94mif[0m [91m__name__[0m == [33m"[0m[33m__main__[0m[33m"[0m:                                                    [31m [0m
[31m [0m [31m❱ [0m1270 [2m│   [0m[1;4mmain()[0m                                                                    [31m [0m
[31m [0m   [2m1271 [0m                                                                              [31m [0m
[31m [0m                                                                                      [31m [0m
[31m [0m [2m/home/user/webapp/[0m[1mstreamlit_app.py[0m:1003 in main                                      [31m [0m
[31m [0m                                                                                      [31m [0m
[31m [0m   [2m1000 [0m[2;33m│   [0m[33m"""[0m, unsafe_allow_html=[94mTrue[0m)                                              [31m [0m
[31m [0m   [2m1001 [0m[2m│   [0m                                                                          [31m [0m
[31m [0m   [2m1002 [0m[2m│   [0m[2m# Load data[0m                                                               [31m [0m
[31m [0m [31m❱ [0m1003 [2m│   [0mprocessor, analytics, df = [1;4mload_survey_data()[0m                             [31m [0m
[31m [0m   [2m1004 [0m[2m│   [0m                                                                          [31m [0m
[31m [0m   [2m1005 [0m[2m│   [0m[94mif[0m df [95mis[0m [94mNone[0m:                                                            [31m [0m
[31m [0m   [2m1006 [0m[2m│   │   [0mst.error([33m"[0m[33mCould not load survey data. Please check the data file.[0m[33m"[0m)   [31m [0m
[31m [0m                                                                                      [31m [0m
[31m [0m [2m/usr/local/lib/python3.12/site-packages/streamlit/runtime/caching/[0m[1mcache_utils.py[0m:227 [31m [0m
[31m [0m in __call__                                                                          [31m [0m
[31m [0m                                                                                      [31m [0m
[31m [0m [2m/usr/local/lib/python3.12/site-packages/streamlit/runtime/caching/[0m[1mcache_utils.py[0m:251 [31m [0m
[31m [0m in _get_or_create_cached_value                                                       [31m [0m
[31m [0m                                                                                      [31m [0m
[31m [0m [2m/usr/local/lib/python3.12/site-packages/streamlit/runtime/caching/[0m[1mcache_data_api.py[0m: [31m [0m
[31m [0m 651 in read_result                                                                   [31m [0m
[31m [0m                                                                                      [31m [0m
[31m [0m [2m/home/user/webapp/backend/app/[0m[1moptimized_analytics.py[0m:14 in <module>                  [31m [0m
[31m [0m                                                                                      [31m [0m
[31m [0m   [2m 11 [0m[94mimport[0m[90m [0m[4;96mtime[0m                                                                    [31m [0m
[31m [0m   [2m 12 [0m[94mfrom[0m[90m [0m[4;96mfunctools[0m[90m [0m[94mimport[0m lru_cache                                                [31m [0m
[31m [0m   [2m 13 [0m[94mimport[0m[90m [0m[4;96mhashlib[0m                                                                 [31m [0m
[31m [0m [31m❱ [0m 14 [1;4;94mfrom[0m[1;4;90m [0m[1;4;96m.[0m[1;4;96mcorrected_data_processor[0m[1;4;90m [0m[1;4;94mimport[0m[1;4m CorrectedSurveyDataProcessor[0m             [31m [0m
[31m [0m   [2m 15 [0m[94mfrom[0m[90m [0m[4;96msklearn[0m[4;96m.[0m[4;96mfeature_extraction[0m[4;96m.[0m[4;96mtext[0m[90m [0m[94mimport[0m TfidfVectorizer                    [31m [0m
[31m [0m   [2m 16 [0m[94mfrom[0m[90m [0m[4;96msklearn[0m[4;96m.[0m[4;96mcluster[0m[90m [0m[94mimport[0m KMeans                                             [31m [0m
[31m [0m   [2m 17 [0m[94mfrom[0m[90m [0m[4;96msklearn[0m[4;96m.[0m[4;96mmetrics[0m[90m [0m[94mimport[0m silhouette_score                                   [31m [0m
[31m────────────────────────────────────────────────────────────────────────────────────────[0m
[1;91mImportError: [0mattempted relative import with no known parent package
[31m──[0m[31m────────────────────────[0m[31m [0m[1;31mTraceback [0m[1;2;31m(most recent call last)[0m[31m [0m[31m─────────────────────────[0m[31m──[0m
[31m [0m [2m/usr/local/lib/python3.12/site-packages/streamlit/runtime/scriptrunner/[0m[1mexec_code.py[0m: [31m [0m
[31m [0m 128 in exec_func_with_error_handling                                                 [31m [0m
[31m [0m                                                                                      [31m [0m
[31m [0m [2m/usr/local/lib/python3.12/site-packages/streamlit/runtime/scriptrunner/[0m[1mscript_runner[0m [31m [0m
[31m [0m [1m.py[0m:669 in code_to_exec                                                              [31m [0m
[31m [0m                                                                                      [31m [0m
[31m [0m [2m/home/user/webapp/[0m[1mstreamlit_app.py[0m:1270 in <module>                                  [31m [0m
[31m [0m                                                                                      [31m [0m
[31m [0m   [2m1267 [0m[2m│   │   │   [0mst.sidebar.markdown([33mf[0m[33m"[0m[33m**[0m[33m{[0mcategory[33m}[0m[33m:** [0m[33m{[0m[96mlen[0m(questions)[33m}[0m[33m questions[0m[33m"[0m [31m [0m
[31m [0m   [2m1268 [0m                                                                              [31m [0m
[31m [0m   [2m1269 [0m[94mif[0m [91m__name__[0m == [33m"[0m[33m__main__[0m[33m"[0m:                                                    [31m [0m
[31m [0m [31m❱ [0m1270 [2m│   [0m[1;4mmain()[0m                                                                    [31m [0m
[31m [0m   [2m1271 [0m                                                                              [31m [0m
[31m [0m                                                                                      [31m [0m
[31m [0m [2m/home/user/webapp/[0m[1mstreamlit_app.py[0m:1003 in main                                      [31m [0m
[31m [0m                                                                                      [31m [0m
[31m [0m   [2m1000 [0m[2;33m│   [0m[33m"""[0m, unsafe_allow_html=[94mTrue[0m)                                              [31m [0m
[31m [0m   [2m1001 [0m[2m│   [0m                                                                          [31m [0m
[31m [0m   [2m1002 [0m[2m│   [0m[2m# Load data[0m                                                               [31m [0m
[31m [0m [31m❱ [0m1003 [2m│   [0mprocessor, analytics, df = [1;4mload_survey_data()[0m                             [31m [0m
[31m [0m   [2m1004 [0m[2m│   [0m                                                                          [31m [0m
[31m [0m   [2m1005 [0m[2m│   [0m[94mif[0m df [95mis[0m [94mNone[0m:                                                            [31m [0m
[31m [0m   [2m1006 [0m[2m│   │   [0mst.error([33m"[0m[33mCould not load survey data. Please check the data file.[0m[33m"[0m)   [31m [0m
[31m [0m                                                                                      [31m [0m
[31m [0m [2m/usr/local/lib/python3.12/site-packages/streamlit/runtime/caching/[0m[1mcache_utils.py[0m:227 [31m [0m
[31m [0m in __call__                                                                          [31m [0m
[31m [0m                                                                                      [31m [0m
[31m [0m [2m/usr/local/lib/python3.12/site-packages/streamlit/runtime/caching/[0m[1mcache_utils.py[0m:251 [31m [0m
[31m [0m in _get_or_create_cached_value                                                       [31m [0m
[31m [0m                                                                                      [31m [0m
[31m [0m [2m/usr/local/lib/python3.12/site-packages/streamlit/runtime/caching/[0m[1mcache_data_api.py[0m: [31m [0m
[31m [0m 651 in read_result                                                                   [31m [0m
[31m [0m                                                                                      [31m [0m
[31m [0m [2m/home/user/webapp/backend/app/[0m[1moptimized_analytics.py[0m:14 in <module>                  [31m [0m
[31m [0m                                                                                      [31m [0m
[31m [0m   [2m 11 [0m[94mimport[0m[90m [0m[4;96mtime[0m                                                                    [31m [0m
[31m [0m   [2m 12 [0m[94mfrom[0m[90m [0m[4;96mfunctools[0m[90m [0m[94mimport[0m lru_cache                                                [31m [0m
[31m [0m   [2m 13 [0m[94mimport[0m[90m [0m[4;96mhashlib[0m                                                                 [31m [0m
[31m [0m [31m❱ [0m 14 [1;4;94mfrom[0m[1;4;90m [0m[1;4;96m.[0m[1;4;96mcorrected_data_processor[0m[1;4;90m [0m[1;4;94mimport[0m[1;4m CorrectedSurveyDataProcessor[0m             [31m [0m
[31m [0m   [2m 15 [0m[94mfrom[0m[90m [0m[4;96msklearn[0m[4;96m.[0m[4;96mfeature_extraction[0m[4;96m.[0m[4;96mtext[0m[90m [0m[94mimport[0m TfidfVectorizer                    [31m [0m
[31m [0m   [2m 16 [0m[94mfrom[0m[90m [0m[4;96msklearn[0m[4;96m.[0m[4;96mcluster[0m[90m [0m[94mimport[0m KMeans                                             [31m [0m
[31m [0m   [2m 17 [0m[94mfrom[0m[90m [0m[4;96msklearn[0m[4;96m.[0m[4;96mmetrics[0m[90m [0m[94mimport[0m silhouette_score                                   [31m [0m
[31m────────────────────────────────────────────────────────────────────────────────────────[0m
[1;91mImportError: [0mattempted relative import with no known parent package
✅ Imported FixedMultiResponseProcessor (lazy loading version)
Warning: Could not import OptimizedOSNAnalytics or Config: attempted relative import with no known parent package
Will proceed without advanced analytics
✅ Imported FixedMultiResponseProcessor (lazy loading version)
Warning: Could not import OptimizedOSNAnalytics or Config: attempted relative import with no known parent package
Will proceed without advanced analytics
✅ Imported FixedMultiResponseProcessor (lazy loading version)
Warning: Could not import OptimizedOSNAnalytics or Config: attempted relative import with no known parent package
Will proceed without advanced analytics
✅ Imported FixedMultiResponseProcessor (lazy loading version)
Warning: Could not import OptimizedOSNAnalytics or Config: attempted relative import with no known parent package
Will proceed without advanced analytics
[31m──[0m[31m────────────────────────[0m[31m [0m[1;31mTraceback [0m[1;2;31m(most recent call last)[0m[31m [0m[31m─────────────────────────[0m[31m──[0m
[31m [0m [2m/usr/local/lib/python3.12/site-packages/streamlit/runtime/scriptrunner/[0m[1mexec_code.py[0m: [31m [0m
[31m [0m 128 in exec_func_with_error_handling                                                 [31m [0m
[31m [0m                                                                                      [31m [0m
[31m [0m [2m/usr/local/lib/python3.12/site-packages/streamlit/runtime/scriptrunner/[0m[1mscript_runner[0m [31m [0m
[31m [0m [1m.py[0m:669 in code_to_exec                                                              [31m [0m
[31m [0m                                                                                      [31m [0m
[31m [0m [2m/home/user/webapp/[0m[1mstreamlit_app.py[0m:1279 in <module>                                  [31m [0m
[31m [0m                                                                                      [31m [0m
[31m [0m   [2m1276 [0m[2m│   │   │   [0mst.sidebar.markdown([33mf[0m[33m"[0m[33m**[0m[33m{[0mcategory[33m}[0m[33m:** [0m[33m{[0m[96mlen[0m(questions)[33m}[0m[33m questions[0m[33m"[0m [31m [0m
[31m [0m   [2m1277 [0m                                                                              [31m [0m
[31m [0m   [2m1278 [0m[94mif[0m [91m__name__[0m == [33m"[0m[33m__main__[0m[33m"[0m:                                                    [31m [0m
[31m [0m [31m❱ [0m1279 [2m│   [0m[1;4mmain()[0m                                                                    [31m [0m
[31m [0m   [2m1280 [0m                                                                              [31m [0m
[31m [0m                                                                                      [31m [0m
[31m [0m [2m/home/user/webapp/[0m[1mstreamlit_app.py[0m:1003 in main                                      [31m [0m
[31m [0m                                                                                      [31m [0m
[31m [0m   [2m1000 [0m[2;33m│   [0m[33m"""[0m, unsafe_allow_html=[94mTrue[0m)                                              [31m [0m
[31m [0m   [2m1001 [0m[2m│   [0m                                                                          [31m [0m
[31m [0m   [2m1002 [0m[2m│   [0m[2m# Load data[0m                                                               [31m [0m
[31m [0m [31m❱ [0m1003 [2m│   [0mprocessor, analytics, df = [1;4mload_survey_data()[0m                             [31m [0m
[31m [0m   [2m1004 [0m[2m│   [0m                                                                          [31m [0m
[31m [0m   [2m1005 [0m[2m│   [0m[94mif[0m df [95mis[0m [94mNone[0m:                                                            [31m [0m
[31m [0m   [2m1006 [0m[2m│   │   [0mst.error([33m"[0m[33mCould not load survey data. Please check the data file.[0m[33m"[0m)   [31m [0m
[31m [0m                                                                                      [31m [0m
[31m [0m [2m/usr/local/lib/python3.12/site-packages/streamlit/runtime/caching/[0m[1mcache_utils.py[0m:227 [31m [0m
[31m [0m in __call__                                                                          [31m [0m
[31m [0m                                                                                      [31m [0m
[31m [0m [2m/usr/local/lib/python3.12/site-packages/streamlit/runtime/caching/[0m[1mcache_utils.py[0m:251 [31m [0m
[31m [0m in _get_or_create_cached_value                                                       [31m [0m
[31m [0m                                                                                      [31m [0m
[31m [0m [2m/usr/local/lib/python3.12/site-packages/streamlit/runtime/caching/[0m[1mcache_data_api.py[0m: [31m [0m
[31m [0m 651 in read_result                                                                   [31m [0m
[31m [0m                                                                                      [31m [0m
[31m [0m [2m/home/user/webapp/backend/app/[0m[1moptimized_analytics.py[0m:14 in <module>                  [31m [0m
[31m [0m                                                                                      [31m [0m
[31m [0m   [2m 11 [0m[94mimport[0m[90m [0m[4;96mtime[0m                                                                    [31m [0m
[31m [0m   [2m 12 [0m[94mfrom[0m[90m [0m[4;96mfunctools[0m[90m [0m[94mimport[0m lru_cache                                                [31m [0m
[31m [0m   [2m 13 [0m[94mimport[0m[90m [0m[4;96mhashlib[0m                                                                 [31m [0m
[31m [0m [31m❱ [0m 14 [1;4;94mfrom[0m[1;4;90m [0m[1;4;96m.[0m[1;4;96mcorrected_data_processor[0m[1;4;90m [0m[1;4;94mimport[0m[1;4m CorrectedSurveyDataProcessor[0m             [31m [0m
[31m [0m   [2m 15 [0m[94mfrom[0m[90m [0m[4;96msklearn[0m[4;96m.[0m[4;96mfeature_extraction[0m[4;96m.[0m[4;96mtext[0m[90m [0m[94mimport[0m TfidfVectorizer                    [31m [0m
[31m [0m   [2m 16 [0m[94mfrom[0m[90m [0m[4;96msklearn[0m[4;96m.[0m[4;96mcluster[0m[90m [0m[94mimport[0m KMeans                                             [31m [0m
[31m [0m   [2m 17 [0m[94mfrom[0m[90m [0m[4;96msklearn[0m[4;96m.[0m[4;96mmetrics[0m[90m [0m[94mimport[0m silhouette_score                                   [31m [0m
[31m────────────────────────────────────────────────────────────────────────────────────────[0m
[1;91mImportError: [0mattempted relative import with no known parent package
[31m──[0m[31m────────────────────────[0m[31m [0m[1;31mTraceback [0m[1;2;31m(most recent call last)[0m[31m [0m[31m─────────────────────────[0m[31m──[0m
[31m [0m [2m/usr/local/lib/python3.12/site-packages/streamlit/runtime/scriptrunner/[0m[1mexec_code.py[0m: [31m [0m
[31m [0m 128 in exec_func_with_error_handling                                                 [31m [0m
[31m [0m                                                                                      [31m [0m
[31m [0m [2m/usr/local/lib/python3.12/site-packages/streamlit/runtime/scriptrunner/[0m[1mscript_runner[0m [31m [0m
[31m [0m [1m.py[0m:669 in code_to_exec                                                              [31m [0m
[31m [0m                                                                                      [31m [0m
[31m [0m [2m/home/user/webapp/[0m[1mstreamlit_app.py[0m:1279 in <module>                                  [31m [0m
[31m [0m                                                                                      [31m [0m
[31m [0m   [2m1276 [0m[2m│   │   │   [0mst.sidebar.markdown([33mf[0m[33m"[0m[33m**[0m[33m{[0mcategory[33m}[0m[33m:** [0m[33m{[0m[96mlen[0m(questions)[33m}[0m[33m questions[0m[33m"[0m [31m [0m
[31m [0m   [2m1277 [0m                                                                              [31m [0m
[31m [0m   [2m1278 [0m[94mif[0m [91m__name__[0m == [33m"[0m[33m__main__[0m[33m"[0m:                                                    [31m [0m
[31m [0m [31m❱ [0m1279 [2m│   [0m[1;4mmain()[0m                                                                    [31m [0m
[31m [0m   [2m1280 [0m                                                                              [31m [0m
[31m [0m                                                                                      [31m [0m
[31m [0m [2m/home/user/webapp/[0m[1mstreamlit_app.py[0m:1003 in main                                      [31m [0m
[31m [0m                                                                                      [31m [0m
[31m [0m   [2m1000 [0m[2;33m│   [0m[33m"""[0m, unsafe_allow_html=[94mTrue[0m)                                              [31m [0m
[31m [0m   [2m1001 [0m[2m│   [0m                                                                          [31m [0m
[31m [0m   [2m1002 [0m[2m│   [0m[2m# Load data[0m                                                               [31m [0m
[31m [0m [31m❱ [0m1003 [2m│   [0mprocessor, analytics, df = [1;4mload_survey_data()[0m                             [31m [0m
[31m [0m   [2m1004 [0m[2m│   [0m                                                                          [31m [0m
[31m [0m   [2m1005 [0m[2m│   [0m[94mif[0m df [95mis[0m [94mNone[0m:                                                            [31m [0m
[31m [0m   [2m1006 [0m[2m│   │   [0mst.error([33m"[0m[33mCould not load survey data. Please check the data file.[0m[33m"[0m)   [31m [0m
[31m [0m                                                                                      [31m [0m
[31m [0m [2m/usr/local/lib/python3.12/site-packages/streamlit/runtime/caching/[0m[1mcache_utils.py[0m:227 [31m [0m
[31m [0m in __call__                                                                          [31m [0m
[31m [0m                                                                                      [31m [0m
[31m [0m [2m/usr/local/lib/python3.12/site-packages/streamlit/runtime/caching/[0m[1mcache_utils.py[0m:251 [31m [0m
[31m [0m in _get_or_create_cached_value                                                       [31m [0m
[31m [0m                                                                                      [31m [0m
[31m [0m [2m/usr/local/lib/python3.12/site-packages/streamlit/runtime/caching/[0m[1mcache_data_api.py[0m: [31m [0m
[31m [0m 651 in read_result                                                                   [31m [0m
[31m [0m                                                                                      [31m [0m
[31m [0m [2m/home/user/webapp/backend/app/[0m[1moptimized_analytics.py[0m:14 in <module>                  [31m [0m
[31m [0m                                                                                      [31m [0m
[31m [0m   [2m 11 [0m[94mimport[0m[90m [0m[4;96mtime[0m                                                                    [31m [0m
[31m [0m   [2m 12 [0m[94mfrom[0m[90m [0m[4;96mfunctools[0m[90m [0m[94mimport[0m lru_cache                                                [31m [0m
[31m [0m   [2m 13 [0m[94mimport[0m[90m [0m[4;96mhashlib[0m                                                                 [31m [0m
[31m [0m [31m❱ [0m 14 [1;4;94mfrom[0m[1;4;90m [0m[1;4;96m.[0m[1;4;96mcorrected_data_processor[0m[1;4;90m [0m[1;4;94mimport[0m[1;4m CorrectedSurveyDataProcessor[0m             [31m [0m
[31m [0m   [2m 15 [0m[94mfrom[0m[90m [0m[4;96msklearn[0m[4;96m.[0m[4;96mfeature_extraction[0m[4;96m.[0m[4;96mtext[0m[90m [0m[94mimport[0m TfidfVectorizer                    [31m [0m
[31m [0m   [2m 16 [0m[94mfrom[0m[90m [0m[4;96msklearn[0m[4;96m.[0m[4;96mcluster[0m[90m [0m[94mimport[0m KMeans                                             [31m [0m
[31m [0m   [2m 17 [0m[94mfrom[0m[90m [0m[4;96msklearn[0m[4;96m.[0m[4;96mmetrics[0m[90m [0m[94mimport[0m silhouette_score                                   [31m [0m
[31m────────────────────────────────────────────────────────────────────────────────────────[0m
[1;91mImportError: [0mattempted relative import with no known parent package
[31m──[0m[31m────────────────────────[0m[31m [0m[1;31mTraceback [0m[1;2;31m(most recent call last)[0m[31m [0m[31m─────────────────────────[0m[31m──[0m
[31m [0m [2m/usr/local/lib/python3.12/site-packages/streamlit/runtime/scriptrunner/[0m[1mexec_code.py[0m: [31m [0m
[31m [0m 128 in exec_func_with_error_handling                                                 [31m [0m
[31m [0m                                                                                      [31m [0m
[31m [0m [2m/usr/local/lib/python3.12/site-packages/streamlit/runtime/scriptrunner/[0m[1mscript_runner[0m [31m [0m
[31m [0m [1m.py[0m:669 in code_to_exec                                                              [31m [0m
[31m [0m                                                                                      [31m [0m
[31m [0m [2m/home/user/webapp/[0m[1mstreamlit_app.py[0m:1279 in <module>                                  [31m [0m
[31m [0m                                                                                      [31m [0m
[31m [0m   [2m1276 [0m[2m│   │   │   [0mst.sidebar.markdown([33mf[0m[33m"[0m[33m**[0m[33m{[0mcategory[33m}[0m[33m:** [0m[33m{[0m[96mlen[0m(questions)[33m}[0m[33m questions[0m[33m"[0m [31m [0m
[31m [0m   [2m1277 [0m                                                                              [31m [0m
[31m [0m   [2m1278 [0m[94mif[0m [91m__name__[0m == [33m"[0m[33m__main__[0m[33m"[0m:                                                    [31m [0m
[31m [0m [31m❱ [0m1279 [2m│   [0m[1;4mmain()[0m                                                                    [31m [0m
[31m [0m   [2m1280 [0m                                                                              [31m [0m
[31m [0m                                                                                      [31m [0m
[31m [0m [2m/home/user/webapp/[0m[1mstreamlit_app.py[0m:1003 in main                                      [31m [0m
[31m [0m                                                                                      [31m [0m
[31m [0m   [2m1000 [0m[2;33m│   [0m[33m"""[0m, unsafe_allow_html=[94mTrue[0m)                                              [31m [0m
[31m [0m   [2m1001 [0m[2m│   [0m                                                                          [31m [0m
[31m [0m   [2m1002 [0m[2m│   [0m[2m# Load data[0m                                                               [31m [0m
[31m [0m [31m❱ [0m1003 [2m│   [0mprocessor, analytics, df = [1;4mload_survey_data()[0m                             [31m [0m
[31m [0m   [2m1004 [0m[2m│   [0m                                                                          [31m [0m
[31m [0m   [2m1005 [0m[2m│   [0m[94mif[0m df [95mis[0m [94mNone[0m:                                                            [31m [0m
[31m [0m   [2m1006 [0m[2m│   │   [0mst.error([33m"[0m[33mCould not load survey data. Please check the data file.[0m[33m"[0m)   [31m [0m
[31m [0m                                                                                      [31m [0m
[31m [0m [2m/usr/local/lib/python3.12/site-packages/streamlit/runtime/caching/[0m[1mcache_utils.py[0m:227 [31m [0m
[31m [0m in __call__                                                                          [31m [0m
[31m [0m                                                                                      [31m [0m
[31m [0m [2m/usr/local/lib/python3.12/site-packages/streamlit/runtime/caching/[0m[1mcache_utils.py[0m:251 [31m [0m
[31m [0m in _get_or_create_cached_value                                                       [31m [0m
[31m [0m                                                                                      [31m [0m
[31m [0m [2m/usr/local/lib/python3.12/site-packages/streamlit/runtime/caching/[0m[1mcache_data_api.py[0m: [31m [0m
[31m [0m 651 in read_result                                                                   [31m [0m
[31m [0m                                                                                      [31m [0m
[31m [0m [2m/home/user/webapp/backend/app/[0m[1moptimized_analytics.py[0m:14 in <module>                  [31m [0m
[31m [0m                                                                                      [31m [0m
[31m [0m   [2m 11 [0m[94mimport[0m[90m [0m[4;96mtime[0m                                                                    [31m [0m
[31m [0m   [2m 12 [0m[94mfrom[0m[90m [0m[4;96mfunctools[0m[90m [0m[94mimport[0m lru_cache                                                [31m [0m
[31m [0m   [2m 13 [0m[94mimport[0m[90m [0m[4;96mhashlib[0m                                                                 [31m [0m
[31m [0m [31m❱ [0m 14 [1;4;94mfrom[0m[1;4;90m [0m[1;4;96m.[0m[1;4;96mcorrected_data_processor[0m[1;4;90m [0m[1;4;94mimport[0m[1;4m CorrectedSurveyDataProcessor[0m             [31m [0m
[31m [0m   [2m 15 [0m[94mfrom[0m[90m [0m[4;96msklearn[0m[4;96m.[0m[4;96mfeature_extraction[0m[4;96m.[0m[4;96mtext[0m[90m [0m[94mimport[0m TfidfVectorizer                    [31m [0m
[31m [0m   [2m 16 [0m[94mfrom[0m[90m [0m[4;96msklearn[0m[4;96m.[0m[4;96mcluster[0m[90m [0m[94mimport[0m KMeans                                             [31m [0m
[31m [0m   [2m 17 [0m[94mfrom[0m[90m [0m[4;96msklearn[0m[4;96m.[0m[4;96mmetrics[0m[90m [0m[94mimport[0m silhouette_score                                   [31m [0m
[31m────────────────────────────────────────────────────────────────────────────────────────[0m
[1;91mImportError: [0mattempted relative import with no known parent package
[31m──[0m[31m────────────────────────[0m[31m [0m[1;31mTraceback [0m[1;2;31m(most recent call last)[0m[31m [0m[31m─────────────────────────[0m[31m──[0m
[31m [0m [2m/usr/local/lib/python3.12/site-packages/streamlit/runtime/scriptrunner/[0m[1mexec_code.py[0m: [31m [0m
[31m [0m 128 in exec_func_with_error_handling                                                 [31m [0m
[31m [0m                                                                                      [31m [0m
[31m [0m [2m/usr/local/lib/python3.12/site-packages/streamlit/runtime/scriptrunner/[0m[1mscript_runner[0m [31m [0m
[31m [0m [1m.py[0m:669 in code_to_exec                                                              [31m [0m
[31m [0m                                                                                      [31m [0m
[31m [0m [2m/home/user/webapp/[0m[1mstreamlit_app.py[0m:1279 in <module>                                  [31m [0m
[31m [0m                                                                                      [31m [0m
[31m [0m   [2m1276 [0m[2m│   │   │   [0mst.sidebar.markdown([33mf[0m[33m"[0m[33m**[0m[33m{[0mcategory[33m}[0m[33m:** [0m[33m{[0m[96mlen[0m(questions)[33m}[0m[33m questions[0m[33m"[0m [31m [0m
[31m [0m   [2m1277 [0m                                                                              [31m [0m
[31m [0m   [2m1278 [0m[94mif[0m [91m__name__[0m == [33m"[0m[33m__main__[0m[33m"[0m:                                                    [31m [0m
[31m [0m [31m❱ [0m1279 [2m│   [0m[1;4mmain()[0m                                                                    [31m [0m
[31m [0m   [2m1280 [0m                                                                              [31m [0m
[31m [0m                                                                                      [31m [0m
[31m [0m [2m/home/user/webapp/[0m[1mstreamlit_app.py[0m:1003 in main                                      [31m [0m
[31m [0m                                                                                      [31m [0m
[31m [0m   [2m1000 [0m[2;33m│   [0m[33m"""[0m, unsafe_allow_html=[94mTrue[0m)                                              [31m [0m
[31m [0m   [2m1001 [0m[2m│   [0m                                                                          [31m [0m
[31m [0m   [2m1002 [0m[2m│   [0m[2m# Load data[0m                                                               [31m [0m
[31m [0m [31m❱ [0m1003 [2m│   [0mprocessor, analytics, df = [1;4mload_survey_data()[0m                             [31m [0m
[31m [0m   [2m1004 [0m[2m│   [0m                                                                          [31m [0m
[31m [0m   [2m1005 [0m[2m│   [0m[94mif[0m df [95mis[0m [94mNone[0m:                                                            [31m [0m
[31m [0m   [2m1006 [0m[2m│   │   [0mst.error([33m"[0m[33mCould not load survey data. Please check the data file.[0m[33m"[0m)   [31m [0m
[31m [0m                                                                                      [31m [0m
[31m [0m [2m/usr/local/lib/python3.12/site-packages/streamlit/runtime/caching/[0m[1mcache_utils.py[0m:227 [31m [0m
[31m [0m in __call__                                                                          [31m [0m
[31m [0m                                                                                      [31m [0m
[31m [0m [2m/usr/local/lib/python3.12/site-packages/streamlit/runtime/caching/[0m[1mcache_utils.py[0m:251 [31m [0m
[31m [0m in _get_or_create_cached_value                                                       [31m [0m
[31m [0m                                                                                      [31m [0m
[31m [0m [2m/usr/local/lib/python3.12/site-packages/streamlit/runtime/caching/[0m[1mcache_data_api.py[0m: [31m [0m
[31m [0m 651 in read_result                                                                   [31m [0m
[31m [0m                                                                                      [31m [0m
[31m [0m [2m/home/user/webapp/backend/app/[0m[1moptimized_analytics.py[0m:14 in <module>                  [31m [0m
[31m [0m                                                                                      [31m [0m
[31m [0m   [2m 11 [0m[94mimport[0m[90m [0m[4;96mtime[0m                                                                    [31m [0m
[31m [0m   [2m 12 [0m[94mfrom[0m[90m [0m[4;96mfunctools[0m[90m [0m[94mimport[0m lru_cache                                                [31m [0m
[31m [0m   [2m 13 [0m[94mimport[0m[90m [0m[4;96mhashlib[0m                                                                 [31m [0m
[31m [0m [31m❱ [0m 14 [1;4;94mfrom[0m[1;4;90m [0m[1;4;96m.[0m[1;4;96mcorrected_data_processor[0m[1;4;90m [0m[1;4;94mimport[0m[1;4m CorrectedSurveyDataProcessor[0m             [31m [0m
[31m [0m   [2m 15 [0m[94mfrom[0m[90m [0m[4;96msklearn[0m[4;96m.[0m[4;96mfeature_extraction[0m[4;96m.[0m[4;96mtext[0m[90m [0m[94mimport[0m TfidfVectorizer                    [31m [0m
[31m [0m   [2m 16 [0m[94mfrom[0m[90m [0m[4;96msklearn[0m[4;96m.[0m[4;96mcluster[0m[90m [0m[94mimport[0m KMeans                                             [31m [0m
[31m [0m   [2m 17 [0m[94mfrom[0m[90m [0m[4;96msklearn[0m[4;96m.[0m[4;96mmetrics[0m[90m [0m[94mimport[0m silhouette_score                                   [31m [0m
[31m────────────────────────────────────────────────────────────────────────────────────────[0m
[1;91mImportError: [0mattempted relative import with no known parent package
✅ Imported FixedMultiResponseProcessor (lazy loading version)
Warning: Could not import OptimizedOSNAnalytics or Config: attempted relative import with no known parent package
Will proceed without advanced analytics
✅ Imported FixedMultiResponseProcessor (lazy loading version)
✅ Imported FixedMultiResponseProcessor (lazy loading version)
Warning: Could not import OptimizedOSNAnalytics or Config: attempted relative import with no known parent package
Will proceed without advanced analytics
✅ Imported FixedMultiResponseProcessor (lazy loading version)
Warning: Could not import OptimizedOSNAnalytics or Config: attempted relative import with no known parent package
Will proceed without advanced analytics
Warning: Could not import OptimizedOSNAnalytics or Config: attempted relative import with no known parent package
Will proceed without advanced analytics
[31m──[0m[31m────────────────────────[0m[31m [0m[1;31mTraceback [0m[1;2;31m(most recent call last)[0m[31m [0m[31m─────────────────────────[0m[31m──[0m
[31m [0m [2m/usr/local/lib/python3.12/site-packages/streamlit/runtime/scriptrunner/[0m[1mexec_code.py[0m: [31m [0m
[31m [0m 128 in exec_func_with_error_handling                                                 [31m [0m
[31m [0m                                                                                      [31m [0m
[31m [0m [2m/usr/local/lib/python3.12/site-packages/streamlit/runtime/scriptrunner/[0m[1mscript_runner[0m [31m [0m
[31m [0m [1m.py[0m:669 in code_to_exec                                                              [31m [0m
[31m [0m                                                                                      [31m [0m
[31m [0m [2m/home/user/webapp/[0m[1mstreamlit_app.py[0m:1280 in <module>                                  [31m [0m
[31m [0m                                                                                      [31m [0m
[31m [0m   [2m1277 [0m[2m│   │   │   [0mst.sidebar.markdown([33mf[0m[33m"[0m[33m**[0m[33m{[0mcategory[33m}[0m[33m:** [0m[33m{[0m[96mlen[0m(questions)[33m}[0m[33m questions[0m[33m"[0m [31m [0m
[31m [0m   [2m1278 [0m                                                                              [31m [0m
[31m [0m   [2m1279 [0m[94mif[0m [91m__name__[0m == [33m"[0m[33m__main__[0m[33m"[0m:                                                    [31m [0m
[31m [0m [31m❱ [0m1280 [2m│   [0m[1;4mmain()[0m                                                                    [31m [0m
[31m [0m   [2m1281 [0m                                                                              [31m [0m
[31m [0m                                                                                      [31m [0m
[31m [0m [2m/home/user/webapp/[0m[1mstreamlit_app.py[0m:1004 in main                                      [31m [0m
[31m [0m                                                                                      [31m [0m
[31m [0m   [2m1001 [0m[2;33m│   [0m[33m"""[0m, unsafe_allow_html=[94mTrue[0m)                                              [31m [0m
[31m [0m   [2m1002 [0m[2m│   [0m                                                                          [31m [0m
[31m [0m   [2m1003 [0m[2m│   [0m[2m# Load data[0m                                                               [31m [0m
[31m [0m [31m❱ [0m1004 [2m│   [0mprocessor, analytics, df = [1;4mload_survey_data()[0m                             [31m [0m
[31m [0m   [2m1005 [0m[2m│   [0m                                                                          [31m [0m
[31m [0m   [2m1006 [0m[2m│   [0m[94mif[0m df [95mis[0m [94mNone[0m:                                                            [31m [0m
[31m [0m   [2m1007 [0m[2m│   │   [0mst.error([33m"[0m[33mCould not load survey data. Please check the data file.[0m[33m"[0m)   [31m [0m
[31m [0m                                                                                      [31m [0m
[31m [0m [2m/usr/local/lib/python3.12/site-packages/streamlit/runtime/caching/[0m[1mcache_utils.py[0m:227 [31m [0m
[31m [0m in __call__                                                                          [31m [0m
[31m [0m                                                                                      [31m [0m
[31m [0m [2m/usr/local/lib/python3.12/site-packages/streamlit/runtime/caching/[0m[1mcache_utils.py[0m:251 [31m [0m
[31m [0m in _get_or_create_cached_value                                                       [31m [0m
[31m [0m                                                                                      [31m [0m
[31m [0m [2m/usr/local/lib/python3.12/site-packages/streamlit/runtime/caching/[0m[1mcache_data_api.py[0m: [31m [0m
[31m [0m 651 in read_result                                                                   [31m [0m
[31m [0m                                                                                      [31m [0m
[31m [0m [2m/home/user/webapp/backend/app/[0m[1moptimized_analytics.py[0m:14 in <module>                  [31m [0m
[31m [0m                                                                                      [31m [0m
[31m [0m   [2m 11 [0m[94mimport[0m[90m [0m[4;96mtime[0m                                                                    [31m [0m
[31m [0m   [2m 12 [0m[94mfrom[0m[90m [0m[4;96mfunctools[0m[90m [0m[94mimport[0m lru_cache                                                [31m [0m
[31m [0m   [2m 13 [0m[94mimport[0m[90m [0m[4;96mhashlib[0m                                                                 [31m [0m
[31m [0m [31m❱ [0m 14 [1;4;94mfrom[0m[1;4;90m [0m[1;4;96m.[0m[1;4;96mcorrected_data_processor[0m[1;4;90m [0m[1;4;94mimport[0m[1;4m CorrectedSurveyDataProcessor[0m             [31m [0m
[31m [0m   [2m 15 [0m[94mfrom[0m[90m [0m[4;96msklearn[0m[4;96m.[0m[4;96mfeature_extraction[0m[4;96m.[0m[4;96mtext[0m[90m [0m[94mimport[0m TfidfVectorizer                    [31m [0m
[31m [0m   [2m 16 [0m[94mfrom[0m[90m [0m[4;96msklearn[0m[4;96m.[0m[4;96mcluster[0m[90m [0m[94mimport[0m KMeans                                             [31m [0m
[31m [0m   [2m 17 [0m[94mfrom[0m[90m [0m[4;96msklearn[0m[4;96m.[0m[4;96mmetrics[0m[90m [0m[94mimport[0m silhouette_score                                   [31m [0m
[31m────────────────────────────────────────────────────────────────────────────────────────[0m
[1;91mImportError: [0mattempted relative import with no known parent package
[31m──[0m[31m────────────────────────[0m[31m [0m[1;31mTraceback [0m[1;2;31m(most recent call last)[0m[31m [0m[31m─────────────────────────[0m[31m──[0m
[31m [0m [2m/usr/local/lib/python3.12/site-packages/streamlit/runtime/scriptrunner/[0m[1mexec_code.py[0m: [31m [0m
[31m [0m 128 in exec_func_with_error_handling                                                 [31m [0m
[31m [0m                                                                                      [31m [0m
[31m [0m [2m/usr/local/lib/python3.12/site-packages/streamlit/runtime/scriptrunner/[0m[1mscript_runner[0m [31m [0m
[31m [0m [1m.py[0m:669 in code_to_exec                                                              [31m [0m
[31m [0m                                                                                      [31m [0m
[31m [0m [2m/home/user/webapp/[0m[1mstreamlit_app.py[0m:1280 in <module>                                  [31m [0m
[31m [0m                                                                                      [31m [0m
[31m [0m   [2m1277 [0m[2m│   │   │   [0mst.sidebar.markdown([33mf[0m[33m"[0m[33m**[0m[33m{[0mcategory[33m}[0m[33m:** [0m[33m{[0m[96mlen[0m(questions)[33m}[0m[33m questions[0m[33m"[0m [31m [0m
[31m [0m   [2m1278 [0m                                                                              [31m [0m
[31m [0m   [2m1279 [0m[94mif[0m [91m__name__[0m == [33m"[0m[33m__main__[0m[33m"[0m:                                                    [31m [0m
[31m [0m [31m❱ [0m1280 [2m│   [0m[1;4mmain()[0m                                                                    [31m [0m
[31m [0m   [2m1281 [0m                                                                              [31m [0m
[31m [0m                                                                                      [31m [0m
[31m [0m [2m/home/user/webapp/[0m[1mstreamlit_app.py[0m:1004 in main                                      [31m [0m
[31m [0m                                                                                      [31m [0m
[31m [0m   [2m1001 [0m[2;33m│   [0m[33m"""[0m, unsafe_allow_html=[94mTrue[0m)                                              [31m [0m
[31m [0m   [2m1002 [0m[2m│   [0m                                                                          [31m [0m
[31m [0m   [2m1003 [0m[2m│   [0m[2m# Load data[0m                                                               [31m [0m
[31m [0m [31m❱ [0m1004 [2m│   [0mprocessor, analytics, df = [1;4mload_survey_data()[0m                             [31m [0m
[31m [0m   [2m1005 [0m[2m│   [0m                                                                          [31m [0m
[31m [0m   [2m1006 [0m[2m│   [0m[94mif[0m df [95mis[0m [94mNone[0m:                                                            [31m [0m
[31m [0m   [2m1007 [0m[2m│   │   [0mst.error([33m"[0m[33mCould not load survey data. Please check the data file.[0m[33m"[0m)   [31m [0m
[31m [0m                                                                                      [31m [0m
[31m [0m [2m/usr/local/lib/python3.12/site-packages/streamlit/runtime/caching/[0m[1mcache_utils.py[0m:227 [31m [0m
[31m [0m in __call__                                                                          [31m [0m
[31m [0m                                                                                      [31m [0m
[31m [0m [2m/usr/local/lib/python3.12/site-packages/streamlit/runtime/caching/[0m[1mcache_utils.py[0m:251 [31m [0m
[31m [0m in _get_or_create_cached_value                                                       [31m [0m
[31m [0m                                                                                      [31m [0m
[31m [0m [2m/usr/local/lib/python3.12/site-packages/streamlit/runtime/caching/[0m[1mcache_data_api.py[0m: [31m [0m
[31m [0m 651 in read_result                                                                   [31m [0m
[31m [0m                                                                                      [31m [0m
[31m [0m [2m/home/user/webapp/backend/app/[0m[1moptimized_analytics.py[0m:14 in <module>                  [31m [0m
[31m [0m                                                                                      [31m [0m
[31m [0m   [2m 11 [0m[94mimport[0m[90m [0m[4;96mtime[0m                                                                    [31m [0m
[31m [0m   [2m 12 [0m[94mfrom[0m[90m [0m[4;96mfunctools[0m[90m [0m[94mimport[0m lru_cache                                                [31m [0m
[31m [0m   [2m 13 [0m[94mimport[0m[90m [0m[4;96mhashlib[0m                                                                 [31m [0m
[31m [0m [31m❱ [0m 14 [1;4;94mfrom[0m[1;4;90m [0m[1;4;96m.[0m[1;4;96mcorrected_data_processor[0m[1;4;90m [0m[1;4;94mimport[0m[1;4m CorrectedSurveyDataProcessor[0m             [31m [0m
[31m [0m   [2m 15 [0m[94mfrom[0m[90m [0m[4;96msklearn[0m[4;96m.[0m[4;96mfeature_extraction[0m[4;96m.[0m[4;96mtext[0m[90m [0m[94mimport[0m TfidfVectorizer                    [31m [0m
[31m [0m   [2m 16 [0m[94mfrom[0m[90m [0m[4;96msklearn[0m[4;96m.[0m[4;96mcluster[0m[90m [0m[94mimport[0m KMeans                                             [31m [0m
[31m [0m   [2m 17 [0m[94mfrom[0m[90m [0m[4;96msklearn[0m[4;96m.[0m[4;96mmetrics[0m[90m [0m[94mimport[0m silhouette_score                                   [31m [0m
[31m────────────────────────────────────────────────────────────────────────────────────────[0m
[1;91mImportError: [0mattempted relative import with no known parent package
[31m──[0m[31m────────────────────────[0m[31m [0m[1;31mTraceback [0m[1;2;31m(most recent call last)[0m[31m [0m[31m─────────────────────────[0m[31m──[0m
[31m [0m [2m/usr/local/lib/python3.12/site-packages/streamlit/runtime/scriptrunner/[0m[1mexec_code.py[0m: [31m [0m
[31m [0m 128 in exec_func_with_error_handling                                                 [31m [0m
[31m [0m                                                                                      [31m [0m
[31m [0m [2m/usr/local/lib/python3.12/site-packages/streamlit/runtime/scriptrunner/[0m[1mscript_runner[0m [31m [0m
[31m [0m [1m.py[0m:669 in code_to_exec                                                              [31m [0m
[31m [0m                                                                                      [31m [0m
[31m [0m [2m/home/user/webapp/[0m[1mstreamlit_app.py[0m:1280 in <module>                                  [31m [0m
[31m [0m                                                                                      [31m [0m
[31m [0m   [2m1277 [0m[2m│   │   │   [0mst.sidebar.markdown([33mf[0m[33m"[0m[33m**[0m[33m{[0mcategory[33m}[0m[33m:** [0m[33m{[0m[96mlen[0m(questions)[33m}[0m[33m questions[0m[33m"[0m [31m [0m
[31m [0m   [2m1278 [0m                                                                              [31m [0m
[31m [0m   [2m1279 [0m[94mif[0m [91m__name__[0m == [33m"[0m[33m__main__[0m[33m"[0m:                                                    [31m [0m
[31m [0m [31m❱ [0m1280 [2m│   [0m[1;4mmain()[0m                                                                    [31m [0m
[31m [0m   [2m1281 [0m                                                                              [31m [0m
[31m [0m                                                                                      [31m [0m
[31m [0m [2m/home/user/webapp/[0m[1mstreamlit_app.py[0m:1004 in main                                      [31m [0m
[31m [0m                                                                                      [31m [0m
[31m [0m   [2m1001 [0m[2;33m│   [0m[33m"""[0m, unsafe_allow_html=[94mTrue[0m)                                              [31m [0m
[31m [0m   [2m1002 [0m[2m│   [0m                                                                          [31m [0m
[31m [0m   [2m1003 [0m[2m│   [0m[2m# Load data[0m                                                               [31m [0m
[31m [0m [31m❱ [0m1004 [2m│   [0mprocessor, analytics, df = [1;4mload_survey_data()[0m                             [31m [0m
[31m [0m   [2m1005 [0m[2m│   [0m                                                                          [31m [0m
[31m [0m   [2m1006 [0m[2m│   [0m[94mif[0m df [95mis[0m [94mNone[0m:                                                            [31m [0m
[31m [0m   [2m1007 [0m[2m│   │   [0mst.error([33m"[0m[33mCould not load survey data. Please check the data file.[0m[33m"[0m)   [31m [0m
[31m [0m                                                                                      [31m [0m
[31m [0m [2m/usr/local/lib/python3.12/site-packages/streamlit/runtime/caching/[0m[1mcache_utils.py[0m:227 [31m [0m
[31m [0m in __call__                                                                          [31m [0m
[31m [0m                                                                                      [31m [0m
[31m [0m [2m/usr/local/lib/python3.12/site-packages/streamlit/runtime/caching/[0m[1mcache_utils.py[0m:251 [31m [0m
[31m [0m in _get_or_create_cached_value                                                       [31m [0m
[31m [0m                                                                                      [31m [0m
[31m [0m [2m/usr/local/lib/python3.12/site-packages/streamlit/runtime/caching/[0m[1mcache_data_api.py[0m: [31m [0m
[31m [0m 651 in read_result                                                                   [31m [0m
[31m────────────────────────────────────────────────────────────────────────────────────────[0m
[1;91mKeyError: [0m[32m'optimized_analytics'[0m
[31m──[0m[31m────────────────────────[0m[31m [0m[1;31mTraceback [0m[1;2;31m(most recent call last)[0m[31m [0m[31m─────────────────────────[0m[31m──[0m
[31m [0m [2m/usr/local/lib/python3.12/site-packages/streamlit/runtime/scriptrunner/[0m[1mexec_code.py[0m: [31m [0m
[31m [0m 128 in exec_func_with_error_handling                                                 [31m [0m
[31m [0m                                                                                      [31m [0m
[31m [0m [2m/usr/local/lib/python3.12/site-packages/streamlit/runtime/scriptrunner/[0m[1mscript_runner[0m [31m [0m
[31m [0m [1m.py[0m:669 in code_to_exec                                                              [31m [0m
[31m [0m                                                                                      [31m [0m
[31m [0m [2m/home/user/webapp/[0m[1mstreamlit_app.py[0m:1280 in <module>                                  [31m [0m
[31m [0m                                                                                      [31m [0m
[31m [0m   [2m1277 [0m[2m│   │   │   [0mst.sidebar.markdown([33mf[0m[33m"[0m[33m**[0m[33m{[0mcategory[33m}[0m[33m:** [0m[33m{[0m[96mlen[0m(questions)[33m}[0m[33m questions[0m[33m"[0m [31m [0m
[31m [0m   [2m1278 [0m                                                                              [31m [0m
[31m [0m   [2m1279 [0m[94mif[0m [91m__name__[0m == [33m"[0m[33m__main__[0m[33m"[0m:                                                    [31m [0m
[31m [0m [31m❱ [0m1280 [2m│   [0m[1;4mmain()[0m                                                                    [31m [0m
[31m [0m   [2m1281 [0m                                                                              [31m [0m
[31m [0m                                                                                      [31m [0m
[31m [0m [2m/home/user/webapp/[0m[1mstreamlit_app.py[0m:1004 in main                                      [31m [0m
[31m [0m                                                                                      [31m [0m
[31m [0m   [2m1001 [0m[2;33m│   [0m[33m"""[0m, unsafe_allow_html=[94mTrue[0m)                                              [31m [0m
[31m [0m   [2m1002 [0m[2m│   [0m                                                                          [31m [0m
[31m [0m   [2m1003 [0m[2m│   [0m[2m# Load data[0m                                                               [31m [0m
[31m [0m [31m❱ [0m1004 [2m│   [0mprocessor, analytics, df = [1;4mload_survey_data()[0m                             [31m [0m
[31m [0m   [2m1005 [0m[2m│   [0m                                                                          [31m [0m
[31m [0m   [2m1006 [0m[2m│   [0m[94mif[0m df [95mis[0m [94mNone[0m:                                                            [31m [0m
[31m [0m   [2m1007 [0m[2m│   │   [0mst.error([33m"[0m[33mCould not load survey data. Please check the data file.[0m[33m"[0m)   [31m [0m
[31m [0m                                                                                      [31m [0m
[31m [0m [2m/usr/local/lib/python3.12/site-packages/streamlit/runtime/caching/[0m[1mcache_utils.py[0m:227 [31m [0m
[31m [0m in __call__                                                                          [31m [0m
[31m [0m                                                                                      [31m [0m
[31m [0m [2m/usr/local/lib/python3.12/site-packages/streamlit/runtime/caching/[0m[1mcache_utils.py[0m:251 [31m [0m
[31m [0m in _get_or_create_cached_value                                                       [31m [0m
[31m [0m                                                                                      [31m [0m
[31m [0m [2m/usr/local/lib/python3.12/site-packages/streamlit/runtime/caching/[0m[1mcache_data_api.py[0m: [31m [0m
[31m [0m 651 in read_result                                                                   [31m [0m
[31m [0m                                                                                      [31m [0m
[31m [0m [2m/home/user/webapp/backend/app/[0m[1moptimized_analytics.py[0m:14 in <module>                  [31m [0m
[31m [0m                                                                                      [31m [0m
[31m [0m   [2m 11 [0m[94mimport[0m[90m [0m[4;96mtime[0m                                                                    [31m [0m
[31m [0m   [2m 12 [0m[94mfrom[0m[90m [0m[4;96mfunctools[0m[90m [0m[94mimport[0m lru_cache                                                [31m [0m
[31m [0m   [2m 13 [0m[94mimport[0m[90m [0m[4;96mhashlib[0m                                                                 [31m [0m
[31m [0m [31m❱ [0m 14 [1;4;94mfrom[0m[1;4;90m [0m[1;4;96m.[0m[1;4;96mcorrected_data_processor[0m[1;4;90m [0m[1;4;94mimport[0m[1;4m CorrectedSurveyDataProcessor[0m             [31m [0m
[31m [0m   [2m 15 [0m[94mfrom[0m[90m [0m[4;96msklearn[0m[4;96m.[0m[4;96mfeature_extraction[0m[4;96m.[0m[4;96mtext[0m[90m [0m[94mimport[0m TfidfVectorizer                    [31m [0m
[31m [0m   [2m 16 [0m[94mfrom[0m[90m [0m[4;96msklearn[0m[4;96m.[0m[4;96mcluster[0m[90m [0m[94mimport[0m KMeans                                             [31m [0m
[31m [0m   [2m 17 [0m[94mfrom[0m[90m [0m[4;96msklearn[0m[4;96m.[0m[4;96mmetrics[0m[90m [0m[94mimport[0m silhouette_score                                   [31m [0m
[31m────────────────────────────────────────────────────────────────────────────────────────[0m
[1;91mImportError: [0mattempted relative import with no known parent package
✅ Imported FixedMultiResponseProcessor (lazy loading version)
Warning: Could not import OptimizedOSNAnalytics or Config: attempted relative import with no known parent package
Will proceed without advanced analytics
[31m──[0m[31m────────────────────────[0m[31m [0m[1;31mTraceback [0m[1;2;31m(most recent call last)[0m[31m [0m[31m─────────────────────────[0m[31m──[0m
[31m [0m [2m/usr/local/lib/python3.12/site-packages/streamlit/runtime/scriptrunner/[0m[1mexec_code.py[0m: [31m [0m
[31m [0m 128 in exec_func_with_error_handling                                                 [31m [0m
[31m [0m                                                                                      [31m [0m
[31m [0m [2m/usr/local/lib/python3.12/site-packages/streamlit/runtime/scriptrunner/[0m[1mscript_runner[0m [31m [0m
[31m [0m [1m.py[0m:669 in code_to_exec                                                              [31m [0m
[31m [0m                                                                                      [31m [0m
[31m [0m [2m/home/user/webapp/[0m[1mstreamlit_app.py[0m:1280 in <module>                                  [31m [0m
[31m [0m                                                                                      [31m [0m
[31m [0m   [2m1277 [0m[2m│   │   │   [0mst.sidebar.markdown([33mf[0m[33m"[0m[33m**[0m[33m{[0mcategory[33m}[0m[33m:** [0m[33m{[0m[96mlen[0m(questions)[33m}[0m[33m questions[0m[33m"[0m [31m [0m
[31m [0m   [2m1278 [0m                                                                              [31m [0m
[31m [0m   [2m1279 [0m[94mif[0m [91m__name__[0m == [33m"[0m[33m__main__[0m[33m"[0m:                                                    [31m [0m
[31m [0m [31m❱ [0m1280 [2m│   [0m[1;4mmain()[0m                                                                    [31m [0m
[31m [0m   [2m1281 [0m                                                                              [31m [0m
[31m [0m                                                                                      [31m [0m
[31m [0m [2m/home/user/webapp/[0m[1mstreamlit_app.py[0m:1004 in main                                      [31m [0m
[31m [0m                                                                                      [31m [0m
[31m [0m   [2m1001 [0m[2;33m│   [0m[33m"""[0m, unsafe_allow_html=[94mTrue[0m)                                              [31m [0m
[31m [0m   [2m1002 [0m[2m│   [0m                                                                          [31m [0m
[31m [0m   [2m1003 [0m[2m│   [0m[2m# Load data[0m                                                               [31m [0m
[31m [0m [31m❱ [0m1004 [2m│   [0mprocessor, analytics, df = [1;4mload_survey_data()[0m                             [31m [0m
[31m [0m   [2m1005 [0m[2m│   [0m                                                                          [31m [0m
[31m [0m   [2m1006 [0m[2m│   [0m[94mif[0m df [95mis[0m [94mNone[0m:                                                            [31m [0m
[31m [0m   [2m1007 [0m[2m│   │   [0mst.error([33m"[0m[33mCould not load survey data. Please check the data file.[0m[33m"[0m)   [31m [0m
[31m [0m                                                                                      [31m [0m
[31m [0m [2m/usr/local/lib/python3.12/site-packages/streamlit/runtime/caching/[0m[1mcache_utils.py[0m:227 [31m [0m
[31m [0m in __call__                                                                          [31m [0m
[31m [0m                                                                                      [31m [0m
[31m [0m [2m/usr/local/lib/python3.12/site-packages/streamlit/runtime/caching/[0m[1mcache_utils.py[0m:251 [31m [0m
[31m [0m in _get_or_create_cached_value                                                       [31m [0m
[31m [0m                                                                                      [31m [0m
[31m [0m [2m/usr/local/lib/python3.12/site-packages/streamlit/runtime/caching/[0m[1mcache_data_api.py[0m: [31m [0m
[31m [0m 651 in read_result                                                                   [31m [0m
[31m [0m                                                                                      [31m [0m
[31m [0m [2m/home/user/webapp/backend/app/[0m[1moptimized_analytics.py[0m:14 in <module>                  [31m [0m
[31m [0m                                                                                      [31m [0m
[31m [0m   [2m 11 [0m[94mimport[0m[90m [0m[4;96mtime[0m                                                                    [31m [0m
[31m [0m   [2m 12 [0m[94mfrom[0m[90m [0m[4;96mfunctools[0m[90m [0m[94mimport[0m lru_cache                                                [31m [0m
[31m [0m   [2m 13 [0m[94mimport[0m[90m [0m[4;96mhashlib[0m                                                                 [31m [0m
[31m [0m [31m❱ [0m 14 [1;4;94mfrom[0m[1;4;90m [0m[1;4;96m.[0m[1;4;96mcorrected_data_processor[0m[1;4;90m [0m[1;4;94mimport[0m[1;4m CorrectedSurveyDataProcessor[0m             [31m [0m
[31m [0m   [2m 15 [0m[94mfrom[0m[90m [0m[4;96msklearn[0m[4;96m.[0m[4;96mfeature_extraction[0m[4;96m.[0m[4;96mtext[0m[90m [0m[94mimport[0m TfidfVectorizer                    [31m [0m
[31m [0m   [2m 16 [0m[94mfrom[0m[90m [0m[4;96msklearn[0m[4;96m.[0m[4;96mcluster[0m[90m [0m[94mimport[0m KMeans                                             [31m [0m
[31m [0m   [2m 17 [0m[94mfrom[0m[90m [0m[4;96msklearn[0m[4;96m.[0m[4;96mmetrics[0m[90m [0m[94mimport[0m silhouette_score                                   [31m [0m
[31m────────────────────────────────────────────────────────────────────────────────────────[0m
[1;91mImportError: [0mattempted relative import with no known parent package
✅ Imported FixedMultiResponseProcessor (lazy loading version)
Warning: Could not import OptimizedOSNAnalytics or Config: attempted relative import with no known parent package
Will proceed without advanced analytics
[31m──[0m[31m────────────────────────[0m[31m [0m[1;31mTraceback [0m[1;2;31m(most recent call last)[0m[31m [0m[31m─────────────────────────[0m[31m──[0m
[31m [0m [2m/usr/local/lib/python3.12/site-packages/streamlit/runtime/scriptrunner/[0m[1mexec_code.py[0m: [31m [0m
[31m [0m 128 in exec_func_with_error_handling                                                 [31m [0m
[31m [0m                                                                                      [31m [0m
[31m [0m [2m/usr/local/lib/python3.12/site-packages/streamlit/runtime/scriptrunner/[0m[1mscript_runner[0m [31m [0m
[31m [0m [1m.py[0m:669 in code_to_exec                                                              [31m [0m
[31m [0m                                                                                      [31m [0m
[31m [0m [2m/home/user/webapp/[0m[1mstreamlit_app.py[0m:1280 in <module>                                  [31m [0m
[31m [0m                                                                                      [31m [0m
[31m [0m   [2m1277 [0m[2m│   │   │   [0mst.sidebar.markdown([33mf[0m[33m"[0m[33m**[0m[33m{[0mcategory[33m}[0m[33m:** [0m[33m{[0m[96mlen[0m(questions)[33m}[0m[33m questions[0m[33m"[0m [31m [0m
[31m [0m   [2m1278 [0m                                                                              [31m [0m
[31m [0m   [2m1279 [0m[94mif[0m [91m__name__[0m == [33m"[0m[33m__main__[0m[33m"[0m:                                                    [31m [0m
[31m [0m [31m❱ [0m1280 [2m│   [0m[1;4mmain()[0m                                                                    [31m [0m
[31m [0m   [2m1281 [0m                                                                              [31m [0m
[31m [0m                                                                                      [31m [0m
[31m [0m [2m/home/user/webapp/[0m[1mstreamlit_app.py[0m:1004 in main                                      [31m [0m
[31m [0m                                                                                      [31m [0m
[31m [0m   [2m1001 [0m[2;33m│   [0m[33m"""[0m, unsafe_allow_html=[94mTrue[0m)                                              [31m [0m
[31m [0m   [2m1002 [0m[2m│   [0m                                                                          [31m [0m
[31m [0m   [2m1003 [0m[2m│   [0m[2m# Load data[0m                                                               [31m [0m
[31m [0m [31m❱ [0m1004 [2m│   [0mprocessor, analytics, df = [1;4mload_survey_data()[0m                             [31m [0m
[31m [0m   [2m1005 [0m[2m│   [0m                                                                          [31m [0m
[31m [0m   [2m1006 [0m[2m│   [0m[94mif[0m df [95mis[0m [94mNone[0m:                                                            [31m [0m
[31m [0m   [2m1007 [0m[2m│   │   [0mst.error([33m"[0m[33mCould not load survey data. Please check the data file.[0m[33m"[0m)   [31m [0m
[31m [0m                                                                                      [31m [0m
[31m [0m [2m/usr/local/lib/python3.12/site-packages/streamlit/runtime/caching/[0m[1mcache_utils.py[0m:227 [31m [0m
[31m [0m in __call__                                                                          [31m [0m
[31m [0m                                                                                      [31m [0m
[31m [0m [2m/usr/local/lib/python3.12/site-packages/streamlit/runtime/caching/[0m[1mcache_utils.py[0m:251 [31m [0m
[31m [0m in _get_or_create_cached_value                                                       [31m [0m
[31m [0m                                                                                      [31m [0m
[31m [0m [2m/usr/local/lib/python3.12/site-packages/streamlit/runtime/caching/[0m[1mcache_data_api.py[0m: [31m [0m
[31m [0m 651 in read_result                                                                   [31m [0m
[31m [0m                                                                                      [31m [0m
[31m [0m [2m/home/user/webapp/backend/app/[0m[1moptimized_analytics.py[0m:14 in <module>                  [31m [0m
[31m [0m                                                                                      [31m [0m
[31m [0m   [2m 11 [0m[94mimport[0m[90m [0m[4;96mtime[0m                                                                    [31m [0m
[31m [0m   [2m 12 [0m[94mfrom[0m[90m [0m[4;96mfunctools[0m[90m [0m[94mimport[0m lru_cache                                                [31m [0m
[31m [0m   [2m 13 [0m[94mimport[0m[90m [0m[4;96mhashlib[0m                                                                 [31m [0m
[31m [0m [31m❱ [0m 14 [1;4;94mfrom[0m[1;4;90m [0m[1;4;96m.[0m[1;4;96mcorrected_data_processor[0m[1;4;90m [0m[1;4;94mimport[0m[1;4m CorrectedSurveyDataProcessor[0m             [31m [0m
[31m [0m   [2m 15 [0m[94mfrom[0m[90m [0m[4;96msklearn[0m[4;96m.[0m[4;96mfeature_extraction[0m[4;96m.[0m[4;96mtext[0m[90m [0m[94mimport[0m TfidfVectorizer                    [31m [0m
[31m [0m   [2m 16 [0m[94mfrom[0m[90m [0m[4;96msklearn[0m[4;96m.[0m[4;96mcluster[0m[90m [0m[94mimport[0m KMeans                                             [31m [0m
[31m [0m   [2m 17 [0m[94mfrom[0m[90m [0m[4;96msklearn[0m[4;96m.[0m[4;96mmetrics[0m[90m [0m[94mimport[0m silhouette_score                                   [31m [0m
[31m────────────────────────────────────────────────────────────────────────────────────────[0m
[1;91mImportError: [0mattempted relative import with no known parent package
✅ Imported FixedMultiResponseProcessor (lazy loading version)
✅ Imported OptimizedOSNAnalytics and Config
✅ Imported FixedMultiResponseProcessor (lazy loading version)
✅ Imported OptimizedOSNAnalytics and Config
✅ Imported FixedMultiResponseProcessor (lazy loading version)
✅ Imported OptimizedOSNAnalytics and Config
✅ Imported FixedMultiResponseProcessor (lazy loading version)
✅ Imported OptimizedOSNAnalytics and Config
✅ Imported FixedMultiResponseProcessor (lazy loading version)
✅ Imported FixedMultiResponseProcessor (lazy loading version)
✅ Imported OptimizedOSNAnalytics and Config
✅ Imported OptimizedOSNAnalytics and Config
✅ Imported FixedMultiResponseProcessor (lazy loading version)
✅ Imported OptimizedOSNAnalytics and Config
[31m──[0m[31m────────────────────────[0m[31m [0m[1;31mTraceback [0m[1;2;31m(most recent call last)[0m[31m [0m[31m─────────────────────────[0m[31m──[0m
[31m [0m [2m/usr/local/lib/python3.12/site-packages/streamlit/runtime/scriptrunner/[0m[1mexec_code.py[0m: [31m [0m
[31m [0m 128 in exec_func_with_error_handling                                                 [31m [0m
[31m [0m                                                                                      [31m [0m
[31m [0m [2m/usr/local/lib/python3.12/site-packages/streamlit/runtime/scriptrunner/[0m[1mscript_runner[0m [31m [0m
[31m [0m [1m.py[0m:669 in code_to_exec                                                              [31m [0m
[31m [0m                                                                                      [31m [0m
[31m [0m [2m/home/user/webapp/[0m[1mstreamlit_app.py[0m:23 in <module>                                    [31m [0m
[31m [0m                                                                                      [31m [0m
[31m [0m   [2m  20 [0m                                                                              [31m [0m
[31m [0m   [2m  21 [0m[2m# Import processors[0m                                                           [31m [0m
[31m [0m   [2m  22 [0m[94mtry[0m:                                                                          [31m [0m
[31m [0m [31m❱ [0m  23 [2m│   [0m[94mfrom[0m[90m [0m[4;96mfixed_multiresponse_processor_lazy[0m[90m [0m[94mimport[0m FixedMultiResponseProcesso [31m [0m
[31m [0m   [2m  24 [0m[2m│   [0m[96mprint[0m([33m"[0m[33m✅ Imported FixedMultiResponseProcessor (lazy loading version)[0m[33m"[0m)   [31m [0m
[31m [0m   [2m  25 [0m[1;4;94mexcept[0m[1;4m [0m[1;4;96mImportError[0m[1;4m [0m[1;4;94mas[0m[1;4m e:[0m                                                      [31m [0m
[31m [0m   [2m  26 [0m[2m│   [0m[1;4mst.error([0m[1;4;33mf[0m[1;4;33m"[0m[1;4;33mCould not import FixedMultiResponseProcessor: [0m[1;4;33m{[0m[1;4me[0m[1;4;33m}[0m[1;4;33m"[0m[1;4m)[0m            [31m [0m
[31m [0m in _find_and_load:1360                                                               [31m [0m
[31m [0m in _find_and_load_unlocked:1331                                                      [31m [0m
[31m [0m in _load_unlocked:946                                                                [31m [0m
[31m────────────────────────────────────────────────────────────────────────────────────────[0m
[1;91mKeyError: [0m[32m'fixed_multiresponse_processor_lazy'[0m
✅ Imported FixedMultiResponseProcessor (lazy loading version)
✅ Imported FixedMultiResponseProcessor (lazy loading version)
✅ Imported OptimizedOSNAnalytics and Config
✅ Imported OptimizedOSNAnalytics and Config
✅ Imported FixedMultiResponseProcessor (lazy loading version)
✅ Imported FixedMultiResponseProcessor (lazy loading version)
[31m──[0m[31m────────────────────────[0m[31m [0m[1;31mTraceback [0m[1;2;31m(most recent call last)[0m[31m [0m[31m─────────────────────────[0m[31m──[0m
[31m [0m [2m/usr/local/lib/python3.12/site-packages/streamlit/runtime/scriptrunner/[0m[1mexec_code.py[0m: [31m [0m
[31m [0m 128 in exec_func_with_error_handling                                                 [31m [0m
[31m [0m                                                                                      [31m [0m
[31m [0m [2m/usr/local/lib/python3.12/site-packages/streamlit/runtime/scriptrunner/[0m[1mscript_runner[0m [31m [0m
[31m [0m [1m.py[0m:669 in code_to_exec                                                              [31m [0m
[31m [0m                                                                                      [31m [0m
[31m [0m [2m/home/user/webapp/[0m[1mstreamlit_app.py[0m:34 in <module>                                    [31m [0m
[31m [0m                                                                                      [31m [0m
[31m [0m   [2m  31 [0mConfig = [94mNone[0m                                                                 [31m [0m
[31m [0m   [2m  32 [0m                                                                              [31m [0m
[31m [0m   [2m  33 [0m[94mtry[0m:                                                                          [31m [0m
[31m [0m [31m❱ [0m  34 [2m│   [0m[94mfrom[0m[90m [0m[4;96moptimized_analytics[0m[90m [0m[94mimport[0m OptimizedOSNAnalytics                     [31m [0m
[31m [0m   [2m  35 [0m[2m│   [0m[94mfrom[0m[90m [0m[4;96mconfig[0m[90m [0m[94mimport[0m Config                                                 [31m [0m
[31m [0m   [2m  36 [0m[2m│   [0m[96mprint[0m([33m"[0m[33m✅ Imported OptimizedOSNAnalytics and Config[0m[33m"[0m)                     [31m [0m
[31m [0m   [2m  37 [0m[1;4;94mexcept[0m[1;4m [0m[1;4;96mImportError[0m[1;4m:[0m                                                           [31m [0m
[31m [0m in _find_and_load:1360                                                               [31m [0m
[31m [0m in _find_and_load_unlocked:1331                                                      [31m [0m
[31m [0m in _load_unlocked:946                                                                [31m [0m
[31m────────────────────────────────────────────────────────────────────────────────────────[0m
[1;91mKeyError: [0m[32m'optimized_analytics'[0m
✅ Imported OptimizedOSNAnalytics and Config
✅ Imported FixedMultiResponseProcessor (lazy loading version)
✅ Imported OptimizedOSNAnalytics and Config
✅ Imported FixedMultiResponseProcessor (lazy loading version)
✅ Imported FixedMultiResponseProcessor (lazy loading version)
✅ Imported OptimizedOSNAnalytics and Config
✅ Imported OptimizedOSNAnalytics and Config
✅ Imported FixedMultiResponseProcessor (lazy loading version)
✅ Imported OptimizedOSNAnalytics and Config
[31m──[0m[31m────────────────────────[0m[31m [0m[1;31mTraceback [0m[1;2;31m(most recent call last)[0m[31m [0m[31m─────────────────────────[0m[31m──[0m
[31m [0m [2m/usr/local/lib/python3.12/site-packages/streamlit/runtime/scriptrunner/[0m[1mexec_code.py[0m: [31m [0m
[31m [0m 128 in exec_func_with_error_handling                                                 [31m [0m
[31m [0m                                                                                      [31m [0m
[31m [0m [2m/usr/local/lib/python3.12/site-packages/streamlit/runtime/scriptrunner/[0m[1mscript_runner[0m [31m [0m
[31m [0m [1m.py[0m:669 in code_to_exec                                                              [31m [0m
[31m [0m                                                                                      [31m [0m
[31m [0m [2m/home/user/webapp/[0m[1mstreamlit_app.py[0m:1335 in <module>                                  [31m [0m
[31m [0m                                                                                      [31m [0m
[31m [0m   [2m1332 [0m[2m│   │   │   [0mst.sidebar.markdown([33mf[0m[33m"[0m[33m**[0m[33m{[0mcategory[33m}[0m[33m:** [0m[33m{[0m[96mlen[0m(questions)[33m}[0m[33m questions[0m[33m"[0m [31m [0m
[31m [0m   [2m1333 [0m                                                                              [31m [0m
[31m [0m   [2m1334 [0m[94mif[0m [91m__name__[0m == [33m"[0m[33m__main__[0m[33m"[0m:                                                    [31m [0m
[31m [0m [31m❱ [0m1335 [2m│   [0m[1;4mmain()[0m                                                                    [31m [0m
[31m [0m   [2m1336 [0m                                                                              [31m [0m
[31m [0m                                                                                      [31m [0m
[31m [0m [2m/home/user/webapp/[0m[1mstreamlit_app.py[0m:1004 in main                                      [31m [0m
[31m [0m                                                                                      [31m [0m
[31m [0m   [2m1001 [0m[2;33m│   [0m[33m"""[0m, unsafe_allow_html=[94mTrue[0m)                                              [31m [0m
[31m [0m   [2m1002 [0m[2m│   [0m                                                                          [31m [0m
[31m [0m   [2m1003 [0m[2m│   [0m[2m# Load data[0m                                                               [31m [0m
[31m [0m [31m❱ [0m1004 [2m│   [0mprocessor, analytics, df = [1;4mload_survey_data()[0m                             [31m [0m
[31m [0m   [2m1005 [0m[2m│   [0m                                                                          [31m [0m
[31m [0m   [2m1006 [0m[2m│   [0m[94mif[0m df [95mis[0m [94mNone[0m:                                                            [31m [0m
[31m [0m   [2m1007 [0m[2m│   │   [0mst.error([33m"[0m[33mCould not load survey data. Please check the data file.[0m[33m"[0m)   [31m [0m
[31m [0m                                                                                      [31m [0m
[31m [0m [2m/usr/local/lib/python3.12/site-packages/streamlit/runtime/caching/[0m[1mcache_utils.py[0m:227 [31m [0m
[31m [0m in __call__                                                                          [31m [0m
[31m [0m                                                                                      [31m [0m
[31m [0m [2m/usr/local/lib/python3.12/site-packages/streamlit/runtime/caching/[0m[1mcache_utils.py[0m:251 [31m [0m
[31m [0m in _get_or_create_cached_value                                                       [31m [0m
[31m [0m                                                                                      [31m [0m
[31m [0m [2m/usr/local/lib/python3.12/site-packages/streamlit/runtime/caching/[0m[1mcache_data_api.py[0m: [31m [0m
[31m [0m 651 in read_result                                                                   [31m [0m
[31m [0m in _find_and_load:1360                                                               [31m [0m
[31m [0m in _find_and_load_unlocked:1331                                                      [31m [0m
[31m [0m in _load_unlocked:946                                                                [31m [0m
[31m────────────────────────────────────────────────────────────────────────────────────────[0m
[1;91mKeyError: [0m[32m'optimized_analytics'[0m
✅ Imported FixedMultiResponseProcessor (lazy loading version)
✅ Imported OptimizedOSNAnalytics and Config
✅ Imported FixedMultiResponseProcessor (lazy loading version)
✅ Imported OptimizedOSNAnalytics and Config
✅ Imported FixedMultiResponseProcessor (lazy loading version)
✅ Imported OptimizedOSNAnalytics and Config
✅ Imported FixedMultiResponseProcessor (lazy loading version)
✅ Imported OptimizedOSNAnalytics and Config
✅ Imported FixedMultiResponseProcessor (lazy loading version)
✅ Imported OptimizedOSNAnalytics and Config
✅ Imported FixedMultiResponseProcessor (lazy loading version)
✅ Imported OptimizedOSNAnalytics and Config
✅ Imported FixedMultiResponseProcessor (lazy loading version)
✅ Imported OptimizedOSNAnalytics and Config
✅ Imported FixedMultiResponseProcessor (lazy loading version)
✅ Imported OptimizedOSNAnalytics and Config
✅ Imported FixedMultiResponseProcessor (lazy loading version)
✅ Imported OptimizedOSNAnalytics and Config
[31m──[0m[31m────────────────────────[0m[31m [0m[1;31mTraceback [0m[1;2;31m(most recent call last)[0m[31m [0m[31m─────────────────────────[0m[31m──[0m
[31m [0m [2m/usr/local/lib/python3.12/site-packages/streamlit/runtime/scriptrunner/[0m[1mexec_code.py[0m: [31m [0m
[31m [0m 128 in exec_func_with_error_handling                                                 [31m [0m
[31m [0m                                                                                      [31m [0m
[31m [0m [2m/usr/local/lib/python3.12/site-packages/streamlit/runtime/scriptrunner/[0m[1mscript_runner[0m [31m [0m
[31m [0m [1m.py[0m:669 in code_to_exec                                                              [31m [0m
[31m [0m                                                                                      [31m [0m
[31m [0m [2m/home/user/webapp/[0m[1mstreamlit_app.py[0m:1317 in <module>                                  [31m [0m
[31m [0m                                                                                      [31m [0m
[31m [0m   [2m1314 [0m[2m│   │   │   [0mst.sidebar.markdown([33mf[0m[33m"[0m[33m**[0m[33m{[0mcategory[33m}[0m[33m:** [0m[33m{[0m[96mlen[0m(questions)[33m}[0m[33m questions[0m[33m"[0m [31m [0m
[31m [0m   [2m1315 [0m                                                                              [31m [0m
[31m [0m   [2m1316 [0m[94mif[0m [91m__name__[0m == [33m"[0m[33m__main__[0m[33m"[0m:                                                    [31m [0m
[31m [0m [31m❱ [0m1317 [2m│   [0m[1;4mmain()[0m                                                                    [31m [0m
[31m [0m   [2m1318 [0m                                                                              [31m [0m
[31m [0m                                                                                      [31m [0m
[31m [0m [2m/home/user/webapp/[0m[1mstreamlit_app.py[0m:1271 in main                                      [31m [0m
[31m [0m                                                                                      [31m [0m
[31m [0m   [2m1268 [0m[2m│   [0mfilter_reduction = total_guests - filtered_guests                         [31m [0m
[31m [0m   [2m1269 [0m[2m│   [0mfilter_percentage = (filtered_guests / total_guests * [94m100[0m) [94mif[0m total_guest [31m [0m
[31m [0m   [2m1270 [0m[2m│   [0m                                                                          [31m [0m
[31m [0m [31m❱ [0m1271 [2m│   [0m[94mif[0m [1;4mactive_filters[0m > [94m0[0m:                                                    [31m [0m
[31m [0m   [2m1272 [0m[2m│   │   [0mst.sidebar.markdown([33mf[0m[33m"""[0m                                              [31m [0m
[31m [0m   [2m1273 [0m[2;33m│   │   [0m[33m<div style=[0m[33m"[0m[33mbackground: #28a745; color: white; padding: 1rem; border-[0m [31m [0m
[31m [0m   [2m1274 [0m[2;33m│   │   [0m[33m<strong>🔍 ACTIVE FILTER IMPACT</strong><br>[0m                          [31m [0m
[31m────────────────────────────────────────────────────────────────────────────────────────[0m
[1;91mNameError: [0mname [32m'active_filters'[0m is not defined
✅ Imported FixedMultiResponseProcessor (lazy loading version)
✅ Imported OptimizedOSNAnalytics and Config
[31m──[0m[31m────────────────────────[0m[31m [0m[1;31mTraceback [0m[1;2;31m(most recent call last)[0m[31m [0m[31m─────────────────────────[0m[31m──[0m
[31m [0m [2m/usr/local/lib/python3.12/site-packages/streamlit/runtime/scriptrunner/[0m[1mexec_code.py[0m: [31m [0m
[31m [0m 128 in exec_func_with_error_handling                                                 [31m [0m
[31m [0m                                                                                      [31m [0m
[31m [0m [2m/usr/local/lib/python3.12/site-packages/streamlit/runtime/scriptrunner/[0m[1mscript_runner[0m [31m [0m
[31m [0m [1m.py[0m:669 in code_to_exec                                                              [31m [0m
[31m [0m                                                                                      [31m [0m
[31m [0m [2m/home/user/webapp/[0m[1mstreamlit_app.py[0m:1317 in <module>                                  [31m [0m
[31m [0m                                                                                      [31m [0m
[31m [0m   [2m1314 [0m[2m│   │   │   [0mst.sidebar.markdown([33mf[0m[33m"[0m[33m**[0m[33m{[0mcategory[33m}[0m[33m:** [0m[33m{[0m[96mlen[0m(questions)[33m}[0m[33m questions[0m[33m"[0m [31m [0m
[31m [0m   [2m1315 [0m                                                                              [31m [0m
[31m [0m   [2m1316 [0m[94mif[0m [91m__name__[0m == [33m"[0m[33m__main__[0m[33m"[0m:                                                    [31m [0m
[31m [0m [31m❱ [0m1317 [2m│   [0m[1;4mmain()[0m                                                                    [31m [0m
[31m [0m   [2m1318 [0m                                                                              [31m [0m
[31m [0m                                                                                      [31m [0m
[31m [0m [2m/home/user/webapp/[0m[1mstreamlit_app.py[0m:1271 in main                                      [31m [0m
[31m [0m                                                                                      [31m [0m
[31m [0m   [2m1268 [0m[2m│   [0mfilter_reduction = total_guests - filtered_guests                         [31m [0m
[31m [0m   [2m1269 [0m[2m│   [0mfilter_percentage = (filtered_guests / total_guests * [94m100[0m) [94mif[0m total_guest [31m [0m
[31m [0m   [2m1270 [0m[2m│   [0m                                                                          [31m [0m
[31m [0m [31m❱ [0m1271 [2m│   [0m[94mif[0m [1;4mactive_filters[0m > [94m0[0m:                                                    [31m [0m
[31m [0m   [2m1272 [0m[2m│   │   [0mst.sidebar.markdown([33mf[0m[33m"""[0m                                              [31m [0m
[31m [0m   [2m1273 [0m[2;33m│   │   [0m[33m<div style=[0m[33m"[0m[33mbackground: #28a745; color: white; padding: 1rem; border-[0m [31m [0m
[31m [0m   [2m1274 [0m[2;33m│   │   [0m[33m<strong>🔍 ACTIVE FILTER IMPACT</strong><br>[0m                          [31m [0m
[31m────────────────────────────────────────────────────────────────────────────────────────[0m
[1;91mNameError: [0mname [32m'active_filters'[0m is not defined
✅ Imported FixedMultiResponseProcessor (lazy loading version)
✅ Imported FixedMultiResponseProcessor (lazy loading version)
✅ Imported OptimizedOSNAnalytics and Config
✅ Imported OptimizedOSNAnalytics and Config
✅ Imported FixedMultiResponseProcessor (lazy loading version)
✅ Imported OptimizedOSNAnalytics and Config
✅ Imported FixedMultiResponseProcessor (lazy loading version)
✅ Imported FixedMultiResponseProcessor (lazy loading version)
✅ Imported OptimizedOSNAnalytics and Config
✅ Imported OptimizedOSNAnalytics and Config
✅ Imported FixedMultiResponseProcessor (lazy loading version)
✅ Imported enhanced CSS module
✅ Imported OptimizedOSNAnalytics and Config
✅ Imported FixedMultiResponseProcessor (lazy loading version)
✅ Imported enhanced CSS module
✅ Imported OptimizedOSNAnalytics and Config
✅ Imported FixedMultiResponseProcessor (lazy loading version)
✅ Imported enhanced CSS module
✅ Imported OptimizedOSNAnalytics and Config
✅ Imported FixedMultiResponseProcessor (lazy loading version)
✅ Imported enhanced CSS module
✅ Imported OptimizedOSNAnalytics and Config
✅ Imported FixedMultiResponseProcessor (lazy loading version)
✅ Imported enhanced CSS module
✅ Imported OptimizedOSNAnalytics and Config
✅ Imported FixedMultiResponseProcessor (lazy loading version)
✅ Imported enhanced CSS module
✅ Imported OptimizedOSNAnalytics and Config
✅ Imported FixedMultiResponseProcessor (lazy loading version)
✅ Imported enhanced CSS module
✅ Imported OptimizedOSNAnalytics and Config
✅ Imported FixedMultiResponseProcessor (lazy loading version)
✅ Imported enhanced CSS module
✅ Imported OptimizedOSNAnalytics and Config
✅ Imported FixedMultiResponseProcessor (lazy loading version)
✅ Imported FixedMultiResponseProcessor (lazy loading version)
✅ Imported enhanced CSS module
✅ Imported enhanced CSS module
✅ Imported OptimizedOSNAnalytics and Config
✅ Imported OptimizedOSNAnalytics and Config
✅ Imported FixedMultiResponseProcessor (lazy loading version)
✅ Imported FixedMultiResponseProcessor (lazy loading version)
✅ Imported enhanced CSS module
✅ Imported enhanced CSS module
✅ Imported OptimizedOSNAnalytics and Config
✅ Imported OptimizedOSNAnalytics and Config
✅ Imported FixedMultiResponseProcessor (lazy loading version)
✅ Imported FixedMultiResponseProcessor (lazy loading version)
✅ Imported FixedMultiResponseProcessor (lazy loading version)
✅ Imported enhanced CSS module
✅ Imported enhanced CSS module
✅ Imported enhanced CSS module
✅ Imported OptimizedOSNAnalytics and Config
✅ Imported OptimizedOSNAnalytics and Config
✅ Imported OptimizedOSNAnalytics and Config
✅ Imported FixedMultiResponseProcessor (lazy loading version)
✅ Imported enhanced CSS module
✅ Imported FixedMultiResponseProcessor (lazy loading version)
✅ Imported enhanced CSS module
✅ Imported OptimizedOSNAnalytics and Config
[31m──[0m[31m────────────────────────[0m[31m [0m[1;31mTraceback [0m[1;2;31m(most recent call last)[0m[31m [0m[31m─────────────────────────[0m[31m──[0m
[31m [0m [2m/usr/local/lib/python3.12/site-packages/streamlit/runtime/scriptrunner/[0m[1mexec_code.py[0m: [31m [0m
[31m [0m 128 in exec_func_with_error_handling                                                 [31m [0m
[31m [0m                                                                                      [31m [0m
[31m [0m [2m/usr/local/lib/python3.12/site-packages/streamlit/runtime/scriptrunner/[0m[1mscript_runner[0m [31m [0m
[31m [0m [1m.py[0m:669 in code_to_exec                                                              [31m [0m
[31m [0m                                                                                      [31m [0m
[31m [0m [2m/home/user/webapp/[0m[1mstreamlit_app.py[0m:48 in <module>                                    [31m [0m
[31m [0m                                                                                      [31m [0m
[31m [0m   [2m  45 [0mConfig = [94mNone[0m                                                                 [31m [0m
[31m [0m   [2m  46 [0m                                                                              [31m [0m
[31m [0m   [2m  47 [0m[94mtry[0m:                                                                          [31m [0m
[31m [0m [31m❱ [0m  48 [2m│   [0m[94mfrom[0m[90m [0m[4;96moptimized_analytics[0m[90m [0m[94mimport[0m OptimizedOSNAnalytics                     [31m [0m
[31m [0m   [2m  49 [0m[2m│   [0m[94mfrom[0m[90m [0m[4;96mconfig[0m[90m [0m[94mimport[0m Config                                                 [31m [0m
[31m [0m   [2m  50 [0m[2m│   [0m[96mprint[0m([33m"[0m[33m✅ Imported OptimizedOSNAnalytics and Config[0m[33m"[0m)                     [31m [0m
[31m [0m   [2m  51 [0m[1;4;94mexcept[0m[1;4m [0m[1;4;96mImportError[0m[1;4m:[0m                                                           [31m [0m
[31m [0m in _find_and_load:1360                                                               [31m [0m
[31m [0m in _find_and_load_unlocked:1331                                                      [31m [0m
[31m [0m in _load_unlocked:946                                                                [31m [0m
[31m────────────────────────────────────────────────────────────────────────────────────────[0m
[1;91mKeyError: [0m[32m'optimized_analytics'[0m
✅ Imported FixedMultiResponseProcessor (lazy loading version)
✅ Imported enhanced CSS module
✅ Imported OptimizedOSNAnalytics and Config
✅ Imported FixedMultiResponseProcessor (lazy loading version)
✅ Imported enhanced CSS module
✅ Imported OptimizedOSNAnalytics and Config
✅ Configured Plotly for light theme
✅ Configured Plotly for light theme
✅ Imported FixedMultiResponseProcessor (lazy loading version)
✅ Imported FixedMultiResponseProcessor (lazy loading version)
✅ Configured Plotly for light theme
✅ Imported FixedMultiResponseProcessor (lazy loading version)
✅ Configured Plotly for light theme
✅ Imported FixedMultiResponseProcessor (lazy loading version)
✅ Imported enhanced CSS module
✅ Imported enhanced CSS module
✅ Imported OptimizedOSNAnalytics and Config
✅ Imported enhanced CSS module
✅ Imported OptimizedOSNAnalytics and Config
✅ Imported enhanced CSS module
✅ Imported OptimizedOSNAnalytics and Config
✅ Imported OptimizedOSNAnalytics and Config
✅ Configured Plotly for light theme
✅ Configured Plotly for light theme
✅ Imported FixedMultiResponseProcessor (lazy loading version)
✅ Imported FixedMultiResponseProcessor (lazy loading version)
✅ Imported enhanced CSS module
✅ Imported enhanced CSS module
✅ Imported OptimizedOSNAnalytics and Config
✅ Imported OptimizedOSNAnalytics and Config
✅ Configured Plotly for light theme
✅ Imported FixedMultiResponseProcessor (lazy loading version)
✅ Imported refined light theme module
✅ Imported OptimizedOSNAnalytics and Config
[31m──[0m[31m────────────────────────[0m[31m [0m[1;31mTraceback [0m[1;2;31m(most recent call last)[0m[31m [0m[31m─────────────────────────[0m[31m──[0m
[31m [0m [2m/usr/local/lib/python3.12/site-packages/streamlit/runtime/scriptrunner/[0m[1mexec_code.py[0m: [31m [0m
[31m [0m 128 in exec_func_with_error_handling                                                 [31m [0m
[31m [0m                                                                                      [31m [0m
[31m [0m [2m/usr/local/lib/python3.12/site-packages/streamlit/runtime/scriptrunner/[0m[1mscript_runner[0m [31m [0m
[31m [0m [1m.py[0m:669 in code_to_exec                                                              [31m [0m
[31m [0m                                                                                      [31m [0m
[31m [0m [2m/home/user/webapp/[0m[1mstreamlit_app.py[0m:461 in <module>                                   [31m [0m
[31m [0m                                                                                      [31m [0m
[31m [0m   [2m 458 [0m[2;33m│   [0m[33mheader [0m[33m{[0m[33mvisibility: hidden;}[0m                                              [31m [0m
[31m [0m   [2m 459 [0m[33m</style>[0m                                                                      [31m [0m
[31m [0m   [2m 460 [0m[33m"""[0m, unsafe_allow_html=[94mTrue[0m)                                                  [31m [0m
[31m [0m [31m❱ [0m 461                                                                               [31m [0m
[31m [0m   [2m 462 [0m[2m# Apply enhanced CSS for dropdowns[0m                                            [31m [0m
[31m [0m   [2m 463 [0m[94mif[0m apply_enhanced_css:                                                        [31m [0m
[31m [0m   [2m 464 [0m[2m│   [0mapply_enhanced_css()                                                      [31m [0m
[31m────────────────────────────────────────────────────────────────────────────────────────[0m
[1;91mNameError: [0mname [32m'apply_enhanced_css'[0m is not defined
✅ Configured Plotly for light theme
✅ Imported FixedMultiResponseProcessor (lazy loading version)
✅ Imported refined light theme module
✅ Imported OptimizedOSNAnalytics and Config
[31m──[0m[31m────────────────────────[0m[31m [0m[1;31mTraceback [0m[1;2;31m(most recent call last)[0m[31m [0m[31m─────────────────────────[0m[31m──[0m
[31m [0m [2m/usr/local/lib/python3.12/site-packages/streamlit/runtime/scriptrunner/[0m[1mexec_code.py[0m: [31m [0m
[31m [0m 128 in exec_func_with_error_handling                                                 [31m [0m
[31m [0m                                                                                      [31m [0m
[31m [0m [2m/usr/local/lib/python3.12/site-packages/streamlit/runtime/scriptrunner/[0m[1mscript_runner[0m [31m [0m
[31m [0m [1m.py[0m:669 in code_to_exec                                                              [31m [0m
[31m [0m                                                                                      [31m [0m
[31m [0m [2m/home/user/webapp/[0m[1mstreamlit_app.py[0m:461 in <module>                                   [31m [0m
[31m [0m                                                                                      [31m [0m
[31m [0m   [2m 458 [0m[33m"""[0m, unsafe_allow_html=[94mTrue[0m)                                                  [31m [0m
[31m [0m   [2m 459 [0m                                                                              [31m [0m
[31m [0m   [2m 460 [0m[2m# Apply enhanced CSS for dropdowns[0m                                            [31m [0m
[31m [0m [31m❱ [0m 461 [94mif[0m [1;4mapply_enhanced_css[0m:                                                        [31m [0m
[31m [0m   [2m 462 [0m[2m│   [0mapply_enhanced_css()                                                      [31m [0m
[31m [0m   [2m 463 [0m                                                                              [31m [0m
[31m [0m   [2m 464 [0m[2m# Apply nuclear light theme (aggressive dark theme killer)[0m                    [31m [0m
[31m────────────────────────────────────────────────────────────────────────────────────────[0m
[1;91mNameError: [0mname [32m'apply_enhanced_css'[0m is not defined
✅ Configured Plotly for light theme
✅ Imported FixedMultiResponseProcessor (lazy loading version)
✅ Imported refined light theme module
✅ Imported OptimizedOSNAnalytics and Config
[31m──[0m[31m────────────────────────[0m[31m [0m[1;31mTraceback [0m[1;2;31m(most recent call last)[0m[31m [0m[31m─────────────────────────[0m[31m──[0m
[31m [0m [2m/usr/local/lib/python3.12/site-packages/streamlit/runtime/scriptrunner/[0m[1mexec_code.py[0m: [31m [0m
[31m [0m 128 in exec_func_with_error_handling                                                 [31m [0m
[31m [0m                                                                                      [31m [0m
[31m [0m [2m/usr/local/lib/python3.12/site-packages/streamlit/runtime/scriptrunner/[0m[1mscript_runner[0m [31m [0m
[31m [0m [1m.py[0m:669 in code_to_exec                                                              [31m [0m
[31m [0m                                                                                      [31m [0m
[31m [0m [2m/home/user/webapp/[0m[1mstreamlit_app.py[0m:424 in <module>                                   [31m [0m
[31m [0m                                                                                      [31m [0m
[31m [0m   [2m 421 [0m[2;33m│   [0m[33m.pattern-box [0m[33m{[0m                                                            [31m [0m
[31m [0m   [2m 422 [0m[2;33m│   │   [0m[33mbackground: #e8f5e8;[0m                                                  [31m [0m
[31m [0m   [2m 423 [0m[2;33m│   │   [0m[33mborder-left: 4px solid #28a745;[0m                                       [31m [0m
[31m [0m [31m❱ [0m 424 [2;33m│  [0m[1;2;4;33m │   [0m[1;4;33mpadding: 1rem[0m[33m;[0m                                                        [31m [0m
[31m [0m   [2m 425 [0m[2;33m│   │   [0m[33mmargin: 1rem 0;[0m                                                       [31m [0m
[31m [0m   [2m 426 [0m[2;33m│   │   [0m[33mborder-radius: 5px;[0m                                                   [31m [0m
[31m [0m   [2m 427 [0m[2;33m│   [0m[33m}[0m                                                                         [31m [0m
[31m────────────────────────────────────────────────────────────────────────────────────────[0m
[1;91mNameError: [0mname [32m'apply_enhanced_css'[0m is not defined
✅ Configured Plotly for light theme
✅ Imported FixedMultiResponseProcessor (lazy loading version)
✅ Imported refined light theme module
✅ Imported OptimizedOSNAnalytics and Config
[31m──[0m[31m────────────────────────[0m[31m [0m[1;31mTraceback [0m[1;2;31m(most recent call last)[0m[31m [0m[31m─────────────────────────[0m[31m──[0m
[31m [0m [2m/usr/local/lib/python3.12/site-packages/streamlit/runtime/scriptrunner/[0m[1mexec_code.py[0m: [31m [0m
[31m [0m 128 in exec_func_with_error_handling                                                 [31m [0m
[31m [0m                                                                                      [31m [0m
[31m [0m [2m/usr/local/lib/python3.12/site-packages/streamlit/runtime/scriptrunner/[0m[1mscript_runner[0m [31m [0m
[31m [0m [1m.py[0m:669 in code_to_exec                                                              [31m [0m
[31m [0m                                                                                      [31m [0m
[31m [0m [2m/home/user/webapp/[0m[1mstreamlit_app.py[0m:424 in <module>                                   [31m [0m
[31m [0m                                                                                      [31m [0m
[31m [0m   [2m 421 [0m[33m"""[0m, unsafe_allow_html=[94mTrue[0m)                                                  [31m [0m
[31m [0m   [2m 422 [0m                                                                              [31m [0m
[31m [0m   [2m 423 [0m[2m# Apply enhanced CSS for dropdowns[0m                                            [31m [0m
[31m [0m [31m❱ [0m 424 [94mif[0m [1;4mapply_enhanced_css[0m:                                                        [31m [0m
[31m [0m   [2m 425 [0m[2m│   [0mapply_enhanced_css()                                                      [31m [0m
[31m [0m   [2m 426 [0m                                                                              [31m [0m
[31m [0m   [2m 427 [0m[2m# Apply nuclear light theme (aggressive dark theme killer)[0m                    [31m [0m
[31m────────────────────────────────────────────────────────────────────────────────────────[0m
[1;91mNameError: [0mname [32m'apply_enhanced_css'[0m is not defined
✅ Configured Plotly for light theme
✅ Imported FixedMultiResponseProcessor (lazy loading version)
✅ Imported refined light theme module
✅ Configured Plotly for light theme
✅ Imported FixedMultiResponseProcessor (lazy loading version)
✅ Imported refined light theme module
✅ Imported OptimizedOSNAnalytics and Config
✅ Imported OptimizedOSNAnalytics and Config
✅ Configured Plotly for light theme
✅ Imported FixedMultiResponseProcessor (lazy loading version)
✅ Imported refined light theme module
✅ Imported OptimizedOSNAnalytics and Config
✅ Configured Plotly for light theme
✅ Imported FixedMultiResponseProcessor (lazy loading version)
✅ Imported refined light theme module
✅ Imported OptimizedOSNAnalytics and Config
✅ Configured Plotly for light theme
✅ Imported FixedMultiResponseProcessor (lazy loading version)
✅ Imported refined light theme module
✅ Imported OptimizedOSNAnalytics and Config
✅ Configured Plotly for light theme
✅ Imported FixedMultiResponseProcessor (lazy loading version)
✅ Imported refined light theme module
✅ Imported OptimizedOSNAnalytics and Config
✅ Configured Plotly for light theme
✅ Imported FixedMultiResponseProcessor (lazy loading version)
✅ Imported refined light theme module
✅ Imported OptimizedOSNAnalytics and Config
✅ Configured Plotly for light theme
✅ Imported FixedMultiResponseProcessor (lazy loading version)
✅ Imported refined light theme module
✅ Imported OptimizedOSNAnalytics and Config
✅ Configured Plotly for light theme
✅ Imported FixedMultiResponseProcessor (lazy loading version)
✅ Imported refined light theme module
✅ Imported OptimizedOSNAnalytics and Config
✅ Configured Plotly for light theme
✅ Imported FixedMultiResponseProcessor (lazy loading version)
✅ Imported refined light theme module
✅ Imported OptimizedOSNAnalytics and Config
✅ Configured Plotly for light theme
✅ Imported FixedMultiResponseProcessor (lazy loading version)
✅ Imported refined light theme module
✅ Imported OptimizedOSNAnalytics and Config
✅ Configured Plotly for light theme
✅ Imported FixedMultiResponseProcessor (lazy loading version)
✅ Imported refined light theme module
✅ Imported OptimizedOSNAnalytics and Config
✅ Configured Plotly for light theme
✅ Imported FixedMultiResponseProcessor (lazy loading version)
✅ Imported refined light theme module
✅ Imported OptimizedOSNAnalytics and Config
✅ Configured Plotly for light theme
✅ Imported FixedMultiResponseProcessor (lazy loading version)
✅ Imported refined light theme module
✅ Imported OptimizedOSNAnalytics and Config
✅ Configured Plotly for light theme
✅ Imported FixedMultiResponseProcessor (lazy loading version)
✅ Imported refined light theme module
✅ Imported OptimizedOSNAnalytics and Config
[31m──[0m[31m────────────────────────[0m[31m [0m[1;31mTraceback [0m[1;2;31m(most recent call last)[0m[31m [0m[31m─────────────────────────[0m[31m──[0m
[31m [0m [2m/usr/local/lib/python3.12/site-packages/streamlit/runtime/scriptrunner/[0m[1mexec_code.py[0m: [31m [0m
[31m [0m 128 in exec_func_with_error_handling                                                 [31m [0m
[31m [0m                                                                                      [31m [0m
[31m [0m [2m/usr/local/lib/python3.12/site-packages/streamlit/runtime/scriptrunner/[0m[1mscript_runner[0m [31m [0m
[31m [0m [1m.py[0m:669 in code_to_exec                                                              [31m [0m
[31m [0m                                                                                      [31m [0m
[31m [0m [2m/home/user/webapp/[0m[1mstreamlit_app.py[0m:85 in <module>                                    [31m [0m
[31m [0m                                                                                      [31m [0m
[31m [0m   [2m  82 [0m[2m│   [0mapply_refined_light_theme()                                               [31m [0m
[31m [0m   [2m  83 [0m                                                                              [31m [0m
[31m [0m   [2m  84 [0m[2m# Apply black element killer for remaining dark areas[0m                         [31m [0m
[31m [0m [31m❱ [0m  85 [94mif[0m [1;4mapply_black_element_killer[0m:                                                [31m [0m
[31m [0m   [2m  86 [0m[2m│   [0mapply_black_element_killer()                                              [31m [0m
[31m [0m   [2m  87 [0m                                                                              [31m [0m
[31m [0m   [2m  88 [0m[2m# Enhanced CSS - Force Light Mode with Dropdown Boundaries[0m                    [31m [0m
[31m────────────────────────────────────────────────────────────────────────────────────────[0m
[1;91mNameError: [0mname [32m'apply_black_element_killer'[0m is not defined
[31m──[0m[31m────────────────────────[0m[31m [0m[1;31mTraceback [0m[1;2;31m(most recent call last)[0m[31m [0m[31m─────────────────────────[0m[31m──[0m
[31m [0m [2m/usr/local/lib/python3.12/site-packages/streamlit/runtime/scriptrunner/[0m[1mexec_code.py[0m: [31m [0m
[31m [0m 128 in exec_func_with_error_handling                                                 [31m [0m
[31m [0m                                                                                      [31m [0m
[31m [0m [2m/usr/local/lib/python3.12/site-packages/streamlit/runtime/scriptrunner/[0m[1mscript_runner[0m [31m [0m
[31m [0m [1m.py[0m:669 in code_to_exec                                                              [31m [0m
[31m [0m                                                                                      [31m [0m
[31m [0m [2m/home/user/webapp/[0m[1mstreamlit_app.py[0m:85 in <module>                                    [31m [0m
[31m [0m                                                                                      [31m [0m
[31m [0m   [2m  82 [0m[2m│   [0mapply_refined_light_theme()                                               [31m [0m
[31m [0m   [2m  83 [0m                                                                              [31m [0m
[31m [0m   [2m  84 [0m[2m# Apply black element killer for remaining dark areas[0m                         [31m [0m
[31m [0m [31m❱ [0m  85 [94mif[0m [1;4mapply_black_element_killer[0m:                                                [31m [0m
[31m [0m   [2m  86 [0m[2m│   [0mapply_black_element_killer()                                              [31m [0m
[31m [0m   [2m  87 [0m                                                                              [31m [0m
[31m [0m   [2m  88 [0m[2m# Enhanced CSS - Force Light Mode with Dropdown Boundaries[0m                    [31m [0m
[31m────────────────────────────────────────────────────────────────────────────────────────[0m
[1;91mNameError: [0mname [32m'apply_black_element_killer'[0m is not defined

  You can now view your Streamlit app in your browser.

  URL: http://0.0.0.0:8501


  You can now view your Streamlit app in your browser.

  URL: http://0.0.0.0:8501

🔄 Loading survey data (ENHANCED - Better Questions + Word Cloud Support)...
📋 Loaded 22 question mappings
📝 Loaded 12 response option sets
📋 Guests (UAE): 200 responses loaded
📋 Guests Online (KSA): 200 responses loaded
📝 ENHANCED: Mapped to 43 columns (no more 'Unnamed')
📋 Available questions: ['Nationality', 'Visit Purpose', 'Visit Purpose (Other)', 'Hotel Stays Per Year', 'Hotel Choice Reason 1']...
🧹 Normalizing nationality data (keeping all responses)...
🧹 Converting visit purpose codes...
🧹 Converting hotel frequency codes...
✅ ENHANCED: Data cleaned, still have exactly 400 responses
🔤 Identified 6 text analysis questions:
   - Visit Purpose (Other)
   - Please specify other reason for choosing the hotel?
   - Entertainment Experience Story
   - Please specify other type of content did you watch?
   - Entertainment Improvement Suggestions
   - General Entertainment Suggestions
🎯 ENHANCED Filter options:
   Nationalities (55): ALL INCLUDED
   Visit Purposes: ['Business', 'Family Vacation', 'Leisure', 'Other']
   Hotel Frequency: ['1-2 times', '3-5 times', '5.0', 'More than 5 times']
   Text Analysis Questions: 6
✅ ENHANCED: Successfully loaded exactly 400 responses
   UAE: 200
   KSA: 200
   Text Analysis Questions: 6
🔄 Loading survey data (ENHANCED - Better Questions + Word Cloud Support)...
📋 Loaded 22 question mappings
📝 Loaded 12 response option sets
📋 Guests (UAE): 200 responses loaded
📋 Guests Online (KSA): 200 responses loaded
📝 ENHANCED: Mapped to 43 columns (no more 'Unnamed')
📋 Available questions: ['Nationality', 'Visit Purpose', 'Visit Purpose (Other)', 'Hotel Stays Per Year', 'Hotel Choice Reason 1']...
🧹 Normalizing nationality data (keeping all responses)...
🧹 Converting visit purpose codes...
🧹 Converting hotel frequency codes...
✅ ENHANCED: Data cleaned, still have exactly 400 responses
🔤 Identified 6 text analysis questions:
   - Visit Purpose (Other)
   - Please specify other reason for choosing the hotel?
   - Entertainment Experience Story
   - Please specify other type of content did you watch?
   - Entertainment Improvement Suggestions
   - General Entertainment Suggestions
🎯 ENHANCED Filter options:
   Nationalities (55): ALL INCLUDED
   Visit Purposes: ['Business', 'Family Vacation', 'Leisure', 'Other']
   Hotel Frequency: ['1-2 times', '3-5 times', '5.0', 'More than 5 times']
   Text Analysis Questions: 6
✅ ENHANCED: Successfully loaded exactly 400 responses
   UAE: 200
   KSA: 200
   Text Analysis Questions: 6
[31m──[0m[31m────────────────────────[0m[31m [0m[1;31mTraceback [0m[1;2;31m(most recent call last)[0m[31m [0m[31m─────────────────────────[0m[31m──[0m
[31m [0m [2m/usr/local/lib/python3.12/site-packages/streamlit/runtime/scriptrunner/[0m[1mexec_code.py[0m: [31m [0m
[31m [0m 128 in exec_func_with_error_handling                                                 [31m [0m
[31m [0m                                                                                      [31m [0m
[31m [0m [2m/usr/local/lib/python3.12/site-packages/streamlit/runtime/scriptrunner/[0m[1mscript_runner[0m [31m [0m
[31m [0m [1m.py[0m:669 in code_to_exec                                                              [31m [0m
[31m [0m                                                                                      [31m [0m
[31m [0m [2m/home/user/webapp/[0m[1mbalanced_contrast_dashboard.py[0m:16 in <module>                      [31m [0m
[31m [0m                                                                                      [31m [0m
[31m [0m   [2m 13 [0m[94mimport[0m[90m [0m[4;96mplotly[0m[4;96m.[0m[4;96mgraph_objects[0m[90m [0m[94mas[0m[90m [0m[4;96mgo[0m                                              [31m [0m
[31m [0m   [2m 14 [0m[94mfrom[0m[90m [0m[4;96mplotly[0m[4;96m.[0m[4;96msubplots[0m[90m [0m[94mimport[0m make_subplots                                      [31m [0m
[31m [0m   [2m 15 [0m[94mimport[0m[90m [0m[4;96mnumpy[0m[90m [0m[94mas[0m[90m [0m[4;96mnp[0m                                                             [31m [0m
[31m [0m [31m❱ [0m 16 [1;4;94mfrom[0m[1;4;90m [0m[1;4;96menhanced_osn_processor[0m[1;4;90m [0m[1;4;94mimport[0m[1;4m EnhancedOSNProcessor[0m                        [31m [0m
[31m [0m   [2m 17 [0m[94mfrom[0m[90m [0m[4;96mosn_wordcloud_analyzer[0m[90m [0m[94mimport[0m OSNWordCloudAnalyzer                        [31m [0m
[31m [0m   [2m 18 [0m[94mfrom[0m[90m [0m[4;96madvanced_text_insights_analyzer[0m[90m [0m[94mimport[0m AdvancedTextInsightsAnalyzer       [31m [0m
[31m [0m   [2m 19 [0m                                                                               [31m [0m
[31m [0m in _find_and_load:1360                                                               [31m [0m
[31m [0m in _find_and_load_unlocked:1331                                                      [31m [0m
[31m [0m in _load_unlocked:946                                                                [31m [0m
[31m────────────────────────────────────────────────────────────────────────────────────────[0m
[1;91mKeyError: [0m[32m'enhanced_osn_processor'[0m
  Stopping...

  You can now view your Streamlit app in your browser.

  URL: http://0.0.0.0:8501

🔄 Loading survey data (ENHANCED - Better Questions + Word Cloud Support)...
📋 Loaded 22 question mappings
📝 Loaded 12 response option sets
📋 Guests (UAE): 200 responses loaded
📋 Guests Online (KSA): 200 responses loaded
📝 ENHANCED: Mapped to 43 columns (no more 'Unnamed')
📋 Available questions: ['Nationality', 'Visit Purpose', 'Visit Purpose (Other)', 'Hotel Stays Per Year', 'Hotel Choice Reason 1']...
🧹 Normalizing nationality data (keeping all responses)...
🧹 Converting visit purpose codes...
🧹 Converting hotel frequency codes...
🧹 Converting hotel choice reason codes...
✅ ENHANCED: Data cleaned, still have exactly 400 responses
🔤 Identified 6 text analysis questions:
   - Visit Purpose (Other)
   - Please specify other reason for choosing the hotel?
   - Entertainment Experience Story
   - Please specify other type of content did you watch?
   - Entertainment Improvement Suggestions
   - General Entertainment Suggestions
🎯 ENHANCED Filter options:
   Nationalities (55): ALL INCLUDED
   Visit Purposes: ['Business', 'Family Vacation', 'Leisure', 'Other']
   Hotel Frequency: ['1-2 times', '3-5 times', '5.0', 'More than 5 times']
   Text Analysis Questions: 6
✅ ENHANCED: Successfully loaded exactly 400 responses
   UAE: 200
   KSA: 200
   Text Analysis Questions: 6
[31m──[0m[31m────────────────────────[0m[31m [0m[1;31mTraceback [0m[1;2;31m(most recent call last)[0m[31m [0m[31m─────────────────────────[0m[31m──[0m
[31m [0m [2m/usr/local/lib/python3.12/site-packages/streamlit/runtime/scriptrunner/[0m[1mexec_code.py[0m: [31m [0m
[31m [0m 128 in exec_func_with_error_handling                                                 [31m [0m
[31m [0m                                                                                      [31m [0m
[31m [0m [2m/usr/local/lib/python3.12/site-packages/streamlit/runtime/scriptrunner/[0m[1mscript_runner[0m [31m [0m
[31m [0m [1m.py[0m:669 in code_to_exec                                                              [31m [0m
[31m [0m                                                                                      [31m [0m
[31m [0m [2m/home/user/webapp/[0m[1mbalanced_contrast_dashboard.py[0m:17 in <module>                      [31m [0m
[31m [0m                                                                                      [31m [0m
[31m [0m   [2m 14 [0m[94mfrom[0m[90m [0m[4;96mplotly[0m[4;96m.[0m[4;96msubplots[0m[90m [0m[94mimport[0m make_subplots                                      [31m [0m
[31m [0m   [2m 15 [0m[94mimport[0m[90m [0m[4;96mnumpy[0m[90m [0m[94mas[0m[90m [0m[4;96mnp[0m                                                             [31m [0m
[31m [0m   [2m 16 [0m[94mfrom[0m[90m [0m[4;96menhanced_osn_processor[0m[90m [0m[94mimport[0m EnhancedOSNProcessor                        [31m [0m
[31m [0m [31m❱ [0m 17 [1;4;94mfrom[0m[1;4;90m [0m[1;4;96mosn_wordcloud_analyzer[0m[1;4;90m [0m[1;4;94mimport[0m[1;4m OSNWordCloudAnalyzer[0m                        [31m [0m
[31m [0m   [2m 18 [0m[94mfrom[0m[90m [0m[4;96madvanced_text_insights_analyzer[0m[90m [0m[94mimport[0m AdvancedTextInsightsAnalyzer       [31m [0m
[31m [0m   [2m 19 [0m                                                                               [31m [0m
[31m [0m   [2m 20 [0m[2m# Configure Streamlit[0m                                                          [31m [0m
[31m [0m in _find_and_load:1360                                                               [31m [0m
[31m [0m in _find_and_load_unlocked:1331                                                      [31m [0m
[31m [0m in _load_unlocked:946                                                                [31m [0m
[31m────────────────────────────────────────────────────────────────────────────────────────[0m
[1;91mKeyError: [0m[32m'osn_wordcloud_analyzer'[0m
[31m──[0m[31m────────────────────────[0m[31m [0m[1;31mTraceback [0m[1;2;31m(most recent call last)[0m[31m [0m[31m─────────────────────────[0m[31m──[0m
[31m [0m [2m/usr/local/lib/python3.12/site-packages/streamlit/runtime/scriptrunner/[0m[1mexec_code.py[0m: [31m [0m
[31m [0m 128 in exec_func_with_error_handling                                                 [31m [0m
[31m [0m                                                                                      [31m [0m
[31m [0m [2m/usr/local/lib/python3.12/site-packages/streamlit/runtime/scriptrunner/[0m[1mscript_runner[0m [31m [0m
[31m [0m [1m.py[0m:669 in code_to_exec                                                              [31m [0m
[31m [0m                                                                                      [31m [0m
[31m [0m [2m/home/user/webapp/[0m[1mbalanced_contrast_dashboard.py[0m:17 in <module>                      [31m [0m
[31m [0m                                                                                      [31m [0m
[31m [0m   [2m 14 [0m[94mfrom[0m[90m [0m[4;96mplotly[0m[4;96m.[0m[4;96msubplots[0m[90m [0m[94mimport[0m make_subplots                                      [31m [0m
[31m [0m   [2m 15 [0m[94mimport[0m[90m [0m[4;96mnumpy[0m[90m [0m[94mas[0m[90m [0m[4;96mnp[0m                                                             [31m [0m
[31m [0m   [2m 16 [0m[94mfrom[0m[90m [0m[4;96menhanced_osn_processor[0m[90m [0m[94mimport[0m EnhancedOSNProcessor                        [31m [0m
[31m [0m [31m❱ [0m 17 [1;4;94mfrom[0m[1;4;90m [0m[1;4;96mosn_wordcloud_analyzer[0m[1;4;90m [0m[1;4;94mimport[0m[1;4m OSNWordCloudAnalyzer[0m                        [31m [0m
[31m [0m   [2m 18 [0m[94mfrom[0m[90m [0m[4;96madvanced_text_insights_analyzer[0m[90m [0m[94mimport[0m AdvancedTextInsightsAnalyzer       [31m [0m
[31m [0m   [2m 19 [0m                                                                               [31m [0m
[31m [0m   [2m 20 [0m[2m# Configure Streamlit[0m                                                          [31m [0m
[31m [0m in _find_and_load:1360                                                               [31m [0m
[31m [0m in _find_and_load_unlocked:1331                                                      [31m [0m
[31m [0m in _load_unlocked:946                                                                [31m [0m
[31m────────────────────────────────────────────────────────────────────────────────────────[0m
[1;91mKeyError: [0m[32m'osn_wordcloud_analyzer'[0m
[31m──[0m[31m────────────────────────[0m[31m [0m[1;31mTraceback [0m[1;2;31m(most recent call last)[0m[31m [0m[31m─────────────────────────[0m[31m──[0m
[31m [0m [2m/usr/local/lib/python3.12/site-packages/streamlit/runtime/scriptrunner/[0m[1mexec_code.py[0m: [31m [0m
[31m [0m 128 in exec_func_with_error_handling                                                 [31m [0m
[31m [0m                                                                                      [31m [0m
[31m [0m [2m/usr/local/lib/python3.12/site-packages/streamlit/runtime/scriptrunner/[0m[1mscript_runner[0m [31m [0m
[31m [0m [1m.py[0m:669 in code_to_exec                                                              [31m [0m
[31m [0m                                                                                      [31m [0m
[31m [0m [2m/home/user/webapp/[0m[1mbalanced_contrast_dashboard.py[0m:17 in <module>                      [31m [0m
[31m [0m                                                                                      [31m [0m
[31m [0m   [2m 14 [0m[94mfrom[0m[90m [0m[4;96mplotly[0m[4;96m.[0m[4;96msubplots[0m[90m [0m[94mimport[0m make_subplots                                      [31m [0m
[31m [0m   [2m 15 [0m[94mimport[0m[90m [0m[4;96mnumpy[0m[90m [0m[94mas[0m[90m [0m[4;96mnp[0m                                                             [31m [0m
[31m [0m   [2m 16 [0m[94mfrom[0m[90m [0m[4;96menhanced_osn_processor[0m[90m [0m[94mimport[0m EnhancedOSNProcessor                        [31m [0m
[31m [0m [31m❱ [0m 17 [1;4;94mfrom[0m[1;4;90m [0m[1;4;96mosn_wordcloud_analyzer[0m[1;4;90m [0m[1;4;94mimport[0m[1;4m OSNWordCloudAnalyzer[0m                        [31m [0m
[31m [0m   [2m 18 [0m[94mfrom[0m[90m [0m[4;96madvanced_text_insights_analyzer[0m[90m [0m[94mimport[0m AdvancedTextInsightsAnalyzer       [31m [0m
[31m [0m   [2m 19 [0m                                                                               [31m [0m
[31m [0m   [2m 20 [0m[2m# Configure Streamlit[0m                                                          [31m [0m
[31m [0m in _find_and_load:1360                                                               [31m [0m
[31m [0m in _find_and_load_unlocked:1331                                                      [31m [0m
[31m [0m in _load_unlocked:946                                                                [31m [0m
[31m────────────────────────────────────────────────────────────────────────────────────────[0m
[1;91mKeyError: [0m[32m'osn_wordcloud_analyzer'[0m
[31m──[0m[31m────────────────────────[0m[31m [0m[1;31mTraceback [0m[1;2;31m(most recent call last)[0m[31m [0m[31m─────────────────────────[0m[31m──[0m
[31m [0m [2m/usr/local/lib/python3.12/site-packages/streamlit/runtime/scriptrunner/[0m[1mexec_code.py[0m: [31m [0m
[31m [0m 128 in exec_func_with_error_handling                                                 [31m [0m
[31m [0m                                                                                      [31m [0m
[31m [0m [2m/usr/local/lib/python3.12/site-packages/streamlit/runtime/scriptrunner/[0m[1mscript_runner[0m [31m [0m
[31m [0m [1m.py[0m:669 in code_to_exec                                                              [31m [0m
[31m [0m                                                                                      [31m [0m
[31m [0m [2m/home/user/webapp/[0m[1mbalanced_contrast_dashboard.py[0m:16 in <module>                      [31m [0m
[31m [0m                                                                                      [31m [0m
[31m [0m   [2m 13 [0m[94mimport[0m[90m [0m[4;96mplotly[0m[4;96m.[0m[4;96mgraph_objects[0m[90m [0m[94mas[0m[90m [0m[4;96mgo[0m                                              [31m [0m
[31m [0m   [2m 14 [0m[94mfrom[0m[90m [0m[4;96mplotly[0m[4;96m.[0m[4;96msubplots[0m[90m [0m[94mimport[0m make_subplots                                      [31m [0m
[31m [0m   [2m 15 [0m[94mimport[0m[90m [0m[4;96mnumpy[0m[90m [0m[94mas[0m[90m [0m[4;96mnp[0m                                                             [31m [0m
[31m [0m [31m❱ [0m 16 [1;4;94mfrom[0m[1;4;90m [0m[1;4;96menhanced_osn_processor[0m[1;4;90m [0m[1;4;94mimport[0m[1;4m EnhancedOSNProcessor[0m                        [31m [0m
[31m [0m   [2m 17 [0m[94mfrom[0m[90m [0m[4;96mosn_wordcloud_analyzer[0m[90m [0m[94mimport[0m OSNWordCloudAnalyzer                        [31m [0m
[31m [0m   [2m 18 [0m[94mfrom[0m[90m [0m[4;96madvanced_text_insights_analyzer[0m[90m [0m[94mimport[0m AdvancedTextInsightsAnalyzer       [31m [0m
[31m [0m   [2m 19 [0m                                                                               [31m [0m
[31m [0m in _find_and_load:1360                                                               [31m [0m
[31m [0m in _find_and_load_unlocked:1331                                                      [31m [0m
[31m [0m in _load_unlocked:946                                                                [31m [0m
[31m────────────────────────────────────────────────────────────────────────────────────────[0m
[1;91mKeyError: [0m[32m'enhanced_osn_processor'[0m
[31m──[0m[31m────────────────────────[0m[31m [0m[1;31mTraceback [0m[1;2;31m(most recent call last)[0m[31m [0m[31m─────────────────────────[0m[31m──[0m
[31m [0m [2m/usr/local/lib/python3.12/site-packages/streamlit/runtime/scriptrunner/[0m[1mexec_code.py[0m: [31m [0m
[31m [0m 128 in exec_func_with_error_handling                                                 [31m [0m
[31m [0m                                                                                      [31m [0m
[31m [0m [2m/usr/local/lib/python3.12/site-packages/streamlit/runtime/scriptrunner/[0m[1mscript_runner[0m [31m [0m
[31m [0m [1m.py[0m:669 in code_to_exec                                                              [31m [0m
[31m [0m                                                                                      [31m [0m
[31m [0m [2m/home/user/webapp/[0m[1mbalanced_contrast_dashboard.py[0m:16 in <module>                      [31m [0m
[31m [0m                                                                                      [31m [0m
[31m [0m   [2m 13 [0m[94mimport[0m[90m [0m[4;96mplotly[0m[4;96m.[0m[4;96mgraph_objects[0m[90m [0m[94mas[0m[90m [0m[4;96mgo[0m                                              [31m [0m
[31m [0m   [2m 14 [0m[94mfrom[0m[90m [0m[4;96mplotly[0m[4;96m.[0m[4;96msubplots[0m[90m [0m[94mimport[0m make_subplots                                      [31m [0m
[31m [0m   [2m 15 [0m[94mimport[0m[90m [0m[4;96mnumpy[0m[90m [0m[94mas[0m[90m [0m[4;96mnp[0m                                                             [31m [0m
[31m [0m [31m❱ [0m 16 [1;4;94mfrom[0m[1;4;90m [0m[1;4;96menhanced_osn_processor[0m[1;4;90m [0m[1;4;94mimport[0m[1;4m EnhancedOSNProcessor[0m                        [31m [0m
[31m [0m   [2m 17 [0m[94mfrom[0m[90m [0m[4;96mosn_wordcloud_analyzer[0m[90m [0m[94mimport[0m OSNWordCloudAnalyzer                        [31m [0m
[31m [0m   [2m 18 [0m[94mfrom[0m[90m [0m[4;96madvanced_text_insights_analyzer[0m[90m [0m[94mimport[0m AdvancedTextInsightsAnalyzer       [31m [0m
[31m [0m   [2m 19 [0m                                                                               [31m [0m
[31m [0m in _find_and_load:1360                                                               [31m [0m
[31m [0m in _find_and_load_unlocked:1331                                                      [31m [0m
[31m [0m in _load_unlocked:946                                                                [31m [0m
[31m────────────────────────────────────────────────────────────────────────────────────────[0m
[1;91mKeyError: [0m[32m'enhanced_osn_processor'[0m
[31m──[0m[31m────────────────────────[0m[31m [0m[1;31mTraceback [0m[1;2;31m(most recent call last)[0m[31m [0m[31m─────────────────────────[0m[31m──[0m
[31m [0m [2m/usr/local/lib/python3.12/site-packages/streamlit/runtime/scriptrunner/[0m[1mexec_code.py[0m: [31m [0m
[31m [0m 128 in exec_func_with_error_handling                                                 [31m [0m
[31m [0m                                                                                      [31m [0m
[31m [0m [2m/usr/local/lib/python3.12/site-packages/streamlit/runtime/scriptrunner/[0m[1mscript_runner[0m [31m [0m
[31m [0m [1m.py[0m:669 in code_to_exec                                                              [31m [0m
[31m [0m                                                                                      [31m [0m
[31m [0m [2m/home/user/webapp/[0m[1mbalanced_contrast_dashboard.py[0m:990 in <module>                     [31m [0m
[31m [0m                                                                                      [31m [0m
[31m [0m   [2m987 [0m[2m│   │   │   │   [0mst.plotly_chart(fig_ratings, use_container_width=[94mTrue[0m)         [31m [0m
[31m [0m   [2m988 [0m                                                                               [31m [0m
[31m [0m   [2m989 [0m[94mif[0m [91m__name__[0m == [33m"[0m[33m__main__[0m[33m"[0m:                                                     [31m [0m
[31m [0m [31m❱ [0m990 [2m│   [0m[1;4mmain()[0m                                                                     [31m [0m
[31m [0m   [2m991 [0m                                                                               [31m [0m
[31m [0m                                                                                      [31m [0m
[31m [0m [2m/home/user/webapp/[0m[1mbalanced_contrast_dashboard.py[0m:878 in main                         [31m [0m
[31m [0m                                                                                      [31m [0m
[31m [0m   [2m875 [0m[2m│   │   │   │   │   │   [0m                                                       [31m [0m
[31m [0m   [2m876 [0m[2m│   │   │   │   │   │   [0m[94mif[0m wordcloud_results [95mand[0m wordcloud_results[[33m'[0m[33mword_frequ[0m [31m [0m
[31m [0m   [2m877 [0m[2m│   │   │   │   │   │   │   [0m[2m# Create word cloud visualization using word frequ[0m [31m [0m
[31m [0m [31m❱ [0m878 [2m│   │   │   │   │   │   │   [0mwordcloud_fig = [1;4mcreate_wordcloud_visualization([0m    [31m [0m
[31m [0m   [2m879 [0m[2m│   │   │   │   │   │   │   │   [0m[1;4;96mlist[0m[1;4m(wordcloud_results[[0m[1;4;33m'[0m[1;4;33mword_frequency[0m[1;4;33m'[0m[1;4m].items[0m [31m [0m
[31m [0m   [2m880 [0m[2m│   │   │   │   │   │   │   │   [0m[1;4mtitle=[0m[1;4;33mf[0m[1;4;33m"[0m[1;4;33mWord Cloud: [0m[1;4;33m{[0m[1;4mselected_text_question[:[0m[1;4;94m3[0m [31m [0m
[31m [0m   [2m881 [0m[2m│   │   │   │   │   │   │   [0m[1;4m)[0m                                                  [31m [0m
[31m [0m                                                                                      [31m [0m
[31m [0m [2m/home/user/webapp/[0m[1mbalanced_contrast_dashboard.py[0m:364 in                              [31m [0m
[31m [0m create_wordcloud_visualization                                                       [31m [0m
[31m [0m                                                                                      [31m [0m
[31m [0m   [2m361 [0m                                                                               [31m [0m
[31m [0m   [2m362 [0m[94mdef[0m[90m [0m[92mcreate_wordcloud_visualization[0m(word_data, title=[33m"[0m[33mWord Cloud[0m[33m"[0m):             [31m [0m
[31m [0m   [2m363 [0m[2;90m│   [0m[33m"""Create word cloud visualization - SIMPLE VERSION"""[0m                     [31m [0m
[31m [0m [31m❱ [0m364 [2m│   [0m[94mif[0m [95mnot[0m word_data [95mor[0m [95mnot[0m [1;4mword_data[[0m[1;4;33m'[0m[1;4;33mword_frequency[0m[1;4;33m'[0m[1;4m][0m:                       [31m [0m
[31m [0m   [2m365 [0m[2m│   │   [0m[94mreturn[0m [94mNone[0m                                                            [31m [0m
[31m [0m   [2m366 [0m[2m│   [0m                                                                           [31m [0m
[31m [0m   [2m367 [0m[2m│   [0mwords = [96mlist[0m(word_data[[33m'[0m[33mword_frequency[0m[33m'[0m].keys())[:[94m30[0m]                      [31m [0m
[31m────────────────────────────────────────────────────────────────────────────────────────[0m
[1;91mTypeError: [0mlist indices must be integers or slices, not str
[31m──[0m[31m────────────────────────[0m[31m [0m[1;31mTraceback [0m[1;2;31m(most recent call last)[0m[31m [0m[31m─────────────────────────[0m[31m──[0m
[31m [0m [2m/usr/local/lib/python3.12/site-packages/streamlit/runtime/scriptrunner/[0m[1mexec_code.py[0m: [31m [0m
[31m [0m 128 in exec_func_with_error_handling                                                 [31m [0m
[31m [0m                                                                                      [31m [0m
[31m [0m [2m/usr/local/lib/python3.12/site-packages/streamlit/runtime/scriptrunner/[0m[1mscript_runner[0m [31m [0m
[31m [0m [1m.py[0m:669 in code_to_exec                                                              [31m [0m
[31m [0m                                                                                      [31m [0m
[31m [0m [2m/home/user/webapp/[0m[1mbalanced_contrast_dashboard.py[0m:990 in <module>                     [31m [0m
[31m [0m                                                                                      [31m [0m
[31m [0m   [2m987 [0m[2m│   │   │   │   [0mst.plotly_chart(fig_ratings, use_container_width=[94mTrue[0m)         [31m [0m
[31m [0m   [2m988 [0m                                                                               [31m [0m
[31m [0m   [2m989 [0m[94mif[0m [91m__name__[0m == [33m"[0m[33m__main__[0m[33m"[0m:                                                     [31m [0m
[31m [0m [31m❱ [0m990 [2m│   [0m[1;4mmain()[0m                                                                     [31m [0m
[31m [0m   [2m991 [0m                                                                               [31m [0m
[31m [0m                                                                                      [31m [0m
[31m [0m [2m/home/user/webapp/[0m[1mbalanced_contrast_dashboard.py[0m:878 in main                         [31m [0m
[31m [0m                                                                                      [31m [0m
[31m [0m   [2m875 [0m[2m│   │   │   │   │   │   [0m                                                       [31m [0m
[31m [0m   [2m876 [0m[2m│   │   │   │   │   │   [0m[94mif[0m wordcloud_results [95mand[0m wordcloud_results[[33m'[0m[33mword_frequ[0m [31m [0m
[31m [0m   [2m877 [0m[2m│   │   │   │   │   │   │   [0m[2m# Create word cloud visualization using word frequ[0m [31m [0m
[31m [0m [31m❱ [0m878 [2m│   │   │   │   │   │   │   [0mwordcloud_fig = [1;4mcreate_wordcloud_visualization([0m    [31m [0m
[31m [0m   [2m879 [0m[2m│   │   │   │   │   │   │   │   [0m[1;4;96mlist[0m[1;4m(wordcloud_results[[0m[1;4;33m'[0m[1;4;33mword_frequency[0m[1;4;33m'[0m[1;4m].items[0m [31m [0m
[31m [0m   [2m880 [0m[2m│   │   │   │   │   │   │   │   [0m[1;4mtitle=[0m[1;4;33mf[0m[1;4;33m"[0m[1;4;33mWord Cloud: [0m[1;4;33m{[0m[1;4mselected_text_question[:[0m[1;4;94m3[0m [31m [0m
[31m [0m   [2m881 [0m[2m│   │   │   │   │   │   │   [0m[1;4m)[0m                                                  [31m [0m
[31m [0m                                                                                      [31m [0m
[31m [0m [2m/home/user/webapp/[0m[1mbalanced_contrast_dashboard.py[0m:364 in                              [31m [0m
[31m [0m create_wordcloud_visualization                                                       [31m [0m
[31m [0m                                                                                      [31m [0m
[31m [0m   [2m361 [0m                                                                               [31m [0m
[31m [0m   [2m362 [0m[94mdef[0m[90m [0m[92mcreate_wordcloud_visualization[0m(word_data, title=[33m"[0m[33mWord Cloud[0m[33m"[0m):             [31m [0m
[31m [0m   [2m363 [0m[2;90m│   [0m[33m"""Create word cloud visualization - SIMPLE VERSION"""[0m                     [31m [0m
[31m [0m [31m❱ [0m364 [2m│   [0m[94mif[0m [95mnot[0m word_data [95mor[0m [95mnot[0m [1;4mword_data[[0m[1;4;33m'[0m[1;4;33mword_frequency[0m[1;4;33m'[0m[1;4m][0m:                       [31m [0m
[31m [0m   [2m365 [0m[2m│   │   [0m[94mreturn[0m [94mNone[0m                                                            [31m [0m
[31m [0m   [2m366 [0m[2m│   [0m                                                                           [31m [0m
[31m [0m   [2m367 [0m[2m│   [0mwords = [96mlist[0m(word_data[[33m'[0m[33mword_frequency[0m[33m'[0m].keys())[:[94m30[0m]                      [31m [0m
[31m────────────────────────────────────────────────────────────────────────────────────────[0m
[1;91mTypeError: [0mlist indices must be integers or slices, not str
  Stopping...

  You can now view your Streamlit app in your browser.

  URL: http://0.0.0.0:8501

🔄 Loading survey data (ENHANCED - Better Questions + Word Cloud Support)...
📋 Loaded 22 question mappings
📝 Loaded 12 response option sets
📋 Guests (UAE): 200 responses loaded
📋 Guests Online (KSA): 200 responses loaded
📝 ENHANCED: Mapped to 43 columns (no more 'Unnamed')
📋 Available questions: ['Nationality', 'Visit Purpose', 'Visit Purpose (Other)', 'Hotel Stays Per Year', 'Hotel Choice Reason 1']...
🧹 Normalizing nationality data (keeping all responses)...
🧹 Converting visit purpose codes...
🧹 Converting hotel frequency codes...
🧹 Converting hotel choice reason codes...
✅ ENHANCED: Data cleaned, still have exactly 400 responses
🔤 Identified 6 text analysis questions:
   - Visit Purpose (Other)
   - Please specify other reason for choosing the hotel?
   - Entertainment Experience Story
   - Please specify other type of content did you watch?
   - Entertainment Improvement Suggestions
   - General Entertainment Suggestions
🎯 ENHANCED Filter options:
   Nationalities (55): ALL INCLUDED
   Visit Purposes: ['Business', 'Family Vacation', 'Leisure', 'Other']
   Hotel Frequency: ['1-2 times', '3-5 times', '5.0', 'More than 5 times']
   Text Analysis Questions: 6
✅ ENHANCED: Successfully loaded exactly 400 responses
   UAE: 200
   KSA: 200
   Text Analysis Questions: 6
[31m──[0m[31m────────────────────────[0m[31m [0m[1;31mTraceback [0m[1;2;31m(most recent call last)[0m[31m [0m[31m─────────────────────────[0m[31m──[0m
[31m [0m [2m/usr/local/lib/python3.12/site-packages/streamlit/runtime/scriptrunner/[0m[1mexec_code.py[0m: [31m [0m
[31m [0m 128 in exec_func_with_error_handling                                                 [31m [0m
[31m [0m                                                                                      [31m [0m
[31m [0m [2m/usr/local/lib/python3.12/site-packages/streamlit/runtime/scriptrunner/[0m[1mscript_runner[0m [31m [0m
[31m [0m [1m.py[0m:669 in code_to_exec                                                              [31m [0m
[31m [0m                                                                                      [31m [0m
[31m [0m [2m/home/user/webapp/[0m[1mbalanced_contrast_dashboard.py[0m:990 in <module>                     [31m [0m
[31m [0m                                                                                      [31m [0m
[31m [0m   [2m987 [0m[2m│   │   │   │   [0mst.plotly_chart(fig_ratings, use_container_width=[94mTrue[0m)         [31m [0m
[31m [0m   [2m988 [0m                                                                               [31m [0m
[31m [0m   [2m989 [0m[94mif[0m [91m__name__[0m == [33m"[0m[33m__main__[0m[33m"[0m:                                                     [31m [0m
[31m [0m [31m❱ [0m990 [2m│   [0m[1;4mmain()[0m                                                                     [31m [0m
[31m [0m   [2m991 [0m                                                                               [31m [0m
[31m [0m                                                                                      [31m [0m
[31m [0m [2m/home/user/webapp/[0m[1mbalanced_contrast_dashboard.py[0m:878 in main                         [31m [0m
[31m [0m                                                                                      [31m [0m
[31m [0m   [2m875 [0m[2m│   │   │   │   │   │   [0m                                                       [31m [0m
[31m [0m   [2m876 [0m[2m│   │   │   │   │   │   [0m[94mif[0m wordcloud_results [95mand[0m wordcloud_results[[33m'[0m[33mword_frequ[0m [31m [0m
[31m [0m   [2m877 [0m[2m│   │   │   │   │   │   │   [0m[2m# Create word cloud visualization using word frequ[0m [31m [0m
[31m [0m [31m❱ [0m878 [2m│   │   │   │   │   │   │   [0mwordcloud_fig = [1;4mcreate_wordcloud_visualization([0m    [31m [0m
[31m [0m   [2m879 [0m[2m│   │   │   │   │   │   │   │   [0m[1;4;96mlist[0m[1;4m(wordcloud_results[[0m[1;4;33m'[0m[1;4;33mword_frequency[0m[1;4;33m'[0m[1;4m].items[0m [31m [0m
[31m [0m   [2m880 [0m[2m│   │   │   │   │   │   │   │   [0m[1;4mtitle=[0m[1;4;33mf[0m[1;4;33m"[0m[1;4;33mWord Cloud: [0m[1;4;33m{[0m[1;4mselected_text_question[:[0m[1;4;94m3[0m [31m [0m
[31m [0m   [2m881 [0m[2m│   │   │   │   │   │   │   [0m[1;4m)[0m                                                  [31m [0m
[31m [0m                                                                                      [31m [0m
[31m [0m [2m/home/user/webapp/[0m[1mbalanced_contrast_dashboard.py[0m:364 in                              [31m [0m
[31m [0m create_wordcloud_visualization                                                       [31m [0m
[31m [0m                                                                                      [31m [0m
[31m [0m   [2m361 [0m                                                                               [31m [0m
[31m [0m   [2m362 [0m[94mdef[0m[90m [0m[92mcreate_wordcloud_visualization[0m(word_data, title=[33m"[0m[33mWord Cloud[0m[33m"[0m):             [31m [0m
[31m [0m   [2m363 [0m[2;90m│   [0m[33m"""Create word cloud visualization - SIMPLE VERSION"""[0m                     [31m [0m
[31m [0m [31m❱ [0m364 [2m│   [0m[94mif[0m [95mnot[0m word_data [95mor[0m [95mnot[0m [1;4mword_data[[0m[1;4;33m'[0m[1;4;33mword_frequency[0m[1;4;33m'[0m[1;4m][0m:                       [31m [0m
[31m [0m   [2m365 [0m[2m│   │   [0m[94mreturn[0m [94mNone[0m                                                            [31m [0m
[31m [0m   [2m366 [0m[2m│   [0m                                                                           [31m [0m
[31m [0m   [2m367 [0m[2m│   [0mwords = [96mlist[0m(word_data[[33m'[0m[33mword_frequency[0m[33m'[0m].keys())[:[94m30[0m]                      [31m [0m
[31m────────────────────────────────────────────────────────────────────────────────────────[0m
[1;91mTypeError: [0mlist indices must be integers or slices, not str
[31m──[0m[31m────────────────────────[0m[31m [0m[1;31mTraceback [0m[1;2;31m(most recent call last)[0m[31m [0m[31m─────────────────────────[0m[31m──[0m
[31m [0m [2m/usr/local/lib/python3.12/site-packages/streamlit/runtime/scriptrunner/[0m[1mexec_code.py[0m: [31m [0m
[31m [0m 128 in exec_func_with_error_handling                                                 [31m [0m
[31m [0m                                                                                      [31m [0m
[31m [0m [2m/usr/local/lib/python3.12/site-packages/streamlit/runtime/scriptrunner/[0m[1mscript_runner[0m [31m [0m
[31m [0m [1m.py[0m:669 in code_to_exec                                                              [31m [0m
[31m [0m                                                                                      [31m [0m
[31m [0m [2m/home/user/webapp/[0m[1mbalanced_contrast_dashboard.py[0m:16 in <module>                      [31m [0m
[31m [0m                                                                                      [31m [0m
[31m [0m   [2m 13 [0m[94mimport[0m[90m [0m[4;96mplotly[0m[4;96m.[0m[4;96mgraph_objects[0m[90m [0m[94mas[0m[90m [0m[4;96mgo[0m                                              [31m [0m
[31m [0m   [2m 14 [0m[94mfrom[0m[90m [0m[4;96mplotly[0m[4;96m.[0m[4;96msubplots[0m[90m [0m[94mimport[0m make_subplots                                      [31m [0m
[31m [0m   [2m 15 [0m[94mimport[0m[90m [0m[4;96mnumpy[0m[90m [0m[94mas[0m[90m [0m[4;96mnp[0m                                                             [31m [0m
[31m [0m [31m❱ [0m 16 [1;4;94mfrom[0m[1;4;90m [0m[1;4;96menhanced_osn_processor[0m[1;4;90m [0m[1;4;94mimport[0m[1;4m EnhancedOSNProcessor[0m                        [31m [0m
[31m [0m   [2m 17 [0m[94mfrom[0m[90m [0m[4;96mosn_wordcloud_analyzer[0m[90m [0m[94mimport[0m OSNWordCloudAnalyzer                        [31m [0m
[31m [0m   [2m 18 [0m[94mfrom[0m[90m [0m[4;96madvanced_text_insights_analyzer[0m[90m [0m[94mimport[0m AdvancedTextInsightsAnalyzer       [31m [0m
[31m [0m   [2m 19 [0m                                                                               [31m [0m
[31m [0m in _find_and_load:1360                                                               [31m [0m
[31m [0m in _find_and_load_unlocked:1331                                                      [31m [0m
[31m [0m in _load_unlocked:946                                                                [31m [0m
[31m────────────────────────────────────────────────────────────────────────────────────────[0m
[1;91mKeyError: [0m[32m'enhanced_osn_processor'[0m
🔄 Loading survey data (ENHANCED - Better Questions + Word Cloud Support)...
📋 Loaded 22 question mappings
📝 Loaded 12 response option sets
📋 Guests (UAE): 200 responses loaded
📋 Guests Online (KSA): 200 responses loaded
📝 ENHANCED: Mapped to 43 columns (no more 'Unnamed')
📋 Available questions: ['Nationality', 'Visit Purpose', 'Visit Purpose (Other)', 'Hotel Stays Per Year', 'Hotel Choice Reason 1']...
🧹 Normalizing nationality data (keeping all responses)...
🧹 Converting visit purpose codes...
🧹 Converting hotel frequency codes...
🧹 Converting hotel choice reason codes...
✅ ENHANCED: Data cleaned, still have exactly 400 responses
🔤 Identified 6 text analysis questions:
   - Visit Purpose (Other)
   - Please specify other reason for choosing the hotel?
   - Entertainment Experience Story
   - Please specify other type of content did you watch?
   - Entertainment Improvement Suggestions
   - General Entertainment Suggestions
🎯 ENHANCED Filter options:
   Nationalities (55): ALL INCLUDED
   Visit Purposes: ['Business', 'Family Vacation', 'Leisure', 'Other']
   Hotel Frequency: ['1-2 times', '3-5 times', '5.0', 'More than 5 times']
   Text Analysis Questions: 6
✅ ENHANCED: Successfully loaded exactly 400 responses
   UAE: 200
   KSA: 200
   Text Analysis Questions: 6
🔄 Loading survey data (ENHANCED - Better Questions + Word Cloud Support)...
[31m──[0m[31m────────────────────────[0m[31m [0m[1;31mTraceback [0m[1;2;31m(most recent call last)[0m[31m [0m[31m─────────────────────────[0m[31m──[0m
[31m [0m [2m/usr/local/lib/python3.12/site-packages/streamlit/runtime/caching/[0m[1mcache_data_api.py[0m: [31m [0m
[31m [0m 670 in write_result                                                                  [31m [0m
[31m────────────────────────────────────────────────────────────────────────────────────────[0m
[1;91mPicklingError: [0mCan't pickle [1m<[0m[1;95mclass[0m[39m [0m[32m'enhanced_osn_processor.EnhancedOSNProcessor'[0m[1m>[0m: it's 
not the same object as enhanced_osn_processor.EnhancedOSNProcessor

[3mThe above exception was the direct cause of the following exception:[0m

[31m──[0m[31m────────────────────────[0m[31m [0m[1;31mTraceback [0m[1;2;31m(most recent call last)[0m[31m [0m[31m─────────────────────────[0m[31m──[0m
[31m [0m [2m/usr/local/lib/python3.12/site-packages/streamlit/runtime/caching/[0m[1mcache_utils.py[0m:334 [31m [0m
[31m [0m in _handle_cache_miss                                                                [31m [0m
[31m [0m                                                                                      [31m [0m
[31m [0m [2m/usr/local/lib/python3.12/site-packages/streamlit/runtime/[0m[1mmetrics_util.py[0m:443 in     [31m [0m
[31m [0m wrapped_func                                                                         [31m [0m
[31m [0m                                                                                      [31m [0m
[31m [0m [2m/usr/local/lib/python3.12/site-packages/streamlit/runtime/caching/[0m[1mcache_data_api.py[0m: [31m [0m
[31m [0m 672 in write_result                                                                  [31m [0m
[31m────────────────────────────────────────────────────────────────────────────────────────[0m
[1;91mCacheError: [0mFailed to pickle d41d8cd98f00b204e9800998ecf8427e

[3mDuring handling of the above exception, another exception occurred:[0m

[31m──[0m[31m────────────────────────[0m[31m [0m[1;31mTraceback [0m[1;2;31m(most recent call last)[0m[31m [0m[31m─────────────────────────[0m[31m──[0m
[31m [0m [2m/usr/local/lib/python3.12/site-packages/streamlit/runtime/scriptrunner/[0m[1mexec_code.py[0m: [31m [0m
[31m [0m 128 in exec_func_with_error_handling                                                 [31m [0m
[31m [0m                                                                                      [31m [0m
[31m [0m [2m/usr/local/lib/python3.12/site-packages/streamlit/runtime/scriptrunner/[0m[1mscript_runner[0m [31m [0m
[31m [0m [1m.py[0m:669 in code_to_exec                                                              [31m [0m
[31m [0m                                                                                      [31m [0m
[31m [0m [2m/home/user/webapp/[0m[1mbalanced_contrast_dashboard.py[0m:1028 in <module>                    [31m [0m
[31m [0m                                                                                      [31m [0m
[31m [0m   [2m1025 [0m[2m│   │   │   │   [0mst.plotly_chart(fig_ratings, use_container_width=[94mTrue[0m)        [31m [0m
[31m [0m   [2m1026 [0m                                                                              [31m [0m
[31m [0m   [2m1027 [0m[94mif[0m [91m__name__[0m == [33m"[0m[33m__main__[0m[33m"[0m:                                                    [31m [0m
[31m [0m [31m❱ [0m1028 [2m│   [0m[1;4mmain()[0m                                                                    [31m [0m
[31m [0m   [2m1029 [0m                                                                              [31m [0m
[31m [0m                                                                                      [31m [0m
[31m [0m [2m/home/user/webapp/[0m[1mbalanced_contrast_dashboard.py[0m:504 in main                         [31m [0m
[31m [0m                                                                                      [31m [0m
[31m [0m   [2m 501 [0m[2;33m│   [0m[33m"""[0m, unsafe_allow_html=[94mTrue[0m)                                              [31m [0m
[31m [0m   [2m 502 [0m[2m│   [0m                                                                          [31m [0m
[31m [0m   [2m 503 [0m[2m│   [0m[2m# Load data[0m                                                               [31m [0m
[31m [0m [31m❱ [0m 504 [2m│   [0mprocessor = [1;4mload_survey_data()[0m                                            [31m [0m
[31m [0m   [2m 505 [0m[2m│   [0m                                                                          [31m [0m
[31m [0m   [2m 506 [0m[2m│   [0m[94mif[0m processor [95mis[0m [94mNone[0m:                                                     [31m [0m
[31m [0m   [2m 507 [0m[2m│   │   [0mst.error([33m"[0m[33m❌ Failed to load survey data. Please check the data file.[0m[33m"[0m [31m [0m
[31m [0m                                                                                      [31m [0m
[31m [0m [2m/usr/local/lib/python3.12/site-packages/streamlit/runtime/caching/[0m[1mcache_utils.py[0m:227 [31m [0m
[31m [0m in __call__                                                                          [31m [0m
[31m [0m                                                                                      [31m [0m
[31m [0m [2m/usr/local/lib/python3.12/site-packages/streamlit/runtime/caching/[0m[1mcache_utils.py[0m:269 [31m [0m
[31m [0m in _get_or_create_cached_value                                                       [31m [0m
[31m [0m                                                                                      [31m [0m
[31m [0m [2m/usr/local/lib/python3.12/site-packages/streamlit/runtime/caching/[0m[1mcache_utils.py[0m:353 [31m [0m
[31m [0m in _handle_cache_miss                                                                [31m [0m
[31m────────────────────────────────────────────────────────────────────────────────────────[0m
[1;91mUnserializableReturnValueError: [0m
            Cannot serialize the return value [1m([0mof type 
`enhanced_osn_processor.EnhancedOSNProcessor`[1m)[0m
            in `[1;35mload_survey_data[0m[1m([0m[1m)[0m`. `st.cache_data` uses
            [1m[[0mpickle[1m][0m[1m([0m[4;94mhttps://docs.python.org/3/library/pickle.html[0m[4;94m)[0m to serialize the
            function's return value and safely store it in the cache
            without mutating the original object. Please convert the return value to a
            pickle-serializable type. If you want to cache unserializable objects such
            as database connections or Tensorflow sessions, use `st.cache_resource`
            instead [1m([0msee [1m[[0mour 
docs[1m][0m[1m([0m[4;94mhttps://docs.streamlit.io/develop/concepts/architecture/caching[0m[4;94m)[0m for differences[1m)[0m.
📋 Loaded 22 question mappings
📝 Loaded 12 response option sets
📋 Guests (UAE): 200 responses loaded
📋 Guests Online (KSA): 200 responses loaded
📝 ENHANCED: Mapped to 43 columns (no more 'Unnamed')
📋 Available questions: ['Nationality', 'Visit Purpose', 'Visit Purpose (Other)', 'Hotel Stays Per Year', 'Hotel Choice Reason 1']...
🧹 Normalizing nationality data (keeping all responses)...
🧹 Converting visit purpose codes...
🧹 Converting hotel frequency codes...
🧹 Converting hotel choice reason codes...
✅ ENHANCED: Data cleaned, still have exactly 400 responses
🔤 Identified 6 text analysis questions:
   - Visit Purpose (Other)
   - Please specify other reason for choosing the hotel?
   - Entertainment Experience Story
   - Please specify other type of content did you watch?
   - Entertainment Improvement Suggestions
   - General Entertainment Suggestions
🎯 ENHANCED Filter options:
   Nationalities (55): ALL INCLUDED
   Visit Purposes: ['Business', 'Family Vacation', 'Leisure', 'Other']
   Hotel Frequency: ['1-2 times', '3-5 times', '5.0', 'More than 5 times']
   Text Analysis Questions: 6
✅ ENHANCED: Successfully loaded exactly 400 responses
   UAE: 200
   KSA: 200
   Text Analysis Questions: 6
[31m──[0m[31m────────────────────────[0m[31m [0m[1;31mTraceback [0m[1;2;31m(most recent call last)[0m[31m [0m[31m─────────────────────────[0m[31m──[0m
[31m [0m [2m/usr/local/lib/python3.12/site-packages/streamlit/runtime/scriptrunner/[0m[1mexec_code.py[0m: [31m [0m
[31m [0m 128 in exec_func_with_error_handling                                                 [31m [0m
[31m [0m                                                                                      [31m [0m
[31m [0m [2m/usr/local/lib/python3.12/site-packages/streamlit/runtime/scriptrunner/[0m[1mscript_runner[0m [31m [0m
[31m [0m [1m.py[0m:669 in code_to_exec                                                              [31m [0m
[31m [0m                                                                                      [31m [0m
[31m [0m [2m/home/user/webapp/[0m[1mbalanced_contrast_dashboard.py[0m:1028 in <module>                    [31m [0m
[31m [0m                                                                                      [31m [0m
[31m [0m   [2m1025 [0m[2m│   │   │   │   [0mst.plotly_chart(fig_ratings, use_container_width=[94mTrue[0m)        [31m [0m
[31m [0m   [2m1026 [0m                                                                              [31m [0m
[31m [0m   [2m1027 [0m[94mif[0m [91m__name__[0m == [33m"[0m[33m__main__[0m[33m"[0m:                                                    [31m [0m
[31m [0m [31m❱ [0m1028 [2m│   [0m[1;4mmain()[0m                                                                    [31m [0m
[31m [0m   [2m1029 [0m                                                                              [31m [0m
[31m [0m                                                                                      [31m [0m
[31m [0m [2m/home/user/webapp/[0m[1mbalanced_contrast_dashboard.py[0m:862 in main                         [31m [0m
[31m [0m                                                                                      [31m [0m
[31m [0m   [2m 859 [0m[2m│   │   │   │   [0m                                                              [31m [0m
[31m [0m   [2m 860 [0m[2m│   │   │   │   [0m[2m# Extract the actual question name from the display[0m           [31m [0m
[31m [0m   [2m 861 [0m[2m│   │   │   │   [0mselected_text_question = selected_text_question_display.split [31m [0m
[31m [0m [31m❱ [0m 862 [2m│   │   │   │   [0mresponse_count = [1;4mquestion_data_counts[selected_text_question][0m [31m [0m
[31m [0m   [2m 863 [0m[2m│   │   │   │   [0m                                                              [31m [0m
[31m [0m   [2m 864 [0m[2m│   │   │   │   [0mst.info([33mf[0m[33m"[0m[33m💡 **Selected:** [0m[33m{[0mselected_text_question[33m}[0m[33m - [0m[33m{[0mrespon [31m [0m
[31m [0m   [2m 865 [0m[2m│   │   │   [0m[94melse[0m:                                                             [31m [0m
[31m────────────────────────────────────────────────────────────────────────────────────────[0m
[1;91mKeyError: [0m[32m'Visit Purpose'[0m
[31m──[0m[31m────────────────────────[0m[31m [0m[1;31mTraceback [0m[1;2;31m(most recent call last)[0m[31m [0m[31m─────────────────────────[0m[31m──[0m
[31m [0m [2m/usr/local/lib/python3.12/site-packages/streamlit/runtime/scriptrunner/[0m[1mexec_code.py[0m: [31m [0m
[31m [0m 128 in exec_func_with_error_handling                                                 [31m [0m
[31m [0m                                                                                      [31m [0m
[31m [0m [2m/usr/local/lib/python3.12/site-packages/streamlit/runtime/scriptrunner/[0m[1mscript_runner[0m [31m [0m
[31m [0m [1m.py[0m:669 in code_to_exec                                                              [31m [0m
[31m [0m                                                                                      [31m [0m
[31m [0m [2m/home/user/webapp/[0m[1mbalanced_contrast_dashboard.py[0m:1028 in <module>                    [31m [0m
[31m [0m                                                                                      [31m [0m
[31m [0m   [2m1025 [0m[2m│   │   │   │   [0mst.plotly_chart(fig_ratings, use_container_width=[94mTrue[0m)        [31m [0m
[31m [0m   [2m1026 [0m                                                                              [31m [0m
[31m [0m   [2m1027 [0m[94mif[0m [91m__name__[0m == [33m"[0m[33m__main__[0m[33m"[0m:                                                    [31m [0m
[31m [0m [31m❱ [0m1028 [2m│   [0m[1;4mmain()[0m                                                                    [31m [0m
[31m [0m   [2m1029 [0m                                                                              [31m [0m
[31m [0m                                                                                      [31m [0m
[31m [0m [2m/home/user/webapp/[0m[1mbalanced_contrast_dashboard.py[0m:862 in main                         [31m [0m
[31m [0m                                                                                      [31m [0m
[31m [0m   [2m 859 [0m[2m│   │   │   │   [0m                                                              [31m [0m
[31m [0m   [2m 860 [0m[2m│   │   │   │   [0m[2m# Extract the actual question name from the display[0m           [31m [0m
[31m [0m   [2m 861 [0m[2m│   │   │   │   [0mselected_text_question = selected_text_question_display.split [31m [0m
[31m [0m [31m❱ [0m 862 [2m│   │   │   │   [0mresponse_count = [1;4mquestion_data_counts[selected_text_question][0m [31m [0m
[31m [0m   [2m 863 [0m[2m│   │   │   │   [0m                                                              [31m [0m
[31m [0m   [2m 864 [0m[2m│   │   │   │   [0mst.info([33mf[0m[33m"[0m[33m💡 **Selected:** [0m[33m{[0mselected_text_question[33m}[0m[33m - [0m[33m{[0mrespon [31m [0m
[31m [0m   [2m 865 [0m[2m│   │   │   [0m[94melse[0m:                                                             [31m [0m
[31m────────────────────────────────────────────────────────────────────────────────────────[0m
[1;91mKeyError: [0m[32m'Visit Purpose'[0m
[31m──[0m[31m────────────────────────[0m[31m [0m[1;31mTraceback [0m[1;2;31m(most recent call last)[0m[31m [0m[31m─────────────────────────[0m[31m──[0m
[31m [0m [2m/usr/local/lib/python3.12/site-packages/streamlit/runtime/scriptrunner/[0m[1mexec_code.py[0m: [31m [0m
[31m [0m 128 in exec_func_with_error_handling                                                 [31m [0m
[31m [0m                                                                                      [31m [0m
[31m [0m [2m/usr/local/lib/python3.12/site-packages/streamlit/runtime/scriptrunner/[0m[1mscript_runner[0m [31m [0m
[31m [0m [1m.py[0m:669 in code_to_exec                                                              [31m [0m
[31m [0m                                                                                      [31m [0m
[31m [0m [2m/home/user/webapp/[0m[1mbalanced_contrast_dashboard.py[0m:17 in <module>                      [31m [0m
[31m [0m                                                                                      [31m [0m
[31m [0m   [2m  14 [0m[94mfrom[0m[90m [0m[4;96mplotly[0m[4;96m.[0m[4;96msubplots[0m[90m [0m[94mimport[0m make_subplots                                     [31m [0m
[31m [0m   [2m  15 [0m[94mimport[0m[90m [0m[4;96mnumpy[0m[90m [0m[94mas[0m[90m [0m[4;96mnp[0m                                                            [31m [0m
[31m [0m   [2m  16 [0m[94mfrom[0m[90m [0m[4;96menhanced_osn_processor[0m[90m [0m[94mimport[0m EnhancedOSNProcessor                       [31m [0m
[31m [0m [31m❱ [0m  17 [1;4;94mfrom[0m[1;4;90m [0m[1;4;96mosn_wordcloud_analyzer[0m[1;4;90m [0m[1;4;94mimport[0m[1;4m OSNWordCloudAnalyzer[0m                       [31m [0m
[31m [0m   [2m  18 [0m[94mfrom[0m[90m [0m[4;96madvanced_text_insights_analyzer[0m[90m [0m[94mimport[0m AdvancedTextInsightsAnalyzer      [31m [0m
[31m [0m   [2m  19 [0m                                                                              [31m [0m
[31m [0m   [2m  20 [0m[2m# Configure Streamlit[0m                                                         [31m [0m
[31m [0m in _find_and_load:1360                                                               [31m [0m
[31m [0m in _find_and_load_unlocked:1331                                                      [31m [0m
[31m [0m in _load_unlocked:946                                                                [31m [0m
[31m────────────────────────────────────────────────────────────────────────────────────────[0m
[1;91mKeyError: [0m[32m'osn_wordcloud_analyzer'[0m
[31m──[0m[31m────────────────────────[0m[31m [0m[1;31mTraceback [0m[1;2;31m(most recent call last)[0m[31m [0m[31m─────────────────────────[0m[31m──[0m
[31m [0m [2m/usr/local/lib/python3.12/site-packages/streamlit/runtime/scriptrunner/[0m[1mexec_code.py[0m: [31m [0m
[31m [0m 128 in exec_func_with_error_handling                                                 [31m [0m
[31m [0m                                                                                      [31m [0m
[31m [0m [2m/usr/local/lib/python3.12/site-packages/streamlit/runtime/scriptrunner/[0m[1mscript_runner[0m [31m [0m
[31m [0m [1m.py[0m:669 in code_to_exec                                                              [31m [0m
[31m [0m                                                                                      [31m [0m
[31m [0m [2m/home/user/webapp/[0m[1mbalanced_contrast_dashboard.py[0m:16 in <module>                      [31m [0m
[31m [0m                                                                                      [31m [0m
[31m [0m   [2m  13 [0m[94mimport[0m[90m [0m[4;96mplotly[0m[4;96m.[0m[4;96mgraph_objects[0m[90m [0m[94mas[0m[90m [0m[4;96mgo[0m                                             [31m [0m
[31m [0m   [2m  14 [0m[94mfrom[0m[90m [0m[4;96mplotly[0m[4;96m.[0m[4;96msubplots[0m[90m [0m[94mimport[0m make_subplots                                     [31m [0m
[31m [0m   [2m  15 [0m[94mimport[0m[90m [0m[4;96mnumpy[0m[90m [0m[94mas[0m[90m [0m[4;96mnp[0m                                                            [31m [0m
[31m [0m [31m❱ [0m  16 [1;4;94mfrom[0m[1;4;90m [0m[1;4;96menhanced_osn_processor[0m[1;4;90m [0m[1;4;94mimport[0m[1;4m EnhancedOSNProcessor[0m                       [31m [0m
[31m [0m   [2m  17 [0m[94mfrom[0m[90m [0m[4;96mosn_wordcloud_analyzer[0m[90m [0m[94mimport[0m OSNWordCloudAnalyzer                       [31m [0m
[31m [0m   [2m  18 [0m[94mfrom[0m[90m [0m[4;96madvanced_text_insights_analyzer[0m[90m [0m[94mimport[0m AdvancedTextInsightsAnalyzer      [31m [0m
[31m [0m   [2m  19 [0m                                                                              [31m [0m
[31m [0m in _find_and_load:1360                                                               [31m [0m
[31m [0m in _find_and_load_unlocked:1331                                                      [31m [0m
[31m [0m in _load_unlocked:946                                                                [31m [0m
[31m────────────────────────────────────────────────────────────────────────────────────────[0m
[1;91mKeyError: [0m[32m'enhanced_osn_processor'[0m
[31m──[0m[31m────────────────────────[0m[31m [0m[1;31mTraceback [0m[1;2;31m(most recent call last)[0m[31m [0m[31m─────────────────────────[0m[31m──[0m
[31m [0m [2m/usr/local/lib/python3.12/site-packages/streamlit/runtime/scriptrunner/[0m[1mexec_code.py[0m: [31m [0m
[31m [0m 128 in exec_func_with_error_handling                                                 [31m [0m
[31m [0m                                                                                      [31m [0m
[31m [0m [2m/usr/local/lib/python3.12/site-packages/streamlit/runtime/scriptrunner/[0m[1mscript_runner[0m [31m [0m
[31m [0m [1m.py[0m:669 in code_to_exec                                                              [31m [0m
[31m [0m                                                                                      [31m [0m
[31m [0m [2m/home/user/webapp/[0m[1mbalanced_contrast_dashboard.py[0m:18 in <module>                      [31m [0m
[31m [0m                                                                                      [31m [0m
[31m [0m   [2m  15 [0m[94mimport[0m[90m [0m[4;96mnumpy[0m[90m [0m[94mas[0m[90m [0m[4;96mnp[0m                                                            [31m [0m
[31m [0m   [2m  16 [0m[94mfrom[0m[90m [0m[4;96menhanced_osn_processor[0m[90m [0m[94mimport[0m EnhancedOSNProcessor                       [31m [0m
[31m [0m   [2m  17 [0m[94mfrom[0m[90m [0m[4;96mosn_wordcloud_analyzer[0m[90m [0m[94mimport[0m OSNWordCloudAnalyzer                       [31m [0m
[31m [0m [31m❱ [0m  18 [1;4;94mfrom[0m[1;4;90m [0m[1;4;96madvanced_text_insights_analyzer[0m[1;4;90m [0m[1;4;94mimport[0m[1;4m AdvancedTextInsightsAnalyzer[0m      [31m [0m
[31m [0m   [2m  19 [0m                                                                              [31m [0m
[31m [0m   [2m  20 [0m[2m# Configure Streamlit[0m                                                         [31m [0m
[31m [0m   [2m  21 [0mst.set_page_config(                                                           [31m [0m
[31m [0m in _find_and_load:1360                                                               [31m [0m
[31m [0m in _find_and_load_unlocked:1331                                                      [31m [0m
[31m [0m in _load_unlocked:946                                                                [31m [0m
[31m────────────────────────────────────────────────────────────────────────────────────────[0m
[1;91mKeyError: [0m[32m'advanced_text_insights_analyzer'[0m
[31m──[0m[31m────────────────────────[0m[31m [0m[1;31mTraceback [0m[1;2;31m(most recent call last)[0m[31m [0m[31m─────────────────────────[0m[31m──[0m
[31m [0m [2m/usr/local/lib/python3.12/site-packages/streamlit/runtime/scriptrunner/[0m[1mexec_code.py[0m: [31m [0m
[31m [0m 128 in exec_func_with_error_handling                                                 [31m [0m
[31m [0m                                                                                      [31m [0m
[31m [0m [2m/usr/local/lib/python3.12/site-packages/streamlit/runtime/scriptrunner/[0m[1mscript_runner[0m [31m [0m
[31m [0m [1m.py[0m:669 in code_to_exec                                                              [31m [0m
[31m [0m                                                                                      [31m [0m
[31m [0m [2m/home/user/webapp/[0m[1mbalanced_contrast_dashboard.py[0m:1063 in <module>                    [31m [0m
[31m [0m                                                                                      [31m [0m
[31m [0m   [2m1060 [0m[2m│   │   │   │   [0mst.plotly_chart(fig_ratings, use_container_width=[94mTrue[0m)        [31m [0m
[31m [0m   [2m1061 [0m                                                                              [31m [0m
[31m [0m   [2m1062 [0m[94mif[0m [91m__name__[0m == [33m"[0m[33m__main__[0m[33m"[0m:                                                    [31m [0m
[31m [0m [31m❱ [0m1063 [2m│   [0m[1;4mmain()[0m                                                                    [31m [0m
[31m [0m   [2m1064 [0m                                                                              [31m [0m
[31m [0m                                                                                      [31m [0m
[31m [0m [2m/home/user/webapp/[0m[1mbalanced_contrast_dashboard.py[0m:862 in main                         [31m [0m
[31m [0m                                                                                      [31m [0m
[31m [0m   [2m 859 [0m[2m│   │   │   │   [0m                                                              [31m [0m
[31m [0m   [2m 860 [0m[2m│   │   │   │   [0m[2m# Extract the actual question name from the display[0m           [31m [0m
[31m [0m   [2m 861 [0m[2m│   │   │   │   [0mselected_text_question = selected_text_question_display.split [31m [0m
[31m [0m [31m❱ [0m 862 [2m│   │   │   │   [0mresponse_count = [1;4mquestion_data_counts[selected_text_question][0m [31m [0m
[31m [0m   [2m 863 [0m[2m│   │   │   │   [0m                                                              [31m [0m
[31m [0m   [2m 864 [0m[2m│   │   │   │   [0mst.info([33mf[0m[33m"[0m[33m💡 **Selected:** [0m[33m{[0mselected_text_question[33m}[0m[33m - [0m[33m{[0mrespon [31m [0m
[31m [0m   [2m 865 [0m[2m│   │   │   [0m[94melse[0m:                                                             [31m [0m
[31m────────────────────────────────────────────────────────────────────────────────────────[0m
[1;91mKeyError: [0m[32m'Visit Purpose'[0m
[31m──[0m[31m────────────────────────[0m[31m [0m[1;31mTraceback [0m[1;2;31m(most recent call last)[0m[31m [0m[31m─────────────────────────[0m[31m──[0m
[31m [0m [2m/usr/local/lib/python3.12/site-packages/streamlit/runtime/scriptrunner/[0m[1mexec_code.py[0m: [31m [0m
[31m [0m 128 in exec_func_with_error_handling                                                 [31m [0m
[31m [0m                                                                                      [31m [0m
[31m [0m [2m/usr/local/lib/python3.12/site-packages/streamlit/runtime/scriptrunner/[0m[1mscript_runner[0m [31m [0m
[31m [0m [1m.py[0m:669 in code_to_exec                                                              [31m [0m
[31m [0m                                                                                      [31m [0m
[31m [0m [2m/home/user/webapp/[0m[1mbalanced_contrast_dashboard.py[0m:1063 in <module>                    [31m [0m
[31m [0m                                                                                      [31m [0m
[31m [0m   [2m1060 [0m[2m│   │   │   │   [0mst.plotly_chart(fig_ratings, use_container_width=[94mTrue[0m)        [31m [0m
[31m [0m   [2m1061 [0m                                                                              [31m [0m
[31m [0m   [2m1062 [0m[94mif[0m [91m__name__[0m == [33m"[0m[33m__main__[0m[33m"[0m:                                                    [31m [0m
[31m [0m [31m❱ [0m1063 [2m│   [0m[1;4mmain()[0m                                                                    [31m [0m
[31m [0m   [2m1064 [0m                                                                              [31m [0m
[31m [0m                                                                                      [31m [0m
[31m [0m [2m/home/user/webapp/[0m[1mbalanced_contrast_dashboard.py[0m:862 in main                         [31m [0m
[31m [0m                                                                                      [31m [0m
[31m [0m   [2m 859 [0m[2m│   │   │   │   [0m                                                              [31m [0m
[31m [0m   [2m 860 [0m[2m│   │   │   │   [0m[2m# Extract the actual question name from the display[0m           [31m [0m
[31m [0m   [2m 861 [0m[2m│   │   │   │   [0mselected_text_question = selected_text_question_display.split [31m [0m
[31m [0m [31m❱ [0m 862 [2m│   │   │   │   [0mresponse_count = [1;4mquestion_data_counts[selected_text_question][0m [31m [0m
[31m [0m   [2m 863 [0m[2m│   │   │   │   [0m                                                              [31m [0m
[31m [0m   [2m 864 [0m[2m│   │   │   │   [0mst.info([33mf[0m[33m"[0m[33m💡 **Selected:** [0m[33m{[0mselected_text_question[33m}[0m[33m - [0m[33m{[0mrespon [31m [0m
[31m [0m   [2m 865 [0m[2m│   │   │   [0m[94melse[0m:                                                             [31m [0m
[31m────────────────────────────────────────────────────────────────────────────────────────[0m
[1;91mKeyError: [0m[32m'Visit Purpose'[0m
[31m──[0m[31m────────────────────────[0m[31m [0m[1;31mTraceback [0m[1;2;31m(most recent call last)[0m[31m [0m[31m─────────────────────────[0m[31m──[0m
[31m [0m [2m/usr/local/lib/python3.12/site-packages/streamlit/runtime/scriptrunner/[0m[1mexec_code.py[0m: [31m [0m
[31m [0m 128 in exec_func_with_error_handling                                                 [31m [0m
[31m [0m                                                                                      [31m [0m
[31m [0m [2m/usr/local/lib/python3.12/site-packages/streamlit/runtime/scriptrunner/[0m[1mscript_runner[0m [31m [0m
[31m [0m [1m.py[0m:669 in code_to_exec                                                              [31m [0m
[31m [0m                                                                                      [31m [0m
[31m [0m [2m/home/user/webapp/[0m[1mbalanced_contrast_dashboard.py[0m:1063 in <module>                    [31m [0m
[31m [0m                                                                                      [31m [0m
[31m [0m   [2m1060 [0m[2m│   │   │   │   [0mst.plotly_chart(fig_ratings, use_container_width=[94mTrue[0m)        [31m [0m
[31m [0m   [2m1061 [0m                                                                              [31m [0m
[31m [0m   [2m1062 [0m[94mif[0m [91m__name__[0m == [33m"[0m[33m__main__[0m[33m"[0m:                                                    [31m [0m
[31m [0m [31m❱ [0m1063 [2m│   [0m[1;4mmain()[0m                                                                    [31m [0m
[31m [0m   [2m1064 [0m                                                                              [31m [0m
[31m [0m                                                                                      [31m [0m
[31m [0m [2m/home/user/webapp/[0m[1mbalanced_contrast_dashboard.py[0m:862 in main                         [31m [0m
[31m [0m                                                                                      [31m [0m
[31m [0m   [2m 859 [0m[2m│   │   │   │   [0m                                                              [31m [0m
[31m [0m   [2m 860 [0m[2m│   │   │   │   [0m[2m# Extract the actual question name from the display[0m           [31m [0m
[31m [0m   [2m 861 [0m[2m│   │   │   │   [0mselected_text_question = selected_text_question_display.split [31m [0m
[31m [0m [31m❱ [0m 862 [2m│   │   │   │   [0mresponse_count = [1;4mquestion_data_counts[selected_text_question][0m [31m [0m
[31m [0m   [2m 863 [0m[2m│   │   │   │   [0m                                                              [31m [0m
[31m [0m   [2m 864 [0m[2m│   │   │   │   [0mst.info([33mf[0m[33m"[0m[33m💡 **Selected:** [0m[33m{[0mselected_text_question[33m}[0m[33m - [0m[33m{[0mrespon [31m [0m
[31m [0m   [2m 865 [0m[2m│   │   │   [0m[94melse[0m:                                                             [31m [0m
[31m────────────────────────────────────────────────────────────────────────────────────────[0m
[1;91mKeyError: [0m[32m'Visit Purpose'[0m
[31m──[0m[31m────────────────────────[0m[31m [0m[1;31mTraceback [0m[1;2;31m(most recent call last)[0m[31m [0m[31m─────────────────────────[0m[31m──[0m
[31m [0m [2m/usr/local/lib/python3.12/site-packages/streamlit/runtime/scriptrunner/[0m[1mexec_code.py[0m: [31m [0m
[31m [0m 128 in exec_func_with_error_handling                                                 [31m [0m
[31m [0m                                                                                      [31m [0m
[31m [0m [2m/usr/local/lib/python3.12/site-packages/streamlit/runtime/scriptrunner/[0m[1mscript_runner[0m [31m [0m
[31m [0m [1m.py[0m:669 in code_to_exec                                                              [31m [0m
[31m [0m                                                                                      [31m [0m
[31m [0m [2m/home/user/webapp/[0m[1mbalanced_contrast_dashboard.py[0m:1063 in <module>                    [31m [0m
[31m [0m                                                                                      [31m [0m
[31m [0m   [2m1060 [0m[2m│   │   │   │   [0mst.plotly_chart(fig_ratings, use_container_width=[94mTrue[0m)        [31m [0m
[31m [0m   [2m1061 [0m                                                                              [31m [0m
[31m [0m   [2m1062 [0m[94mif[0m [91m__name__[0m == [33m"[0m[33m__main__[0m[33m"[0m:                                                    [31m [0m
[31m [0m [31m❱ [0m1063 [2m│   [0m[1;4mmain()[0m                                                                    [31m [0m
[31m [0m   [2m1064 [0m                                                                              [31m [0m
[31m [0m                                                                                      [31m [0m
[31m [0m [2m/home/user/webapp/[0m[1mbalanced_contrast_dashboard.py[0m:862 in main                         [31m [0m
[31m [0m                                                                                      [31m [0m
[31m [0m   [2m 859 [0m[2m│   │   │   │   [0m                                                              [31m [0m
[31m [0m   [2m 860 [0m[2m│   │   │   │   [0m[2m# Extract the actual question name from the display[0m           [31m [0m
[31m [0m   [2m 861 [0m[2m│   │   │   │   [0mselected_text_question = selected_text_question_display.split [31m [0m
[31m [0m [31m❱ [0m 862 [2m│   │   │   │   [0mresponse_count = [1;4mquestion_data_counts[selected_text_question][0m [31m [0m
[31m [0m   [2m 863 [0m[2m│   │   │   │   [0m                                                              [31m [0m
[31m [0m   [2m 864 [0m[2m│   │   │   │   [0mst.info([33mf[0m[33m"[0m[33m💡 **Selected:** [0m[33m{[0mselected_text_question[33m}[0m[33m - [0m[33m{[0mrespon [31m [0m
[31m [0m   [2m 865 [0m[2m│   │   │   [0m[94melse[0m:                                                             [31m [0m
[31m────────────────────────────────────────────────────────────────────────────────────────[0m
[1;91mKeyError: [0m[32m'Visit Purpose'[0m
  Stopping...

  You can now view your Streamlit app in your browser.

  URL: http://0.0.0.0:8501

🔄 Loading survey data (ENHANCED - Better Questions + Word Cloud Support)...
📋 Loaded 22 question mappings
📝 Loaded 12 response option sets
📋 Guests (UAE): 200 responses loaded
📋 Guests Online (KSA): 200 responses loaded
📝 ENHANCED: Mapped to 43 columns (no more 'Unnamed')
📋 Available questions: ['Nationality', 'Visit Purpose', 'Visit Purpose (Other)', 'Hotel Stays Per Year', 'Hotel Choice Reason 1']...
🧹 Normalizing nationality data (keeping all responses)...
🧹 Converting visit purpose codes...
🧹 Converting hotel frequency codes...
🧹 Converting hotel choice reason codes...
✅ ENHANCED: Data cleaned, still have exactly 400 responses
🔤 Identified 6 text analysis questions:
   - Visit Purpose (Other)
   - Please specify other reason for choosing the hotel?
   - Entertainment Experience Story
   - Please specify other type of content did you watch?
   - Entertainment Improvement Suggestions
   - General Entertainment Suggestions
🎯 ENHANCED Filter options:
   Nationalities (55): ALL INCLUDED
   Visit Purposes: ['Business', 'Family Vacation', 'Leisure', 'Other']
   Hotel Frequency: ['1-2 times', '3-5 times', '5.0', 'More than 5 times']
   Text Analysis Questions: 6
✅ ENHANCED: Successfully loaded exactly 400 responses
   UAE: 200
   KSA: 200
   Text Analysis Questions: 6
[31m──[0m[31m────────────────────────[0m[31m [0m[1;31mTraceback [0m[1;2;31m(most recent call last)[0m[31m [0m[31m─────────────────────────[0m[31m──[0m
[31m [0m [2m/usr/local/lib/python3.12/site-packages/streamlit/runtime/scriptrunner/[0m[1mexec_code.py[0m: [31m [0m
[31m [0m 128 in exec_func_with_error_handling                                                 [31m [0m
[31m [0m                                                                                      [31m [0m
[31m [0m [2m/usr/local/lib/python3.12/site-packages/streamlit/runtime/scriptrunner/[0m[1mscript_runner[0m [31m [0m
[31m [0m [1m.py[0m:669 in code_to_exec                                                              [31m [0m
[31m [0m                                                                                      [31m [0m
[31m [0m [2m/home/user/webapp/[0m[1mbalanced_contrast_dashboard.py[0m:1063 in <module>                    [31m [0m
[31m [0m                                                                                      [31m [0m
[31m [0m   [2m1060 [0m[2m│   │   │   │   [0mst.plotly_chart(fig_ratings, use_container_width=[94mTrue[0m)        [31m [0m
[31m [0m   [2m1061 [0m                                                                              [31m [0m
[31m [0m   [2m1062 [0m[94mif[0m [91m__name__[0m == [33m"[0m[33m__main__[0m[33m"[0m:                                                    [31m [0m
[31m [0m [31m❱ [0m1063 [2m│   [0m[1;4mmain()[0m                                                                    [31m [0m
[31m [0m   [2m1064 [0m                                                                              [31m [0m
[31m [0m                                                                                      [31m [0m
[31m [0m [2m/home/user/webapp/[0m[1mbalanced_contrast_dashboard.py[0m:862 in main                         [31m [0m
[31m [0m                                                                                      [31m [0m
[31m [0m   [2m 859 [0m[2m│   │   │   │   [0m                                                              [31m [0m
[31m [0m   [2m 860 [0m[2m│   │   │   │   [0m[2m# Extract the actual question name from the display[0m           [31m [0m
[31m [0m   [2m 861 [0m[2m│   │   │   │   [0mselected_text_question = selected_text_question_display.split [31m [0m
[31m [0m [31m❱ [0m 862 [2m│   │   │   │   [0mresponse_count = [1;4mquestion_data_counts[selected_text_question][0m [31m [0m
[31m [0m   [2m 863 [0m[2m│   │   │   │   [0m                                                              [31m [0m
[31m [0m   [2m 864 [0m[2m│   │   │   │   [0mst.info([33mf[0m[33m"[0m[33m💡 **Selected:** [0m[33m{[0mselected_text_question[33m}[0m[33m - [0m[33m{[0mrespon [31m [0m
[31m [0m   [2m 865 [0m[2m│   │   │   [0m[94melse[0m:                                                             [31m [0m
[31m────────────────────────────────────────────────────────────────────────────────────────[0m
[1;91mKeyError: [0m[32m'Visit Purpose'[0m
[31m──[0m[31m────────────────────────[0m[31m [0m[1;31mTraceback [0m[1;2;31m(most recent call last)[0m[31m [0m[31m─────────────────────────[0m[31m──[0m
[31m [0m [2m/usr/local/lib/python3.12/site-packages/streamlit/runtime/scriptrunner/[0m[1mexec_code.py[0m: [31m [0m
[31m [0m 128 in exec_func_with_error_handling                                                 [31m [0m
[31m [0m                                                                                      [31m [0m
[31m [0m [2m/usr/local/lib/python3.12/site-packages/streamlit/runtime/scriptrunner/[0m[1mscript_runner[0m [31m [0m
[31m [0m [1m.py[0m:669 in code_to_exec                                                              [31m [0m
[31m [0m                                                                                      [31m [0m
[31m [0m [2m/home/user/webapp/[0m[1mbalanced_contrast_dashboard.py[0m:1063 in <module>                    [31m [0m
[31m [0m                                                                                      [31m [0m
[31m [0m   [2m1060 [0m[2m│   │   │   │   [0mst.plotly_chart(fig_ratings, use_container_width=[94mTrue[0m)        [31m [0m
[31m [0m   [2m1061 [0m                                                                              [31m [0m
[31m [0m   [2m1062 [0m[94mif[0m [91m__name__[0m == [33m"[0m[33m__main__[0m[33m"[0m:                                                    [31m [0m
[31m [0m [31m❱ [0m1063 [2m│   [0m[1;4mmain()[0m                                                                    [31m [0m
[31m [0m   [2m1064 [0m                                                                              [31m [0m
[31m [0m                                                                                      [31m [0m
[31m [0m [2m/home/user/webapp/[0m[1mbalanced_contrast_dashboard.py[0m:862 in main                         [31m [0m
[31m [0m                                                                                      [31m [0m
[31m [0m   [2m 859 [0m[2m│   │   │   │   [0m                                                              [31m [0m
[31m [0m   [2m 860 [0m[2m│   │   │   │   [0m[2m# Extract the actual question name from the display[0m           [31m [0m
[31m [0m   [2m 861 [0m[2m│   │   │   │   [0mselected_text_question = selected_text_question_display.split [31m [0m
[31m [0m [31m❱ [0m 862 [2m│   │   │   │   [0mresponse_count = [1;4mquestion_data_counts[selected_text_question][0m [31m [0m
[31m [0m   [2m 863 [0m[2m│   │   │   │   [0m                                                              [31m [0m
[31m [0m   [2m 864 [0m[2m│   │   │   │   [0mst.info([33mf[0m[33m"[0m[33m💡 **Selected:** [0m[33m{[0mselected_text_question[33m}[0m[33m - [0m[33m{[0mrespon [31m [0m
[31m [0m   [2m 865 [0m[2m│   │   │   [0m[94melse[0m:                                                             [31m [0m
[31m────────────────────────────────────────────────────────────────────────────────────────[0m
[1;91mKeyError: [0m[32m'Visit Purpose'[0m
[31m──[0m[31m────────────────────────[0m[31m [0m[1;31mTraceback [0m[1;2;31m(most recent call last)[0m[31m [0m[31m─────────────────────────[0m[31m──[0m
[31m [0m [2m/usr/local/lib/python3.12/site-packages/streamlit/runtime/scriptrunner/[0m[1mexec_code.py[0m: [31m [0m
[31m [0m 128 in exec_func_with_error_handling                                                 [31m [0m
[31m [0m                                                                                      [31m [0m
[31m [0m [2m/usr/local/lib/python3.12/site-packages/streamlit/runtime/scriptrunner/[0m[1mscript_runner[0m [31m [0m
[31m [0m [1m.py[0m:669 in code_to_exec                                                              [31m [0m
[31m [0m                                                                                      [31m [0m
[31m [0m [2m/home/user/webapp/[0m[1mbalanced_contrast_dashboard.py[0m:1063 in <module>                    [31m [0m
[31m [0m                                                                                      [31m [0m
[31m [0m   [2m1060 [0m[2m│   │   │   │   [0mst.plotly_chart(fig_ratings, use_container_width=[94mTrue[0m)        [31m [0m
[31m [0m   [2m1061 [0m                                                                              [31m [0m
[31m [0m   [2m1062 [0m[94mif[0m [91m__name__[0m == [33m"[0m[33m__main__[0m[33m"[0m:                                                    [31m [0m
[31m [0m [31m❱ [0m1063 [2m│   [0m[1;4mmain()[0m                                                                    [31m [0m
[31m [0m   [2m1064 [0m                                                                              [31m [0m
[31m [0m                                                                                      [31m [0m
[31m [0m [2m/home/user/webapp/[0m[1mbalanced_contrast_dashboard.py[0m:862 in main                         [31m [0m
[31m [0m                                                                                      [31m [0m
[31m [0m   [2m 859 [0m[2m│   │   │   │   [0m                                                              [31m [0m
[31m [0m   [2m 860 [0m[2m│   │   │   │   [0m[2m# Extract the actual question name from the display[0m           [31m [0m
[31m [0m   [2m 861 [0m[2m│   │   │   │   [0mselected_text_question = selected_text_question_display.split [31m [0m
[31m [0m [31m❱ [0m 862 [2m│   │   │   │   [0mresponse_count = [1;4mquestion_data_counts[selected_text_question][0m [31m [0m
[31m [0m   [2m 863 [0m[2m│   │   │   │   [0m                                                              [31m [0m
[31m [0m   [2m 864 [0m[2m│   │   │   │   [0mst.info([33mf[0m[33m"[0m[33m💡 **Selected:** [0m[33m{[0mselected_text_question[33m}[0m[33m - [0m[33m{[0mrespon [31m [0m
[31m [0m   [2m 865 [0m[2m│   │   │   [0m[94melse[0m:                                                             [31m [0m
[31m────────────────────────────────────────────────────────────────────────────────────────[0m
[1;91mKeyError: [0m[32m'Visit Purpose'[0m
[31m──[0m[31m────────────────────────[0m[31m [0m[1;31mTraceback [0m[1;2;31m(most recent call last)[0m[31m [0m[31m─────────────────────────[0m[31m──[0m
[31m [0m [2m/usr/local/lib/python3.12/site-packages/streamlit/runtime/scriptrunner/[0m[1mexec_code.py[0m: [31m [0m
[31m [0m 128 in exec_func_with_error_handling                                                 [31m [0m
[31m [0m                                                                                      [31m [0m
[31m [0m [2m/usr/local/lib/python3.12/site-packages/streamlit/runtime/scriptrunner/[0m[1mscript_runner[0m [31m [0m
[31m [0m [1m.py[0m:669 in code_to_exec                                                              [31m [0m
[31m [0m                                                                                      [31m [0m
[31m [0m [2m/home/user/webapp/[0m[1mbalanced_contrast_dashboard.py[0m:1063 in <module>                    [31m [0m
[31m [0m                                                                                      [31m [0m
[31m [0m   [2m1060 [0m[2m│   │   │   │   [0mst.plotly_chart(fig_ratings, use_container_width=[94mTrue[0m)        [31m [0m
[31m [0m   [2m1061 [0m                                                                              [31m [0m
[31m [0m   [2m1062 [0m[94mif[0m [91m__name__[0m == [33m"[0m[33m__main__[0m[33m"[0m:                                                    [31m [0m
[31m [0m [31m❱ [0m1063 [2m│   [0m[1;4mmain()[0m                                                                    [31m [0m
[31m [0m   [2m1064 [0m                                                                              [31m [0m
[31m [0m                                                                                      [31m [0m
[31m [0m [2m/home/user/webapp/[0m[1mbalanced_contrast_dashboard.py[0m:862 in main                         [31m [0m
[31m [0m                                                                                      [31m [0m
[31m [0m   [2m 859 [0m[2m│   │   │   │   [0m                                                              [31m [0m
[31m [0m   [2m 860 [0m[2m│   │   │   │   [0m[2m# Extract the actual question name from the display[0m           [31m [0m
[31m [0m   [2m 861 [0m[2m│   │   │   │   [0mselected_text_question = selected_text_question_display.split [31m [0m
[31m [0m [31m❱ [0m 862 [2m│   │   │   │   [0mresponse_count = [1;4mquestion_data_counts[selected_text_question][0m [31m [0m
[31m [0m   [2m 863 [0m[2m│   │   │   │   [0m                                                              [31m [0m
[31m [0m   [2m 864 [0m[2m│   │   │   │   [0mst.info([33mf[0m[33m"[0m[33m💡 **Selected:** [0m[33m{[0mselected_text_question[33m}[0m[33m - [0m[33m{[0mrespon [31m [0m
[31m [0m   [2m 865 [0m[2m│   │   │   [0m[94melse[0m:                                                             [31m [0m
[31m────────────────────────────────────────────────────────────────────────────────────────[0m
[1;91mKeyError: [0m[32m'Visit Purpose'[0m
