Exception in callback AppSession._on_scriptrunner_event.<locals>.<lambda>() at /usr/local/lib/python3.12/site-packages/streamlit/runtime/app_session.py:519
handle: <Handle AppSession._on_scriptrunner_event.<locals>.<lambda>() at /usr/local/lib/python3.12/site-packages/streamlit/runtime/app_session.py:519>
Traceback (most recent call last):
  File "/usr/local/lib/python3.12/asyncio/events.py", line 88, in _run
    self._context.run(self._callback, *self._args)
  File "/usr/local/lib/python3.12/site-packages/streamlit/runtime/app_session.py", line 519, in <lambda>
    lambda: self._handle_scriptrunner_event_on_event_loop(
            ^^^^^^^^^^^^^^^^^^^^^^^^^^^^^^^^^^^^^^^^^^^^^^
  File "/usr/local/lib/python3.12/site-packages/streamlit/runtime/app_session.py", line 616, in _handle_scriptrunner_event_on_event_loop
    msg = self._create_new_session_message(
          ^^^^^^^^^^^^^^^^^^^^^^^^^^^^^^^^^
  File "/usr/local/lib/python3.12/site-packages/streamlit/runtime/app_session.py", line 750, in _create_new_session_message
    _populate_user_info_msg(imsg.user_info)
  File "/usr/local/lib/python3.12/site-packages/streamlit/runtime/app_session.py", line 1154, in _populate_user_info_msg
    inst = Installation.instance()
           ^^^^^^^^^^^^^^^^^^^^^^^
  File "/usr/local/lib/python3.12/site-packages/streamlit/runtime/metrics_util.py", line 228, in instance
    cls._instance = Installation()
                    ^^^^^^^^^^^^^^
  File "/usr/local/lib/python3.12/site-packages/streamlit/runtime/metrics_util.py", line 233, in __init__
    uuid.uuid5(uuid.NAMESPACE_DNS, _get_machine_id_v3())
                                   ^^^^^^^^^^^^^^^^^^^^
  File "/usr/local/lib/python3.12/site-packages/streamlit/runtime/metrics_util.py", line 173, in _get_machine_id_v3
    machine_id = f.read()
                 ^^^^^^^^
  File "<frozen codecs>", line 322, in decode
UnicodeDecodeError: 'utf-8' codec can't decode bytes in position 25-26: invalid continuation byte
2025-09-12 01:28:27.332 Script compilation error
Traceback (most recent call last):
  File "/usr/local/lib/python3.12/site-packages/streamlit/runtime/scriptrunner/script_runner.py", line 571, in _run_script
    code = self._script_cache.get_bytecode(script_path)
           ^^^^^^^^^^^^^^^^^^^^^^^^^^^^^^^^^^^^^^^^^^^^
  File "/usr/local/lib/python3.12/site-packages/streamlit/runtime/scriptrunner/script_cache.py", line 72, in get_bytecode
    filebody = magic.add_magic(filebody, script_path)
               ^^^^^^^^^^^^^^^^^^^^^^^^^^^^^^^^^^^^^^
  File "/usr/local/lib/python3.12/site-packages/streamlit/runtime/scriptrunner/magic.py", line 45, in add_magic
    tree = ast.parse(code, script_path, "exec")
           ^^^^^^^^^^^^^^^^^^^^^^^^^^^^^^^^^^^^
  File "/usr/local/lib/python3.12/ast.py", line 52, in parse
    return compile(source, filename, mode, flags,
           ^^^^^^^^^^^^^^^^^^^^^^^^^^^^^^^^^^^^^^
  File "/home/user/webapp/streamlit_app.py", line 906
    if insights:
IndentationError: unexpected indent
2025-09-12 01:28:27.339 Thread 'MainThread': missing ScriptRunContext! This warning can be ignored when running in bare mode.
Exception in callback AppSession._on_scriptrunner_event.<locals>.<lambda>() at /usr/local/lib/python3.12/site-packages/streamlit/runtime/app_session.py:519
handle: <Handle AppSession._on_scriptrunner_event.<locals>.<lambda>() at /usr/local/lib/python3.12/site-packages/streamlit/runtime/app_session.py:519>
Traceback (most recent call last):
  File "/usr/local/lib/python3.12/asyncio/events.py", line 88, in _run
    self._context.run(self._callback, *self._args)
  File "/usr/local/lib/python3.12/site-packages/streamlit/runtime/app_session.py", line 519, in <lambda>
    lambda: self._handle_scriptrunner_event_on_event_loop(
            ^^^^^^^^^^^^^^^^^^^^^^^^^^^^^^^^^^^^^^^^^^^^^^
  File "/usr/local/lib/python3.12/site-packages/streamlit/runtime/app_session.py", line 616, in _handle_scriptrunner_event_on_event_loop
    msg = self._create_new_session_message(
          ^^^^^^^^^^^^^^^^^^^^^^^^^^^^^^^^^
  File "/usr/local/lib/python3.12/site-packages/streamlit/runtime/app_session.py", line 750, in _create_new_session_message
    _populate_user_info_msg(imsg.user_info)
  File "/usr/local/lib/python3.12/site-packages/streamlit/runtime/app_session.py", line 1154, in _populate_user_info_msg
    inst = Installation.instance()
           ^^^^^^^^^^^^^^^^^^^^^^^
  File "/usr/local/lib/python3.12/site-packages/streamlit/runtime/metrics_util.py", line 228, in instance
    cls._instance = Installation()
                    ^^^^^^^^^^^^^^
  File "/usr/local/lib/python3.12/site-packages/streamlit/runtime/metrics_util.py", line 233, in __init__
    uuid.uuid5(uuid.NAMESPACE_DNS, _get_machine_id_v3())
                                   ^^^^^^^^^^^^^^^^^^^^
  File "/usr/local/lib/python3.12/site-packages/streamlit/runtime/metrics_util.py", line 173, in _get_machine_id_v3
    machine_id = f.read()
                 ^^^^^^^^
  File "<frozen codecs>", line 322, in decode
UnicodeDecodeError: 'utf-8' codec can't decode bytes in position 25-26: invalid continuation byte
2025-09-12 01:29:46.506 Script compilation error
Traceback (most recent call last):
  File "/usr/local/lib/python3.12/site-packages/streamlit/runtime/scriptrunner/script_runner.py", line 571, in _run_script
    code = self._script_cache.get_bytecode(script_path)
           ^^^^^^^^^^^^^^^^^^^^^^^^^^^^^^^^^^^^^^^^^^^^
  File "/usr/local/lib/python3.12/site-packages/streamlit/runtime/scriptrunner/script_cache.py", line 72, in get_bytecode
    filebody = magic.add_magic(filebody, script_path)
               ^^^^^^^^^^^^^^^^^^^^^^^^^^^^^^^^^^^^^^
  File "/usr/local/lib/python3.12/site-packages/streamlit/runtime/scriptrunner/magic.py", line 45, in add_magic
    tree = ast.parse(code, script_path, "exec")
           ^^^^^^^^^^^^^^^^^^^^^^^^^^^^^^^^^^^^
  File "/usr/local/lib/python3.12/ast.py", line 52, in parse
    return compile(source, filename, mode, flags,
           ^^^^^^^^^^^^^^^^^^^^^^^^^^^^^^^^^^^^^^
  File "/home/user/webapp/streamlit_app.py", line 906
    if insights:
IndentationError: unexpected indent
2025-09-12 01:29:46.509 Thread 'MainThread': missing ScriptRunContext! This warning can be ignored when running in bare mode.
Exception in callback AppSession._on_scriptrunner_event.<locals>.<lambda>() at /usr/local/lib/python3.12/site-packages/streamlit/runtime/app_session.py:519
handle: <Handle AppSession._on_scriptrunner_event.<locals>.<lambda>() at /usr/local/lib/python3.12/site-packages/streamlit/runtime/app_session.py:519>
Traceback (most recent call last):
  File "/usr/local/lib/python3.12/asyncio/events.py", line 88, in _run
    self._context.run(self._callback, *self._args)
  File "/usr/local/lib/python3.12/site-packages/streamlit/runtime/app_session.py", line 519, in <lambda>
    lambda: self._handle_scriptrunner_event_on_event_loop(
            ^^^^^^^^^^^^^^^^^^^^^^^^^^^^^^^^^^^^^^^^^^^^^^
  File "/usr/local/lib/python3.12/site-packages/streamlit/runtime/app_session.py", line 616, in _handle_scriptrunner_event_on_event_loop
    msg = self._create_new_session_message(
          ^^^^^^^^^^^^^^^^^^^^^^^^^^^^^^^^^
  File "/usr/local/lib/python3.12/site-packages/streamlit/runtime/app_session.py", line 750, in _create_new_session_message
    _populate_user_info_msg(imsg.user_info)
  File "/usr/local/lib/python3.12/site-packages/streamlit/runtime/app_session.py", line 1154, in _populate_user_info_msg
    inst = Installation.instance()
           ^^^^^^^^^^^^^^^^^^^^^^^
  File "/usr/local/lib/python3.12/site-packages/streamlit/runtime/metrics_util.py", line 228, in instance
    cls._instance = Installation()
                    ^^^^^^^^^^^^^^
  File "/usr/local/lib/python3.12/site-packages/streamlit/runtime/metrics_util.py", line 233, in __init__
    uuid.uuid5(uuid.NAMESPACE_DNS, _get_machine_id_v3())
                                   ^^^^^^^^^^^^^^^^^^^^
  File "/usr/local/lib/python3.12/site-packages/streamlit/runtime/metrics_util.py", line 173, in _get_machine_id_v3
    machine_id = f.read()
                 ^^^^^^^^
  File "<frozen codecs>", line 322, in decode
UnicodeDecodeError: 'utf-8' codec can't decode bytes in position 25-26: invalid continuation byte
2025-09-12 01:30:04.141 Script compilation error
Traceback (most recent call last):
  File "/usr/local/lib/python3.12/site-packages/streamlit/runtime/scriptrunner/script_runner.py", line 571, in _run_script
    code = self._script_cache.get_bytecode(script_path)
           ^^^^^^^^^^^^^^^^^^^^^^^^^^^^^^^^^^^^^^^^^^^^
  File "/usr/local/lib/python3.12/site-packages/streamlit/runtime/scriptrunner/script_cache.py", line 72, in get_bytecode
    filebody = magic.add_magic(filebody, script_path)
               ^^^^^^^^^^^^^^^^^^^^^^^^^^^^^^^^^^^^^^
  File "/usr/local/lib/python3.12/site-packages/streamlit/runtime/scriptrunner/magic.py", line 45, in add_magic
    tree = ast.parse(code, script_path, "exec")
           ^^^^^^^^^^^^^^^^^^^^^^^^^^^^^^^^^^^^
  File "/usr/local/lib/python3.12/ast.py", line 52, in parse
    return compile(source, filename, mode, flags,
           ^^^^^^^^^^^^^^^^^^^^^^^^^^^^^^^^^^^^^^
  File "/home/user/webapp/streamlit_app.py", line 906
    if insights:
IndentationError: unexpected indent
2025-09-12 01:30:04.143 Thread 'MainThread': missing ScriptRunContext! This warning can be ignored when running in bare mode.
Exception in callback AppSession._on_scriptrunner_event.<locals>.<lambda>() at /usr/local/lib/python3.12/site-packages/streamlit/runtime/app_session.py:519
handle: <Handle AppSession._on_scriptrunner_event.<locals>.<lambda>() at /usr/local/lib/python3.12/site-packages/streamlit/runtime/app_session.py:519>
Traceback (most recent call last):
  File "/usr/local/lib/python3.12/asyncio/events.py", line 88, in _run
    self._context.run(self._callback, *self._args)
  File "/usr/local/lib/python3.12/site-packages/streamlit/runtime/app_session.py", line 519, in <lambda>
    lambda: self._handle_scriptrunner_event_on_event_loop(
            ^^^^^^^^^^^^^^^^^^^^^^^^^^^^^^^^^^^^^^^^^^^^^^
  File "/usr/local/lib/python3.12/site-packages/streamlit/runtime/app_session.py", line 616, in _handle_scriptrunner_event_on_event_loop
    msg = self._create_new_session_message(
          ^^^^^^^^^^^^^^^^^^^^^^^^^^^^^^^^^
  File "/usr/local/lib/python3.12/site-packages/streamlit/runtime/app_session.py", line 750, in _create_new_session_message
    _populate_user_info_msg(imsg.user_info)
  File "/usr/local/lib/python3.12/site-packages/streamlit/runtime/app_session.py", line 1154, in _populate_user_info_msg
    inst = Installation.instance()
           ^^^^^^^^^^^^^^^^^^^^^^^
  File "/usr/local/lib/python3.12/site-packages/streamlit/runtime/metrics_util.py", line 228, in instance
    cls._instance = Installation()
                    ^^^^^^^^^^^^^^
  File "/usr/local/lib/python3.12/site-packages/streamlit/runtime/metrics_util.py", line 233, in __init__
    uuid.uuid5(uuid.NAMESPACE_DNS, _get_machine_id_v3())
                                   ^^^^^^^^^^^^^^^^^^^^
  File "/usr/local/lib/python3.12/site-packages/streamlit/runtime/metrics_util.py", line 173, in _get_machine_id_v3
    machine_id = f.read()
                 ^^^^^^^^
  File "<frozen codecs>", line 322, in decode
UnicodeDecodeError: 'utf-8' codec can't decode bytes in position 25-26: invalid continuation byte
2025-09-12 01:30:36.088 Script compilation error
Traceback (most recent call last):
  File "/usr/local/lib/python3.12/site-packages/streamlit/runtime/scriptrunner/script_runner.py", line 571, in _run_script
    code = self._script_cache.get_bytecode(script_path)
           ^^^^^^^^^^^^^^^^^^^^^^^^^^^^^^^^^^^^^^^^^^^^
  File "/usr/local/lib/python3.12/site-packages/streamlit/runtime/scriptrunner/script_cache.py", line 72, in get_bytecode
    filebody = magic.add_magic(filebody, script_path)
               ^^^^^^^^^^^^^^^^^^^^^^^^^^^^^^^^^^^^^^
  File "/usr/local/lib/python3.12/site-packages/streamlit/runtime/scriptrunner/magic.py", line 45, in add_magic
    tree = ast.parse(code, script_path, "exec")
           ^^^^^^^^^^^^^^^^^^^^^^^^^^^^^^^^^^^^
  File "/usr/local/lib/python3.12/ast.py", line 52, in parse
    return compile(source, filename, mode, flags,
           ^^^^^^^^^^^^^^^^^^^^^^^^^^^^^^^^^^^^^^
  File "/home/user/webapp/streamlit_app.py", line 727
    'implication': f'OSN+ positioning as a h
                   ^
SyntaxError: unterminated f-string literal (detected at line 727)
Exception in callback AppSession._on_scriptrunner_event.<locals>.<lambda>() at /usr/local/lib/python3.12/site-packages/streamlit/runtime/app_session.py:519
handle: <Handle AppSession._on_scriptrunner_event.<locals>.<lambda>() at /usr/local/lib/python3.12/site-packages/streamlit/runtime/app_session.py:519>
Traceback (most recent call last):
  File "/usr/local/lib/python3.12/asyncio/events.py", line 88, in _run
    self._context.run(self._callback, *self._args)
  File "/usr/local/lib/python3.12/site-packages/streamlit/runtime/app_session.py", line 519, in <lambda>
    lambda: self._handle_scriptrunner_event_on_event_loop(
            ^^^^^^^^^^^^^^^^^^^^^^^^^^^^^^^^^^^^^^^^^^^^^^
  File "/usr/local/lib/python3.12/site-packages/streamlit/runtime/app_session.py", line 616, in _handle_scriptrunner_event_on_event_loop
    msg = self._create_new_session_message(
          ^^^^^^^^^^^^^^^^^^^^^^^^^^^^^^^^^
  File "/usr/local/lib/python3.12/site-packages/streamlit/runtime/app_session.py", line 750, in _create_new_session_message
    _populate_user_info_msg(imsg.user_info)
  File "/usr/local/lib/python3.12/site-packages/streamlit/runtime/app_session.py", line 1154, in _populate_user_info_msg
    inst = Installation.instance()
           ^^^^^^^^^^^^^^^^^^^^^^^
  File "/usr/local/lib/python3.12/site-packages/streamlit/runtime/metrics_util.py", line 228, in instance
    cls._instance = Installation()
                    ^^^^^^^^^^^^^^
  File "/usr/local/lib/python3.12/site-packages/streamlit/runtime/metrics_util.py", line 233, in __init__
    uuid.uuid5(uuid.NAMESPACE_DNS, _get_machine_id_v3())
                                   ^^^^^^^^^^^^^^^^^^^^
  File "/usr/local/lib/python3.12/site-packages/streamlit/runtime/metrics_util.py", line 173, in _get_machine_id_v3
    machine_id = f.read()
                 ^^^^^^^^
  File "<frozen codecs>", line 322, in decode
UnicodeDecodeError: 'utf-8' codec can't decode bytes in position 25-26: invalid continuation byte
2025-09-12 01:30:36.136 Thread 'MainThread': missing ScriptRunContext! This warning can be ignored when running in bare mode.
Exception in callback AppSession._on_scriptrunner_event.<locals>.<lambda>() at /usr/local/lib/python3.12/site-packages/streamlit/runtime/app_session.py:519
handle: <Handle AppSession._on_scriptrunner_event.<locals>.<lambda>() at /usr/local/lib/python3.12/site-packages/streamlit/runtime/app_session.py:519>
Traceback (most recent call last):
  File "/usr/local/lib/python3.12/asyncio/events.py", line 88, in _run
    self._context.run(self._callback, *self._args)
  File "/usr/local/lib/python3.12/site-packages/streamlit/runtime/app_session.py", line 519, in <lambda>
    lambda: self._handle_scriptrunner_event_on_event_loop(
            ^^^^^^^^^^^^^^^^^^^^^^^^^^^^^^^^^^^^^^^^^^^^^^
  File "/usr/local/lib/python3.12/site-packages/streamlit/runtime/app_session.py", line 616, in _handle_scriptrunner_event_on_event_loop
    msg = self._create_new_session_message(
          ^^^^^^^^^^^^^^^^^^^^^^^^^^^^^^^^^
  File "/usr/local/lib/python3.12/site-packages/streamlit/runtime/app_session.py", line 750, in _create_new_session_message
    _populate_user_info_msg(imsg.user_info)
  File "/usr/local/lib/python3.12/site-packages/streamlit/runtime/app_session.py", line 1154, in _populate_user_info_msg
    inst = Installation.instance()
           ^^^^^^^^^^^^^^^^^^^^^^^
  File "/usr/local/lib/python3.12/site-packages/streamlit/runtime/metrics_util.py", line 228, in instance
    cls._instance = Installation()
                    ^^^^^^^^^^^^^^
  File "/usr/local/lib/python3.12/site-packages/streamlit/runtime/metrics_util.py", line 233, in __init__
    uuid.uuid5(uuid.NAMESPACE_DNS, _get_machine_id_v3())
                                   ^^^^^^^^^^^^^^^^^^^^
  File "/usr/local/lib/python3.12/site-packages/streamlit/runtime/metrics_util.py", line 173, in _get_machine_id_v3
    machine_id = f.read()
                 ^^^^^^^^
  File "<frozen codecs>", line 322, in decode
UnicodeDecodeError: 'utf-8' codec can't decode bytes in position 25-26: invalid continuation byte
Exception in callback AppSession._on_scriptrunner_event.<locals>.<lambda>() at /usr/local/lib/python3.12/site-packages/streamlit/runtime/app_session.py:519
handle: <Handle AppSession._on_scriptrunner_event.<locals>.<lambda>() at /usr/local/lib/python3.12/site-packages/streamlit/runtime/app_session.py:519>
Traceback (most recent call last):
  File "/usr/local/lib/python3.12/asyncio/events.py", line 88, in _run
    self._context.run(self._callback, *self._args)
  File "/usr/local/lib/python3.12/site-packages/streamlit/runtime/app_session.py", line 519, in <lambda>
    lambda: self._handle_scriptrunner_event_on_event_loop(
            ^^^^^^^^^^^^^^^^^^^^^^^^^^^^^^^^^^^^^^^^^^^^^^
  File "/usr/local/lib/python3.12/site-packages/streamlit/runtime/app_session.py", line 616, in _handle_scriptrunner_event_on_event_loop
    msg = self._create_new_session_message(
          ^^^^^^^^^^^^^^^^^^^^^^^^^^^^^^^^^
  File "/usr/local/lib/python3.12/site-packages/streamlit/runtime/app_session.py", line 750, in _create_new_session_message
    _populate_user_info_msg(imsg.user_info)
  File "/usr/local/lib/python3.12/site-packages/streamlit/runtime/app_session.py", line 1154, in _populate_user_info_msg
    inst = Installation.instance()
           ^^^^^^^^^^^^^^^^^^^^^^^
  File "/usr/local/lib/python3.12/site-packages/streamlit/runtime/metrics_util.py", line 228, in instance
    cls._instance = Installation()
                    ^^^^^^^^^^^^^^
  File "/usr/local/lib/python3.12/site-packages/streamlit/runtime/metrics_util.py", line 233, in __init__
    uuid.uuid5(uuid.NAMESPACE_DNS, _get_machine_id_v3())
                                   ^^^^^^^^^^^^^^^^^^^^
  File "/usr/local/lib/python3.12/site-packages/streamlit/runtime/metrics_util.py", line 173, in _get_machine_id_v3
    machine_id = f.read()
                 ^^^^^^^^
  File "<frozen codecs>", line 322, in decode
UnicodeDecodeError: 'utf-8' codec can't decode bytes in position 25-26: invalid continuation byte
Exception in callback AppSession._on_scriptrunner_event.<locals>.<lambda>() at /usr/local/lib/python3.12/site-packages/streamlit/runtime/app_session.py:519
handle: <Handle AppSession._on_scriptrunner_event.<locals>.<lambda>() at /usr/local/lib/python3.12/site-packages/streamlit/runtime/app_session.py:519>
Traceback (most recent call last):
  File "/usr/local/lib/python3.12/asyncio/events.py", line 88, in _run
    self._context.run(self._callback, *self._args)
  File "/usr/local/lib/python3.12/site-packages/streamlit/runtime/app_session.py", line 519, in <lambda>
    lambda: self._handle_scriptrunner_event_on_event_loop(
            ^^^^^^^^^^^^^^^^^^^^^^^^^^^^^^^^^^^^^^^^^^^^^^
  File "/usr/local/lib/python3.12/site-packages/streamlit/runtime/app_session.py", line 616, in _handle_scriptrunner_event_on_event_loop
    msg = self._create_new_session_message(
          ^^^^^^^^^^^^^^^^^^^^^^^^^^^^^^^^^
  File "/usr/local/lib/python3.12/site-packages/streamlit/runtime/app_session.py", line 750, in _create_new_session_message
    _populate_user_info_msg(imsg.user_info)
  File "/usr/local/lib/python3.12/site-packages/streamlit/runtime/app_session.py", line 1154, in _populate_user_info_msg
    inst = Installation.instance()
           ^^^^^^^^^^^^^^^^^^^^^^^
  File "/usr/local/lib/python3.12/site-packages/streamlit/runtime/metrics_util.py", line 228, in instance
    cls._instance = Installation()
                    ^^^^^^^^^^^^^^
  File "/usr/local/lib/python3.12/site-packages/streamlit/runtime/metrics_util.py", line 233, in __init__
    uuid.uuid5(uuid.NAMESPACE_DNS, _get_machine_id_v3())
                                   ^^^^^^^^^^^^^^^^^^^^
  File "/usr/local/lib/python3.12/site-packages/streamlit/runtime/metrics_util.py", line 173, in _get_machine_id_v3
    machine_id = f.read()
                 ^^^^^^^^
  File "<frozen codecs>", line 322, in decode
UnicodeDecodeError: 'utf-8' codec can't decode bytes in position 25-26: invalid continuation byte
Exception in callback AppSession._on_scriptrunner_event.<locals>.<lambda>() at /usr/local/lib/python3.12/site-packages/streamlit/runtime/app_session.py:519
handle: <Handle AppSession._on_scriptrunner_event.<locals>.<lambda>() at /usr/local/lib/python3.12/site-packages/streamlit/runtime/app_session.py:519>
Traceback (most recent call last):
  File "/usr/local/lib/python3.12/asyncio/events.py", line 88, in _run
    self._context.run(self._callback, *self._args)
  File "/usr/local/lib/python3.12/site-packages/streamlit/runtime/app_session.py", line 519, in <lambda>
    lambda: self._handle_scriptrunner_event_on_event_loop(
            ^^^^^^^^^^^^^^^^^^^^^^^^^^^^^^^^^^^^^^^^^^^^^^
  File "/usr/local/lib/python3.12/site-packages/streamlit/runtime/app_session.py", line 616, in _handle_scriptrunner_event_on_event_loop
    msg = self._create_new_session_message(
          ^^^^^^^^^^^^^^^^^^^^^^^^^^^^^^^^^
  File "/usr/local/lib/python3.12/site-packages/streamlit/runtime/app_session.py", line 750, in _create_new_session_message
    _populate_user_info_msg(imsg.user_info)
  File "/usr/local/lib/python3.12/site-packages/streamlit/runtime/app_session.py", line 1154, in _populate_user_info_msg
    inst = Installation.instance()
           ^^^^^^^^^^^^^^^^^^^^^^^
  File "/usr/local/lib/python3.12/site-packages/streamlit/runtime/metrics_util.py", line 228, in instance
    cls._instance = Installation()
                    ^^^^^^^^^^^^^^
  File "/usr/local/lib/python3.12/site-packages/streamlit/runtime/metrics_util.py", line 233, in __init__
    uuid.uuid5(uuid.NAMESPACE_DNS, _get_machine_id_v3())
                                   ^^^^^^^^^^^^^^^^^^^^
  File "/usr/local/lib/python3.12/site-packages/streamlit/runtime/metrics_util.py", line 173, in _get_machine_id_v3
    machine_id = f.read()
                 ^^^^^^^^
  File "<frozen codecs>", line 322, in decode
UnicodeDecodeError: 'utf-8' codec can't decode bytes in position 25-26: invalid continuation byte
Exception in callback AppSession._on_scriptrunner_event.<locals>.<lambda>() at /usr/local/lib/python3.12/site-packages/streamlit/runtime/app_session.py:519
handle: <Handle AppSession._on_scriptrunner_event.<locals>.<lambda>() at /usr/local/lib/python3.12/site-packages/streamlit/runtime/app_session.py:519>
Traceback (most recent call last):
  File "/usr/local/lib/python3.12/asyncio/events.py", line 88, in _run
    self._context.run(self._callback, *self._args)
  File "/usr/local/lib/python3.12/site-packages/streamlit/runtime/app_session.py", line 519, in <lambda>
    lambda: self._handle_scriptrunner_event_on_event_loop(
            ^^^^^^^^^^^^^^^^^^^^^^^^^^^^^^^^^^^^^^^^^^^^^^
  File "/usr/local/lib/python3.12/site-packages/streamlit/runtime/app_session.py", line 616, in _handle_scriptrunner_event_on_event_loop
    msg = self._create_new_session_message(
          ^^^^^^^^^^^^^^^^^^^^^^^^^^^^^^^^^
  File "/usr/local/lib/python3.12/site-packages/streamlit/runtime/app_session.py", line 750, in _create_new_session_message
    _populate_user_info_msg(imsg.user_info)
  File "/usr/local/lib/python3.12/site-packages/streamlit/runtime/app_session.py", line 1154, in _populate_user_info_msg
    inst = Installation.instance()
           ^^^^^^^^^^^^^^^^^^^^^^^
  File "/usr/local/lib/python3.12/site-packages/streamlit/runtime/metrics_util.py", line 228, in instance
    cls._instance = Installation()
                    ^^^^^^^^^^^^^^
  File "/usr/local/lib/python3.12/site-packages/streamlit/runtime/metrics_util.py", line 233, in __init__
    uuid.uuid5(uuid.NAMESPACE_DNS, _get_machine_id_v3())
                                   ^^^^^^^^^^^^^^^^^^^^
  File "/usr/local/lib/python3.12/site-packages/streamlit/runtime/metrics_util.py", line 173, in _get_machine_id_v3
    machine_id = f.read()
                 ^^^^^^^^
  File "<frozen codecs>", line 322, in decode
UnicodeDecodeError: 'utf-8' codec can't decode bytes in position 25-26: invalid continuation byte
Exception in callback AppSession._on_scriptrunner_event.<locals>.<lambda>() at /usr/local/lib/python3.12/site-packages/streamlit/runtime/app_session.py:519
handle: <Handle AppSession._on_scriptrunner_event.<locals>.<lambda>() at /usr/local/lib/python3.12/site-packages/streamlit/runtime/app_session.py:519>
Traceback (most recent call last):
  File "/usr/local/lib/python3.12/asyncio/events.py", line 88, in _run
    self._context.run(self._callback, *self._args)
  File "/usr/local/lib/python3.12/site-packages/streamlit/runtime/app_session.py", line 519, in <lambda>
    lambda: self._handle_scriptrunner_event_on_event_loop(
            ^^^^^^^^^^^^^^^^^^^^^^^^^^^^^^^^^^^^^^^^^^^^^^
  File "/usr/local/lib/python3.12/site-packages/streamlit/runtime/app_session.py", line 616, in _handle_scriptrunner_event_on_event_loop
    msg = self._create_new_session_message(
          ^^^^^^^^^^^^^^^^^^^^^^^^^^^^^^^^^
  File "/usr/local/lib/python3.12/site-packages/streamlit/runtime/app_session.py", line 750, in _create_new_session_message
    _populate_user_info_msg(imsg.user_info)
  File "/usr/local/lib/python3.12/site-packages/streamlit/runtime/app_session.py", line 1154, in _populate_user_info_msg
    inst = Installation.instance()
           ^^^^^^^^^^^^^^^^^^^^^^^
  File "/usr/local/lib/python3.12/site-packages/streamlit/runtime/metrics_util.py", line 228, in instance
    cls._instance = Installation()
                    ^^^^^^^^^^^^^^
  File "/usr/local/lib/python3.12/site-packages/streamlit/runtime/metrics_util.py", line 233, in __init__
    uuid.uuid5(uuid.NAMESPACE_DNS, _get_machine_id_v3())
                                   ^^^^^^^^^^^^^^^^^^^^
  File "/usr/local/lib/python3.12/site-packages/streamlit/runtime/metrics_util.py", line 173, in _get_machine_id_v3
    machine_id = f.read()
                 ^^^^^^^^
  File "<frozen codecs>", line 322, in decode
UnicodeDecodeError: 'utf-8' codec can't decode bytes in position 25-26: invalid continuation byte
Exception in callback AppSession._on_scriptrunner_event.<locals>.<lambda>() at /usr/local/lib/python3.12/site-packages/streamlit/runtime/app_session.py:519
handle: <Handle AppSession._on_scriptrunner_event.<locals>.<lambda>() at /usr/local/lib/python3.12/site-packages/streamlit/runtime/app_session.py:519>
Traceback (most recent call last):
  File "/usr/local/lib/python3.12/asyncio/events.py", line 88, in _run
    self._context.run(self._callback, *self._args)
  File "/usr/local/lib/python3.12/site-packages/streamlit/runtime/app_session.py", line 519, in <lambda>
    lambda: self._handle_scriptrunner_event_on_event_loop(
            ^^^^^^^^^^^^^^^^^^^^^^^^^^^^^^^^^^^^^^^^^^^^^^
  File "/usr/local/lib/python3.12/site-packages/streamlit/runtime/app_session.py", line 616, in _handle_scriptrunner_event_on_event_loop
    msg = self._create_new_session_message(
          ^^^^^^^^^^^^^^^^^^^^^^^^^^^^^^^^^
  File "/usr/local/lib/python3.12/site-packages/streamlit/runtime/app_session.py", line 750, in _create_new_session_message
    _populate_user_info_msg(imsg.user_info)
  File "/usr/local/lib/python3.12/site-packages/streamlit/runtime/app_session.py", line 1154, in _populate_user_info_msg
    inst = Installation.instance()
           ^^^^^^^^^^^^^^^^^^^^^^^
  File "/usr/local/lib/python3.12/site-packages/streamlit/runtime/metrics_util.py", line 228, in instance
    cls._instance = Installation()
                    ^^^^^^^^^^^^^^
  File "/usr/local/lib/python3.12/site-packages/streamlit/runtime/metrics_util.py", line 233, in __init__
    uuid.uuid5(uuid.NAMESPACE_DNS, _get_machine_id_v3())
                                   ^^^^^^^^^^^^^^^^^^^^
  File "/usr/local/lib/python3.12/site-packages/streamlit/runtime/metrics_util.py", line 173, in _get_machine_id_v3
    machine_id = f.read()
                 ^^^^^^^^
  File "<frozen codecs>", line 322, in decode
UnicodeDecodeError: 'utf-8' codec can't decode bytes in position 25-26: invalid continuation byte
Exception in callback AppSession._on_scriptrunner_event.<locals>.<lambda>() at /usr/local/lib/python3.12/site-packages/streamlit/runtime/app_session.py:519
handle: <Handle AppSession._on_scriptrunner_event.<locals>.<lambda>() at /usr/local/lib/python3.12/site-packages/streamlit/runtime/app_session.py:519>
Traceback (most recent call last):
  File "/usr/local/lib/python3.12/asyncio/events.py", line 88, in _run
    self._context.run(self._callback, *self._args)
  File "/usr/local/lib/python3.12/site-packages/streamlit/runtime/app_session.py", line 519, in <lambda>
    lambda: self._handle_scriptrunner_event_on_event_loop(
            ^^^^^^^^^^^^^^^^^^^^^^^^^^^^^^^^^^^^^^^^^^^^^^
  File "/usr/local/lib/python3.12/site-packages/streamlit/runtime/app_session.py", line 616, in _handle_scriptrunner_event_on_event_loop
    msg = self._create_new_session_message(
          ^^^^^^^^^^^^^^^^^^^^^^^^^^^^^^^^^
  File "/usr/local/lib/python3.12/site-packages/streamlit/runtime/app_session.py", line 750, in _create_new_session_message
    _populate_user_info_msg(imsg.user_info)
  File "/usr/local/lib/python3.12/site-packages/streamlit/runtime/app_session.py", line 1154, in _populate_user_info_msg
    inst = Installation.instance()
           ^^^^^^^^^^^^^^^^^^^^^^^
  File "/usr/local/lib/python3.12/site-packages/streamlit/runtime/metrics_util.py", line 228, in instance
    cls._instance = Installation()
                    ^^^^^^^^^^^^^^
  File "/usr/local/lib/python3.12/site-packages/streamlit/runtime/metrics_util.py", line 233, in __init__
    uuid.uuid5(uuid.NAMESPACE_DNS, _get_machine_id_v3())
                                   ^^^^^^^^^^^^^^^^^^^^
  File "/usr/local/lib/python3.12/site-packages/streamlit/runtime/metrics_util.py", line 173, in _get_machine_id_v3
    machine_id = f.read()
                 ^^^^^^^^
  File "<frozen codecs>", line 322, in decode
UnicodeDecodeError: 'utf-8' codec can't decode bytes in position 25-26: invalid continuation byte
Exception in callback AppSession._on_scriptrunner_event.<locals>.<lambda>() at /usr/local/lib/python3.12/site-packages/streamlit/runtime/app_session.py:519
handle: <Handle AppSession._on_scriptrunner_event.<locals>.<lambda>() at /usr/local/lib/python3.12/site-packages/streamlit/runtime/app_session.py:519>
Traceback (most recent call last):
  File "/usr/local/lib/python3.12/asyncio/events.py", line 88, in _run
    self._context.run(self._callback, *self._args)
  File "/usr/local/lib/python3.12/site-packages/streamlit/runtime/app_session.py", line 519, in <lambda>
    lambda: self._handle_scriptrunner_event_on_event_loop(
            ^^^^^^^^^^^^^^^^^^^^^^^^^^^^^^^^^^^^^^^^^^^^^^
  File "/usr/local/lib/python3.12/site-packages/streamlit/runtime/app_session.py", line 616, in _handle_scriptrunner_event_on_event_loop
    msg = self._create_new_session_message(
          ^^^^^^^^^^^^^^^^^^^^^^^^^^^^^^^^^
  File "/usr/local/lib/python3.12/site-packages/streamlit/runtime/app_session.py", line 750, in _create_new_session_message
    _populate_user_info_msg(imsg.user_info)
  File "/usr/local/lib/python3.12/site-packages/streamlit/runtime/app_session.py", line 1154, in _populate_user_info_msg
    inst = Installation.instance()
           ^^^^^^^^^^^^^^^^^^^^^^^
  File "/usr/local/lib/python3.12/site-packages/streamlit/runtime/metrics_util.py", line 228, in instance
    cls._instance = Installation()
                    ^^^^^^^^^^^^^^
  File "/usr/local/lib/python3.12/site-packages/streamlit/runtime/metrics_util.py", line 233, in __init__
    uuid.uuid5(uuid.NAMESPACE_DNS, _get_machine_id_v3())
                                   ^^^^^^^^^^^^^^^^^^^^
  File "/usr/local/lib/python3.12/site-packages/streamlit/runtime/metrics_util.py", line 173, in _get_machine_id_v3
    machine_id = f.read()
                 ^^^^^^^^
  File "<frozen codecs>", line 322, in decode
UnicodeDecodeError: 'utf-8' codec can't decode bytes in position 25-26: invalid continuation byte
Exception in callback AppSession._on_scriptrunner_event.<locals>.<lambda>() at /usr/local/lib/python3.12/site-packages/streamlit/runtime/app_session.py:519
handle: <Handle AppSession._on_scriptrunner_event.<locals>.<lambda>() at /usr/local/lib/python3.12/site-packages/streamlit/runtime/app_session.py:519>
Traceback (most recent call last):
  File "/usr/local/lib/python3.12/asyncio/events.py", line 88, in _run
    self._context.run(self._callback, *self._args)
  File "/usr/local/lib/python3.12/site-packages/streamlit/runtime/app_session.py", line 519, in <lambda>
    lambda: self._handle_scriptrunner_event_on_event_loop(
            ^^^^^^^^^^^^^^^^^^^^^^^^^^^^^^^^^^^^^^^^^^^^^^
  File "/usr/local/lib/python3.12/site-packages/streamlit/runtime/app_session.py", line 616, in _handle_scriptrunner_event_on_event_loop
    msg = self._create_new_session_message(
          ^^^^^^^^^^^^^^^^^^^^^^^^^^^^^^^^^
  File "/usr/local/lib/python3.12/site-packages/streamlit/runtime/app_session.py", line 750, in _create_new_session_message
    _populate_user_info_msg(imsg.user_info)
  File "/usr/local/lib/python3.12/site-packages/streamlit/runtime/app_session.py", line 1154, in _populate_user_info_msg
    inst = Installation.instance()
           ^^^^^^^^^^^^^^^^^^^^^^^
  File "/usr/local/lib/python3.12/site-packages/streamlit/runtime/metrics_util.py", line 228, in instance
    cls._instance = Installation()
                    ^^^^^^^^^^^^^^
  File "/usr/local/lib/python3.12/site-packages/streamlit/runtime/metrics_util.py", line 233, in __init__
    uuid.uuid5(uuid.NAMESPACE_DNS, _get_machine_id_v3())
                                   ^^^^^^^^^^^^^^^^^^^^
  File "/usr/local/lib/python3.12/site-packages/streamlit/runtime/metrics_util.py", line 173, in _get_machine_id_v3
    machine_id = f.read()
                 ^^^^^^^^
  File "<frozen codecs>", line 322, in decode
UnicodeDecodeError: 'utf-8' codec can't decode bytes in position 25-26: invalid continuation byte
Exception in callback AppSession._on_scriptrunner_event.<locals>.<lambda>() at /usr/local/lib/python3.12/site-packages/streamlit/runtime/app_session.py:519
handle: <Handle AppSession._on_scriptrunner_event.<locals>.<lambda>() at /usr/local/lib/python3.12/site-packages/streamlit/runtime/app_session.py:519>
Traceback (most recent call last):
  File "/usr/local/lib/python3.12/asyncio/events.py", line 88, in _run
    self._context.run(self._callback, *self._args)
  File "/usr/local/lib/python3.12/site-packages/streamlit/runtime/app_session.py", line 519, in <lambda>
    lambda: self._handle_scriptrunner_event_on_event_loop(
            ^^^^^^^^^^^^^^^^^^^^^^^^^^^^^^^^^^^^^^^^^^^^^^
  File "/usr/local/lib/python3.12/site-packages/streamlit/runtime/app_session.py", line 616, in _handle_scriptrunner_event_on_event_loop
    msg = self._create_new_session_message(
          ^^^^^^^^^^^^^^^^^^^^^^^^^^^^^^^^^
  File "/usr/local/lib/python3.12/site-packages/streamlit/runtime/app_session.py", line 750, in _create_new_session_message
    _populate_user_info_msg(imsg.user_info)
  File "/usr/local/lib/python3.12/site-packages/streamlit/runtime/app_session.py", line 1154, in _populate_user_info_msg
    inst = Installation.instance()
           ^^^^^^^^^^^^^^^^^^^^^^^
  File "/usr/local/lib/python3.12/site-packages/streamlit/runtime/metrics_util.py", line 228, in instance
    cls._instance = Installation()
                    ^^^^^^^^^^^^^^
  File "/usr/local/lib/python3.12/site-packages/streamlit/runtime/metrics_util.py", line 233, in __init__
    uuid.uuid5(uuid.NAMESPACE_DNS, _get_machine_id_v3())
                                   ^^^^^^^^^^^^^^^^^^^^
  File "/usr/local/lib/python3.12/site-packages/streamlit/runtime/metrics_util.py", line 173, in _get_machine_id_v3
    machine_id = f.read()
                 ^^^^^^^^
  File "<frozen codecs>", line 322, in decode
UnicodeDecodeError: 'utf-8' codec can't decode bytes in position 25-26: invalid continuation byte
Exception in callback AppSession._on_scriptrunner_event.<locals>.<lambda>() at /usr/local/lib/python3.12/site-packages/streamlit/runtime/app_session.py:519
handle: <Handle AppSession._on_scriptrunner_event.<locals>.<lambda>() at /usr/local/lib/python3.12/site-packages/streamlit/runtime/app_session.py:519>
Traceback (most recent call last):
  File "/usr/local/lib/python3.12/asyncio/events.py", line 88, in _run
    self._context.run(self._callback, *self._args)
  File "/usr/local/lib/python3.12/site-packages/streamlit/runtime/app_session.py", line 519, in <lambda>
    lambda: self._handle_scriptrunner_event_on_event_loop(
            ^^^^^^^^^^^^^^^^^^^^^^^^^^^^^^^^^^^^^^^^^^^^^^
  File "/usr/local/lib/python3.12/site-packages/streamlit/runtime/app_session.py", line 616, in _handle_scriptrunner_event_on_event_loop
    msg = self._create_new_session_message(
          ^^^^^^^^^^^^^^^^^^^^^^^^^^^^^^^^^
  File "/usr/local/lib/python3.12/site-packages/streamlit/runtime/app_session.py", line 750, in _create_new_session_message
    _populate_user_info_msg(imsg.user_info)
  File "/usr/local/lib/python3.12/site-packages/streamlit/runtime/app_session.py", line 1154, in _populate_user_info_msg
    inst = Installation.instance()
           ^^^^^^^^^^^^^^^^^^^^^^^
  File "/usr/local/lib/python3.12/site-packages/streamlit/runtime/metrics_util.py", line 228, in instance
    cls._instance = Installation()
                    ^^^^^^^^^^^^^^
  File "/usr/local/lib/python3.12/site-packages/streamlit/runtime/metrics_util.py", line 233, in __init__
    uuid.uuid5(uuid.NAMESPACE_DNS, _get_machine_id_v3())
                                   ^^^^^^^^^^^^^^^^^^^^
  File "/usr/local/lib/python3.12/site-packages/streamlit/runtime/metrics_util.py", line 173, in _get_machine_id_v3
    machine_id = f.read()
                 ^^^^^^^^
  File "<frozen codecs>", line 322, in decode
UnicodeDecodeError: 'utf-8' codec can't decode bytes in position 25-26: invalid continuation byte
Exception in callback AppSession._on_scriptrunner_event.<locals>.<lambda>() at /usr/local/lib/python3.12/site-packages/streamlit/runtime/app_session.py:519
handle: <Handle AppSession._on_scriptrunner_event.<locals>.<lambda>() at /usr/local/lib/python3.12/site-packages/streamlit/runtime/app_session.py:519>
Traceback (most recent call last):
  File "/usr/local/lib/python3.12/asyncio/events.py", line 88, in _run
    self._context.run(self._callback, *self._args)
  File "/usr/local/lib/python3.12/site-packages/streamlit/runtime/app_session.py", line 519, in <lambda>
    lambda: self._handle_scriptrunner_event_on_event_loop(
            ^^^^^^^^^^^^^^^^^^^^^^^^^^^^^^^^^^^^^^^^^^^^^^
  File "/usr/local/lib/python3.12/site-packages/streamlit/runtime/app_session.py", line 616, in _handle_scriptrunner_event_on_event_loop
    msg = self._create_new_session_message(
          ^^^^^^^^^^^^^^^^^^^^^^^^^^^^^^^^^
  File "/usr/local/lib/python3.12/site-packages/streamlit/runtime/app_session.py", line 750, in _create_new_session_message
    _populate_user_info_msg(imsg.user_info)
  File "/usr/local/lib/python3.12/site-packages/streamlit/runtime/app_session.py", line 1154, in _populate_user_info_msg
    inst = Installation.instance()
           ^^^^^^^^^^^^^^^^^^^^^^^
  File "/usr/local/lib/python3.12/site-packages/streamlit/runtime/metrics_util.py", line 228, in instance
    cls._instance = Installation()
                    ^^^^^^^^^^^^^^
  File "/usr/local/lib/python3.12/site-packages/streamlit/runtime/metrics_util.py", line 233, in __init__
    uuid.uuid5(uuid.NAMESPACE_DNS, _get_machine_id_v3())
                                   ^^^^^^^^^^^^^^^^^^^^
  File "/usr/local/lib/python3.12/site-packages/streamlit/runtime/metrics_util.py", line 173, in _get_machine_id_v3
    machine_id = f.read()
                 ^^^^^^^^
  File "<frozen codecs>", line 322, in decode
UnicodeDecodeError: 'utf-8' codec can't decode bytes in position 25-26: invalid continuation byte
Exception in callback AppSession._on_scriptrunner_event.<locals>.<lambda>() at /usr/local/lib/python3.12/site-packages/streamlit/runtime/app_session.py:519
handle: <Handle AppSession._on_scriptrunner_event.<locals>.<lambda>() at /usr/local/lib/python3.12/site-packages/streamlit/runtime/app_session.py:519>
Traceback (most recent call last):
  File "/usr/local/lib/python3.12/asyncio/events.py", line 88, in _run
    self._context.run(self._callback, *self._args)
  File "/usr/local/lib/python3.12/site-packages/streamlit/runtime/app_session.py", line 519, in <lambda>
    lambda: self._handle_scriptrunner_event_on_event_loop(
            ^^^^^^^^^^^^^^^^^^^^^^^^^^^^^^^^^^^^^^^^^^^^^^
  File "/usr/local/lib/python3.12/site-packages/streamlit/runtime/app_session.py", line 616, in _handle_scriptrunner_event_on_event_loop
    msg = self._create_new_session_message(
          ^^^^^^^^^^^^^^^^^^^^^^^^^^^^^^^^^
  File "/usr/local/lib/python3.12/site-packages/streamlit/runtime/app_session.py", line 750, in _create_new_session_message
    _populate_user_info_msg(imsg.user_info)
  File "/usr/local/lib/python3.12/site-packages/streamlit/runtime/app_session.py", line 1154, in _populate_user_info_msg
    inst = Installation.instance()
           ^^^^^^^^^^^^^^^^^^^^^^^
  File "/usr/local/lib/python3.12/site-packages/streamlit/runtime/metrics_util.py", line 228, in instance
    cls._instance = Installation()
                    ^^^^^^^^^^^^^^
  File "/usr/local/lib/python3.12/site-packages/streamlit/runtime/metrics_util.py", line 233, in __init__
    uuid.uuid5(uuid.NAMESPACE_DNS, _get_machine_id_v3())
                                   ^^^^^^^^^^^^^^^^^^^^
  File "/usr/local/lib/python3.12/site-packages/streamlit/runtime/metrics_util.py", line 173, in _get_machine_id_v3
    machine_id = f.read()
                 ^^^^^^^^
  File "<frozen codecs>", line 322, in decode
UnicodeDecodeError: 'utf-8' codec can't decode bytes in position 25-26: invalid continuation byte
Exception in callback AppSession._on_scriptrunner_event.<locals>.<lambda>() at /usr/local/lib/python3.12/site-packages/streamlit/runtime/app_session.py:519
handle: <Handle AppSession._on_scriptrunner_event.<locals>.<lambda>() at /usr/local/lib/python3.12/site-packages/streamlit/runtime/app_session.py:519>
Traceback (most recent call last):
  File "/usr/local/lib/python3.12/asyncio/events.py", line 88, in _run
    self._context.run(self._callback, *self._args)
  File "/usr/local/lib/python3.12/site-packages/streamlit/runtime/app_session.py", line 519, in <lambda>
    lambda: self._handle_scriptrunner_event_on_event_loop(
            ^^^^^^^^^^^^^^^^^^^^^^^^^^^^^^^^^^^^^^^^^^^^^^
  File "/usr/local/lib/python3.12/site-packages/streamlit/runtime/app_session.py", line 616, in _handle_scriptrunner_event_on_event_loop
    msg = self._create_new_session_message(
          ^^^^^^^^^^^^^^^^^^^^^^^^^^^^^^^^^
  File "/usr/local/lib/python3.12/site-packages/streamlit/runtime/app_session.py", line 750, in _create_new_session_message
    _populate_user_info_msg(imsg.user_info)
  File "/usr/local/lib/python3.12/site-packages/streamlit/runtime/app_session.py", line 1154, in _populate_user_info_msg
    inst = Installation.instance()
           ^^^^^^^^^^^^^^^^^^^^^^^
  File "/usr/local/lib/python3.12/site-packages/streamlit/runtime/metrics_util.py", line 228, in instance
    cls._instance = Installation()
                    ^^^^^^^^^^^^^^
  File "/usr/local/lib/python3.12/site-packages/streamlit/runtime/metrics_util.py", line 233, in __init__
    uuid.uuid5(uuid.NAMESPACE_DNS, _get_machine_id_v3())
                                   ^^^^^^^^^^^^^^^^^^^^
  File "/usr/local/lib/python3.12/site-packages/streamlit/runtime/metrics_util.py", line 173, in _get_machine_id_v3
    machine_id = f.read()
                 ^^^^^^^^
  File "<frozen codecs>", line 322, in decode
UnicodeDecodeError: 'utf-8' codec can't decode bytes in position 25-26: invalid continuation byte
Exception in callback AppSession._on_scriptrunner_event.<locals>.<lambda>() at /usr/local/lib/python3.12/site-packages/streamlit/runtime/app_session.py:519
handle: <Handle AppSession._on_scriptrunner_event.<locals>.<lambda>() at /usr/local/lib/python3.12/site-packages/streamlit/runtime/app_session.py:519>
Traceback (most recent call last):
  File "/usr/local/lib/python3.12/asyncio/events.py", line 88, in _run
    self._context.run(self._callback, *self._args)
  File "/usr/local/lib/python3.12/site-packages/streamlit/runtime/app_session.py", line 519, in <lambda>
    lambda: self._handle_scriptrunner_event_on_event_loop(
            ^^^^^^^^^^^^^^^^^^^^^^^^^^^^^^^^^^^^^^^^^^^^^^
  File "/usr/local/lib/python3.12/site-packages/streamlit/runtime/app_session.py", line 616, in _handle_scriptrunner_event_on_event_loop
    msg = self._create_new_session_message(
          ^^^^^^^^^^^^^^^^^^^^^^^^^^^^^^^^^
  File "/usr/local/lib/python3.12/site-packages/streamlit/runtime/app_session.py", line 750, in _create_new_session_message
    _populate_user_info_msg(imsg.user_info)
  File "/usr/local/lib/python3.12/site-packages/streamlit/runtime/app_session.py", line 1154, in _populate_user_info_msg
    inst = Installation.instance()
           ^^^^^^^^^^^^^^^^^^^^^^^
  File "/usr/local/lib/python3.12/site-packages/streamlit/runtime/metrics_util.py", line 228, in instance
    cls._instance = Installation()
                    ^^^^^^^^^^^^^^
  File "/usr/local/lib/python3.12/site-packages/streamlit/runtime/metrics_util.py", line 233, in __init__
    uuid.uuid5(uuid.NAMESPACE_DNS, _get_machine_id_v3())
                                   ^^^^^^^^^^^^^^^^^^^^
  File "/usr/local/lib/python3.12/site-packages/streamlit/runtime/metrics_util.py", line 173, in _get_machine_id_v3
    machine_id = f.read()
                 ^^^^^^^^
  File "<frozen codecs>", line 322, in decode
UnicodeDecodeError: 'utf-8' codec can't decode bytes in position 25-26: invalid continuation byte
Exception in callback AppSession._on_scriptrunner_event.<locals>.<lambda>() at /usr/local/lib/python3.12/site-packages/streamlit/runtime/app_session.py:519
handle: <Handle AppSession._on_scriptrunner_event.<locals>.<lambda>() at /usr/local/lib/python3.12/site-packages/streamlit/runtime/app_session.py:519>
Traceback (most recent call last):
  File "/usr/local/lib/python3.12/asyncio/events.py", line 88, in _run
    self._context.run(self._callback, *self._args)
  File "/usr/local/lib/python3.12/site-packages/streamlit/runtime/app_session.py", line 519, in <lambda>
    lambda: self._handle_scriptrunner_event_on_event_loop(
            ^^^^^^^^^^^^^^^^^^^^^^^^^^^^^^^^^^^^^^^^^^^^^^
  File "/usr/local/lib/python3.12/site-packages/streamlit/runtime/app_session.py", line 616, in _handle_scriptrunner_event_on_event_loop
    msg = self._create_new_session_message(
          ^^^^^^^^^^^^^^^^^^^^^^^^^^^^^^^^^
  File "/usr/local/lib/python3.12/site-packages/streamlit/runtime/app_session.py", line 750, in _create_new_session_message
    _populate_user_info_msg(imsg.user_info)
  File "/usr/local/lib/python3.12/site-packages/streamlit/runtime/app_session.py", line 1154, in _populate_user_info_msg
    inst = Installation.instance()
           ^^^^^^^^^^^^^^^^^^^^^^^
  File "/usr/local/lib/python3.12/site-packages/streamlit/runtime/metrics_util.py", line 228, in instance
    cls._instance = Installation()
                    ^^^^^^^^^^^^^^
  File "/usr/local/lib/python3.12/site-packages/streamlit/runtime/metrics_util.py", line 233, in __init__
    uuid.uuid5(uuid.NAMESPACE_DNS, _get_machine_id_v3())
                                   ^^^^^^^^^^^^^^^^^^^^
  File "/usr/local/lib/python3.12/site-packages/streamlit/runtime/metrics_util.py", line 173, in _get_machine_id_v3
    machine_id = f.read()
                 ^^^^^^^^
  File "<frozen codecs>", line 322, in decode
UnicodeDecodeError: 'utf-8' codec can't decode bytes in position 25-26: invalid continuation byte
Exception in callback AppSession._on_scriptrunner_event.<locals>.<lambda>() at /usr/local/lib/python3.12/site-packages/streamlit/runtime/app_session.py:519
handle: <Handle AppSession._on_scriptrunner_event.<locals>.<lambda>() at /usr/local/lib/python3.12/site-packages/streamlit/runtime/app_session.py:519>
Traceback (most recent call last):
  File "/usr/local/lib/python3.12/asyncio/events.py", line 88, in _run
    self._context.run(self._callback, *self._args)
  File "/usr/local/lib/python3.12/site-packages/streamlit/runtime/app_session.py", line 519, in <lambda>
    lambda: self._handle_scriptrunner_event_on_event_loop(
            ^^^^^^^^^^^^^^^^^^^^^^^^^^^^^^^^^^^^^^^^^^^^^^
  File "/usr/local/lib/python3.12/site-packages/streamlit/runtime/app_session.py", line 616, in _handle_scriptrunner_event_on_event_loop
    msg = self._create_new_session_message(
          ^^^^^^^^^^^^^^^^^^^^^^^^^^^^^^^^^
  File "/usr/local/lib/python3.12/site-packages/streamlit/runtime/app_session.py", line 750, in _create_new_session_message
    _populate_user_info_msg(imsg.user_info)
  File "/usr/local/lib/python3.12/site-packages/streamlit/runtime/app_session.py", line 1154, in _populate_user_info_msg
    inst = Installation.instance()
           ^^^^^^^^^^^^^^^^^^^^^^^
  File "/usr/local/lib/python3.12/site-packages/streamlit/runtime/metrics_util.py", line 228, in instance
    cls._instance = Installation()
                    ^^^^^^^^^^^^^^
  File "/usr/local/lib/python3.12/site-packages/streamlit/runtime/metrics_util.py", line 233, in __init__
    uuid.uuid5(uuid.NAMESPACE_DNS, _get_machine_id_v3())
                                   ^^^^^^^^^^^^^^^^^^^^
  File "/usr/local/lib/python3.12/site-packages/streamlit/runtime/metrics_util.py", line 173, in _get_machine_id_v3
    machine_id = f.read()
                 ^^^^^^^^
  File "<frozen codecs>", line 322, in decode
UnicodeDecodeError: 'utf-8' codec can't decode bytes in position 25-26: invalid continuation byte
Exception in callback AppSession._on_scriptrunner_event.<locals>.<lambda>() at /usr/local/lib/python3.12/site-packages/streamlit/runtime/app_session.py:519
handle: <Handle AppSession._on_scriptrunner_event.<locals>.<lambda>() at /usr/local/lib/python3.12/site-packages/streamlit/runtime/app_session.py:519>
Traceback (most recent call last):
  File "/usr/local/lib/python3.12/asyncio/events.py", line 88, in _run
    self._context.run(self._callback, *self._args)
  File "/usr/local/lib/python3.12/site-packages/streamlit/runtime/app_session.py", line 519, in <lambda>
    lambda: self._handle_scriptrunner_event_on_event_loop(
            ^^^^^^^^^^^^^^^^^^^^^^^^^^^^^^^^^^^^^^^^^^^^^^
  File "/usr/local/lib/python3.12/site-packages/streamlit/runtime/app_session.py", line 616, in _handle_scriptrunner_event_on_event_loop
    msg = self._create_new_session_message(
          ^^^^^^^^^^^^^^^^^^^^^^^^^^^^^^^^^
  File "/usr/local/lib/python3.12/site-packages/streamlit/runtime/app_session.py", line 750, in _create_new_session_message
    _populate_user_info_msg(imsg.user_info)
  File "/usr/local/lib/python3.12/site-packages/streamlit/runtime/app_session.py", line 1154, in _populate_user_info_msg
    inst = Installation.instance()
           ^^^^^^^^^^^^^^^^^^^^^^^
  File "/usr/local/lib/python3.12/site-packages/streamlit/runtime/metrics_util.py", line 228, in instance
    cls._instance = Installation()
                    ^^^^^^^^^^^^^^
  File "/usr/local/lib/python3.12/site-packages/streamlit/runtime/metrics_util.py", line 233, in __init__
    uuid.uuid5(uuid.NAMESPACE_DNS, _get_machine_id_v3())
                                   ^^^^^^^^^^^^^^^^^^^^
  File "/usr/local/lib/python3.12/site-packages/streamlit/runtime/metrics_util.py", line 173, in _get_machine_id_v3
    machine_id = f.read()
                 ^^^^^^^^
  File "<frozen codecs>", line 322, in decode
UnicodeDecodeError: 'utf-8' codec can't decode bytes in position 25-26: invalid continuation byte
Exception in callback AppSession._on_scriptrunner_event.<locals>.<lambda>() at /usr/local/lib/python3.12/site-packages/streamlit/runtime/app_session.py:519
handle: <Handle AppSession._on_scriptrunner_event.<locals>.<lambda>() at /usr/local/lib/python3.12/site-packages/streamlit/runtime/app_session.py:519>
Traceback (most recent call last):
  File "/usr/local/lib/python3.12/asyncio/events.py", line 88, in _run
    self._context.run(self._callback, *self._args)
  File "/usr/local/lib/python3.12/site-packages/streamlit/runtime/app_session.py", line 519, in <lambda>
    lambda: self._handle_scriptrunner_event_on_event_loop(
            ^^^^^^^^^^^^^^^^^^^^^^^^^^^^^^^^^^^^^^^^^^^^^^
  File "/usr/local/lib/python3.12/site-packages/streamlit/runtime/app_session.py", line 616, in _handle_scriptrunner_event_on_event_loop
    msg = self._create_new_session_message(
          ^^^^^^^^^^^^^^^^^^^^^^^^^^^^^^^^^
  File "/usr/local/lib/python3.12/site-packages/streamlit/runtime/app_session.py", line 750, in _create_new_session_message
    _populate_user_info_msg(imsg.user_info)
  File "/usr/local/lib/python3.12/site-packages/streamlit/runtime/app_session.py", line 1154, in _populate_user_info_msg
    inst = Installation.instance()
           ^^^^^^^^^^^^^^^^^^^^^^^
  File "/usr/local/lib/python3.12/site-packages/streamlit/runtime/metrics_util.py", line 228, in instance
    cls._instance = Installation()
                    ^^^^^^^^^^^^^^
  File "/usr/local/lib/python3.12/site-packages/streamlit/runtime/metrics_util.py", line 233, in __init__
    uuid.uuid5(uuid.NAMESPACE_DNS, _get_machine_id_v3())
                                   ^^^^^^^^^^^^^^^^^^^^
  File "/usr/local/lib/python3.12/site-packages/streamlit/runtime/metrics_util.py", line 173, in _get_machine_id_v3
    machine_id = f.read()
                 ^^^^^^^^
  File "<frozen codecs>", line 322, in decode
UnicodeDecodeError: 'utf-8' codec can't decode bytes in position 25-26: invalid continuation byte
Exception in callback AppSession._on_scriptrunner_event.<locals>.<lambda>() at /usr/local/lib/python3.12/site-packages/streamlit/runtime/app_session.py:519
handle: <Handle AppSession._on_scriptrunner_event.<locals>.<lambda>() at /usr/local/lib/python3.12/site-packages/streamlit/runtime/app_session.py:519>
Traceback (most recent call last):
  File "/usr/local/lib/python3.12/asyncio/events.py", line 88, in _run
    self._context.run(self._callback, *self._args)
  File "/usr/local/lib/python3.12/site-packages/streamlit/runtime/app_session.py", line 519, in <lambda>
    lambda: self._handle_scriptrunner_event_on_event_loop(
            ^^^^^^^^^^^^^^^^^^^^^^^^^^^^^^^^^^^^^^^^^^^^^^
  File "/usr/local/lib/python3.12/site-packages/streamlit/runtime/app_session.py", line 616, in _handle_scriptrunner_event_on_event_loop
    msg = self._create_new_session_message(
          ^^^^^^^^^^^^^^^^^^^^^^^^^^^^^^^^^
  File "/usr/local/lib/python3.12/site-packages/streamlit/runtime/app_session.py", line 750, in _create_new_session_message
    _populate_user_info_msg(imsg.user_info)
  File "/usr/local/lib/python3.12/site-packages/streamlit/runtime/app_session.py", line 1154, in _populate_user_info_msg
    inst = Installation.instance()
           ^^^^^^^^^^^^^^^^^^^^^^^
  File "/usr/local/lib/python3.12/site-packages/streamlit/runtime/metrics_util.py", line 228, in instance
    cls._instance = Installation()
                    ^^^^^^^^^^^^^^
  File "/usr/local/lib/python3.12/site-packages/streamlit/runtime/metrics_util.py", line 233, in __init__
    uuid.uuid5(uuid.NAMESPACE_DNS, _get_machine_id_v3())
                                   ^^^^^^^^^^^^^^^^^^^^
  File "/usr/local/lib/python3.12/site-packages/streamlit/runtime/metrics_util.py", line 173, in _get_machine_id_v3
    machine_id = f.read()
                 ^^^^^^^^
  File "<frozen codecs>", line 322, in decode
UnicodeDecodeError: 'utf-8' codec can't decode bytes in position 25-26: invalid continuation byte
Exception in callback AppSession._on_scriptrunner_event.<locals>.<lambda>() at /usr/local/lib/python3.12/site-packages/streamlit/runtime/app_session.py:519
handle: <Handle AppSession._on_scriptrunner_event.<locals>.<lambda>() at /usr/local/lib/python3.12/site-packages/streamlit/runtime/app_session.py:519>
Traceback (most recent call last):
  File "/usr/local/lib/python3.12/asyncio/events.py", line 88, in _run
    self._context.run(self._callback, *self._args)
  File "/usr/local/lib/python3.12/site-packages/streamlit/runtime/app_session.py", line 519, in <lambda>
    lambda: self._handle_scriptrunner_event_on_event_loop(
            ^^^^^^^^^^^^^^^^^^^^^^^^^^^^^^^^^^^^^^^^^^^^^^
  File "/usr/local/lib/python3.12/site-packages/streamlit/runtime/app_session.py", line 616, in _handle_scriptrunner_event_on_event_loop
    msg = self._create_new_session_message(
          ^^^^^^^^^^^^^^^^^^^^^^^^^^^^^^^^^
  File "/usr/local/lib/python3.12/site-packages/streamlit/runtime/app_session.py", line 750, in _create_new_session_message
    _populate_user_info_msg(imsg.user_info)
  File "/usr/local/lib/python3.12/site-packages/streamlit/runtime/app_session.py", line 1154, in _populate_user_info_msg
    inst = Installation.instance()
           ^^^^^^^^^^^^^^^^^^^^^^^
  File "/usr/local/lib/python3.12/site-packages/streamlit/runtime/metrics_util.py", line 228, in instance
    cls._instance = Installation()
                    ^^^^^^^^^^^^^^
  File "/usr/local/lib/python3.12/site-packages/streamlit/runtime/metrics_util.py", line 233, in __init__
    uuid.uuid5(uuid.NAMESPACE_DNS, _get_machine_id_v3())
                                   ^^^^^^^^^^^^^^^^^^^^
  File "/usr/local/lib/python3.12/site-packages/streamlit/runtime/metrics_util.py", line 173, in _get_machine_id_v3
    machine_id = f.read()
                 ^^^^^^^^
  File "<frozen codecs>", line 322, in decode
UnicodeDecodeError: 'utf-8' codec can't decode bytes in position 25-26: invalid continuation byte
Exception in callback AppSession._on_scriptrunner_event.<locals>.<lambda>() at /usr/local/lib/python3.12/site-packages/streamlit/runtime/app_session.py:519
handle: <Handle AppSession._on_scriptrunner_event.<locals>.<lambda>() at /usr/local/lib/python3.12/site-packages/streamlit/runtime/app_session.py:519>
Traceback (most recent call last):
  File "/usr/local/lib/python3.12/asyncio/events.py", line 88, in _run
    self._context.run(self._callback, *self._args)
  File "/usr/local/lib/python3.12/site-packages/streamlit/runtime/app_session.py", line 519, in <lambda>
    lambda: self._handle_scriptrunner_event_on_event_loop(
            ^^^^^^^^^^^^^^^^^^^^^^^^^^^^^^^^^^^^^^^^^^^^^^
  File "/usr/local/lib/python3.12/site-packages/streamlit/runtime/app_session.py", line 616, in _handle_scriptrunner_event_on_event_loop
    msg = self._create_new_session_message(
          ^^^^^^^^^^^^^^^^^^^^^^^^^^^^^^^^^
  File "/usr/local/lib/python3.12/site-packages/streamlit/runtime/app_session.py", line 750, in _create_new_session_message
    _populate_user_info_msg(imsg.user_info)
  File "/usr/local/lib/python3.12/site-packages/streamlit/runtime/app_session.py", line 1154, in _populate_user_info_msg
    inst = Installation.instance()
           ^^^^^^^^^^^^^^^^^^^^^^^
  File "/usr/local/lib/python3.12/site-packages/streamlit/runtime/metrics_util.py", line 228, in instance
    cls._instance = Installation()
                    ^^^^^^^^^^^^^^
  File "/usr/local/lib/python3.12/site-packages/streamlit/runtime/metrics_util.py", line 233, in __init__
    uuid.uuid5(uuid.NAMESPACE_DNS, _get_machine_id_v3())
                                   ^^^^^^^^^^^^^^^^^^^^
  File "/usr/local/lib/python3.12/site-packages/streamlit/runtime/metrics_util.py", line 173, in _get_machine_id_v3
    machine_id = f.read()
                 ^^^^^^^^
  File "<frozen codecs>", line 322, in decode
UnicodeDecodeError: 'utf-8' codec can't decode bytes in position 25-26: invalid continuation byte
Exception in callback AppSession._on_scriptrunner_event.<locals>.<lambda>() at /usr/local/lib/python3.12/site-packages/streamlit/runtime/app_session.py:519
handle: <Handle AppSession._on_scriptrunner_event.<locals>.<lambda>() at /usr/local/lib/python3.12/site-packages/streamlit/runtime/app_session.py:519>
Traceback (most recent call last):
  File "/usr/local/lib/python3.12/asyncio/events.py", line 88, in _run
    self._context.run(self._callback, *self._args)
  File "/usr/local/lib/python3.12/site-packages/streamlit/runtime/app_session.py", line 519, in <lambda>
    lambda: self._handle_scriptrunner_event_on_event_loop(
            ^^^^^^^^^^^^^^^^^^^^^^^^^^^^^^^^^^^^^^^^^^^^^^
  File "/usr/local/lib/python3.12/site-packages/streamlit/runtime/app_session.py", line 616, in _handle_scriptrunner_event_on_event_loop
    msg = self._create_new_session_message(
          ^^^^^^^^^^^^^^^^^^^^^^^^^^^^^^^^^
  File "/usr/local/lib/python3.12/site-packages/streamlit/runtime/app_session.py", line 750, in _create_new_session_message
    _populate_user_info_msg(imsg.user_info)
  File "/usr/local/lib/python3.12/site-packages/streamlit/runtime/app_session.py", line 1154, in _populate_user_info_msg
    inst = Installation.instance()
           ^^^^^^^^^^^^^^^^^^^^^^^
  File "/usr/local/lib/python3.12/site-packages/streamlit/runtime/metrics_util.py", line 228, in instance
    cls._instance = Installation()
                    ^^^^^^^^^^^^^^
  File "/usr/local/lib/python3.12/site-packages/streamlit/runtime/metrics_util.py", line 233, in __init__
    uuid.uuid5(uuid.NAMESPACE_DNS, _get_machine_id_v3())
                                   ^^^^^^^^^^^^^^^^^^^^
  File "/usr/local/lib/python3.12/site-packages/streamlit/runtime/metrics_util.py", line 173, in _get_machine_id_v3
    machine_id = f.read()
                 ^^^^^^^^
  File "<frozen codecs>", line 322, in decode
UnicodeDecodeError: 'utf-8' codec can't decode bytes in position 25-26: invalid continuation byte
Exception in callback AppSession._on_scriptrunner_event.<locals>.<lambda>() at /usr/local/lib/python3.12/site-packages/streamlit/runtime/app_session.py:519
handle: <Handle AppSession._on_scriptrunner_event.<locals>.<lambda>() at /usr/local/lib/python3.12/site-packages/streamlit/runtime/app_session.py:519>
Traceback (most recent call last):
  File "/usr/local/lib/python3.12/asyncio/events.py", line 88, in _run
    self._context.run(self._callback, *self._args)
  File "/usr/local/lib/python3.12/site-packages/streamlit/runtime/app_session.py", line 519, in <lambda>
    lambda: self._handle_scriptrunner_event_on_event_loop(
            ^^^^^^^^^^^^^^^^^^^^^^^^^^^^^^^^^^^^^^^^^^^^^^
  File "/usr/local/lib/python3.12/site-packages/streamlit/runtime/app_session.py", line 616, in _handle_scriptrunner_event_on_event_loop
    msg = self._create_new_session_message(
          ^^^^^^^^^^^^^^^^^^^^^^^^^^^^^^^^^
  File "/usr/local/lib/python3.12/site-packages/streamlit/runtime/app_session.py", line 750, in _create_new_session_message
    _populate_user_info_msg(imsg.user_info)
  File "/usr/local/lib/python3.12/site-packages/streamlit/runtime/app_session.py", line 1154, in _populate_user_info_msg
    inst = Installation.instance()
           ^^^^^^^^^^^^^^^^^^^^^^^
  File "/usr/local/lib/python3.12/site-packages/streamlit/runtime/metrics_util.py", line 228, in instance
    cls._instance = Installation()
                    ^^^^^^^^^^^^^^
  File "/usr/local/lib/python3.12/site-packages/streamlit/runtime/metrics_util.py", line 233, in __init__
    uuid.uuid5(uuid.NAMESPACE_DNS, _get_machine_id_v3())
                                   ^^^^^^^^^^^^^^^^^^^^
  File "/usr/local/lib/python3.12/site-packages/streamlit/runtime/metrics_util.py", line 173, in _get_machine_id_v3
    machine_id = f.read()
                 ^^^^^^^^
  File "<frozen codecs>", line 322, in decode
UnicodeDecodeError: 'utf-8' codec can't decode bytes in position 25-26: invalid continuation byte
Exception in callback AppSession._on_scriptrunner_event.<locals>.<lambda>() at /usr/local/lib/python3.12/site-packages/streamlit/runtime/app_session.py:519
handle: <Handle AppSession._on_scriptrunner_event.<locals>.<lambda>() at /usr/local/lib/python3.12/site-packages/streamlit/runtime/app_session.py:519>
Traceback (most recent call last):
  File "/usr/local/lib/python3.12/asyncio/events.py", line 88, in _run
    self._context.run(self._callback, *self._args)
  File "/usr/local/lib/python3.12/site-packages/streamlit/runtime/app_session.py", line 519, in <lambda>
    lambda: self._handle_scriptrunner_event_on_event_loop(
            ^^^^^^^^^^^^^^^^^^^^^^^^^^^^^^^^^^^^^^^^^^^^^^
  File "/usr/local/lib/python3.12/site-packages/streamlit/runtime/app_session.py", line 616, in _handle_scriptrunner_event_on_event_loop
    msg = self._create_new_session_message(
          ^^^^^^^^^^^^^^^^^^^^^^^^^^^^^^^^^
  File "/usr/local/lib/python3.12/site-packages/streamlit/runtime/app_session.py", line 750, in _create_new_session_message
    _populate_user_info_msg(imsg.user_info)
  File "/usr/local/lib/python3.12/site-packages/streamlit/runtime/app_session.py", line 1154, in _populate_user_info_msg
    inst = Installation.instance()
           ^^^^^^^^^^^^^^^^^^^^^^^
  File "/usr/local/lib/python3.12/site-packages/streamlit/runtime/metrics_util.py", line 228, in instance
    cls._instance = Installation()
                    ^^^^^^^^^^^^^^
  File "/usr/local/lib/python3.12/site-packages/streamlit/runtime/metrics_util.py", line 233, in __init__
    uuid.uuid5(uuid.NAMESPACE_DNS, _get_machine_id_v3())
                                   ^^^^^^^^^^^^^^^^^^^^
  File "/usr/local/lib/python3.12/site-packages/streamlit/runtime/metrics_util.py", line 173, in _get_machine_id_v3
    machine_id = f.read()
                 ^^^^^^^^
  File "<frozen codecs>", line 322, in decode
UnicodeDecodeError: 'utf-8' codec can't decode bytes in position 25-26: invalid continuation byte
Exception in callback AppSession._on_scriptrunner_event.<locals>.<lambda>() at /usr/local/lib/python3.12/site-packages/streamlit/runtime/app_session.py:519
handle: <Handle AppSession._on_scriptrunner_event.<locals>.<lambda>() at /usr/local/lib/python3.12/site-packages/streamlit/runtime/app_session.py:519>
Traceback (most recent call last):
  File "/usr/local/lib/python3.12/asyncio/events.py", line 88, in _run
    self._context.run(self._callback, *self._args)
  File "/usr/local/lib/python3.12/site-packages/streamlit/runtime/app_session.py", line 519, in <lambda>
    lambda: self._handle_scriptrunner_event_on_event_loop(
            ^^^^^^^^^^^^^^^^^^^^^^^^^^^^^^^^^^^^^^^^^^^^^^
  File "/usr/local/lib/python3.12/site-packages/streamlit/runtime/app_session.py", line 616, in _handle_scriptrunner_event_on_event_loop
    msg = self._create_new_session_message(
          ^^^^^^^^^^^^^^^^^^^^^^^^^^^^^^^^^
  File "/usr/local/lib/python3.12/site-packages/streamlit/runtime/app_session.py", line 750, in _create_new_session_message
    _populate_user_info_msg(imsg.user_info)
  File "/usr/local/lib/python3.12/site-packages/streamlit/runtime/app_session.py", line 1154, in _populate_user_info_msg
    inst = Installation.instance()
           ^^^^^^^^^^^^^^^^^^^^^^^
  File "/usr/local/lib/python3.12/site-packages/streamlit/runtime/metrics_util.py", line 228, in instance
    cls._instance = Installation()
                    ^^^^^^^^^^^^^^
  File "/usr/local/lib/python3.12/site-packages/streamlit/runtime/metrics_util.py", line 233, in __init__
    uuid.uuid5(uuid.NAMESPACE_DNS, _get_machine_id_v3())
                                   ^^^^^^^^^^^^^^^^^^^^
  File "/usr/local/lib/python3.12/site-packages/streamlit/runtime/metrics_util.py", line 173, in _get_machine_id_v3
    machine_id = f.read()
                 ^^^^^^^^
  File "<frozen codecs>", line 322, in decode
UnicodeDecodeError: 'utf-8' codec can't decode bytes in position 25-26: invalid continuation byte
2025-09-12 01:42:20.507 Script compilation error
Traceback (most recent call last):
  File "/usr/local/lib/python3.12/site-packages/streamlit/runtime/scriptrunner/script_runner.py", line 571, in _run_script
    code = self._script_cache.get_bytecode(script_path)
           ^^^^^^^^^^^^^^^^^^^^^^^^^^^^^^^^^^^^^^^^^^^^
  File "/usr/local/lib/python3.12/site-packages/streamlit/runtime/scriptrunner/script_cache.py", line 72, in get_bytecode
    filebody = magic.add_magic(filebody, script_path)
               ^^^^^^^^^^^^^^^^^^^^^^^^^^^^^^^^^^^^^^
  File "/usr/local/lib/python3.12/site-packages/streamlit/runtime/scriptrunner/magic.py", line 45, in add_magic
    tree = ast.parse(code, script_path, "exec")
           ^^^^^^^^^^^^^^^^^^^^^^^^^^^^^^^^^^^^
  File "/usr/local/lib/python3.12/ast.py", line 52, in parse
    return compile(source, filename, mode, flags,
           ^^^^^^^^^^^^^^^^^^^^^^^^^^^^^^^^^^^^^^
  File "/home/user/webapp/streamlit_app.py", line 445
    from scipy.stats import chi2_contingency
                                            ^
SyntaxError: expected 'except' or 'finally' block
2025-09-12 01:42:20.540 Thread 'MainThread': missing ScriptRunContext! This warning can be ignored when running in bare mode.
Exception in callback AppSession._on_scriptrunner_event.<locals>.<lambda>() at /usr/local/lib/python3.12/site-packages/streamlit/runtime/app_session.py:519
handle: <Handle AppSession._on_scriptrunner_event.<locals>.<lambda>() at /usr/local/lib/python3.12/site-packages/streamlit/runtime/app_session.py:519>
Traceback (most recent call last):
  File "/usr/local/lib/python3.12/asyncio/events.py", line 88, in _run
    self._context.run(self._callback, *self._args)
  File "/usr/local/lib/python3.12/site-packages/streamlit/runtime/app_session.py", line 519, in <lambda>
    lambda: self._handle_scriptrunner_event_on_event_loop(
            ^^^^^^^^^^^^^^^^^^^^^^^^^^^^^^^^^^^^^^^^^^^^^^
  File "/usr/local/lib/python3.12/site-packages/streamlit/runtime/app_session.py", line 616, in _handle_scriptrunner_event_on_event_loop
    msg = self._create_new_session_message(
          ^^^^^^^^^^^^^^^^^^^^^^^^^^^^^^^^^
  File "/usr/local/lib/python3.12/site-packages/streamlit/runtime/app_session.py", line 750, in _create_new_session_message
    _populate_user_info_msg(imsg.user_info)
  File "/usr/local/lib/python3.12/site-packages/streamlit/runtime/app_session.py", line 1154, in _populate_user_info_msg
    inst = Installation.instance()
           ^^^^^^^^^^^^^^^^^^^^^^^
  File "/usr/local/lib/python3.12/site-packages/streamlit/runtime/metrics_util.py", line 228, in instance
    cls._instance = Installation()
                    ^^^^^^^^^^^^^^
  File "/usr/local/lib/python3.12/site-packages/streamlit/runtime/metrics_util.py", line 233, in __init__
    uuid.uuid5(uuid.NAMESPACE_DNS, _get_machine_id_v3())
                                   ^^^^^^^^^^^^^^^^^^^^
  File "/usr/local/lib/python3.12/site-packages/streamlit/runtime/metrics_util.py", line 173, in _get_machine_id_v3
    machine_id = f.read()
                 ^^^^^^^^
  File "<frozen codecs>", line 322, in decode
UnicodeDecodeError: 'utf-8' codec can't decode bytes in position 25-26: invalid continuation byte
Exception in callback AppSession._on_scriptrunner_event.<locals>.<lambda>() at /usr/local/lib/python3.12/site-packages/streamlit/runtime/app_session.py:519
handle: <Handle AppSession._on_scriptrunner_event.<locals>.<lambda>() at /usr/local/lib/python3.12/site-packages/streamlit/runtime/app_session.py:519>
Traceback (most recent call last):
  File "/usr/local/lib/python3.12/asyncio/events.py", line 88, in _run
    self._context.run(self._callback, *self._args)
  File "/usr/local/lib/python3.12/site-packages/streamlit/runtime/app_session.py", line 519, in <lambda>
    lambda: self._handle_scriptrunner_event_on_event_loop(
            ^^^^^^^^^^^^^^^^^^^^^^^^^^^^^^^^^^^^^^^^^^^^^^
  File "/usr/local/lib/python3.12/site-packages/streamlit/runtime/app_session.py", line 616, in _handle_scriptrunner_event_on_event_loop
    msg = self._create_new_session_message(
          ^^^^^^^^^^^^^^^^^^^^^^^^^^^^^^^^^
  File "/usr/local/lib/python3.12/site-packages/streamlit/runtime/app_session.py", line 750, in _create_new_session_message
    _populate_user_info_msg(imsg.user_info)
  File "/usr/local/lib/python3.12/site-packages/streamlit/runtime/app_session.py", line 1154, in _populate_user_info_msg
    inst = Installation.instance()
           ^^^^^^^^^^^^^^^^^^^^^^^
  File "/usr/local/lib/python3.12/site-packages/streamlit/runtime/metrics_util.py", line 228, in instance
    cls._instance = Installation()
                    ^^^^^^^^^^^^^^
  File "/usr/local/lib/python3.12/site-packages/streamlit/runtime/metrics_util.py", line 233, in __init__
    uuid.uuid5(uuid.NAMESPACE_DNS, _get_machine_id_v3())
                                   ^^^^^^^^^^^^^^^^^^^^
  File "/usr/local/lib/python3.12/site-packages/streamlit/runtime/metrics_util.py", line 173, in _get_machine_id_v3
    machine_id = f.read()
                 ^^^^^^^^
  File "<frozen codecs>", line 322, in decode
UnicodeDecodeError: 'utf-8' codec can't decode bytes in position 25-26: invalid continuation byte
Exception in callback AppSession._on_scriptrunner_event.<locals>.<lambda>() at /usr/local/lib/python3.12/site-packages/streamlit/runtime/app_session.py:519
handle: <Handle AppSession._on_scriptrunner_event.<locals>.<lambda>() at /usr/local/lib/python3.12/site-packages/streamlit/runtime/app_session.py:519>
Traceback (most recent call last):
  File "/usr/local/lib/python3.12/asyncio/events.py", line 88, in _run
    self._context.run(self._callback, *self._args)
  File "/usr/local/lib/python3.12/site-packages/streamlit/runtime/app_session.py", line 519, in <lambda>
    lambda: self._handle_scriptrunner_event_on_event_loop(
            ^^^^^^^^^^^^^^^^^^^^^^^^^^^^^^^^^^^^^^^^^^^^^^
  File "/usr/local/lib/python3.12/site-packages/streamlit/runtime/app_session.py", line 616, in _handle_scriptrunner_event_on_event_loop
    msg = self._create_new_session_message(
          ^^^^^^^^^^^^^^^^^^^^^^^^^^^^^^^^^
  File "/usr/local/lib/python3.12/site-packages/streamlit/runtime/app_session.py", line 750, in _create_new_session_message
    _populate_user_info_msg(imsg.user_info)
  File "/usr/local/lib/python3.12/site-packages/streamlit/runtime/app_session.py", line 1154, in _populate_user_info_msg
    inst = Installation.instance()
           ^^^^^^^^^^^^^^^^^^^^^^^
  File "/usr/local/lib/python3.12/site-packages/streamlit/runtime/metrics_util.py", line 228, in instance
    cls._instance = Installation()
                    ^^^^^^^^^^^^^^
  File "/usr/local/lib/python3.12/site-packages/streamlit/runtime/metrics_util.py", line 233, in __init__
    uuid.uuid5(uuid.NAMESPACE_DNS, _get_machine_id_v3())
                                   ^^^^^^^^^^^^^^^^^^^^
  File "/usr/local/lib/python3.12/site-packages/streamlit/runtime/metrics_util.py", line 173, in _get_machine_id_v3
    machine_id = f.read()
                 ^^^^^^^^
  File "<frozen codecs>", line 322, in decode
UnicodeDecodeError: 'utf-8' codec can't decode bytes in position 25-26: invalid continuation byte
Exception in callback AppSession._on_scriptrunner_event.<locals>.<lambda>() at /usr/local/lib/python3.12/site-packages/streamlit/runtime/app_session.py:519
handle: <Handle AppSession._on_scriptrunner_event.<locals>.<lambda>() at /usr/local/lib/python3.12/site-packages/streamlit/runtime/app_session.py:519>
Traceback (most recent call last):
  File "/usr/local/lib/python3.12/asyncio/events.py", line 88, in _run
    self._context.run(self._callback, *self._args)
  File "/usr/local/lib/python3.12/site-packages/streamlit/runtime/app_session.py", line 519, in <lambda>
    lambda: self._handle_scriptrunner_event_on_event_loop(
            ^^^^^^^^^^^^^^^^^^^^^^^^^^^^^^^^^^^^^^^^^^^^^^
  File "/usr/local/lib/python3.12/site-packages/streamlit/runtime/app_session.py", line 616, in _handle_scriptrunner_event_on_event_loop
    msg = self._create_new_session_message(
          ^^^^^^^^^^^^^^^^^^^^^^^^^^^^^^^^^
  File "/usr/local/lib/python3.12/site-packages/streamlit/runtime/app_session.py", line 750, in _create_new_session_message
    _populate_user_info_msg(imsg.user_info)
  File "/usr/local/lib/python3.12/site-packages/streamlit/runtime/app_session.py", line 1154, in _populate_user_info_msg
    inst = Installation.instance()
           ^^^^^^^^^^^^^^^^^^^^^^^
  File "/usr/local/lib/python3.12/site-packages/streamlit/runtime/metrics_util.py", line 228, in instance
    cls._instance = Installation()
                    ^^^^^^^^^^^^^^
  File "/usr/local/lib/python3.12/site-packages/streamlit/runtime/metrics_util.py", line 233, in __init__
    uuid.uuid5(uuid.NAMESPACE_DNS, _get_machine_id_v3())
                                   ^^^^^^^^^^^^^^^^^^^^
  File "/usr/local/lib/python3.12/site-packages/streamlit/runtime/metrics_util.py", line 173, in _get_machine_id_v3
    machine_id = f.read()
                 ^^^^^^^^
  File "<frozen codecs>", line 322, in decode
UnicodeDecodeError: 'utf-8' codec can't decode bytes in position 25-26: invalid continuation byte
Exception in callback AppSession._on_scriptrunner_event.<locals>.<lambda>() at /usr/local/lib/python3.12/site-packages/streamlit/runtime/app_session.py:519
handle: <Handle AppSession._on_scriptrunner_event.<locals>.<lambda>() at /usr/local/lib/python3.12/site-packages/streamlit/runtime/app_session.py:519>
Traceback (most recent call last):
  File "/usr/local/lib/python3.12/asyncio/events.py", line 88, in _run
    self._context.run(self._callback, *self._args)
  File "/usr/local/lib/python3.12/site-packages/streamlit/runtime/app_session.py", line 519, in <lambda>
    lambda: self._handle_scriptrunner_event_on_event_loop(
            ^^^^^^^^^^^^^^^^^^^^^^^^^^^^^^^^^^^^^^^^^^^^^^
  File "/usr/local/lib/python3.12/site-packages/streamlit/runtime/app_session.py", line 616, in _handle_scriptrunner_event_on_event_loop
    msg = self._create_new_session_message(
          ^^^^^^^^^^^^^^^^^^^^^^^^^^^^^^^^^
  File "/usr/local/lib/python3.12/site-packages/streamlit/runtime/app_session.py", line 750, in _create_new_session_message
    _populate_user_info_msg(imsg.user_info)
  File "/usr/local/lib/python3.12/site-packages/streamlit/runtime/app_session.py", line 1154, in _populate_user_info_msg
    inst = Installation.instance()
           ^^^^^^^^^^^^^^^^^^^^^^^
  File "/usr/local/lib/python3.12/site-packages/streamlit/runtime/metrics_util.py", line 228, in instance
    cls._instance = Installation()
                    ^^^^^^^^^^^^^^
  File "/usr/local/lib/python3.12/site-packages/streamlit/runtime/metrics_util.py", line 233, in __init__
    uuid.uuid5(uuid.NAMESPACE_DNS, _get_machine_id_v3())
                                   ^^^^^^^^^^^^^^^^^^^^
  File "/usr/local/lib/python3.12/site-packages/streamlit/runtime/metrics_util.py", line 173, in _get_machine_id_v3
    machine_id = f.read()
                 ^^^^^^^^
  File "<frozen codecs>", line 322, in decode
UnicodeDecodeError: 'utf-8' codec can't decode bytes in position 25-26: invalid continuation byte
Exception in callback AppSession._on_scriptrunner_event.<locals>.<lambda>() at /usr/local/lib/python3.12/site-packages/streamlit/runtime/app_session.py:519
handle: <Handle AppSession._on_scriptrunner_event.<locals>.<lambda>() at /usr/local/lib/python3.12/site-packages/streamlit/runtime/app_session.py:519>
Traceback (most recent call last):
  File "/usr/local/lib/python3.12/asyncio/events.py", line 88, in _run
    self._context.run(self._callback, *self._args)
  File "/usr/local/lib/python3.12/site-packages/streamlit/runtime/app_session.py", line 519, in <lambda>
    lambda: self._handle_scriptrunner_event_on_event_loop(
            ^^^^^^^^^^^^^^^^^^^^^^^^^^^^^^^^^^^^^^^^^^^^^^
  File "/usr/local/lib/python3.12/site-packages/streamlit/runtime/app_session.py", line 616, in _handle_scriptrunner_event_on_event_loop
    msg = self._create_new_session_message(
          ^^^^^^^^^^^^^^^^^^^^^^^^^^^^^^^^^
  File "/usr/local/lib/python3.12/site-packages/streamlit/runtime/app_session.py", line 750, in _create_new_session_message
    _populate_user_info_msg(imsg.user_info)
  File "/usr/local/lib/python3.12/site-packages/streamlit/runtime/app_session.py", line 1154, in _populate_user_info_msg
    inst = Installation.instance()
           ^^^^^^^^^^^^^^^^^^^^^^^
  File "/usr/local/lib/python3.12/site-packages/streamlit/runtime/metrics_util.py", line 228, in instance
    cls._instance = Installation()
                    ^^^^^^^^^^^^^^
  File "/usr/local/lib/python3.12/site-packages/streamlit/runtime/metrics_util.py", line 233, in __init__
    uuid.uuid5(uuid.NAMESPACE_DNS, _get_machine_id_v3())
                                   ^^^^^^^^^^^^^^^^^^^^
  File "/usr/local/lib/python3.12/site-packages/streamlit/runtime/metrics_util.py", line 173, in _get_machine_id_v3
    machine_id = f.read()
                 ^^^^^^^^
  File "<frozen codecs>", line 322, in decode
UnicodeDecodeError: 'utf-8' codec can't decode bytes in position 25-26: invalid continuation byte
Exception in callback AppSession._on_scriptrunner_event.<locals>.<lambda>() at /usr/local/lib/python3.12/site-packages/streamlit/runtime/app_session.py:519
handle: <Handle AppSession._on_scriptrunner_event.<locals>.<lambda>() at /usr/local/lib/python3.12/site-packages/streamlit/runtime/app_session.py:519>
Traceback (most recent call last):
  File "/usr/local/lib/python3.12/asyncio/events.py", line 88, in _run
    self._context.run(self._callback, *self._args)
  File "/usr/local/lib/python3.12/site-packages/streamlit/runtime/app_session.py", line 519, in <lambda>
    lambda: self._handle_scriptrunner_event_on_event_loop(
            ^^^^^^^^^^^^^^^^^^^^^^^^^^^^^^^^^^^^^^^^^^^^^^
  File "/usr/local/lib/python3.12/site-packages/streamlit/runtime/app_session.py", line 616, in _handle_scriptrunner_event_on_event_loop
    msg = self._create_new_session_message(
          ^^^^^^^^^^^^^^^^^^^^^^^^^^^^^^^^^
  File "/usr/local/lib/python3.12/site-packages/streamlit/runtime/app_session.py", line 750, in _create_new_session_message
    _populate_user_info_msg(imsg.user_info)
  File "/usr/local/lib/python3.12/site-packages/streamlit/runtime/app_session.py", line 1154, in _populate_user_info_msg
    inst = Installation.instance()
           ^^^^^^^^^^^^^^^^^^^^^^^
  File "/usr/local/lib/python3.12/site-packages/streamlit/runtime/metrics_util.py", line 228, in instance
    cls._instance = Installation()
                    ^^^^^^^^^^^^^^
  File "/usr/local/lib/python3.12/site-packages/streamlit/runtime/metrics_util.py", line 233, in __init__
    uuid.uuid5(uuid.NAMESPACE_DNS, _get_machine_id_v3())
                                   ^^^^^^^^^^^^^^^^^^^^
  File "/usr/local/lib/python3.12/site-packages/streamlit/runtime/metrics_util.py", line 173, in _get_machine_id_v3
    machine_id = f.read()
                 ^^^^^^^^
  File "<frozen codecs>", line 322, in decode
UnicodeDecodeError: 'utf-8' codec can't decode bytes in position 25-26: invalid continuation byte
Exception in callback AppSession._on_scriptrunner_event.<locals>.<lambda>() at /usr/local/lib/python3.12/site-packages/streamlit/runtime/app_session.py:519
handle: <Handle AppSession._on_scriptrunner_event.<locals>.<lambda>() at /usr/local/lib/python3.12/site-packages/streamlit/runtime/app_session.py:519>
Traceback (most recent call last):
  File "/usr/local/lib/python3.12/asyncio/events.py", line 88, in _run
    self._context.run(self._callback, *self._args)
  File "/usr/local/lib/python3.12/site-packages/streamlit/runtime/app_session.py", line 519, in <lambda>
    lambda: self._handle_scriptrunner_event_on_event_loop(
            ^^^^^^^^^^^^^^^^^^^^^^^^^^^^^^^^^^^^^^^^^^^^^^
  File "/usr/local/lib/python3.12/site-packages/streamlit/runtime/app_session.py", line 616, in _handle_scriptrunner_event_on_event_loop
    msg = self._create_new_session_message(
          ^^^^^^^^^^^^^^^^^^^^^^^^^^^^^^^^^
  File "/usr/local/lib/python3.12/site-packages/streamlit/runtime/app_session.py", line 750, in _create_new_session_message
    _populate_user_info_msg(imsg.user_info)
  File "/usr/local/lib/python3.12/site-packages/streamlit/runtime/app_session.py", line 1154, in _populate_user_info_msg
    inst = Installation.instance()
           ^^^^^^^^^^^^^^^^^^^^^^^
  File "/usr/local/lib/python3.12/site-packages/streamlit/runtime/metrics_util.py", line 228, in instance
    cls._instance = Installation()
                    ^^^^^^^^^^^^^^
  File "/usr/local/lib/python3.12/site-packages/streamlit/runtime/metrics_util.py", line 233, in __init__
    uuid.uuid5(uuid.NAMESPACE_DNS, _get_machine_id_v3())
                                   ^^^^^^^^^^^^^^^^^^^^
  File "/usr/local/lib/python3.12/site-packages/streamlit/runtime/metrics_util.py", line 173, in _get_machine_id_v3
    machine_id = f.read()
                 ^^^^^^^^
  File "<frozen codecs>", line 322, in decode
UnicodeDecodeError: 'utf-8' codec can't decode bytes in position 25-26: invalid continuation byte
Exception in callback AppSession._on_scriptrunner_event.<locals>.<lambda>() at /usr/local/lib/python3.12/site-packages/streamlit/runtime/app_session.py:519
handle: <Handle AppSession._on_scriptrunner_event.<locals>.<lambda>() at /usr/local/lib/python3.12/site-packages/streamlit/runtime/app_session.py:519>
Traceback (most recent call last):
  File "/usr/local/lib/python3.12/asyncio/events.py", line 88, in _run
    self._context.run(self._callback, *self._args)
  File "/usr/local/lib/python3.12/site-packages/streamlit/runtime/app_session.py", line 519, in <lambda>
    lambda: self._handle_scriptrunner_event_on_event_loop(
            ^^^^^^^^^^^^^^^^^^^^^^^^^^^^^^^^^^^^^^^^^^^^^^
  File "/usr/local/lib/python3.12/site-packages/streamlit/runtime/app_session.py", line 616, in _handle_scriptrunner_event_on_event_loop
    msg = self._create_new_session_message(
          ^^^^^^^^^^^^^^^^^^^^^^^^^^^^^^^^^
  File "/usr/local/lib/python3.12/site-packages/streamlit/runtime/app_session.py", line 750, in _create_new_session_message
    _populate_user_info_msg(imsg.user_info)
  File "/usr/local/lib/python3.12/site-packages/streamlit/runtime/app_session.py", line 1154, in _populate_user_info_msg
    inst = Installation.instance()
           ^^^^^^^^^^^^^^^^^^^^^^^
  File "/usr/local/lib/python3.12/site-packages/streamlit/runtime/metrics_util.py", line 228, in instance
    cls._instance = Installation()
                    ^^^^^^^^^^^^^^
  File "/usr/local/lib/python3.12/site-packages/streamlit/runtime/metrics_util.py", line 233, in __init__
    uuid.uuid5(uuid.NAMESPACE_DNS, _get_machine_id_v3())
                                   ^^^^^^^^^^^^^^^^^^^^
  File "/usr/local/lib/python3.12/site-packages/streamlit/runtime/metrics_util.py", line 173, in _get_machine_id_v3
    machine_id = f.read()
                 ^^^^^^^^
  File "<frozen codecs>", line 322, in decode
UnicodeDecodeError: 'utf-8' codec can't decode bytes in position 25-26: invalid continuation byte
Exception in callback AppSession._on_scriptrunner_event.<locals>.<lambda>() at /usr/local/lib/python3.12/site-packages/streamlit/runtime/app_session.py:519
handle: <Handle AppSession._on_scriptrunner_event.<locals>.<lambda>() at /usr/local/lib/python3.12/site-packages/streamlit/runtime/app_session.py:519>
Traceback (most recent call last):
  File "/usr/local/lib/python3.12/asyncio/events.py", line 88, in _run
    self._context.run(self._callback, *self._args)
  File "/usr/local/lib/python3.12/site-packages/streamlit/runtime/app_session.py", line 519, in <lambda>
    lambda: self._handle_scriptrunner_event_on_event_loop(
            ^^^^^^^^^^^^^^^^^^^^^^^^^^^^^^^^^^^^^^^^^^^^^^
  File "/usr/local/lib/python3.12/site-packages/streamlit/runtime/app_session.py", line 616, in _handle_scriptrunner_event_on_event_loop
    msg = self._create_new_session_message(
          ^^^^^^^^^^^^^^^^^^^^^^^^^^^^^^^^^
  File "/usr/local/lib/python3.12/site-packages/streamlit/runtime/app_session.py", line 750, in _create_new_session_message
    _populate_user_info_msg(imsg.user_info)
  File "/usr/local/lib/python3.12/site-packages/streamlit/runtime/app_session.py", line 1154, in _populate_user_info_msg
    inst = Installation.instance()
           ^^^^^^^^^^^^^^^^^^^^^^^
  File "/usr/local/lib/python3.12/site-packages/streamlit/runtime/metrics_util.py", line 228, in instance
    cls._instance = Installation()
                    ^^^^^^^^^^^^^^
  File "/usr/local/lib/python3.12/site-packages/streamlit/runtime/metrics_util.py", line 233, in __init__
    uuid.uuid5(uuid.NAMESPACE_DNS, _get_machine_id_v3())
                                   ^^^^^^^^^^^^^^^^^^^^
  File "/usr/local/lib/python3.12/site-packages/streamlit/runtime/metrics_util.py", line 173, in _get_machine_id_v3
    machine_id = f.read()
                 ^^^^^^^^
  File "<frozen codecs>", line 322, in decode
UnicodeDecodeError: 'utf-8' codec can't decode bytes in position 25-26: invalid continuation byte
Exception in callback AppSession._on_scriptrunner_event.<locals>.<lambda>() at /usr/local/lib/python3.12/site-packages/streamlit/runtime/app_session.py:519
handle: <Handle AppSession._on_scriptrunner_event.<locals>.<lambda>() at /usr/local/lib/python3.12/site-packages/streamlit/runtime/app_session.py:519>
Traceback (most recent call last):
  File "/usr/local/lib/python3.12/asyncio/events.py", line 88, in _run
    self._context.run(self._callback, *self._args)
  File "/usr/local/lib/python3.12/site-packages/streamlit/runtime/app_session.py", line 519, in <lambda>
    lambda: self._handle_scriptrunner_event_on_event_loop(
            ^^^^^^^^^^^^^^^^^^^^^^^^^^^^^^^^^^^^^^^^^^^^^^
  File "/usr/local/lib/python3.12/site-packages/streamlit/runtime/app_session.py", line 616, in _handle_scriptrunner_event_on_event_loop
    msg = self._create_new_session_message(
          ^^^^^^^^^^^^^^^^^^^^^^^^^^^^^^^^^
  File "/usr/local/lib/python3.12/site-packages/streamlit/runtime/app_session.py", line 750, in _create_new_session_message
    _populate_user_info_msg(imsg.user_info)
  File "/usr/local/lib/python3.12/site-packages/streamlit/runtime/app_session.py", line 1154, in _populate_user_info_msg
    inst = Installation.instance()
           ^^^^^^^^^^^^^^^^^^^^^^^
  File "/usr/local/lib/python3.12/site-packages/streamlit/runtime/metrics_util.py", line 228, in instance
    cls._instance = Installation()
                    ^^^^^^^^^^^^^^
  File "/usr/local/lib/python3.12/site-packages/streamlit/runtime/metrics_util.py", line 233, in __init__
    uuid.uuid5(uuid.NAMESPACE_DNS, _get_machine_id_v3())
                                   ^^^^^^^^^^^^^^^^^^^^
  File "/usr/local/lib/python3.12/site-packages/streamlit/runtime/metrics_util.py", line 173, in _get_machine_id_v3
    machine_id = f.read()
                 ^^^^^^^^
  File "<frozen codecs>", line 322, in decode
UnicodeDecodeError: 'utf-8' codec can't decode bytes in position 25-26: invalid continuation byte
Exception in callback AppSession._on_scriptrunner_event.<locals>.<lambda>() at /usr/local/lib/python3.12/site-packages/streamlit/runtime/app_session.py:519
handle: <Handle AppSession._on_scriptrunner_event.<locals>.<lambda>() at /usr/local/lib/python3.12/site-packages/streamlit/runtime/app_session.py:519>
Traceback (most recent call last):
  File "/usr/local/lib/python3.12/asyncio/events.py", line 88, in _run
    self._context.run(self._callback, *self._args)
  File "/usr/local/lib/python3.12/site-packages/streamlit/runtime/app_session.py", line 519, in <lambda>
    lambda: self._handle_scriptrunner_event_on_event_loop(
            ^^^^^^^^^^^^^^^^^^^^^^^^^^^^^^^^^^^^^^^^^^^^^^
  File "/usr/local/lib/python3.12/site-packages/streamlit/runtime/app_session.py", line 616, in _handle_scriptrunner_event_on_event_loop
    msg = self._create_new_session_message(
          ^^^^^^^^^^^^^^^^^^^^^^^^^^^^^^^^^
  File "/usr/local/lib/python3.12/site-packages/streamlit/runtime/app_session.py", line 750, in _create_new_session_message
    _populate_user_info_msg(imsg.user_info)
  File "/usr/local/lib/python3.12/site-packages/streamlit/runtime/app_session.py", line 1154, in _populate_user_info_msg
    inst = Installation.instance()
           ^^^^^^^^^^^^^^^^^^^^^^^
  File "/usr/local/lib/python3.12/site-packages/streamlit/runtime/metrics_util.py", line 228, in instance
    cls._instance = Installation()
                    ^^^^^^^^^^^^^^
  File "/usr/local/lib/python3.12/site-packages/streamlit/runtime/metrics_util.py", line 233, in __init__
    uuid.uuid5(uuid.NAMESPACE_DNS, _get_machine_id_v3())
                                   ^^^^^^^^^^^^^^^^^^^^
  File "/usr/local/lib/python3.12/site-packages/streamlit/runtime/metrics_util.py", line 173, in _get_machine_id_v3
    machine_id = f.read()
                 ^^^^^^^^
  File "<frozen codecs>", line 322, in decode
UnicodeDecodeError: 'utf-8' codec can't decode bytes in position 25-26: invalid continuation byte
Exception in callback AppSession._on_scriptrunner_event.<locals>.<lambda>() at /usr/local/lib/python3.12/site-packages/streamlit/runtime/app_session.py:519
handle: <Handle AppSession._on_scriptrunner_event.<locals>.<lambda>() at /usr/local/lib/python3.12/site-packages/streamlit/runtime/app_session.py:519>
Traceback (most recent call last):
  File "/usr/local/lib/python3.12/asyncio/events.py", line 88, in _run
    self._context.run(self._callback, *self._args)
  File "/usr/local/lib/python3.12/site-packages/streamlit/runtime/app_session.py", line 519, in <lambda>
    lambda: self._handle_scriptrunner_event_on_event_loop(
            ^^^^^^^^^^^^^^^^^^^^^^^^^^^^^^^^^^^^^^^^^^^^^^
  File "/usr/local/lib/python3.12/site-packages/streamlit/runtime/app_session.py", line 616, in _handle_scriptrunner_event_on_event_loop
    msg = self._create_new_session_message(
          ^^^^^^^^^^^^^^^^^^^^^^^^^^^^^^^^^
  File "/usr/local/lib/python3.12/site-packages/streamlit/runtime/app_session.py", line 750, in _create_new_session_message
    _populate_user_info_msg(imsg.user_info)
  File "/usr/local/lib/python3.12/site-packages/streamlit/runtime/app_session.py", line 1154, in _populate_user_info_msg
    inst = Installation.instance()
           ^^^^^^^^^^^^^^^^^^^^^^^
  File "/usr/local/lib/python3.12/site-packages/streamlit/runtime/metrics_util.py", line 228, in instance
    cls._instance = Installation()
                    ^^^^^^^^^^^^^^
  File "/usr/local/lib/python3.12/site-packages/streamlit/runtime/metrics_util.py", line 233, in __init__
    uuid.uuid5(uuid.NAMESPACE_DNS, _get_machine_id_v3())
                                   ^^^^^^^^^^^^^^^^^^^^
  File "/usr/local/lib/python3.12/site-packages/streamlit/runtime/metrics_util.py", line 173, in _get_machine_id_v3
    machine_id = f.read()
                 ^^^^^^^^
  File "<frozen codecs>", line 322, in decode
UnicodeDecodeError: 'utf-8' codec can't decode bytes in position 25-26: invalid continuation byte
Exception in callback AppSession._on_scriptrunner_event.<locals>.<lambda>() at /usr/local/lib/python3.12/site-packages/streamlit/runtime/app_session.py:519
handle: <Handle AppSession._on_scriptrunner_event.<locals>.<lambda>() at /usr/local/lib/python3.12/site-packages/streamlit/runtime/app_session.py:519>
Traceback (most recent call last):
  File "/usr/local/lib/python3.12/asyncio/events.py", line 88, in _run
    self._context.run(self._callback, *self._args)
  File "/usr/local/lib/python3.12/site-packages/streamlit/runtime/app_session.py", line 519, in <lambda>
    lambda: self._handle_scriptrunner_event_on_event_loop(
            ^^^^^^^^^^^^^^^^^^^^^^^^^^^^^^^^^^^^^^^^^^^^^^
  File "/usr/local/lib/python3.12/site-packages/streamlit/runtime/app_session.py", line 616, in _handle_scriptrunner_event_on_event_loop
    msg = self._create_new_session_message(
          ^^^^^^^^^^^^^^^^^^^^^^^^^^^^^^^^^
  File "/usr/local/lib/python3.12/site-packages/streamlit/runtime/app_session.py", line 750, in _create_new_session_message
    _populate_user_info_msg(imsg.user_info)
  File "/usr/local/lib/python3.12/site-packages/streamlit/runtime/app_session.py", line 1154, in _populate_user_info_msg
    inst = Installation.instance()
           ^^^^^^^^^^^^^^^^^^^^^^^
  File "/usr/local/lib/python3.12/site-packages/streamlit/runtime/metrics_util.py", line 228, in instance
    cls._instance = Installation()
                    ^^^^^^^^^^^^^^
  File "/usr/local/lib/python3.12/site-packages/streamlit/runtime/metrics_util.py", line 233, in __init__
    uuid.uuid5(uuid.NAMESPACE_DNS, _get_machine_id_v3())
                                   ^^^^^^^^^^^^^^^^^^^^
  File "/usr/local/lib/python3.12/site-packages/streamlit/runtime/metrics_util.py", line 173, in _get_machine_id_v3
    machine_id = f.read()
                 ^^^^^^^^
  File "<frozen codecs>", line 322, in decode
UnicodeDecodeError: 'utf-8' codec can't decode bytes in position 25-26: invalid continuation byte
Exception in callback AppSession._on_scriptrunner_event.<locals>.<lambda>() at /usr/local/lib/python3.12/site-packages/streamlit/runtime/app_session.py:519
handle: <Handle AppSession._on_scriptrunner_event.<locals>.<lambda>() at /usr/local/lib/python3.12/site-packages/streamlit/runtime/app_session.py:519>
Traceback (most recent call last):
  File "/usr/local/lib/python3.12/asyncio/events.py", line 88, in _run
    self._context.run(self._callback, *self._args)
  File "/usr/local/lib/python3.12/site-packages/streamlit/runtime/app_session.py", line 519, in <lambda>
    lambda: self._handle_scriptrunner_event_on_event_loop(
            ^^^^^^^^^^^^^^^^^^^^^^^^^^^^^^^^^^^^^^^^^^^^^^
  File "/usr/local/lib/python3.12/site-packages/streamlit/runtime/app_session.py", line 616, in _handle_scriptrunner_event_on_event_loop
    msg = self._create_new_session_message(
          ^^^^^^^^^^^^^^^^^^^^^^^^^^^^^^^^^
  File "/usr/local/lib/python3.12/site-packages/streamlit/runtime/app_session.py", line 750, in _create_new_session_message
    _populate_user_info_msg(imsg.user_info)
  File "/usr/local/lib/python3.12/site-packages/streamlit/runtime/app_session.py", line 1154, in _populate_user_info_msg
    inst = Installation.instance()
           ^^^^^^^^^^^^^^^^^^^^^^^
  File "/usr/local/lib/python3.12/site-packages/streamlit/runtime/metrics_util.py", line 228, in instance
    cls._instance = Installation()
                    ^^^^^^^^^^^^^^
  File "/usr/local/lib/python3.12/site-packages/streamlit/runtime/metrics_util.py", line 233, in __init__
    uuid.uuid5(uuid.NAMESPACE_DNS, _get_machine_id_v3())
                                   ^^^^^^^^^^^^^^^^^^^^
  File "/usr/local/lib/python3.12/site-packages/streamlit/runtime/metrics_util.py", line 173, in _get_machine_id_v3
    machine_id = f.read()
                 ^^^^^^^^
  File "<frozen codecs>", line 322, in decode
UnicodeDecodeError: 'utf-8' codec can't decode bytes in position 25-26: invalid continuation byte
Exception in callback AppSession._on_scriptrunner_event.<locals>.<lambda>() at /usr/local/lib/python3.12/site-packages/streamlit/runtime/app_session.py:519
handle: <Handle AppSession._on_scriptrunner_event.<locals>.<lambda>() at /usr/local/lib/python3.12/site-packages/streamlit/runtime/app_session.py:519>
Traceback (most recent call last):
  File "/usr/local/lib/python3.12/asyncio/events.py", line 88, in _run
    self._context.run(self._callback, *self._args)
  File "/usr/local/lib/python3.12/site-packages/streamlit/runtime/app_session.py", line 519, in <lambda>
    lambda: self._handle_scriptrunner_event_on_event_loop(
            ^^^^^^^^^^^^^^^^^^^^^^^^^^^^^^^^^^^^^^^^^^^^^^
  File "/usr/local/lib/python3.12/site-packages/streamlit/runtime/app_session.py", line 616, in _handle_scriptrunner_event_on_event_loop
    msg = self._create_new_session_message(
          ^^^^^^^^^^^^^^^^^^^^^^^^^^^^^^^^^
  File "/usr/local/lib/python3.12/site-packages/streamlit/runtime/app_session.py", line 750, in _create_new_session_message
    _populate_user_info_msg(imsg.user_info)
  File "/usr/local/lib/python3.12/site-packages/streamlit/runtime/app_session.py", line 1154, in _populate_user_info_msg
    inst = Installation.instance()
           ^^^^^^^^^^^^^^^^^^^^^^^
  File "/usr/local/lib/python3.12/site-packages/streamlit/runtime/metrics_util.py", line 228, in instance
    cls._instance = Installation()
                    ^^^^^^^^^^^^^^
  File "/usr/local/lib/python3.12/site-packages/streamlit/runtime/metrics_util.py", line 233, in __init__
    uuid.uuid5(uuid.NAMESPACE_DNS, _get_machine_id_v3())
                                   ^^^^^^^^^^^^^^^^^^^^
  File "/usr/local/lib/python3.12/site-packages/streamlit/runtime/metrics_util.py", line 173, in _get_machine_id_v3
    machine_id = f.read()
                 ^^^^^^^^
  File "<frozen codecs>", line 322, in decode
UnicodeDecodeError: 'utf-8' codec can't decode bytes in position 25-26: invalid continuation byte
Exception in callback AppSession._on_scriptrunner_event.<locals>.<lambda>() at /usr/local/lib/python3.12/site-packages/streamlit/runtime/app_session.py:519
handle: <Handle AppSession._on_scriptrunner_event.<locals>.<lambda>() at /usr/local/lib/python3.12/site-packages/streamlit/runtime/app_session.py:519>
Traceback (most recent call last):
  File "/usr/local/lib/python3.12/asyncio/events.py", line 88, in _run
    self._context.run(self._callback, *self._args)
  File "/usr/local/lib/python3.12/site-packages/streamlit/runtime/app_session.py", line 519, in <lambda>
    lambda: self._handle_scriptrunner_event_on_event_loop(
            ^^^^^^^^^^^^^^^^^^^^^^^^^^^^^^^^^^^^^^^^^^^^^^
  File "/usr/local/lib/python3.12/site-packages/streamlit/runtime/app_session.py", line 616, in _handle_scriptrunner_event_on_event_loop
    msg = self._create_new_session_message(
          ^^^^^^^^^^^^^^^^^^^^^^^^^^^^^^^^^
  File "/usr/local/lib/python3.12/site-packages/streamlit/runtime/app_session.py", line 750, in _create_new_session_message
    _populate_user_info_msg(imsg.user_info)
  File "/usr/local/lib/python3.12/site-packages/streamlit/runtime/app_session.py", line 1154, in _populate_user_info_msg
    inst = Installation.instance()
           ^^^^^^^^^^^^^^^^^^^^^^^
  File "/usr/local/lib/python3.12/site-packages/streamlit/runtime/metrics_util.py", line 228, in instance
    cls._instance = Installation()
                    ^^^^^^^^^^^^^^
  File "/usr/local/lib/python3.12/site-packages/streamlit/runtime/metrics_util.py", line 233, in __init__
    uuid.uuid5(uuid.NAMESPACE_DNS, _get_machine_id_v3())
                                   ^^^^^^^^^^^^^^^^^^^^
  File "/usr/local/lib/python3.12/site-packages/streamlit/runtime/metrics_util.py", line 173, in _get_machine_id_v3
    machine_id = f.read()
                 ^^^^^^^^
  File "<frozen codecs>", line 322, in decode
UnicodeDecodeError: 'utf-8' codec can't decode bytes in position 25-26: invalid continuation byte
Exception in callback AppSession._on_scriptrunner_event.<locals>.<lambda>() at /usr/local/lib/python3.12/site-packages/streamlit/runtime/app_session.py:519
handle: <Handle AppSession._on_scriptrunner_event.<locals>.<lambda>() at /usr/local/lib/python3.12/site-packages/streamlit/runtime/app_session.py:519>
Traceback (most recent call last):
  File "/usr/local/lib/python3.12/asyncio/events.py", line 88, in _run
    self._context.run(self._callback, *self._args)
  File "/usr/local/lib/python3.12/site-packages/streamlit/runtime/app_session.py", line 519, in <lambda>
    lambda: self._handle_scriptrunner_event_on_event_loop(
            ^^^^^^^^^^^^^^^^^^^^^^^^^^^^^^^^^^^^^^^^^^^^^^
  File "/usr/local/lib/python3.12/site-packages/streamlit/runtime/app_session.py", line 616, in _handle_scriptrunner_event_on_event_loop
    msg = self._create_new_session_message(
          ^^^^^^^^^^^^^^^^^^^^^^^^^^^^^^^^^
  File "/usr/local/lib/python3.12/site-packages/streamlit/runtime/app_session.py", line 750, in _create_new_session_message
    _populate_user_info_msg(imsg.user_info)
  File "/usr/local/lib/python3.12/site-packages/streamlit/runtime/app_session.py", line 1154, in _populate_user_info_msg
    inst = Installation.instance()
           ^^^^^^^^^^^^^^^^^^^^^^^
  File "/usr/local/lib/python3.12/site-packages/streamlit/runtime/metrics_util.py", line 228, in instance
    cls._instance = Installation()
                    ^^^^^^^^^^^^^^
  File "/usr/local/lib/python3.12/site-packages/streamlit/runtime/metrics_util.py", line 233, in __init__
    uuid.uuid5(uuid.NAMESPACE_DNS, _get_machine_id_v3())
                                   ^^^^^^^^^^^^^^^^^^^^
  File "/usr/local/lib/python3.12/site-packages/streamlit/runtime/metrics_util.py", line 173, in _get_machine_id_v3
    machine_id = f.read()
                 ^^^^^^^^
  File "<frozen codecs>", line 322, in decode
UnicodeDecodeError: 'utf-8' codec can't decode bytes in position 25-26: invalid continuation byte
Exception in callback AppSession._on_scriptrunner_event.<locals>.<lambda>() at /usr/local/lib/python3.12/site-packages/streamlit/runtime/app_session.py:519
handle: <Handle AppSession._on_scriptrunner_event.<locals>.<lambda>() at /usr/local/lib/python3.12/site-packages/streamlit/runtime/app_session.py:519>
Traceback (most recent call last):
  File "/usr/local/lib/python3.12/asyncio/events.py", line 88, in _run
    self._context.run(self._callback, *self._args)
  File "/usr/local/lib/python3.12/site-packages/streamlit/runtime/app_session.py", line 519, in <lambda>
    lambda: self._handle_scriptrunner_event_on_event_loop(
            ^^^^^^^^^^^^^^^^^^^^^^^^^^^^^^^^^^^^^^^^^^^^^^
  File "/usr/local/lib/python3.12/site-packages/streamlit/runtime/app_session.py", line 616, in _handle_scriptrunner_event_on_event_loop
    msg = self._create_new_session_message(
          ^^^^^^^^^^^^^^^^^^^^^^^^^^^^^^^^^
  File "/usr/local/lib/python3.12/site-packages/streamlit/runtime/app_session.py", line 750, in _create_new_session_message
    _populate_user_info_msg(imsg.user_info)
  File "/usr/local/lib/python3.12/site-packages/streamlit/runtime/app_session.py", line 1154, in _populate_user_info_msg
    inst = Installation.instance()
           ^^^^^^^^^^^^^^^^^^^^^^^
  File "/usr/local/lib/python3.12/site-packages/streamlit/runtime/metrics_util.py", line 228, in instance
    cls._instance = Installation()
                    ^^^^^^^^^^^^^^
  File "/usr/local/lib/python3.12/site-packages/streamlit/runtime/metrics_util.py", line 233, in __init__
    uuid.uuid5(uuid.NAMESPACE_DNS, _get_machine_id_v3())
                                   ^^^^^^^^^^^^^^^^^^^^
  File "/usr/local/lib/python3.12/site-packages/streamlit/runtime/metrics_util.py", line 173, in _get_machine_id_v3
    machine_id = f.read()
                 ^^^^^^^^
  File "<frozen codecs>", line 322, in decode
UnicodeDecodeError: 'utf-8' codec can't decode bytes in position 25-26: invalid continuation byte
Exception in callback AppSession._on_scriptrunner_event.<locals>.<lambda>() at /usr/local/lib/python3.12/site-packages/streamlit/runtime/app_session.py:519
handle: <Handle AppSession._on_scriptrunner_event.<locals>.<lambda>() at /usr/local/lib/python3.12/site-packages/streamlit/runtime/app_session.py:519>
Traceback (most recent call last):
  File "/usr/local/lib/python3.12/asyncio/events.py", line 88, in _run
    self._context.run(self._callback, *self._args)
  File "/usr/local/lib/python3.12/site-packages/streamlit/runtime/app_session.py", line 519, in <lambda>
    lambda: self._handle_scriptrunner_event_on_event_loop(
            ^^^^^^^^^^^^^^^^^^^^^^^^^^^^^^^^^^^^^^^^^^^^^^
  File "/usr/local/lib/python3.12/site-packages/streamlit/runtime/app_session.py", line 616, in _handle_scriptrunner_event_on_event_loop
    msg = self._create_new_session_message(
          ^^^^^^^^^^^^^^^^^^^^^^^^^^^^^^^^^
  File "/usr/local/lib/python3.12/site-packages/streamlit/runtime/app_session.py", line 750, in _create_new_session_message
    _populate_user_info_msg(imsg.user_info)
  File "/usr/local/lib/python3.12/site-packages/streamlit/runtime/app_session.py", line 1154, in _populate_user_info_msg
    inst = Installation.instance()
           ^^^^^^^^^^^^^^^^^^^^^^^
  File "/usr/local/lib/python3.12/site-packages/streamlit/runtime/metrics_util.py", line 228, in instance
    cls._instance = Installation()
                    ^^^^^^^^^^^^^^
  File "/usr/local/lib/python3.12/site-packages/streamlit/runtime/metrics_util.py", line 233, in __init__
    uuid.uuid5(uuid.NAMESPACE_DNS, _get_machine_id_v3())
                                   ^^^^^^^^^^^^^^^^^^^^
  File "/usr/local/lib/python3.12/site-packages/streamlit/runtime/metrics_util.py", line 173, in _get_machine_id_v3
    machine_id = f.read()
                 ^^^^^^^^
  File "<frozen codecs>", line 322, in decode
UnicodeDecodeError: 'utf-8' codec can't decode bytes in position 25-26: invalid continuation byte
Exception in callback AppSession._on_scriptrunner_event.<locals>.<lambda>() at /usr/local/lib/python3.12/site-packages/streamlit/runtime/app_session.py:519
handle: <Handle AppSession._on_scriptrunner_event.<locals>.<lambda>() at /usr/local/lib/python3.12/site-packages/streamlit/runtime/app_session.py:519>
Traceback (most recent call last):
  File "/usr/local/lib/python3.12/asyncio/events.py", line 88, in _run
    self._context.run(self._callback, *self._args)
  File "/usr/local/lib/python3.12/site-packages/streamlit/runtime/app_session.py", line 519, in <lambda>
    lambda: self._handle_scriptrunner_event_on_event_loop(
            ^^^^^^^^^^^^^^^^^^^^^^^^^^^^^^^^^^^^^^^^^^^^^^
  File "/usr/local/lib/python3.12/site-packages/streamlit/runtime/app_session.py", line 616, in _handle_scriptrunner_event_on_event_loop
    msg = self._create_new_session_message(
          ^^^^^^^^^^^^^^^^^^^^^^^^^^^^^^^^^
  File "/usr/local/lib/python3.12/site-packages/streamlit/runtime/app_session.py", line 750, in _create_new_session_message
    _populate_user_info_msg(imsg.user_info)
  File "/usr/local/lib/python3.12/site-packages/streamlit/runtime/app_session.py", line 1154, in _populate_user_info_msg
    inst = Installation.instance()
           ^^^^^^^^^^^^^^^^^^^^^^^
  File "/usr/local/lib/python3.12/site-packages/streamlit/runtime/metrics_util.py", line 228, in instance
    cls._instance = Installation()
                    ^^^^^^^^^^^^^^
  File "/usr/local/lib/python3.12/site-packages/streamlit/runtime/metrics_util.py", line 233, in __init__
    uuid.uuid5(uuid.NAMESPACE_DNS, _get_machine_id_v3())
                                   ^^^^^^^^^^^^^^^^^^^^
  File "/usr/local/lib/python3.12/site-packages/streamlit/runtime/metrics_util.py", line 173, in _get_machine_id_v3
    machine_id = f.read()
                 ^^^^^^^^
  File "<frozen codecs>", line 322, in decode
UnicodeDecodeError: 'utf-8' codec can't decode bytes in position 25-26: invalid continuation byte
Exception in callback AppSession._on_scriptrunner_event.<locals>.<lambda>() at /usr/local/lib/python3.12/site-packages/streamlit/runtime/app_session.py:519
handle: <Handle AppSession._on_scriptrunner_event.<locals>.<lambda>() at /usr/local/lib/python3.12/site-packages/streamlit/runtime/app_session.py:519>
Traceback (most recent call last):
  File "/usr/local/lib/python3.12/asyncio/events.py", line 88, in _run
    self._context.run(self._callback, *self._args)
  File "/usr/local/lib/python3.12/site-packages/streamlit/runtime/app_session.py", line 519, in <lambda>
    lambda: self._handle_scriptrunner_event_on_event_loop(
            ^^^^^^^^^^^^^^^^^^^^^^^^^^^^^^^^^^^^^^^^^^^^^^
  File "/usr/local/lib/python3.12/site-packages/streamlit/runtime/app_session.py", line 616, in _handle_scriptrunner_event_on_event_loop
    msg = self._create_new_session_message(
          ^^^^^^^^^^^^^^^^^^^^^^^^^^^^^^^^^
  File "/usr/local/lib/python3.12/site-packages/streamlit/runtime/app_session.py", line 750, in _create_new_session_message
    _populate_user_info_msg(imsg.user_info)
  File "/usr/local/lib/python3.12/site-packages/streamlit/runtime/app_session.py", line 1154, in _populate_user_info_msg
    inst = Installation.instance()
           ^^^^^^^^^^^^^^^^^^^^^^^
  File "/usr/local/lib/python3.12/site-packages/streamlit/runtime/metrics_util.py", line 228, in instance
    cls._instance = Installation()
                    ^^^^^^^^^^^^^^
  File "/usr/local/lib/python3.12/site-packages/streamlit/runtime/metrics_util.py", line 233, in __init__
    uuid.uuid5(uuid.NAMESPACE_DNS, _get_machine_id_v3())
                                   ^^^^^^^^^^^^^^^^^^^^
  File "/usr/local/lib/python3.12/site-packages/streamlit/runtime/metrics_util.py", line 173, in _get_machine_id_v3
    machine_id = f.read()
                 ^^^^^^^^
  File "<frozen codecs>", line 322, in decode
UnicodeDecodeError: 'utf-8' codec can't decode bytes in position 25-26: invalid continuation byte
Exception in callback AppSession._on_scriptrunner_event.<locals>.<lambda>() at /usr/local/lib/python3.12/site-packages/streamlit/runtime/app_session.py:519
handle: <Handle AppSession._on_scriptrunner_event.<locals>.<lambda>() at /usr/local/lib/python3.12/site-packages/streamlit/runtime/app_session.py:519>
Traceback (most recent call last):
  File "/usr/local/lib/python3.12/asyncio/events.py", line 88, in _run
    self._context.run(self._callback, *self._args)
  File "/usr/local/lib/python3.12/site-packages/streamlit/runtime/app_session.py", line 519, in <lambda>
    lambda: self._handle_scriptrunner_event_on_event_loop(
            ^^^^^^^^^^^^^^^^^^^^^^^^^^^^^^^^^^^^^^^^^^^^^^
  File "/usr/local/lib/python3.12/site-packages/streamlit/runtime/app_session.py", line 616, in _handle_scriptrunner_event_on_event_loop
    msg = self._create_new_session_message(
          ^^^^^^^^^^^^^^^^^^^^^^^^^^^^^^^^^
  File "/usr/local/lib/python3.12/site-packages/streamlit/runtime/app_session.py", line 750, in _create_new_session_message
    _populate_user_info_msg(imsg.user_info)
  File "/usr/local/lib/python3.12/site-packages/streamlit/runtime/app_session.py", line 1154, in _populate_user_info_msg
    inst = Installation.instance()
           ^^^^^^^^^^^^^^^^^^^^^^^
  File "/usr/local/lib/python3.12/site-packages/streamlit/runtime/metrics_util.py", line 228, in instance
    cls._instance = Installation()
                    ^^^^^^^^^^^^^^
  File "/usr/local/lib/python3.12/site-packages/streamlit/runtime/metrics_util.py", line 233, in __init__
    uuid.uuid5(uuid.NAMESPACE_DNS, _get_machine_id_v3())
                                   ^^^^^^^^^^^^^^^^^^^^
  File "/usr/local/lib/python3.12/site-packages/streamlit/runtime/metrics_util.py", line 173, in _get_machine_id_v3
    machine_id = f.read()
                 ^^^^^^^^
  File "<frozen codecs>", line 322, in decode
UnicodeDecodeError: 'utf-8' codec can't decode bytes in position 25-26: invalid continuation byte
Exception in callback AppSession._on_scriptrunner_event.<locals>.<lambda>() at /usr/local/lib/python3.12/site-packages/streamlit/runtime/app_session.py:519
handle: <Handle AppSession._on_scriptrunner_event.<locals>.<lambda>() at /usr/local/lib/python3.12/site-packages/streamlit/runtime/app_session.py:519>
Traceback (most recent call last):
  File "/usr/local/lib/python3.12/asyncio/events.py", line 88, in _run
    self._context.run(self._callback, *self._args)
  File "/usr/local/lib/python3.12/site-packages/streamlit/runtime/app_session.py", line 519, in <lambda>
    lambda: self._handle_scriptrunner_event_on_event_loop(
            ^^^^^^^^^^^^^^^^^^^^^^^^^^^^^^^^^^^^^^^^^^^^^^
  File "/usr/local/lib/python3.12/site-packages/streamlit/runtime/app_session.py", line 616, in _handle_scriptrunner_event_on_event_loop
    msg = self._create_new_session_message(
          ^^^^^^^^^^^^^^^^^^^^^^^^^^^^^^^^^
  File "/usr/local/lib/python3.12/site-packages/streamlit/runtime/app_session.py", line 750, in _create_new_session_message
    _populate_user_info_msg(imsg.user_info)
  File "/usr/local/lib/python3.12/site-packages/streamlit/runtime/app_session.py", line 1154, in _populate_user_info_msg
    inst = Installation.instance()
           ^^^^^^^^^^^^^^^^^^^^^^^
  File "/usr/local/lib/python3.12/site-packages/streamlit/runtime/metrics_util.py", line 228, in instance
    cls._instance = Installation()
                    ^^^^^^^^^^^^^^
  File "/usr/local/lib/python3.12/site-packages/streamlit/runtime/metrics_util.py", line 233, in __init__
    uuid.uuid5(uuid.NAMESPACE_DNS, _get_machine_id_v3())
                                   ^^^^^^^^^^^^^^^^^^^^
  File "/usr/local/lib/python3.12/site-packages/streamlit/runtime/metrics_util.py", line 173, in _get_machine_id_v3
    machine_id = f.read()
                 ^^^^^^^^
  File "<frozen codecs>", line 322, in decode
UnicodeDecodeError: 'utf-8' codec can't decode bytes in position 25-26: invalid continuation byte
Exception in callback AppSession._on_scriptrunner_event.<locals>.<lambda>() at /usr/local/lib/python3.12/site-packages/streamlit/runtime/app_session.py:519
handle: <Handle AppSession._on_scriptrunner_event.<locals>.<lambda>() at /usr/local/lib/python3.12/site-packages/streamlit/runtime/app_session.py:519>
Traceback (most recent call last):
  File "/usr/local/lib/python3.12/asyncio/events.py", line 88, in _run
    self._context.run(self._callback, *self._args)
  File "/usr/local/lib/python3.12/site-packages/streamlit/runtime/app_session.py", line 519, in <lambda>
    lambda: self._handle_scriptrunner_event_on_event_loop(
            ^^^^^^^^^^^^^^^^^^^^^^^^^^^^^^^^^^^^^^^^^^^^^^
  File "/usr/local/lib/python3.12/site-packages/streamlit/runtime/app_session.py", line 616, in _handle_scriptrunner_event_on_event_loop
    msg = self._create_new_session_message(
          ^^^^^^^^^^^^^^^^^^^^^^^^^^^^^^^^^
  File "/usr/local/lib/python3.12/site-packages/streamlit/runtime/app_session.py", line 750, in _create_new_session_message
    _populate_user_info_msg(imsg.user_info)
  File "/usr/local/lib/python3.12/site-packages/streamlit/runtime/app_session.py", line 1154, in _populate_user_info_msg
    inst = Installation.instance()
           ^^^^^^^^^^^^^^^^^^^^^^^
  File "/usr/local/lib/python3.12/site-packages/streamlit/runtime/metrics_util.py", line 228, in instance
    cls._instance = Installation()
                    ^^^^^^^^^^^^^^
  File "/usr/local/lib/python3.12/site-packages/streamlit/runtime/metrics_util.py", line 233, in __init__
    uuid.uuid5(uuid.NAMESPACE_DNS, _get_machine_id_v3())
                                   ^^^^^^^^^^^^^^^^^^^^
  File "/usr/local/lib/python3.12/site-packages/streamlit/runtime/metrics_util.py", line 173, in _get_machine_id_v3
    machine_id = f.read()
                 ^^^^^^^^
  File "<frozen codecs>", line 322, in decode
UnicodeDecodeError: 'utf-8' codec can't decode bytes in position 25-26: invalid continuation byte
Exception in callback AppSession._on_scriptrunner_event.<locals>.<lambda>() at /usr/local/lib/python3.12/site-packages/streamlit/runtime/app_session.py:519
handle: <Handle AppSession._on_scriptrunner_event.<locals>.<lambda>() at /usr/local/lib/python3.12/site-packages/streamlit/runtime/app_session.py:519>
Traceback (most recent call last):
  File "/usr/local/lib/python3.12/asyncio/events.py", line 88, in _run
    self._context.run(self._callback, *self._args)
  File "/usr/local/lib/python3.12/site-packages/streamlit/runtime/app_session.py", line 519, in <lambda>
    lambda: self._handle_scriptrunner_event_on_event_loop(
            ^^^^^^^^^^^^^^^^^^^^^^^^^^^^^^^^^^^^^^^^^^^^^^
  File "/usr/local/lib/python3.12/site-packages/streamlit/runtime/app_session.py", line 616, in _handle_scriptrunner_event_on_event_loop
    msg = self._create_new_session_message(
          ^^^^^^^^^^^^^^^^^^^^^^^^^^^^^^^^^
  File "/usr/local/lib/python3.12/site-packages/streamlit/runtime/app_session.py", line 750, in _create_new_session_message
    _populate_user_info_msg(imsg.user_info)
  File "/usr/local/lib/python3.12/site-packages/streamlit/runtime/app_session.py", line 1154, in _populate_user_info_msg
    inst = Installation.instance()
           ^^^^^^^^^^^^^^^^^^^^^^^
  File "/usr/local/lib/python3.12/site-packages/streamlit/runtime/metrics_util.py", line 228, in instance
    cls._instance = Installation()
                    ^^^^^^^^^^^^^^
  File "/usr/local/lib/python3.12/site-packages/streamlit/runtime/metrics_util.py", line 233, in __init__
    uuid.uuid5(uuid.NAMESPACE_DNS, _get_machine_id_v3())
                                   ^^^^^^^^^^^^^^^^^^^^
  File "/usr/local/lib/python3.12/site-packages/streamlit/runtime/metrics_util.py", line 173, in _get_machine_id_v3
    machine_id = f.read()
                 ^^^^^^^^
  File "<frozen codecs>", line 322, in decode
UnicodeDecodeError: 'utf-8' codec can't decode bytes in position 25-26: invalid continuation byte
Exception in callback AppSession._on_scriptrunner_event.<locals>.<lambda>() at /usr/local/lib/python3.12/site-packages/streamlit/runtime/app_session.py:519
handle: <Handle AppSession._on_scriptrunner_event.<locals>.<lambda>() at /usr/local/lib/python3.12/site-packages/streamlit/runtime/app_session.py:519>
Traceback (most recent call last):
  File "/usr/local/lib/python3.12/asyncio/events.py", line 88, in _run
    self._context.run(self._callback, *self._args)
  File "/usr/local/lib/python3.12/site-packages/streamlit/runtime/app_session.py", line 519, in <lambda>
    lambda: self._handle_scriptrunner_event_on_event_loop(
            ^^^^^^^^^^^^^^^^^^^^^^^^^^^^^^^^^^^^^^^^^^^^^^
  File "/usr/local/lib/python3.12/site-packages/streamlit/runtime/app_session.py", line 616, in _handle_scriptrunner_event_on_event_loop
    msg = self._create_new_session_message(
          ^^^^^^^^^^^^^^^^^^^^^^^^^^^^^^^^^
  File "/usr/local/lib/python3.12/site-packages/streamlit/runtime/app_session.py", line 750, in _create_new_session_message
    _populate_user_info_msg(imsg.user_info)
  File "/usr/local/lib/python3.12/site-packages/streamlit/runtime/app_session.py", line 1154, in _populate_user_info_msg
    inst = Installation.instance()
           ^^^^^^^^^^^^^^^^^^^^^^^
  File "/usr/local/lib/python3.12/site-packages/streamlit/runtime/metrics_util.py", line 228, in instance
    cls._instance = Installation()
                    ^^^^^^^^^^^^^^
  File "/usr/local/lib/python3.12/site-packages/streamlit/runtime/metrics_util.py", line 233, in __init__
    uuid.uuid5(uuid.NAMESPACE_DNS, _get_machine_id_v3())
                                   ^^^^^^^^^^^^^^^^^^^^
  File "/usr/local/lib/python3.12/site-packages/streamlit/runtime/metrics_util.py", line 173, in _get_machine_id_v3
    machine_id = f.read()
                 ^^^^^^^^
  File "<frozen codecs>", line 322, in decode
UnicodeDecodeError: 'utf-8' codec can't decode bytes in position 25-26: invalid continuation byte
Exception in callback AppSession._on_scriptrunner_event.<locals>.<lambda>() at /usr/local/lib/python3.12/site-packages/streamlit/runtime/app_session.py:519
handle: <Handle AppSession._on_scriptrunner_event.<locals>.<lambda>() at /usr/local/lib/python3.12/site-packages/streamlit/runtime/app_session.py:519>
Traceback (most recent call last):
  File "/usr/local/lib/python3.12/asyncio/events.py", line 88, in _run
    self._context.run(self._callback, *self._args)
  File "/usr/local/lib/python3.12/site-packages/streamlit/runtime/app_session.py", line 519, in <lambda>
    lambda: self._handle_scriptrunner_event_on_event_loop(
            ^^^^^^^^^^^^^^^^^^^^^^^^^^^^^^^^^^^^^^^^^^^^^^
  File "/usr/local/lib/python3.12/site-packages/streamlit/runtime/app_session.py", line 616, in _handle_scriptrunner_event_on_event_loop
    msg = self._create_new_session_message(
          ^^^^^^^^^^^^^^^^^^^^^^^^^^^^^^^^^
  File "/usr/local/lib/python3.12/site-packages/streamlit/runtime/app_session.py", line 750, in _create_new_session_message
    _populate_user_info_msg(imsg.user_info)
  File "/usr/local/lib/python3.12/site-packages/streamlit/runtime/app_session.py", line 1154, in _populate_user_info_msg
    inst = Installation.instance()
           ^^^^^^^^^^^^^^^^^^^^^^^
  File "/usr/local/lib/python3.12/site-packages/streamlit/runtime/metrics_util.py", line 228, in instance
    cls._instance = Installation()
                    ^^^^^^^^^^^^^^
  File "/usr/local/lib/python3.12/site-packages/streamlit/runtime/metrics_util.py", line 233, in __init__
    uuid.uuid5(uuid.NAMESPACE_DNS, _get_machine_id_v3())
                                   ^^^^^^^^^^^^^^^^^^^^
  File "/usr/local/lib/python3.12/site-packages/streamlit/runtime/metrics_util.py", line 173, in _get_machine_id_v3
    machine_id = f.read()
                 ^^^^^^^^
  File "<frozen codecs>", line 322, in decode
UnicodeDecodeError: 'utf-8' codec can't decode bytes in position 25-26: invalid continuation byte
Exception in callback AppSession._on_scriptrunner_event.<locals>.<lambda>() at /usr/local/lib/python3.12/site-packages/streamlit/runtime/app_session.py:519
handle: <Handle AppSession._on_scriptrunner_event.<locals>.<lambda>() at /usr/local/lib/python3.12/site-packages/streamlit/runtime/app_session.py:519>
Traceback (most recent call last):
  File "/usr/local/lib/python3.12/asyncio/events.py", line 88, in _run
    self._context.run(self._callback, *self._args)
  File "/usr/local/lib/python3.12/site-packages/streamlit/runtime/app_session.py", line 519, in <lambda>
    lambda: self._handle_scriptrunner_event_on_event_loop(
            ^^^^^^^^^^^^^^^^^^^^^^^^^^^^^^^^^^^^^^^^^^^^^^
  File "/usr/local/lib/python3.12/site-packages/streamlit/runtime/app_session.py", line 616, in _handle_scriptrunner_event_on_event_loop
    msg = self._create_new_session_message(
          ^^^^^^^^^^^^^^^^^^^^^^^^^^^^^^^^^
  File "/usr/local/lib/python3.12/site-packages/streamlit/runtime/app_session.py", line 750, in _create_new_session_message
    _populate_user_info_msg(imsg.user_info)
  File "/usr/local/lib/python3.12/site-packages/streamlit/runtime/app_session.py", line 1154, in _populate_user_info_msg
    inst = Installation.instance()
           ^^^^^^^^^^^^^^^^^^^^^^^
  File "/usr/local/lib/python3.12/site-packages/streamlit/runtime/metrics_util.py", line 228, in instance
    cls._instance = Installation()
                    ^^^^^^^^^^^^^^
  File "/usr/local/lib/python3.12/site-packages/streamlit/runtime/metrics_util.py", line 233, in __init__
    uuid.uuid5(uuid.NAMESPACE_DNS, _get_machine_id_v3())
                                   ^^^^^^^^^^^^^^^^^^^^
  File "/usr/local/lib/python3.12/site-packages/streamlit/runtime/metrics_util.py", line 173, in _get_machine_id_v3
    machine_id = f.read()
                 ^^^^^^^^
  File "<frozen codecs>", line 322, in decode
UnicodeDecodeError: 'utf-8' codec can't decode bytes in position 25-26: invalid continuation byte
Exception in callback AppSession._on_scriptrunner_event.<locals>.<lambda>() at /usr/local/lib/python3.12/site-packages/streamlit/runtime/app_session.py:519
handle: <Handle AppSession._on_scriptrunner_event.<locals>.<lambda>() at /usr/local/lib/python3.12/site-packages/streamlit/runtime/app_session.py:519>
Traceback (most recent call last):
  File "/usr/local/lib/python3.12/asyncio/events.py", line 88, in _run
    self._context.run(self._callback, *self._args)
  File "/usr/local/lib/python3.12/site-packages/streamlit/runtime/app_session.py", line 519, in <lambda>
    lambda: self._handle_scriptrunner_event_on_event_loop(
            ^^^^^^^^^^^^^^^^^^^^^^^^^^^^^^^^^^^^^^^^^^^^^^
  File "/usr/local/lib/python3.12/site-packages/streamlit/runtime/app_session.py", line 616, in _handle_scriptrunner_event_on_event_loop
    msg = self._create_new_session_message(
          ^^^^^^^^^^^^^^^^^^^^^^^^^^^^^^^^^
  File "/usr/local/lib/python3.12/site-packages/streamlit/runtime/app_session.py", line 750, in _create_new_session_message
    _populate_user_info_msg(imsg.user_info)
  File "/usr/local/lib/python3.12/site-packages/streamlit/runtime/app_session.py", line 1154, in _populate_user_info_msg
    inst = Installation.instance()
           ^^^^^^^^^^^^^^^^^^^^^^^
  File "/usr/local/lib/python3.12/site-packages/streamlit/runtime/metrics_util.py", line 228, in instance
    cls._instance = Installation()
                    ^^^^^^^^^^^^^^
  File "/usr/local/lib/python3.12/site-packages/streamlit/runtime/metrics_util.py", line 233, in __init__
    uuid.uuid5(uuid.NAMESPACE_DNS, _get_machine_id_v3())
                                   ^^^^^^^^^^^^^^^^^^^^
  File "/usr/local/lib/python3.12/site-packages/streamlit/runtime/metrics_util.py", line 173, in _get_machine_id_v3
    machine_id = f.read()
                 ^^^^^^^^
  File "<frozen codecs>", line 322, in decode
UnicodeDecodeError: 'utf-8' codec can't decode bytes in position 25-26: invalid continuation byte
Exception in callback AppSession._on_scriptrunner_event.<locals>.<lambda>() at /usr/local/lib/python3.12/site-packages/streamlit/runtime/app_session.py:519
handle: <Handle AppSession._on_scriptrunner_event.<locals>.<lambda>() at /usr/local/lib/python3.12/site-packages/streamlit/runtime/app_session.py:519>
Traceback (most recent call last):
  File "/usr/local/lib/python3.12/asyncio/events.py", line 88, in _run
    self._context.run(self._callback, *self._args)
  File "/usr/local/lib/python3.12/site-packages/streamlit/runtime/app_session.py", line 519, in <lambda>
    lambda: self._handle_scriptrunner_event_on_event_loop(
            ^^^^^^^^^^^^^^^^^^^^^^^^^^^^^^^^^^^^^^^^^^^^^^
  File "/usr/local/lib/python3.12/site-packages/streamlit/runtime/app_session.py", line 616, in _handle_scriptrunner_event_on_event_loop
    msg = self._create_new_session_message(
          ^^^^^^^^^^^^^^^^^^^^^^^^^^^^^^^^^
  File "/usr/local/lib/python3.12/site-packages/streamlit/runtime/app_session.py", line 750, in _create_new_session_message
    _populate_user_info_msg(imsg.user_info)
  File "/usr/local/lib/python3.12/site-packages/streamlit/runtime/app_session.py", line 1154, in _populate_user_info_msg
    inst = Installation.instance()
           ^^^^^^^^^^^^^^^^^^^^^^^
  File "/usr/local/lib/python3.12/site-packages/streamlit/runtime/metrics_util.py", line 228, in instance
    cls._instance = Installation()
                    ^^^^^^^^^^^^^^
  File "/usr/local/lib/python3.12/site-packages/streamlit/runtime/metrics_util.py", line 233, in __init__
    uuid.uuid5(uuid.NAMESPACE_DNS, _get_machine_id_v3())
                                   ^^^^^^^^^^^^^^^^^^^^
  File "/usr/local/lib/python3.12/site-packages/streamlit/runtime/metrics_util.py", line 173, in _get_machine_id_v3
    machine_id = f.read()
                 ^^^^^^^^
  File "<frozen codecs>", line 322, in decode
UnicodeDecodeError: 'utf-8' codec can't decode bytes in position 25-26: invalid continuation byte
Exception in callback AppSession._on_scriptrunner_event.<locals>.<lambda>() at /usr/local/lib/python3.12/site-packages/streamlit/runtime/app_session.py:519
handle: <Handle AppSession._on_scriptrunner_event.<locals>.<lambda>() at /usr/local/lib/python3.12/site-packages/streamlit/runtime/app_session.py:519>
Traceback (most recent call last):
  File "/usr/local/lib/python3.12/asyncio/events.py", line 88, in _run
    self._context.run(self._callback, *self._args)
  File "/usr/local/lib/python3.12/site-packages/streamlit/runtime/app_session.py", line 519, in <lambda>
    lambda: self._handle_scriptrunner_event_on_event_loop(
            ^^^^^^^^^^^^^^^^^^^^^^^^^^^^^^^^^^^^^^^^^^^^^^
  File "/usr/local/lib/python3.12/site-packages/streamlit/runtime/app_session.py", line 616, in _handle_scriptrunner_event_on_event_loop
    msg = self._create_new_session_message(
          ^^^^^^^^^^^^^^^^^^^^^^^^^^^^^^^^^
  File "/usr/local/lib/python3.12/site-packages/streamlit/runtime/app_session.py", line 750, in _create_new_session_message
    _populate_user_info_msg(imsg.user_info)
  File "/usr/local/lib/python3.12/site-packages/streamlit/runtime/app_session.py", line 1154, in _populate_user_info_msg
    inst = Installation.instance()
           ^^^^^^^^^^^^^^^^^^^^^^^
  File "/usr/local/lib/python3.12/site-packages/streamlit/runtime/metrics_util.py", line 228, in instance
    cls._instance = Installation()
                    ^^^^^^^^^^^^^^
  File "/usr/local/lib/python3.12/site-packages/streamlit/runtime/metrics_util.py", line 233, in __init__
    uuid.uuid5(uuid.NAMESPACE_DNS, _get_machine_id_v3())
                                   ^^^^^^^^^^^^^^^^^^^^
  File "/usr/local/lib/python3.12/site-packages/streamlit/runtime/metrics_util.py", line 173, in _get_machine_id_v3
    machine_id = f.read()
                 ^^^^^^^^
  File "<frozen codecs>", line 322, in decode
UnicodeDecodeError: 'utf-8' codec can't decode bytes in position 25-26: invalid continuation byte
Exception in callback AppSession._on_scriptrunner_event.<locals>.<lambda>() at /usr/local/lib/python3.12/site-packages/streamlit/runtime/app_session.py:519
handle: <Handle AppSession._on_scriptrunner_event.<locals>.<lambda>() at /usr/local/lib/python3.12/site-packages/streamlit/runtime/app_session.py:519>
Traceback (most recent call last):
  File "/usr/local/lib/python3.12/asyncio/events.py", line 88, in _run
    self._context.run(self._callback, *self._args)
  File "/usr/local/lib/python3.12/site-packages/streamlit/runtime/app_session.py", line 519, in <lambda>
    lambda: self._handle_scriptrunner_event_on_event_loop(
            ^^^^^^^^^^^^^^^^^^^^^^^^^^^^^^^^^^^^^^^^^^^^^^
  File "/usr/local/lib/python3.12/site-packages/streamlit/runtime/app_session.py", line 616, in _handle_scriptrunner_event_on_event_loop
    msg = self._create_new_session_message(
          ^^^^^^^^^^^^^^^^^^^^^^^^^^^^^^^^^
  File "/usr/local/lib/python3.12/site-packages/streamlit/runtime/app_session.py", line 750, in _create_new_session_message
    _populate_user_info_msg(imsg.user_info)
  File "/usr/local/lib/python3.12/site-packages/streamlit/runtime/app_session.py", line 1154, in _populate_user_info_msg
    inst = Installation.instance()
           ^^^^^^^^^^^^^^^^^^^^^^^
  File "/usr/local/lib/python3.12/site-packages/streamlit/runtime/metrics_util.py", line 228, in instance
    cls._instance = Installation()
                    ^^^^^^^^^^^^^^
  File "/usr/local/lib/python3.12/site-packages/streamlit/runtime/metrics_util.py", line 233, in __init__
    uuid.uuid5(uuid.NAMESPACE_DNS, _get_machine_id_v3())
                                   ^^^^^^^^^^^^^^^^^^^^
  File "/usr/local/lib/python3.12/site-packages/streamlit/runtime/metrics_util.py", line 173, in _get_machine_id_v3
    machine_id = f.read()
                 ^^^^^^^^
  File "<frozen codecs>", line 322, in decode
UnicodeDecodeError: 'utf-8' codec can't decode bytes in position 25-26: invalid continuation byte
Exception in callback AppSession._on_scriptrunner_event.<locals>.<lambda>() at /usr/local/lib/python3.12/site-packages/streamlit/runtime/app_session.py:519
handle: <Handle AppSession._on_scriptrunner_event.<locals>.<lambda>() at /usr/local/lib/python3.12/site-packages/streamlit/runtime/app_session.py:519>
Traceback (most recent call last):
  File "/usr/local/lib/python3.12/asyncio/events.py", line 88, in _run
    self._context.run(self._callback, *self._args)
  File "/usr/local/lib/python3.12/site-packages/streamlit/runtime/app_session.py", line 519, in <lambda>
    lambda: self._handle_scriptrunner_event_on_event_loop(
            ^^^^^^^^^^^^^^^^^^^^^^^^^^^^^^^^^^^^^^^^^^^^^^
  File "/usr/local/lib/python3.12/site-packages/streamlit/runtime/app_session.py", line 616, in _handle_scriptrunner_event_on_event_loop
    msg = self._create_new_session_message(
          ^^^^^^^^^^^^^^^^^^^^^^^^^^^^^^^^^
  File "/usr/local/lib/python3.12/site-packages/streamlit/runtime/app_session.py", line 750, in _create_new_session_message
    _populate_user_info_msg(imsg.user_info)
  File "/usr/local/lib/python3.12/site-packages/streamlit/runtime/app_session.py", line 1154, in _populate_user_info_msg
    inst = Installation.instance()
           ^^^^^^^^^^^^^^^^^^^^^^^
  File "/usr/local/lib/python3.12/site-packages/streamlit/runtime/metrics_util.py", line 228, in instance
    cls._instance = Installation()
                    ^^^^^^^^^^^^^^
  File "/usr/local/lib/python3.12/site-packages/streamlit/runtime/metrics_util.py", line 233, in __init__
    uuid.uuid5(uuid.NAMESPACE_DNS, _get_machine_id_v3())
                                   ^^^^^^^^^^^^^^^^^^^^
  File "/usr/local/lib/python3.12/site-packages/streamlit/runtime/metrics_util.py", line 173, in _get_machine_id_v3
    machine_id = f.read()
                 ^^^^^^^^
  File "<frozen codecs>", line 322, in decode
UnicodeDecodeError: 'utf-8' codec can't decode bytes in position 25-26: invalid continuation byte
Exception in callback AppSession._on_scriptrunner_event.<locals>.<lambda>() at /usr/local/lib/python3.12/site-packages/streamlit/runtime/app_session.py:519
handle: <Handle AppSession._on_scriptrunner_event.<locals>.<lambda>() at /usr/local/lib/python3.12/site-packages/streamlit/runtime/app_session.py:519>
Traceback (most recent call last):
  File "/usr/local/lib/python3.12/asyncio/events.py", line 88, in _run
    self._context.run(self._callback, *self._args)
  File "/usr/local/lib/python3.12/site-packages/streamlit/runtime/app_session.py", line 519, in <lambda>
    lambda: self._handle_scriptrunner_event_on_event_loop(
            ^^^^^^^^^^^^^^^^^^^^^^^^^^^^^^^^^^^^^^^^^^^^^^
  File "/usr/local/lib/python3.12/site-packages/streamlit/runtime/app_session.py", line 616, in _handle_scriptrunner_event_on_event_loop
    msg = self._create_new_session_message(
          ^^^^^^^^^^^^^^^^^^^^^^^^^^^^^^^^^
  File "/usr/local/lib/python3.12/site-packages/streamlit/runtime/app_session.py", line 750, in _create_new_session_message
    _populate_user_info_msg(imsg.user_info)
  File "/usr/local/lib/python3.12/site-packages/streamlit/runtime/app_session.py", line 1154, in _populate_user_info_msg
    inst = Installation.instance()
           ^^^^^^^^^^^^^^^^^^^^^^^
  File "/usr/local/lib/python3.12/site-packages/streamlit/runtime/metrics_util.py", line 228, in instance
    cls._instance = Installation()
                    ^^^^^^^^^^^^^^
  File "/usr/local/lib/python3.12/site-packages/streamlit/runtime/metrics_util.py", line 233, in __init__
    uuid.uuid5(uuid.NAMESPACE_DNS, _get_machine_id_v3())
                                   ^^^^^^^^^^^^^^^^^^^^
  File "/usr/local/lib/python3.12/site-packages/streamlit/runtime/metrics_util.py", line 173, in _get_machine_id_v3
    machine_id = f.read()
                 ^^^^^^^^
  File "<frozen codecs>", line 322, in decode
UnicodeDecodeError: 'utf-8' codec can't decode bytes in position 25-26: invalid continuation byte
Exception in callback AppSession._on_scriptrunner_event.<locals>.<lambda>() at /usr/local/lib/python3.12/site-packages/streamlit/runtime/app_session.py:519
handle: <Handle AppSession._on_scriptrunner_event.<locals>.<lambda>() at /usr/local/lib/python3.12/site-packages/streamlit/runtime/app_session.py:519>
Traceback (most recent call last):
  File "/usr/local/lib/python3.12/asyncio/events.py", line 88, in _run
    self._context.run(self._callback, *self._args)
  File "/usr/local/lib/python3.12/site-packages/streamlit/runtime/app_session.py", line 519, in <lambda>
    lambda: self._handle_scriptrunner_event_on_event_loop(
            ^^^^^^^^^^^^^^^^^^^^^^^^^^^^^^^^^^^^^^^^^^^^^^
  File "/usr/local/lib/python3.12/site-packages/streamlit/runtime/app_session.py", line 616, in _handle_scriptrunner_event_on_event_loop
    msg = self._create_new_session_message(
          ^^^^^^^^^^^^^^^^^^^^^^^^^^^^^^^^^
  File "/usr/local/lib/python3.12/site-packages/streamlit/runtime/app_session.py", line 750, in _create_new_session_message
    _populate_user_info_msg(imsg.user_info)
  File "/usr/local/lib/python3.12/site-packages/streamlit/runtime/app_session.py", line 1154, in _populate_user_info_msg
    inst = Installation.instance()
           ^^^^^^^^^^^^^^^^^^^^^^^
  File "/usr/local/lib/python3.12/site-packages/streamlit/runtime/metrics_util.py", line 228, in instance
    cls._instance = Installation()
                    ^^^^^^^^^^^^^^
  File "/usr/local/lib/python3.12/site-packages/streamlit/runtime/metrics_util.py", line 233, in __init__
    uuid.uuid5(uuid.NAMESPACE_DNS, _get_machine_id_v3())
                                   ^^^^^^^^^^^^^^^^^^^^
  File "/usr/local/lib/python3.12/site-packages/streamlit/runtime/metrics_util.py", line 173, in _get_machine_id_v3
    machine_id = f.read()
                 ^^^^^^^^
  File "<frozen codecs>", line 322, in decode
UnicodeDecodeError: 'utf-8' codec can't decode bytes in position 25-26: invalid continuation byte
Exception in callback AppSession._on_scriptrunner_event.<locals>.<lambda>() at /usr/local/lib/python3.12/site-packages/streamlit/runtime/app_session.py:519
handle: <Handle AppSession._on_scriptrunner_event.<locals>.<lambda>() at /usr/local/lib/python3.12/site-packages/streamlit/runtime/app_session.py:519>
Traceback (most recent call last):
  File "/usr/local/lib/python3.12/asyncio/events.py", line 88, in _run
    self._context.run(self._callback, *self._args)
  File "/usr/local/lib/python3.12/site-packages/streamlit/runtime/app_session.py", line 519, in <lambda>
    lambda: self._handle_scriptrunner_event_on_event_loop(
            ^^^^^^^^^^^^^^^^^^^^^^^^^^^^^^^^^^^^^^^^^^^^^^
  File "/usr/local/lib/python3.12/site-packages/streamlit/runtime/app_session.py", line 616, in _handle_scriptrunner_event_on_event_loop
    msg = self._create_new_session_message(
          ^^^^^^^^^^^^^^^^^^^^^^^^^^^^^^^^^
  File "/usr/local/lib/python3.12/site-packages/streamlit/runtime/app_session.py", line 750, in _create_new_session_message
    _populate_user_info_msg(imsg.user_info)
  File "/usr/local/lib/python3.12/site-packages/streamlit/runtime/app_session.py", line 1154, in _populate_user_info_msg
    inst = Installation.instance()
           ^^^^^^^^^^^^^^^^^^^^^^^
  File "/usr/local/lib/python3.12/site-packages/streamlit/runtime/metrics_util.py", line 228, in instance
    cls._instance = Installation()
                    ^^^^^^^^^^^^^^
  File "/usr/local/lib/python3.12/site-packages/streamlit/runtime/metrics_util.py", line 233, in __init__
    uuid.uuid5(uuid.NAMESPACE_DNS, _get_machine_id_v3())
                                   ^^^^^^^^^^^^^^^^^^^^
  File "/usr/local/lib/python3.12/site-packages/streamlit/runtime/metrics_util.py", line 173, in _get_machine_id_v3
    machine_id = f.read()
                 ^^^^^^^^
  File "<frozen codecs>", line 322, in decode
UnicodeDecodeError: 'utf-8' codec can't decode bytes in position 25-26: invalid continuation byte
Exception in callback AppSession._on_scriptrunner_event.<locals>.<lambda>() at /usr/local/lib/python3.12/site-packages/streamlit/runtime/app_session.py:519
handle: <Handle AppSession._on_scriptrunner_event.<locals>.<lambda>() at /usr/local/lib/python3.12/site-packages/streamlit/runtime/app_session.py:519>
Traceback (most recent call last):
  File "/usr/local/lib/python3.12/asyncio/events.py", line 88, in _run
    self._context.run(self._callback, *self._args)
  File "/usr/local/lib/python3.12/site-packages/streamlit/runtime/app_session.py", line 519, in <lambda>
    lambda: self._handle_scriptrunner_event_on_event_loop(
            ^^^^^^^^^^^^^^^^^^^^^^^^^^^^^^^^^^^^^^^^^^^^^^
  File "/usr/local/lib/python3.12/site-packages/streamlit/runtime/app_session.py", line 616, in _handle_scriptrunner_event_on_event_loop
    msg = self._create_new_session_message(
          ^^^^^^^^^^^^^^^^^^^^^^^^^^^^^^^^^
  File "/usr/local/lib/python3.12/site-packages/streamlit/runtime/app_session.py", line 750, in _create_new_session_message
    _populate_user_info_msg(imsg.user_info)
  File "/usr/local/lib/python3.12/site-packages/streamlit/runtime/app_session.py", line 1154, in _populate_user_info_msg
    inst = Installation.instance()
           ^^^^^^^^^^^^^^^^^^^^^^^
  File "/usr/local/lib/python3.12/site-packages/streamlit/runtime/metrics_util.py", line 228, in instance
    cls._instance = Installation()
                    ^^^^^^^^^^^^^^
  File "/usr/local/lib/python3.12/site-packages/streamlit/runtime/metrics_util.py", line 233, in __init__
    uuid.uuid5(uuid.NAMESPACE_DNS, _get_machine_id_v3())
                                   ^^^^^^^^^^^^^^^^^^^^
  File "/usr/local/lib/python3.12/site-packages/streamlit/runtime/metrics_util.py", line 173, in _get_machine_id_v3
    machine_id = f.read()
                 ^^^^^^^^
  File "<frozen codecs>", line 322, in decode
UnicodeDecodeError: 'utf-8' codec can't decode bytes in position 25-26: invalid continuation byte
Exception in callback AppSession._on_scriptrunner_event.<locals>.<lambda>() at /usr/local/lib/python3.12/site-packages/streamlit/runtime/app_session.py:519
handle: <Handle AppSession._on_scriptrunner_event.<locals>.<lambda>() at /usr/local/lib/python3.12/site-packages/streamlit/runtime/app_session.py:519>
Traceback (most recent call last):
  File "/usr/local/lib/python3.12/asyncio/events.py", line 88, in _run
    self._context.run(self._callback, *self._args)
  File "/usr/local/lib/python3.12/site-packages/streamlit/runtime/app_session.py", line 519, in <lambda>
    lambda: self._handle_scriptrunner_event_on_event_loop(
            ^^^^^^^^^^^^^^^^^^^^^^^^^^^^^^^^^^^^^^^^^^^^^^
  File "/usr/local/lib/python3.12/site-packages/streamlit/runtime/app_session.py", line 616, in _handle_scriptrunner_event_on_event_loop
    msg = self._create_new_session_message(
          ^^^^^^^^^^^^^^^^^^^^^^^^^^^^^^^^^
  File "/usr/local/lib/python3.12/site-packages/streamlit/runtime/app_session.py", line 750, in _create_new_session_message
    _populate_user_info_msg(imsg.user_info)
  File "/usr/local/lib/python3.12/site-packages/streamlit/runtime/app_session.py", line 1154, in _populate_user_info_msg
    inst = Installation.instance()
           ^^^^^^^^^^^^^^^^^^^^^^^
  File "/usr/local/lib/python3.12/site-packages/streamlit/runtime/metrics_util.py", line 228, in instance
    cls._instance = Installation()
                    ^^^^^^^^^^^^^^
  File "/usr/local/lib/python3.12/site-packages/streamlit/runtime/metrics_util.py", line 233, in __init__
    uuid.uuid5(uuid.NAMESPACE_DNS, _get_machine_id_v3())
                                   ^^^^^^^^^^^^^^^^^^^^
  File "/usr/local/lib/python3.12/site-packages/streamlit/runtime/metrics_util.py", line 173, in _get_machine_id_v3
    machine_id = f.read()
                 ^^^^^^^^
  File "<frozen codecs>", line 322, in decode
UnicodeDecodeError: 'utf-8' codec can't decode bytes in position 25-26: invalid continuation byte
Exception in callback AppSession._on_scriptrunner_event.<locals>.<lambda>() at /usr/local/lib/python3.12/site-packages/streamlit/runtime/app_session.py:519
handle: <Handle AppSession._on_scriptrunner_event.<locals>.<lambda>() at /usr/local/lib/python3.12/site-packages/streamlit/runtime/app_session.py:519>
Traceback (most recent call last):
  File "/usr/local/lib/python3.12/asyncio/events.py", line 88, in _run
    self._context.run(self._callback, *self._args)
  File "/usr/local/lib/python3.12/site-packages/streamlit/runtime/app_session.py", line 519, in <lambda>
    lambda: self._handle_scriptrunner_event_on_event_loop(
            ^^^^^^^^^^^^^^^^^^^^^^^^^^^^^^^^^^^^^^^^^^^^^^
  File "/usr/local/lib/python3.12/site-packages/streamlit/runtime/app_session.py", line 616, in _handle_scriptrunner_event_on_event_loop
    msg = self._create_new_session_message(
          ^^^^^^^^^^^^^^^^^^^^^^^^^^^^^^^^^
  File "/usr/local/lib/python3.12/site-packages/streamlit/runtime/app_session.py", line 750, in _create_new_session_message
    _populate_user_info_msg(imsg.user_info)
  File "/usr/local/lib/python3.12/site-packages/streamlit/runtime/app_session.py", line 1154, in _populate_user_info_msg
    inst = Installation.instance()
           ^^^^^^^^^^^^^^^^^^^^^^^
  File "/usr/local/lib/python3.12/site-packages/streamlit/runtime/metrics_util.py", line 228, in instance
    cls._instance = Installation()
                    ^^^^^^^^^^^^^^
  File "/usr/local/lib/python3.12/site-packages/streamlit/runtime/metrics_util.py", line 233, in __init__
    uuid.uuid5(uuid.NAMESPACE_DNS, _get_machine_id_v3())
                                   ^^^^^^^^^^^^^^^^^^^^
  File "/usr/local/lib/python3.12/site-packages/streamlit/runtime/metrics_util.py", line 173, in _get_machine_id_v3
    machine_id = f.read()
                 ^^^^^^^^
  File "<frozen codecs>", line 322, in decode
UnicodeDecodeError: 'utf-8' codec can't decode bytes in position 25-26: invalid continuation byte
Exception in callback AppSession._on_scriptrunner_event.<locals>.<lambda>() at /usr/local/lib/python3.12/site-packages/streamlit/runtime/app_session.py:519
handle: <Handle AppSession._on_scriptrunner_event.<locals>.<lambda>() at /usr/local/lib/python3.12/site-packages/streamlit/runtime/app_session.py:519>
Traceback (most recent call last):
  File "/usr/local/lib/python3.12/asyncio/events.py", line 88, in _run
    self._context.run(self._callback, *self._args)
  File "/usr/local/lib/python3.12/site-packages/streamlit/runtime/app_session.py", line 519, in <lambda>
    lambda: self._handle_scriptrunner_event_on_event_loop(
            ^^^^^^^^^^^^^^^^^^^^^^^^^^^^^^^^^^^^^^^^^^^^^^
  File "/usr/local/lib/python3.12/site-packages/streamlit/runtime/app_session.py", line 616, in _handle_scriptrunner_event_on_event_loop
    msg = self._create_new_session_message(
          ^^^^^^^^^^^^^^^^^^^^^^^^^^^^^^^^^
  File "/usr/local/lib/python3.12/site-packages/streamlit/runtime/app_session.py", line 750, in _create_new_session_message
    _populate_user_info_msg(imsg.user_info)
  File "/usr/local/lib/python3.12/site-packages/streamlit/runtime/app_session.py", line 1154, in _populate_user_info_msg
    inst = Installation.instance()
           ^^^^^^^^^^^^^^^^^^^^^^^
  File "/usr/local/lib/python3.12/site-packages/streamlit/runtime/metrics_util.py", line 228, in instance
    cls._instance = Installation()
                    ^^^^^^^^^^^^^^
  File "/usr/local/lib/python3.12/site-packages/streamlit/runtime/metrics_util.py", line 233, in __init__
    uuid.uuid5(uuid.NAMESPACE_DNS, _get_machine_id_v3())
                                   ^^^^^^^^^^^^^^^^^^^^
  File "/usr/local/lib/python3.12/site-packages/streamlit/runtime/metrics_util.py", line 173, in _get_machine_id_v3
    machine_id = f.read()
                 ^^^^^^^^
  File "<frozen codecs>", line 322, in decode
UnicodeDecodeError: 'utf-8' codec can't decode bytes in position 25-26: invalid continuation byte
Exception in callback AppSession._on_scriptrunner_event.<locals>.<lambda>() at /usr/local/lib/python3.12/site-packages/streamlit/runtime/app_session.py:519
handle: <Handle AppSession._on_scriptrunner_event.<locals>.<lambda>() at /usr/local/lib/python3.12/site-packages/streamlit/runtime/app_session.py:519>
Traceback (most recent call last):
  File "/usr/local/lib/python3.12/asyncio/events.py", line 88, in _run
    self._context.run(self._callback, *self._args)
  File "/usr/local/lib/python3.12/site-packages/streamlit/runtime/app_session.py", line 519, in <lambda>
    lambda: self._handle_scriptrunner_event_on_event_loop(
            ^^^^^^^^^^^^^^^^^^^^^^^^^^^^^^^^^^^^^^^^^^^^^^
  File "/usr/local/lib/python3.12/site-packages/streamlit/runtime/app_session.py", line 616, in _handle_scriptrunner_event_on_event_loop
    msg = self._create_new_session_message(
          ^^^^^^^^^^^^^^^^^^^^^^^^^^^^^^^^^
  File "/usr/local/lib/python3.12/site-packages/streamlit/runtime/app_session.py", line 750, in _create_new_session_message
    _populate_user_info_msg(imsg.user_info)
  File "/usr/local/lib/python3.12/site-packages/streamlit/runtime/app_session.py", line 1154, in _populate_user_info_msg
    inst = Installation.instance()
           ^^^^^^^^^^^^^^^^^^^^^^^
  File "/usr/local/lib/python3.12/site-packages/streamlit/runtime/metrics_util.py", line 228, in instance
    cls._instance = Installation()
                    ^^^^^^^^^^^^^^
  File "/usr/local/lib/python3.12/site-packages/streamlit/runtime/metrics_util.py", line 233, in __init__
    uuid.uuid5(uuid.NAMESPACE_DNS, _get_machine_id_v3())
                                   ^^^^^^^^^^^^^^^^^^^^
  File "/usr/local/lib/python3.12/site-packages/streamlit/runtime/metrics_util.py", line 173, in _get_machine_id_v3
    machine_id = f.read()
                 ^^^^^^^^
  File "<frozen codecs>", line 322, in decode
UnicodeDecodeError: 'utf-8' codec can't decode bytes in position 25-26: invalid continuation byte
Exception in callback AppSession._on_scriptrunner_event.<locals>.<lambda>() at /usr/local/lib/python3.12/site-packages/streamlit/runtime/app_session.py:519
handle: <Handle AppSession._on_scriptrunner_event.<locals>.<lambda>() at /usr/local/lib/python3.12/site-packages/streamlit/runtime/app_session.py:519>
Traceback (most recent call last):
  File "/usr/local/lib/python3.12/asyncio/events.py", line 88, in _run
    self._context.run(self._callback, *self._args)
  File "/usr/local/lib/python3.12/site-packages/streamlit/runtime/app_session.py", line 519, in <lambda>
    lambda: self._handle_scriptrunner_event_on_event_loop(
            ^^^^^^^^^^^^^^^^^^^^^^^^^^^^^^^^^^^^^^^^^^^^^^
  File "/usr/local/lib/python3.12/site-packages/streamlit/runtime/app_session.py", line 616, in _handle_scriptrunner_event_on_event_loop
    msg = self._create_new_session_message(
          ^^^^^^^^^^^^^^^^^^^^^^^^^^^^^^^^^
  File "/usr/local/lib/python3.12/site-packages/streamlit/runtime/app_session.py", line 750, in _create_new_session_message
    _populate_user_info_msg(imsg.user_info)
  File "/usr/local/lib/python3.12/site-packages/streamlit/runtime/app_session.py", line 1154, in _populate_user_info_msg
    inst = Installation.instance()
           ^^^^^^^^^^^^^^^^^^^^^^^
  File "/usr/local/lib/python3.12/site-packages/streamlit/runtime/metrics_util.py", line 228, in instance
    cls._instance = Installation()
                    ^^^^^^^^^^^^^^
  File "/usr/local/lib/python3.12/site-packages/streamlit/runtime/metrics_util.py", line 233, in __init__
    uuid.uuid5(uuid.NAMESPACE_DNS, _get_machine_id_v3())
                                   ^^^^^^^^^^^^^^^^^^^^
  File "/usr/local/lib/python3.12/site-packages/streamlit/runtime/metrics_util.py", line 173, in _get_machine_id_v3
    machine_id = f.read()
                 ^^^^^^^^
  File "<frozen codecs>", line 322, in decode
UnicodeDecodeError: 'utf-8' codec can't decode bytes in position 25-26: invalid continuation byte
Exception in callback AppSession._on_scriptrunner_event.<locals>.<lambda>() at /usr/local/lib/python3.12/site-packages/streamlit/runtime/app_session.py:519
handle: <Handle AppSession._on_scriptrunner_event.<locals>.<lambda>() at /usr/local/lib/python3.12/site-packages/streamlit/runtime/app_session.py:519>
Traceback (most recent call last):
  File "/usr/local/lib/python3.12/asyncio/events.py", line 88, in _run
    self._context.run(self._callback, *self._args)
  File "/usr/local/lib/python3.12/site-packages/streamlit/runtime/app_session.py", line 519, in <lambda>
    lambda: self._handle_scriptrunner_event_on_event_loop(
            ^^^^^^^^^^^^^^^^^^^^^^^^^^^^^^^^^^^^^^^^^^^^^^
  File "/usr/local/lib/python3.12/site-packages/streamlit/runtime/app_session.py", line 616, in _handle_scriptrunner_event_on_event_loop
    msg = self._create_new_session_message(
          ^^^^^^^^^^^^^^^^^^^^^^^^^^^^^^^^^
  File "/usr/local/lib/python3.12/site-packages/streamlit/runtime/app_session.py", line 750, in _create_new_session_message
    _populate_user_info_msg(imsg.user_info)
  File "/usr/local/lib/python3.12/site-packages/streamlit/runtime/app_session.py", line 1154, in _populate_user_info_msg
    inst = Installation.instance()
           ^^^^^^^^^^^^^^^^^^^^^^^
  File "/usr/local/lib/python3.12/site-packages/streamlit/runtime/metrics_util.py", line 228, in instance
    cls._instance = Installation()
                    ^^^^^^^^^^^^^^
  File "/usr/local/lib/python3.12/site-packages/streamlit/runtime/metrics_util.py", line 233, in __init__
    uuid.uuid5(uuid.NAMESPACE_DNS, _get_machine_id_v3())
                                   ^^^^^^^^^^^^^^^^^^^^
  File "/usr/local/lib/python3.12/site-packages/streamlit/runtime/metrics_util.py", line 173, in _get_machine_id_v3
    machine_id = f.read()
                 ^^^^^^^^
  File "<frozen codecs>", line 322, in decode
UnicodeDecodeError: 'utf-8' codec can't decode bytes in position 25-26: invalid continuation byte
Exception in callback AppSession._on_scriptrunner_event.<locals>.<lambda>() at /usr/local/lib/python3.12/site-packages/streamlit/runtime/app_session.py:519
handle: <Handle AppSession._on_scriptrunner_event.<locals>.<lambda>() at /usr/local/lib/python3.12/site-packages/streamlit/runtime/app_session.py:519>
Traceback (most recent call last):
  File "/usr/local/lib/python3.12/asyncio/events.py", line 88, in _run
    self._context.run(self._callback, *self._args)
  File "/usr/local/lib/python3.12/site-packages/streamlit/runtime/app_session.py", line 519, in <lambda>
    lambda: self._handle_scriptrunner_event_on_event_loop(
            ^^^^^^^^^^^^^^^^^^^^^^^^^^^^^^^^^^^^^^^^^^^^^^
  File "/usr/local/lib/python3.12/site-packages/streamlit/runtime/app_session.py", line 616, in _handle_scriptrunner_event_on_event_loop
    msg = self._create_new_session_message(
          ^^^^^^^^^^^^^^^^^^^^^^^^^^^^^^^^^
  File "/usr/local/lib/python3.12/site-packages/streamlit/runtime/app_session.py", line 750, in _create_new_session_message
    _populate_user_info_msg(imsg.user_info)
  File "/usr/local/lib/python3.12/site-packages/streamlit/runtime/app_session.py", line 1154, in _populate_user_info_msg
    inst = Installation.instance()
           ^^^^^^^^^^^^^^^^^^^^^^^
  File "/usr/local/lib/python3.12/site-packages/streamlit/runtime/metrics_util.py", line 228, in instance
    cls._instance = Installation()
                    ^^^^^^^^^^^^^^
  File "/usr/local/lib/python3.12/site-packages/streamlit/runtime/metrics_util.py", line 233, in __init__
    uuid.uuid5(uuid.NAMESPACE_DNS, _get_machine_id_v3())
                                   ^^^^^^^^^^^^^^^^^^^^
  File "/usr/local/lib/python3.12/site-packages/streamlit/runtime/metrics_util.py", line 173, in _get_machine_id_v3
    machine_id = f.read()
                 ^^^^^^^^
  File "<frozen codecs>", line 322, in decode
UnicodeDecodeError: 'utf-8' codec can't decode bytes in position 25-26: invalid continuation byte
Exception in callback AppSession._on_scriptrunner_event.<locals>.<lambda>() at /usr/local/lib/python3.12/site-packages/streamlit/runtime/app_session.py:519
handle: <Handle AppSession._on_scriptrunner_event.<locals>.<lambda>() at /usr/local/lib/python3.12/site-packages/streamlit/runtime/app_session.py:519>
Traceback (most recent call last):
  File "/usr/local/lib/python3.12/asyncio/events.py", line 88, in _run
    self._context.run(self._callback, *self._args)
  File "/usr/local/lib/python3.12/site-packages/streamlit/runtime/app_session.py", line 519, in <lambda>
    lambda: self._handle_scriptrunner_event_on_event_loop(
            ^^^^^^^^^^^^^^^^^^^^^^^^^^^^^^^^^^^^^^^^^^^^^^
  File "/usr/local/lib/python3.12/site-packages/streamlit/runtime/app_session.py", line 616, in _handle_scriptrunner_event_on_event_loop
    msg = self._create_new_session_message(
          ^^^^^^^^^^^^^^^^^^^^^^^^^^^^^^^^^
  File "/usr/local/lib/python3.12/site-packages/streamlit/runtime/app_session.py", line 750, in _create_new_session_message
    _populate_user_info_msg(imsg.user_info)
  File "/usr/local/lib/python3.12/site-packages/streamlit/runtime/app_session.py", line 1154, in _populate_user_info_msg
    inst = Installation.instance()
           ^^^^^^^^^^^^^^^^^^^^^^^
  File "/usr/local/lib/python3.12/site-packages/streamlit/runtime/metrics_util.py", line 228, in instance
    cls._instance = Installation()
                    ^^^^^^^^^^^^^^
  File "/usr/local/lib/python3.12/site-packages/streamlit/runtime/metrics_util.py", line 233, in __init__
    uuid.uuid5(uuid.NAMESPACE_DNS, _get_machine_id_v3())
                                   ^^^^^^^^^^^^^^^^^^^^
  File "/usr/local/lib/python3.12/site-packages/streamlit/runtime/metrics_util.py", line 173, in _get_machine_id_v3
    machine_id = f.read()
                 ^^^^^^^^
  File "<frozen codecs>", line 322, in decode
UnicodeDecodeError: 'utf-8' codec can't decode bytes in position 25-26: invalid continuation byte
Exception in callback AppSession._on_scriptrunner_event.<locals>.<lambda>() at /usr/local/lib/python3.12/site-packages/streamlit/runtime/app_session.py:519
handle: <Handle AppSession._on_scriptrunner_event.<locals>.<lambda>() at /usr/local/lib/python3.12/site-packages/streamlit/runtime/app_session.py:519>
Traceback (most recent call last):
  File "/usr/local/lib/python3.12/asyncio/events.py", line 88, in _run
    self._context.run(self._callback, *self._args)
  File "/usr/local/lib/python3.12/site-packages/streamlit/runtime/app_session.py", line 519, in <lambda>
    lambda: self._handle_scriptrunner_event_on_event_loop(
            ^^^^^^^^^^^^^^^^^^^^^^^^^^^^^^^^^^^^^^^^^^^^^^
  File "/usr/local/lib/python3.12/site-packages/streamlit/runtime/app_session.py", line 616, in _handle_scriptrunner_event_on_event_loop
    msg = self._create_new_session_message(
          ^^^^^^^^^^^^^^^^^^^^^^^^^^^^^^^^^
  File "/usr/local/lib/python3.12/site-packages/streamlit/runtime/app_session.py", line 750, in _create_new_session_message
    _populate_user_info_msg(imsg.user_info)
  File "/usr/local/lib/python3.12/site-packages/streamlit/runtime/app_session.py", line 1154, in _populate_user_info_msg
    inst = Installation.instance()
           ^^^^^^^^^^^^^^^^^^^^^^^
  File "/usr/local/lib/python3.12/site-packages/streamlit/runtime/metrics_util.py", line 228, in instance
    cls._instance = Installation()
                    ^^^^^^^^^^^^^^
  File "/usr/local/lib/python3.12/site-packages/streamlit/runtime/metrics_util.py", line 233, in __init__
    uuid.uuid5(uuid.NAMESPACE_DNS, _get_machine_id_v3())
                                   ^^^^^^^^^^^^^^^^^^^^
  File "/usr/local/lib/python3.12/site-packages/streamlit/runtime/metrics_util.py", line 173, in _get_machine_id_v3
    machine_id = f.read()
                 ^^^^^^^^
  File "<frozen codecs>", line 322, in decode
UnicodeDecodeError: 'utf-8' codec can't decode bytes in position 25-26: invalid continuation byte
Exception in callback AppSession._on_scriptrunner_event.<locals>.<lambda>() at /usr/local/lib/python3.12/site-packages/streamlit/runtime/app_session.py:519
handle: <Handle AppSession._on_scriptrunner_event.<locals>.<lambda>() at /usr/local/lib/python3.12/site-packages/streamlit/runtime/app_session.py:519>
Traceback (most recent call last):
  File "/usr/local/lib/python3.12/asyncio/events.py", line 88, in _run
    self._context.run(self._callback, *self._args)
  File "/usr/local/lib/python3.12/site-packages/streamlit/runtime/app_session.py", line 519, in <lambda>
    lambda: self._handle_scriptrunner_event_on_event_loop(
            ^^^^^^^^^^^^^^^^^^^^^^^^^^^^^^^^^^^^^^^^^^^^^^
  File "/usr/local/lib/python3.12/site-packages/streamlit/runtime/app_session.py", line 616, in _handle_scriptrunner_event_on_event_loop
    msg = self._create_new_session_message(
          ^^^^^^^^^^^^^^^^^^^^^^^^^^^^^^^^^
  File "/usr/local/lib/python3.12/site-packages/streamlit/runtime/app_session.py", line 750, in _create_new_session_message
    _populate_user_info_msg(imsg.user_info)
  File "/usr/local/lib/python3.12/site-packages/streamlit/runtime/app_session.py", line 1154, in _populate_user_info_msg
    inst = Installation.instance()
           ^^^^^^^^^^^^^^^^^^^^^^^
  File "/usr/local/lib/python3.12/site-packages/streamlit/runtime/metrics_util.py", line 228, in instance
    cls._instance = Installation()
                    ^^^^^^^^^^^^^^
  File "/usr/local/lib/python3.12/site-packages/streamlit/runtime/metrics_util.py", line 233, in __init__
    uuid.uuid5(uuid.NAMESPACE_DNS, _get_machine_id_v3())
                                   ^^^^^^^^^^^^^^^^^^^^
  File "/usr/local/lib/python3.12/site-packages/streamlit/runtime/metrics_util.py", line 173, in _get_machine_id_v3
    machine_id = f.read()
                 ^^^^^^^^
  File "<frozen codecs>", line 322, in decode
UnicodeDecodeError: 'utf-8' codec can't decode bytes in position 25-26: invalid continuation byte
Exception in callback AppSession._on_scriptrunner_event.<locals>.<lambda>() at /usr/local/lib/python3.12/site-packages/streamlit/runtime/app_session.py:519
handle: <Handle AppSession._on_scriptrunner_event.<locals>.<lambda>() at /usr/local/lib/python3.12/site-packages/streamlit/runtime/app_session.py:519>
Traceback (most recent call last):
  File "/usr/local/lib/python3.12/asyncio/events.py", line 88, in _run
    self._context.run(self._callback, *self._args)
  File "/usr/local/lib/python3.12/site-packages/streamlit/runtime/app_session.py", line 519, in <lambda>
    lambda: self._handle_scriptrunner_event_on_event_loop(
            ^^^^^^^^^^^^^^^^^^^^^^^^^^^^^^^^^^^^^^^^^^^^^^
  File "/usr/local/lib/python3.12/site-packages/streamlit/runtime/app_session.py", line 616, in _handle_scriptrunner_event_on_event_loop
    msg = self._create_new_session_message(
          ^^^^^^^^^^^^^^^^^^^^^^^^^^^^^^^^^
  File "/usr/local/lib/python3.12/site-packages/streamlit/runtime/app_session.py", line 750, in _create_new_session_message
    _populate_user_info_msg(imsg.user_info)
  File "/usr/local/lib/python3.12/site-packages/streamlit/runtime/app_session.py", line 1154, in _populate_user_info_msg
    inst = Installation.instance()
           ^^^^^^^^^^^^^^^^^^^^^^^
  File "/usr/local/lib/python3.12/site-packages/streamlit/runtime/metrics_util.py", line 228, in instance
    cls._instance = Installation()
                    ^^^^^^^^^^^^^^
  File "/usr/local/lib/python3.12/site-packages/streamlit/runtime/metrics_util.py", line 233, in __init__
    uuid.uuid5(uuid.NAMESPACE_DNS, _get_machine_id_v3())
                                   ^^^^^^^^^^^^^^^^^^^^
  File "/usr/local/lib/python3.12/site-packages/streamlit/runtime/metrics_util.py", line 173, in _get_machine_id_v3
    machine_id = f.read()
                 ^^^^^^^^
  File "<frozen codecs>", line 322, in decode
UnicodeDecodeError: 'utf-8' codec can't decode bytes in position 25-26: invalid continuation byte
Exception in callback AppSession._on_scriptrunner_event.<locals>.<lambda>() at /usr/local/lib/python3.12/site-packages/streamlit/runtime/app_session.py:519
handle: <Handle AppSession._on_scriptrunner_event.<locals>.<lambda>() at /usr/local/lib/python3.12/site-packages/streamlit/runtime/app_session.py:519>
Traceback (most recent call last):
  File "/usr/local/lib/python3.12/asyncio/events.py", line 88, in _run
    self._context.run(self._callback, *self._args)
  File "/usr/local/lib/python3.12/site-packages/streamlit/runtime/app_session.py", line 519, in <lambda>
    lambda: self._handle_scriptrunner_event_on_event_loop(
            ^^^^^^^^^^^^^^^^^^^^^^^^^^^^^^^^^^^^^^^^^^^^^^
  File "/usr/local/lib/python3.12/site-packages/streamlit/runtime/app_session.py", line 616, in _handle_scriptrunner_event_on_event_loop
    msg = self._create_new_session_message(
          ^^^^^^^^^^^^^^^^^^^^^^^^^^^^^^^^^
  File "/usr/local/lib/python3.12/site-packages/streamlit/runtime/app_session.py", line 750, in _create_new_session_message
    _populate_user_info_msg(imsg.user_info)
  File "/usr/local/lib/python3.12/site-packages/streamlit/runtime/app_session.py", line 1154, in _populate_user_info_msg
    inst = Installation.instance()
           ^^^^^^^^^^^^^^^^^^^^^^^
  File "/usr/local/lib/python3.12/site-packages/streamlit/runtime/metrics_util.py", line 228, in instance
    cls._instance = Installation()
                    ^^^^^^^^^^^^^^
  File "/usr/local/lib/python3.12/site-packages/streamlit/runtime/metrics_util.py", line 233, in __init__
    uuid.uuid5(uuid.NAMESPACE_DNS, _get_machine_id_v3())
                                   ^^^^^^^^^^^^^^^^^^^^
  File "/usr/local/lib/python3.12/site-packages/streamlit/runtime/metrics_util.py", line 173, in _get_machine_id_v3
    machine_id = f.read()
                 ^^^^^^^^
  File "<frozen codecs>", line 322, in decode
UnicodeDecodeError: 'utf-8' codec can't decode bytes in position 25-26: invalid continuation byte
Exception in callback AppSession._on_scriptrunner_event.<locals>.<lambda>() at /usr/local/lib/python3.12/site-packages/streamlit/runtime/app_session.py:519
handle: <Handle AppSession._on_scriptrunner_event.<locals>.<lambda>() at /usr/local/lib/python3.12/site-packages/streamlit/runtime/app_session.py:519>
Traceback (most recent call last):
  File "/usr/local/lib/python3.12/asyncio/events.py", line 88, in _run
    self._context.run(self._callback, *self._args)
  File "/usr/local/lib/python3.12/site-packages/streamlit/runtime/app_session.py", line 519, in <lambda>
    lambda: self._handle_scriptrunner_event_on_event_loop(
            ^^^^^^^^^^^^^^^^^^^^^^^^^^^^^^^^^^^^^^^^^^^^^^
  File "/usr/local/lib/python3.12/site-packages/streamlit/runtime/app_session.py", line 616, in _handle_scriptrunner_event_on_event_loop
    msg = self._create_new_session_message(
          ^^^^^^^^^^^^^^^^^^^^^^^^^^^^^^^^^
  File "/usr/local/lib/python3.12/site-packages/streamlit/runtime/app_session.py", line 750, in _create_new_session_message
    _populate_user_info_msg(imsg.user_info)
  File "/usr/local/lib/python3.12/site-packages/streamlit/runtime/app_session.py", line 1154, in _populate_user_info_msg
    inst = Installation.instance()
           ^^^^^^^^^^^^^^^^^^^^^^^
  File "/usr/local/lib/python3.12/site-packages/streamlit/runtime/metrics_util.py", line 228, in instance
    cls._instance = Installation()
                    ^^^^^^^^^^^^^^
  File "/usr/local/lib/python3.12/site-packages/streamlit/runtime/metrics_util.py", line 233, in __init__
    uuid.uuid5(uuid.NAMESPACE_DNS, _get_machine_id_v3())
                                   ^^^^^^^^^^^^^^^^^^^^
  File "/usr/local/lib/python3.12/site-packages/streamlit/runtime/metrics_util.py", line 173, in _get_machine_id_v3
    machine_id = f.read()
                 ^^^^^^^^
  File "<frozen codecs>", line 322, in decode
UnicodeDecodeError: 'utf-8' codec can't decode bytes in position 25-26: invalid continuation byte
Exception in callback AppSession._on_scriptrunner_event.<locals>.<lambda>() at /usr/local/lib/python3.12/site-packages/streamlit/runtime/app_session.py:519
handle: <Handle AppSession._on_scriptrunner_event.<locals>.<lambda>() at /usr/local/lib/python3.12/site-packages/streamlit/runtime/app_session.py:519>
Traceback (most recent call last):
  File "/usr/local/lib/python3.12/asyncio/events.py", line 88, in _run
    self._context.run(self._callback, *self._args)
  File "/usr/local/lib/python3.12/site-packages/streamlit/runtime/app_session.py", line 519, in <lambda>
    lambda: self._handle_scriptrunner_event_on_event_loop(
            ^^^^^^^^^^^^^^^^^^^^^^^^^^^^^^^^^^^^^^^^^^^^^^
  File "/usr/local/lib/python3.12/site-packages/streamlit/runtime/app_session.py", line 616, in _handle_scriptrunner_event_on_event_loop
    msg = self._create_new_session_message(
          ^^^^^^^^^^^^^^^^^^^^^^^^^^^^^^^^^
  File "/usr/local/lib/python3.12/site-packages/streamlit/runtime/app_session.py", line 750, in _create_new_session_message
    _populate_user_info_msg(imsg.user_info)
  File "/usr/local/lib/python3.12/site-packages/streamlit/runtime/app_session.py", line 1154, in _populate_user_info_msg
    inst = Installation.instance()
           ^^^^^^^^^^^^^^^^^^^^^^^
  File "/usr/local/lib/python3.12/site-packages/streamlit/runtime/metrics_util.py", line 228, in instance
    cls._instance = Installation()
                    ^^^^^^^^^^^^^^
  File "/usr/local/lib/python3.12/site-packages/streamlit/runtime/metrics_util.py", line 233, in __init__
    uuid.uuid5(uuid.NAMESPACE_DNS, _get_machine_id_v3())
                                   ^^^^^^^^^^^^^^^^^^^^
  File "/usr/local/lib/python3.12/site-packages/streamlit/runtime/metrics_util.py", line 173, in _get_machine_id_v3
    machine_id = f.read()
                 ^^^^^^^^
  File "<frozen codecs>", line 322, in decode
UnicodeDecodeError: 'utf-8' codec can't decode bytes in position 25-26: invalid continuation byte
Exception in callback AppSession._on_scriptrunner_event.<locals>.<lambda>() at /usr/local/lib/python3.12/site-packages/streamlit/runtime/app_session.py:519
handle: <Handle AppSession._on_scriptrunner_event.<locals>.<lambda>() at /usr/local/lib/python3.12/site-packages/streamlit/runtime/app_session.py:519>
Traceback (most recent call last):
  File "/usr/local/lib/python3.12/asyncio/events.py", line 88, in _run
    self._context.run(self._callback, *self._args)
  File "/usr/local/lib/python3.12/site-packages/streamlit/runtime/app_session.py", line 519, in <lambda>
    lambda: self._handle_scriptrunner_event_on_event_loop(
            ^^^^^^^^^^^^^^^^^^^^^^^^^^^^^^^^^^^^^^^^^^^^^^
  File "/usr/local/lib/python3.12/site-packages/streamlit/runtime/app_session.py", line 616, in _handle_scriptrunner_event_on_event_loop
    msg = self._create_new_session_message(
          ^^^^^^^^^^^^^^^^^^^^^^^^^^^^^^^^^
  File "/usr/local/lib/python3.12/site-packages/streamlit/runtime/app_session.py", line 750, in _create_new_session_message
    _populate_user_info_msg(imsg.user_info)
  File "/usr/local/lib/python3.12/site-packages/streamlit/runtime/app_session.py", line 1154, in _populate_user_info_msg
    inst = Installation.instance()
           ^^^^^^^^^^^^^^^^^^^^^^^
  File "/usr/local/lib/python3.12/site-packages/streamlit/runtime/metrics_util.py", line 228, in instance
    cls._instance = Installation()
                    ^^^^^^^^^^^^^^
  File "/usr/local/lib/python3.12/site-packages/streamlit/runtime/metrics_util.py", line 233, in __init__
    uuid.uuid5(uuid.NAMESPACE_DNS, _get_machine_id_v3())
                                   ^^^^^^^^^^^^^^^^^^^^
  File "/usr/local/lib/python3.12/site-packages/streamlit/runtime/metrics_util.py", line 173, in _get_machine_id_v3
    machine_id = f.read()
                 ^^^^^^^^
  File "<frozen codecs>", line 322, in decode
UnicodeDecodeError: 'utf-8' codec can't decode bytes in position 25-26: invalid continuation byte
Exception in callback AppSession._on_scriptrunner_event.<locals>.<lambda>() at /usr/local/lib/python3.12/site-packages/streamlit/runtime/app_session.py:519
handle: <Handle AppSession._on_scriptrunner_event.<locals>.<lambda>() at /usr/local/lib/python3.12/site-packages/streamlit/runtime/app_session.py:519>
Traceback (most recent call last):
  File "/usr/local/lib/python3.12/asyncio/events.py", line 88, in _run
    self._context.run(self._callback, *self._args)
  File "/usr/local/lib/python3.12/site-packages/streamlit/runtime/app_session.py", line 519, in <lambda>
    lambda: self._handle_scriptrunner_event_on_event_loop(
            ^^^^^^^^^^^^^^^^^^^^^^^^^^^^^^^^^^^^^^^^^^^^^^
  File "/usr/local/lib/python3.12/site-packages/streamlit/runtime/app_session.py", line 616, in _handle_scriptrunner_event_on_event_loop
    msg = self._create_new_session_message(
          ^^^^^^^^^^^^^^^^^^^^^^^^^^^^^^^^^
  File "/usr/local/lib/python3.12/site-packages/streamlit/runtime/app_session.py", line 750, in _create_new_session_message
    _populate_user_info_msg(imsg.user_info)
  File "/usr/local/lib/python3.12/site-packages/streamlit/runtime/app_session.py", line 1154, in _populate_user_info_msg
    inst = Installation.instance()
           ^^^^^^^^^^^^^^^^^^^^^^^
  File "/usr/local/lib/python3.12/site-packages/streamlit/runtime/metrics_util.py", line 228, in instance
    cls._instance = Installation()
                    ^^^^^^^^^^^^^^
  File "/usr/local/lib/python3.12/site-packages/streamlit/runtime/metrics_util.py", line 233, in __init__
    uuid.uuid5(uuid.NAMESPACE_DNS, _get_machine_id_v3())
                                   ^^^^^^^^^^^^^^^^^^^^
  File "/usr/local/lib/python3.12/site-packages/streamlit/runtime/metrics_util.py", line 173, in _get_machine_id_v3
    machine_id = f.read()
                 ^^^^^^^^
  File "<frozen codecs>", line 322, in decode
UnicodeDecodeError: 'utf-8' codec can't decode bytes in position 25-26: invalid continuation byte
Exception in callback AppSession._on_scriptrunner_event.<locals>.<lambda>() at /usr/local/lib/python3.12/site-packages/streamlit/runtime/app_session.py:519
handle: <Handle AppSession._on_scriptrunner_event.<locals>.<lambda>() at /usr/local/lib/python3.12/site-packages/streamlit/runtime/app_session.py:519>
Traceback (most recent call last):
  File "/usr/local/lib/python3.12/asyncio/events.py", line 88, in _run
    self._context.run(self._callback, *self._args)
  File "/usr/local/lib/python3.12/site-packages/streamlit/runtime/app_session.py", line 519, in <lambda>
    lambda: self._handle_scriptrunner_event_on_event_loop(
            ^^^^^^^^^^^^^^^^^^^^^^^^^^^^^^^^^^^^^^^^^^^^^^
  File "/usr/local/lib/python3.12/site-packages/streamlit/runtime/app_session.py", line 616, in _handle_scriptrunner_event_on_event_loop
    msg = self._create_new_session_message(
          ^^^^^^^^^^^^^^^^^^^^^^^^^^^^^^^^^
  File "/usr/local/lib/python3.12/site-packages/streamlit/runtime/app_session.py", line 750, in _create_new_session_message
    _populate_user_info_msg(imsg.user_info)
  File "/usr/local/lib/python3.12/site-packages/streamlit/runtime/app_session.py", line 1154, in _populate_user_info_msg
    inst = Installation.instance()
           ^^^^^^^^^^^^^^^^^^^^^^^
  File "/usr/local/lib/python3.12/site-packages/streamlit/runtime/metrics_util.py", line 228, in instance
    cls._instance = Installation()
                    ^^^^^^^^^^^^^^
  File "/usr/local/lib/python3.12/site-packages/streamlit/runtime/metrics_util.py", line 233, in __init__
    uuid.uuid5(uuid.NAMESPACE_DNS, _get_machine_id_v3())
                                   ^^^^^^^^^^^^^^^^^^^^
  File "/usr/local/lib/python3.12/site-packages/streamlit/runtime/metrics_util.py", line 173, in _get_machine_id_v3
    machine_id = f.read()
                 ^^^^^^^^
  File "<frozen codecs>", line 322, in decode
UnicodeDecodeError: 'utf-8' codec can't decode bytes in position 25-26: invalid continuation byte
Exception in callback AppSession._on_scriptrunner_event.<locals>.<lambda>() at /usr/local/lib/python3.12/site-packages/streamlit/runtime/app_session.py:519
handle: <Handle AppSession._on_scriptrunner_event.<locals>.<lambda>() at /usr/local/lib/python3.12/site-packages/streamlit/runtime/app_session.py:519>
Traceback (most recent call last):
  File "/usr/local/lib/python3.12/asyncio/events.py", line 88, in _run
    self._context.run(self._callback, *self._args)
  File "/usr/local/lib/python3.12/site-packages/streamlit/runtime/app_session.py", line 519, in <lambda>
    lambda: self._handle_scriptrunner_event_on_event_loop(
            ^^^^^^^^^^^^^^^^^^^^^^^^^^^^^^^^^^^^^^^^^^^^^^
  File "/usr/local/lib/python3.12/site-packages/streamlit/runtime/app_session.py", line 616, in _handle_scriptrunner_event_on_event_loop
    msg = self._create_new_session_message(
          ^^^^^^^^^^^^^^^^^^^^^^^^^^^^^^^^^
  File "/usr/local/lib/python3.12/site-packages/streamlit/runtime/app_session.py", line 750, in _create_new_session_message
    _populate_user_info_msg(imsg.user_info)
  File "/usr/local/lib/python3.12/site-packages/streamlit/runtime/app_session.py", line 1154, in _populate_user_info_msg
    inst = Installation.instance()
           ^^^^^^^^^^^^^^^^^^^^^^^
  File "/usr/local/lib/python3.12/site-packages/streamlit/runtime/metrics_util.py", line 228, in instance
    cls._instance = Installation()
                    ^^^^^^^^^^^^^^
  File "/usr/local/lib/python3.12/site-packages/streamlit/runtime/metrics_util.py", line 233, in __init__
    uuid.uuid5(uuid.NAMESPACE_DNS, _get_machine_id_v3())
                                   ^^^^^^^^^^^^^^^^^^^^
  File "/usr/local/lib/python3.12/site-packages/streamlit/runtime/metrics_util.py", line 173, in _get_machine_id_v3
    machine_id = f.read()
                 ^^^^^^^^
  File "<frozen codecs>", line 322, in decode
UnicodeDecodeError: 'utf-8' codec can't decode bytes in position 25-26: invalid continuation byte
Exception in callback AppSession._on_scriptrunner_event.<locals>.<lambda>() at /usr/local/lib/python3.12/site-packages/streamlit/runtime/app_session.py:519
handle: <Handle AppSession._on_scriptrunner_event.<locals>.<lambda>() at /usr/local/lib/python3.12/site-packages/streamlit/runtime/app_session.py:519>
Traceback (most recent call last):
  File "/usr/local/lib/python3.12/asyncio/events.py", line 88, in _run
    self._context.run(self._callback, *self._args)
  File "/usr/local/lib/python3.12/site-packages/streamlit/runtime/app_session.py", line 519, in <lambda>
    lambda: self._handle_scriptrunner_event_on_event_loop(
            ^^^^^^^^^^^^^^^^^^^^^^^^^^^^^^^^^^^^^^^^^^^^^^
  File "/usr/local/lib/python3.12/site-packages/streamlit/runtime/app_session.py", line 616, in _handle_scriptrunner_event_on_event_loop
    msg = self._create_new_session_message(
          ^^^^^^^^^^^^^^^^^^^^^^^^^^^^^^^^^
  File "/usr/local/lib/python3.12/site-packages/streamlit/runtime/app_session.py", line 750, in _create_new_session_message
    _populate_user_info_msg(imsg.user_info)
  File "/usr/local/lib/python3.12/site-packages/streamlit/runtime/app_session.py", line 1154, in _populate_user_info_msg
    inst = Installation.instance()
           ^^^^^^^^^^^^^^^^^^^^^^^
  File "/usr/local/lib/python3.12/site-packages/streamlit/runtime/metrics_util.py", line 228, in instance
    cls._instance = Installation()
                    ^^^^^^^^^^^^^^
  File "/usr/local/lib/python3.12/site-packages/streamlit/runtime/metrics_util.py", line 233, in __init__
    uuid.uuid5(uuid.NAMESPACE_DNS, _get_machine_id_v3())
                                   ^^^^^^^^^^^^^^^^^^^^
  File "/usr/local/lib/python3.12/site-packages/streamlit/runtime/metrics_util.py", line 173, in _get_machine_id_v3
    machine_id = f.read()
                 ^^^^^^^^
  File "<frozen codecs>", line 322, in decode
UnicodeDecodeError: 'utf-8' codec can't decode bytes in position 25-26: invalid continuation byte
Exception in callback AppSession._on_scriptrunner_event.<locals>.<lambda>() at /usr/local/lib/python3.12/site-packages/streamlit/runtime/app_session.py:519
handle: <Handle AppSession._on_scriptrunner_event.<locals>.<lambda>() at /usr/local/lib/python3.12/site-packages/streamlit/runtime/app_session.py:519>
Traceback (most recent call last):
  File "/usr/local/lib/python3.12/asyncio/events.py", line 88, in _run
    self._context.run(self._callback, *self._args)
  File "/usr/local/lib/python3.12/site-packages/streamlit/runtime/app_session.py", line 519, in <lambda>
    lambda: self._handle_scriptrunner_event_on_event_loop(
            ^^^^^^^^^^^^^^^^^^^^^^^^^^^^^^^^^^^^^^^^^^^^^^
  File "/usr/local/lib/python3.12/site-packages/streamlit/runtime/app_session.py", line 616, in _handle_scriptrunner_event_on_event_loop
    msg = self._create_new_session_message(
          ^^^^^^^^^^^^^^^^^^^^^^^^^^^^^^^^^
  File "/usr/local/lib/python3.12/site-packages/streamlit/runtime/app_session.py", line 750, in _create_new_session_message
    _populate_user_info_msg(imsg.user_info)
  File "/usr/local/lib/python3.12/site-packages/streamlit/runtime/app_session.py", line 1154, in _populate_user_info_msg
    inst = Installation.instance()
           ^^^^^^^^^^^^^^^^^^^^^^^
  File "/usr/local/lib/python3.12/site-packages/streamlit/runtime/metrics_util.py", line 228, in instance
    cls._instance = Installation()
                    ^^^^^^^^^^^^^^
  File "/usr/local/lib/python3.12/site-packages/streamlit/runtime/metrics_util.py", line 233, in __init__
    uuid.uuid5(uuid.NAMESPACE_DNS, _get_machine_id_v3())
                                   ^^^^^^^^^^^^^^^^^^^^
  File "/usr/local/lib/python3.12/site-packages/streamlit/runtime/metrics_util.py", line 173, in _get_machine_id_v3
    machine_id = f.read()
                 ^^^^^^^^
  File "<frozen codecs>", line 322, in decode
UnicodeDecodeError: 'utf-8' codec can't decode bytes in position 25-26: invalid continuation byte
Exception in callback AppSession._on_scriptrunner_event.<locals>.<lambda>() at /usr/local/lib/python3.12/site-packages/streamlit/runtime/app_session.py:519
handle: <Handle AppSession._on_scriptrunner_event.<locals>.<lambda>() at /usr/local/lib/python3.12/site-packages/streamlit/runtime/app_session.py:519>
Traceback (most recent call last):
  File "/usr/local/lib/python3.12/asyncio/events.py", line 88, in _run
    self._context.run(self._callback, *self._args)
  File "/usr/local/lib/python3.12/site-packages/streamlit/runtime/app_session.py", line 519, in <lambda>
    lambda: self._handle_scriptrunner_event_on_event_loop(
            ^^^^^^^^^^^^^^^^^^^^^^^^^^^^^^^^^^^^^^^^^^^^^^
  File "/usr/local/lib/python3.12/site-packages/streamlit/runtime/app_session.py", line 616, in _handle_scriptrunner_event_on_event_loop
    msg = self._create_new_session_message(
          ^^^^^^^^^^^^^^^^^^^^^^^^^^^^^^^^^
  File "/usr/local/lib/python3.12/site-packages/streamlit/runtime/app_session.py", line 750, in _create_new_session_message
    _populate_user_info_msg(imsg.user_info)
  File "/usr/local/lib/python3.12/site-packages/streamlit/runtime/app_session.py", line 1154, in _populate_user_info_msg
    inst = Installation.instance()
           ^^^^^^^^^^^^^^^^^^^^^^^
  File "/usr/local/lib/python3.12/site-packages/streamlit/runtime/metrics_util.py", line 228, in instance
    cls._instance = Installation()
                    ^^^^^^^^^^^^^^
  File "/usr/local/lib/python3.12/site-packages/streamlit/runtime/metrics_util.py", line 233, in __init__
    uuid.uuid5(uuid.NAMESPACE_DNS, _get_machine_id_v3())
                                   ^^^^^^^^^^^^^^^^^^^^
  File "/usr/local/lib/python3.12/site-packages/streamlit/runtime/metrics_util.py", line 173, in _get_machine_id_v3
    machine_id = f.read()
                 ^^^^^^^^
  File "<frozen codecs>", line 322, in decode
UnicodeDecodeError: 'utf-8' codec can't decode bytes in position 25-26: invalid continuation byte
Exception in callback AppSession._on_scriptrunner_event.<locals>.<lambda>() at /usr/local/lib/python3.12/site-packages/streamlit/runtime/app_session.py:519
handle: <Handle AppSession._on_scriptrunner_event.<locals>.<lambda>() at /usr/local/lib/python3.12/site-packages/streamlit/runtime/app_session.py:519>
Traceback (most recent call last):
  File "/usr/local/lib/python3.12/asyncio/events.py", line 88, in _run
    self._context.run(self._callback, *self._args)
  File "/usr/local/lib/python3.12/site-packages/streamlit/runtime/app_session.py", line 519, in <lambda>
    lambda: self._handle_scriptrunner_event_on_event_loop(
            ^^^^^^^^^^^^^^^^^^^^^^^^^^^^^^^^^^^^^^^^^^^^^^
  File "/usr/local/lib/python3.12/site-packages/streamlit/runtime/app_session.py", line 616, in _handle_scriptrunner_event_on_event_loop
    msg = self._create_new_session_message(
          ^^^^^^^^^^^^^^^^^^^^^^^^^^^^^^^^^
  File "/usr/local/lib/python3.12/site-packages/streamlit/runtime/app_session.py", line 750, in _create_new_session_message
    _populate_user_info_msg(imsg.user_info)
  File "/usr/local/lib/python3.12/site-packages/streamlit/runtime/app_session.py", line 1154, in _populate_user_info_msg
    inst = Installation.instance()
           ^^^^^^^^^^^^^^^^^^^^^^^
  File "/usr/local/lib/python3.12/site-packages/streamlit/runtime/metrics_util.py", line 228, in instance
    cls._instance = Installation()
                    ^^^^^^^^^^^^^^
  File "/usr/local/lib/python3.12/site-packages/streamlit/runtime/metrics_util.py", line 233, in __init__
    uuid.uuid5(uuid.NAMESPACE_DNS, _get_machine_id_v3())
                                   ^^^^^^^^^^^^^^^^^^^^
  File "/usr/local/lib/python3.12/site-packages/streamlit/runtime/metrics_util.py", line 173, in _get_machine_id_v3
    machine_id = f.read()
                 ^^^^^^^^
  File "<frozen codecs>", line 322, in decode
UnicodeDecodeError: 'utf-8' codec can't decode bytes in position 25-26: invalid continuation byte
Exception in callback AppSession._on_scriptrunner_event.<locals>.<lambda>() at /usr/local/lib/python3.12/site-packages/streamlit/runtime/app_session.py:519
handle: <Handle AppSession._on_scriptrunner_event.<locals>.<lambda>() at /usr/local/lib/python3.12/site-packages/streamlit/runtime/app_session.py:519>
Traceback (most recent call last):
  File "/usr/local/lib/python3.12/asyncio/events.py", line 88, in _run
    self._context.run(self._callback, *self._args)
  File "/usr/local/lib/python3.12/site-packages/streamlit/runtime/app_session.py", line 519, in <lambda>
    lambda: self._handle_scriptrunner_event_on_event_loop(
            ^^^^^^^^^^^^^^^^^^^^^^^^^^^^^^^^^^^^^^^^^^^^^^
  File "/usr/local/lib/python3.12/site-packages/streamlit/runtime/app_session.py", line 616, in _handle_scriptrunner_event_on_event_loop
    msg = self._create_new_session_message(
          ^^^^^^^^^^^^^^^^^^^^^^^^^^^^^^^^^
  File "/usr/local/lib/python3.12/site-packages/streamlit/runtime/app_session.py", line 750, in _create_new_session_message
    _populate_user_info_msg(imsg.user_info)
  File "/usr/local/lib/python3.12/site-packages/streamlit/runtime/app_session.py", line 1154, in _populate_user_info_msg
    inst = Installation.instance()
           ^^^^^^^^^^^^^^^^^^^^^^^
  File "/usr/local/lib/python3.12/site-packages/streamlit/runtime/metrics_util.py", line 228, in instance
    cls._instance = Installation()
                    ^^^^^^^^^^^^^^
  File "/usr/local/lib/python3.12/site-packages/streamlit/runtime/metrics_util.py", line 233, in __init__
    uuid.uuid5(uuid.NAMESPACE_DNS, _get_machine_id_v3())
                                   ^^^^^^^^^^^^^^^^^^^^
  File "/usr/local/lib/python3.12/site-packages/streamlit/runtime/metrics_util.py", line 173, in _get_machine_id_v3
    machine_id = f.read()
                 ^^^^^^^^
  File "<frozen codecs>", line 322, in decode
UnicodeDecodeError: 'utf-8' codec can't decode bytes in position 25-26: invalid continuation byte
Exception in callback AppSession._on_scriptrunner_event.<locals>.<lambda>() at /usr/local/lib/python3.12/site-packages/streamlit/runtime/app_session.py:519
handle: <Handle AppSession._on_scriptrunner_event.<locals>.<lambda>() at /usr/local/lib/python3.12/site-packages/streamlit/runtime/app_session.py:519>
Traceback (most recent call last):
  File "/usr/local/lib/python3.12/asyncio/events.py", line 88, in _run
    self._context.run(self._callback, *self._args)
  File "/usr/local/lib/python3.12/site-packages/streamlit/runtime/app_session.py", line 519, in <lambda>
    lambda: self._handle_scriptrunner_event_on_event_loop(
            ^^^^^^^^^^^^^^^^^^^^^^^^^^^^^^^^^^^^^^^^^^^^^^
  File "/usr/local/lib/python3.12/site-packages/streamlit/runtime/app_session.py", line 616, in _handle_scriptrunner_event_on_event_loop
    msg = self._create_new_session_message(
          ^^^^^^^^^^^^^^^^^^^^^^^^^^^^^^^^^
  File "/usr/local/lib/python3.12/site-packages/streamlit/runtime/app_session.py", line 750, in _create_new_session_message
    _populate_user_info_msg(imsg.user_info)
  File "/usr/local/lib/python3.12/site-packages/streamlit/runtime/app_session.py", line 1154, in _populate_user_info_msg
    inst = Installation.instance()
           ^^^^^^^^^^^^^^^^^^^^^^^
  File "/usr/local/lib/python3.12/site-packages/streamlit/runtime/metrics_util.py", line 228, in instance
    cls._instance = Installation()
                    ^^^^^^^^^^^^^^
  File "/usr/local/lib/python3.12/site-packages/streamlit/runtime/metrics_util.py", line 233, in __init__
    uuid.uuid5(uuid.NAMESPACE_DNS, _get_machine_id_v3())
                                   ^^^^^^^^^^^^^^^^^^^^
  File "/usr/local/lib/python3.12/site-packages/streamlit/runtime/metrics_util.py", line 173, in _get_machine_id_v3
    machine_id = f.read()
                 ^^^^^^^^
  File "<frozen codecs>", line 322, in decode
UnicodeDecodeError: 'utf-8' codec can't decode bytes in position 25-26: invalid continuation byte
Exception in callback AppSession._on_scriptrunner_event.<locals>.<lambda>() at /usr/local/lib/python3.12/site-packages/streamlit/runtime/app_session.py:519
handle: <Handle AppSession._on_scriptrunner_event.<locals>.<lambda>() at /usr/local/lib/python3.12/site-packages/streamlit/runtime/app_session.py:519>
Traceback (most recent call last):
  File "/usr/local/lib/python3.12/asyncio/events.py", line 88, in _run
    self._context.run(self._callback, *self._args)
  File "/usr/local/lib/python3.12/site-packages/streamlit/runtime/app_session.py", line 519, in <lambda>
    lambda: self._handle_scriptrunner_event_on_event_loop(
            ^^^^^^^^^^^^^^^^^^^^^^^^^^^^^^^^^^^^^^^^^^^^^^
  File "/usr/local/lib/python3.12/site-packages/streamlit/runtime/app_session.py", line 616, in _handle_scriptrunner_event_on_event_loop
    msg = self._create_new_session_message(
          ^^^^^^^^^^^^^^^^^^^^^^^^^^^^^^^^^
  File "/usr/local/lib/python3.12/site-packages/streamlit/runtime/app_session.py", line 750, in _create_new_session_message
    _populate_user_info_msg(imsg.user_info)
  File "/usr/local/lib/python3.12/site-packages/streamlit/runtime/app_session.py", line 1154, in _populate_user_info_msg
    inst = Installation.instance()
           ^^^^^^^^^^^^^^^^^^^^^^^
  File "/usr/local/lib/python3.12/site-packages/streamlit/runtime/metrics_util.py", line 228, in instance
    cls._instance = Installation()
                    ^^^^^^^^^^^^^^
  File "/usr/local/lib/python3.12/site-packages/streamlit/runtime/metrics_util.py", line 233, in __init__
    uuid.uuid5(uuid.NAMESPACE_DNS, _get_machine_id_v3())
                                   ^^^^^^^^^^^^^^^^^^^^
  File "/usr/local/lib/python3.12/site-packages/streamlit/runtime/metrics_util.py", line 173, in _get_machine_id_v3
    machine_id = f.read()
                 ^^^^^^^^
  File "<frozen codecs>", line 322, in decode
UnicodeDecodeError: 'utf-8' codec can't decode bytes in position 25-26: invalid continuation byte
Exception in callback AppSession._on_scriptrunner_event.<locals>.<lambda>() at /usr/local/lib/python3.12/site-packages/streamlit/runtime/app_session.py:519
handle: <Handle AppSession._on_scriptrunner_event.<locals>.<lambda>() at /usr/local/lib/python3.12/site-packages/streamlit/runtime/app_session.py:519>
Traceback (most recent call last):
  File "/usr/local/lib/python3.12/asyncio/events.py", line 88, in _run
    self._context.run(self._callback, *self._args)
  File "/usr/local/lib/python3.12/site-packages/streamlit/runtime/app_session.py", line 519, in <lambda>
    lambda: self._handle_scriptrunner_event_on_event_loop(
            ^^^^^^^^^^^^^^^^^^^^^^^^^^^^^^^^^^^^^^^^^^^^^^
  File "/usr/local/lib/python3.12/site-packages/streamlit/runtime/app_session.py", line 616, in _handle_scriptrunner_event_on_event_loop
    msg = self._create_new_session_message(
          ^^^^^^^^^^^^^^^^^^^^^^^^^^^^^^^^^
  File "/usr/local/lib/python3.12/site-packages/streamlit/runtime/app_session.py", line 750, in _create_new_session_message
    _populate_user_info_msg(imsg.user_info)
  File "/usr/local/lib/python3.12/site-packages/streamlit/runtime/app_session.py", line 1154, in _populate_user_info_msg
    inst = Installation.instance()
           ^^^^^^^^^^^^^^^^^^^^^^^
  File "/usr/local/lib/python3.12/site-packages/streamlit/runtime/metrics_util.py", line 228, in instance
    cls._instance = Installation()
                    ^^^^^^^^^^^^^^
  File "/usr/local/lib/python3.12/site-packages/streamlit/runtime/metrics_util.py", line 233, in __init__
    uuid.uuid5(uuid.NAMESPACE_DNS, _get_machine_id_v3())
                                   ^^^^^^^^^^^^^^^^^^^^
  File "/usr/local/lib/python3.12/site-packages/streamlit/runtime/metrics_util.py", line 173, in _get_machine_id_v3
    machine_id = f.read()
                 ^^^^^^^^
  File "<frozen codecs>", line 322, in decode
UnicodeDecodeError: 'utf-8' codec can't decode bytes in position 25-26: invalid continuation byte
Exception in callback AppSession._on_scriptrunner_event.<locals>.<lambda>() at /usr/local/lib/python3.12/site-packages/streamlit/runtime/app_session.py:519
handle: <Handle AppSession._on_scriptrunner_event.<locals>.<lambda>() at /usr/local/lib/python3.12/site-packages/streamlit/runtime/app_session.py:519>
Traceback (most recent call last):
  File "/usr/local/lib/python3.12/asyncio/events.py", line 88, in _run
    self._context.run(self._callback, *self._args)
  File "/usr/local/lib/python3.12/site-packages/streamlit/runtime/app_session.py", line 519, in <lambda>
    lambda: self._handle_scriptrunner_event_on_event_loop(
            ^^^^^^^^^^^^^^^^^^^^^^^^^^^^^^^^^^^^^^^^^^^^^^
  File "/usr/local/lib/python3.12/site-packages/streamlit/runtime/app_session.py", line 616, in _handle_scriptrunner_event_on_event_loop
    msg = self._create_new_session_message(
          ^^^^^^^^^^^^^^^^^^^^^^^^^^^^^^^^^
  File "/usr/local/lib/python3.12/site-packages/streamlit/runtime/app_session.py", line 750, in _create_new_session_message
    _populate_user_info_msg(imsg.user_info)
  File "/usr/local/lib/python3.12/site-packages/streamlit/runtime/app_session.py", line 1154, in _populate_user_info_msg
    inst = Installation.instance()
           ^^^^^^^^^^^^^^^^^^^^^^^
  File "/usr/local/lib/python3.12/site-packages/streamlit/runtime/metrics_util.py", line 228, in instance
    cls._instance = Installation()
                    ^^^^^^^^^^^^^^
  File "/usr/local/lib/python3.12/site-packages/streamlit/runtime/metrics_util.py", line 233, in __init__
    uuid.uuid5(uuid.NAMESPACE_DNS, _get_machine_id_v3())
                                   ^^^^^^^^^^^^^^^^^^^^
  File "/usr/local/lib/python3.12/site-packages/streamlit/runtime/metrics_util.py", line 173, in _get_machine_id_v3
    machine_id = f.read()
                 ^^^^^^^^
  File "<frozen codecs>", line 322, in decode
UnicodeDecodeError: 'utf-8' codec can't decode bytes in position 25-26: invalid continuation byte
Exception in callback AppSession._on_scriptrunner_event.<locals>.<lambda>() at /usr/local/lib/python3.12/site-packages/streamlit/runtime/app_session.py:519
handle: <Handle AppSession._on_scriptrunner_event.<locals>.<lambda>() at /usr/local/lib/python3.12/site-packages/streamlit/runtime/app_session.py:519>
Traceback (most recent call last):
  File "/usr/local/lib/python3.12/asyncio/events.py", line 88, in _run
    self._context.run(self._callback, *self._args)
  File "/usr/local/lib/python3.12/site-packages/streamlit/runtime/app_session.py", line 519, in <lambda>
    lambda: self._handle_scriptrunner_event_on_event_loop(
            ^^^^^^^^^^^^^^^^^^^^^^^^^^^^^^^^^^^^^^^^^^^^^^
  File "/usr/local/lib/python3.12/site-packages/streamlit/runtime/app_session.py", line 616, in _handle_scriptrunner_event_on_event_loop
    msg = self._create_new_session_message(
          ^^^^^^^^^^^^^^^^^^^^^^^^^^^^^^^^^
  File "/usr/local/lib/python3.12/site-packages/streamlit/runtime/app_session.py", line 750, in _create_new_session_message
    _populate_user_info_msg(imsg.user_info)
  File "/usr/local/lib/python3.12/site-packages/streamlit/runtime/app_session.py", line 1154, in _populate_user_info_msg
    inst = Installation.instance()
           ^^^^^^^^^^^^^^^^^^^^^^^
  File "/usr/local/lib/python3.12/site-packages/streamlit/runtime/metrics_util.py", line 228, in instance
    cls._instance = Installation()
                    ^^^^^^^^^^^^^^
  File "/usr/local/lib/python3.12/site-packages/streamlit/runtime/metrics_util.py", line 233, in __init__
    uuid.uuid5(uuid.NAMESPACE_DNS, _get_machine_id_v3())
                                   ^^^^^^^^^^^^^^^^^^^^
  File "/usr/local/lib/python3.12/site-packages/streamlit/runtime/metrics_util.py", line 173, in _get_machine_id_v3
    machine_id = f.read()
                 ^^^^^^^^
  File "<frozen codecs>", line 322, in decode
UnicodeDecodeError: 'utf-8' codec can't decode bytes in position 25-26: invalid continuation byte
Exception in callback AppSession._on_scriptrunner_event.<locals>.<lambda>() at /usr/local/lib/python3.12/site-packages/streamlit/runtime/app_session.py:519
handle: <Handle AppSession._on_scriptrunner_event.<locals>.<lambda>() at /usr/local/lib/python3.12/site-packages/streamlit/runtime/app_session.py:519>
Traceback (most recent call last):
  File "/usr/local/lib/python3.12/asyncio/events.py", line 88, in _run
    self._context.run(self._callback, *self._args)
  File "/usr/local/lib/python3.12/site-packages/streamlit/runtime/app_session.py", line 519, in <lambda>
    lambda: self._handle_scriptrunner_event_on_event_loop(
            ^^^^^^^^^^^^^^^^^^^^^^^^^^^^^^^^^^^^^^^^^^^^^^
  File "/usr/local/lib/python3.12/site-packages/streamlit/runtime/app_session.py", line 616, in _handle_scriptrunner_event_on_event_loop
    msg = self._create_new_session_message(
          ^^^^^^^^^^^^^^^^^^^^^^^^^^^^^^^^^
  File "/usr/local/lib/python3.12/site-packages/streamlit/runtime/app_session.py", line 750, in _create_new_session_message
    _populate_user_info_msg(imsg.user_info)
  File "/usr/local/lib/python3.12/site-packages/streamlit/runtime/app_session.py", line 1154, in _populate_user_info_msg
    inst = Installation.instance()
           ^^^^^^^^^^^^^^^^^^^^^^^
  File "/usr/local/lib/python3.12/site-packages/streamlit/runtime/metrics_util.py", line 228, in instance
    cls._instance = Installation()
                    ^^^^^^^^^^^^^^
  File "/usr/local/lib/python3.12/site-packages/streamlit/runtime/metrics_util.py", line 233, in __init__
    uuid.uuid5(uuid.NAMESPACE_DNS, _get_machine_id_v3())
                                   ^^^^^^^^^^^^^^^^^^^^
  File "/usr/local/lib/python3.12/site-packages/streamlit/runtime/metrics_util.py", line 173, in _get_machine_id_v3
    machine_id = f.read()
                 ^^^^^^^^
  File "<frozen codecs>", line 322, in decode
UnicodeDecodeError: 'utf-8' codec can't decode bytes in position 25-26: invalid continuation byte
Exception in callback AppSession._on_scriptrunner_event.<locals>.<lambda>() at /usr/local/lib/python3.12/site-packages/streamlit/runtime/app_session.py:519
handle: <Handle AppSession._on_scriptrunner_event.<locals>.<lambda>() at /usr/local/lib/python3.12/site-packages/streamlit/runtime/app_session.py:519>
Traceback (most recent call last):
  File "/usr/local/lib/python3.12/asyncio/events.py", line 88, in _run
    self._context.run(self._callback, *self._args)
  File "/usr/local/lib/python3.12/site-packages/streamlit/runtime/app_session.py", line 519, in <lambda>
    lambda: self._handle_scriptrunner_event_on_event_loop(
            ^^^^^^^^^^^^^^^^^^^^^^^^^^^^^^^^^^^^^^^^^^^^^^
  File "/usr/local/lib/python3.12/site-packages/streamlit/runtime/app_session.py", line 616, in _handle_scriptrunner_event_on_event_loop
    msg = self._create_new_session_message(
          ^^^^^^^^^^^^^^^^^^^^^^^^^^^^^^^^^
  File "/usr/local/lib/python3.12/site-packages/streamlit/runtime/app_session.py", line 750, in _create_new_session_message
    _populate_user_info_msg(imsg.user_info)
  File "/usr/local/lib/python3.12/site-packages/streamlit/runtime/app_session.py", line 1154, in _populate_user_info_msg
    inst = Installation.instance()
           ^^^^^^^^^^^^^^^^^^^^^^^
  File "/usr/local/lib/python3.12/site-packages/streamlit/runtime/metrics_util.py", line 228, in instance
    cls._instance = Installation()
                    ^^^^^^^^^^^^^^
  File "/usr/local/lib/python3.12/site-packages/streamlit/runtime/metrics_util.py", line 233, in __init__
    uuid.uuid5(uuid.NAMESPACE_DNS, _get_machine_id_v3())
                                   ^^^^^^^^^^^^^^^^^^^^
  File "/usr/local/lib/python3.12/site-packages/streamlit/runtime/metrics_util.py", line 173, in _get_machine_id_v3
    machine_id = f.read()
                 ^^^^^^^^
  File "<frozen codecs>", line 322, in decode
UnicodeDecodeError: 'utf-8' codec can't decode bytes in position 25-26: invalid continuation byte
Exception in callback AppSession._on_scriptrunner_event.<locals>.<lambda>() at /usr/local/lib/python3.12/site-packages/streamlit/runtime/app_session.py:519
handle: <Handle AppSession._on_scriptrunner_event.<locals>.<lambda>() at /usr/local/lib/python3.12/site-packages/streamlit/runtime/app_session.py:519>
Traceback (most recent call last):
  File "/usr/local/lib/python3.12/asyncio/events.py", line 88, in _run
    self._context.run(self._callback, *self._args)
  File "/usr/local/lib/python3.12/site-packages/streamlit/runtime/app_session.py", line 519, in <lambda>
    lambda: self._handle_scriptrunner_event_on_event_loop(
            ^^^^^^^^^^^^^^^^^^^^^^^^^^^^^^^^^^^^^^^^^^^^^^
  File "/usr/local/lib/python3.12/site-packages/streamlit/runtime/app_session.py", line 616, in _handle_scriptrunner_event_on_event_loop
    msg = self._create_new_session_message(
          ^^^^^^^^^^^^^^^^^^^^^^^^^^^^^^^^^
  File "/usr/local/lib/python3.12/site-packages/streamlit/runtime/app_session.py", line 750, in _create_new_session_message
    _populate_user_info_msg(imsg.user_info)
  File "/usr/local/lib/python3.12/site-packages/streamlit/runtime/app_session.py", line 1154, in _populate_user_info_msg
    inst = Installation.instance()
           ^^^^^^^^^^^^^^^^^^^^^^^
  File "/usr/local/lib/python3.12/site-packages/streamlit/runtime/metrics_util.py", line 228, in instance
    cls._instance = Installation()
                    ^^^^^^^^^^^^^^
  File "/usr/local/lib/python3.12/site-packages/streamlit/runtime/metrics_util.py", line 233, in __init__
    uuid.uuid5(uuid.NAMESPACE_DNS, _get_machine_id_v3())
                                   ^^^^^^^^^^^^^^^^^^^^
  File "/usr/local/lib/python3.12/site-packages/streamlit/runtime/metrics_util.py", line 173, in _get_machine_id_v3
    machine_id = f.read()
                 ^^^^^^^^
  File "<frozen codecs>", line 322, in decode
UnicodeDecodeError: 'utf-8' codec can't decode bytes in position 25-26: invalid continuation byte
Exception in callback AppSession._on_scriptrunner_event.<locals>.<lambda>() at /usr/local/lib/python3.12/site-packages/streamlit/runtime/app_session.py:519
handle: <Handle AppSession._on_scriptrunner_event.<locals>.<lambda>() at /usr/local/lib/python3.12/site-packages/streamlit/runtime/app_session.py:519>
Traceback (most recent call last):
  File "/usr/local/lib/python3.12/asyncio/events.py", line 88, in _run
    self._context.run(self._callback, *self._args)
  File "/usr/local/lib/python3.12/site-packages/streamlit/runtime/app_session.py", line 519, in <lambda>
    lambda: self._handle_scriptrunner_event_on_event_loop(
            ^^^^^^^^^^^^^^^^^^^^^^^^^^^^^^^^^^^^^^^^^^^^^^
  File "/usr/local/lib/python3.12/site-packages/streamlit/runtime/app_session.py", line 616, in _handle_scriptrunner_event_on_event_loop
    msg = self._create_new_session_message(
          ^^^^^^^^^^^^^^^^^^^^^^^^^^^^^^^^^
  File "/usr/local/lib/python3.12/site-packages/streamlit/runtime/app_session.py", line 750, in _create_new_session_message
    _populate_user_info_msg(imsg.user_info)
  File "/usr/local/lib/python3.12/site-packages/streamlit/runtime/app_session.py", line 1154, in _populate_user_info_msg
    inst = Installation.instance()
           ^^^^^^^^^^^^^^^^^^^^^^^
  File "/usr/local/lib/python3.12/site-packages/streamlit/runtime/metrics_util.py", line 228, in instance
    cls._instance = Installation()
                    ^^^^^^^^^^^^^^
  File "/usr/local/lib/python3.12/site-packages/streamlit/runtime/metrics_util.py", line 233, in __init__
    uuid.uuid5(uuid.NAMESPACE_DNS, _get_machine_id_v3())
                                   ^^^^^^^^^^^^^^^^^^^^
  File "/usr/local/lib/python3.12/site-packages/streamlit/runtime/metrics_util.py", line 173, in _get_machine_id_v3
    machine_id = f.read()
                 ^^^^^^^^
  File "<frozen codecs>", line 322, in decode
UnicodeDecodeError: 'utf-8' codec can't decode bytes in position 25-26: invalid continuation byte
Exception in callback AppSession._on_scriptrunner_event.<locals>.<lambda>() at /usr/local/lib/python3.12/site-packages/streamlit/runtime/app_session.py:519
handle: <Handle AppSession._on_scriptrunner_event.<locals>.<lambda>() at /usr/local/lib/python3.12/site-packages/streamlit/runtime/app_session.py:519>
Traceback (most recent call last):
  File "/usr/local/lib/python3.12/asyncio/events.py", line 88, in _run
    self._context.run(self._callback, *self._args)
  File "/usr/local/lib/python3.12/site-packages/streamlit/runtime/app_session.py", line 519, in <lambda>
    lambda: self._handle_scriptrunner_event_on_event_loop(
            ^^^^^^^^^^^^^^^^^^^^^^^^^^^^^^^^^^^^^^^^^^^^^^
  File "/usr/local/lib/python3.12/site-packages/streamlit/runtime/app_session.py", line 616, in _handle_scriptrunner_event_on_event_loop
    msg = self._create_new_session_message(
          ^^^^^^^^^^^^^^^^^^^^^^^^^^^^^^^^^
  File "/usr/local/lib/python3.12/site-packages/streamlit/runtime/app_session.py", line 750, in _create_new_session_message
    _populate_user_info_msg(imsg.user_info)
  File "/usr/local/lib/python3.12/site-packages/streamlit/runtime/app_session.py", line 1154, in _populate_user_info_msg
    inst = Installation.instance()
           ^^^^^^^^^^^^^^^^^^^^^^^
  File "/usr/local/lib/python3.12/site-packages/streamlit/runtime/metrics_util.py", line 228, in instance
    cls._instance = Installation()
                    ^^^^^^^^^^^^^^
  File "/usr/local/lib/python3.12/site-packages/streamlit/runtime/metrics_util.py", line 233, in __init__
    uuid.uuid5(uuid.NAMESPACE_DNS, _get_machine_id_v3())
                                   ^^^^^^^^^^^^^^^^^^^^
  File "/usr/local/lib/python3.12/site-packages/streamlit/runtime/metrics_util.py", line 173, in _get_machine_id_v3
    machine_id = f.read()
                 ^^^^^^^^
  File "<frozen codecs>", line 322, in decode
UnicodeDecodeError: 'utf-8' codec can't decode bytes in position 25-26: invalid continuation byte
Exception in callback AppSession._on_scriptrunner_event.<locals>.<lambda>() at /usr/local/lib/python3.12/site-packages/streamlit/runtime/app_session.py:519
handle: <Handle AppSession._on_scriptrunner_event.<locals>.<lambda>() at /usr/local/lib/python3.12/site-packages/streamlit/runtime/app_session.py:519>
Traceback (most recent call last):
  File "/usr/local/lib/python3.12/asyncio/events.py", line 88, in _run
    self._context.run(self._callback, *self._args)
  File "/usr/local/lib/python3.12/site-packages/streamlit/runtime/app_session.py", line 519, in <lambda>
    lambda: self._handle_scriptrunner_event_on_event_loop(
            ^^^^^^^^^^^^^^^^^^^^^^^^^^^^^^^^^^^^^^^^^^^^^^
  File "/usr/local/lib/python3.12/site-packages/streamlit/runtime/app_session.py", line 616, in _handle_scriptrunner_event_on_event_loop
    msg = self._create_new_session_message(
          ^^^^^^^^^^^^^^^^^^^^^^^^^^^^^^^^^
  File "/usr/local/lib/python3.12/site-packages/streamlit/runtime/app_session.py", line 750, in _create_new_session_message
    _populate_user_info_msg(imsg.user_info)
  File "/usr/local/lib/python3.12/site-packages/streamlit/runtime/app_session.py", line 1154, in _populate_user_info_msg
    inst = Installation.instance()
           ^^^^^^^^^^^^^^^^^^^^^^^
  File "/usr/local/lib/python3.12/site-packages/streamlit/runtime/metrics_util.py", line 228, in instance
    cls._instance = Installation()
                    ^^^^^^^^^^^^^^
  File "/usr/local/lib/python3.12/site-packages/streamlit/runtime/metrics_util.py", line 233, in __init__
    uuid.uuid5(uuid.NAMESPACE_DNS, _get_machine_id_v3())
                                   ^^^^^^^^^^^^^^^^^^^^
  File "/usr/local/lib/python3.12/site-packages/streamlit/runtime/metrics_util.py", line 173, in _get_machine_id_v3
    machine_id = f.read()
                 ^^^^^^^^
  File "<frozen codecs>", line 322, in decode
UnicodeDecodeError: 'utf-8' codec can't decode bytes in position 25-26: invalid continuation byte
Exception in callback AppSession._on_scriptrunner_event.<locals>.<lambda>() at /usr/local/lib/python3.12/site-packages/streamlit/runtime/app_session.py:519
handle: <Handle AppSession._on_scriptrunner_event.<locals>.<lambda>() at /usr/local/lib/python3.12/site-packages/streamlit/runtime/app_session.py:519>
Traceback (most recent call last):
  File "/usr/local/lib/python3.12/asyncio/events.py", line 88, in _run
    self._context.run(self._callback, *self._args)
  File "/usr/local/lib/python3.12/site-packages/streamlit/runtime/app_session.py", line 519, in <lambda>
    lambda: self._handle_scriptrunner_event_on_event_loop(
            ^^^^^^^^^^^^^^^^^^^^^^^^^^^^^^^^^^^^^^^^^^^^^^
  File "/usr/local/lib/python3.12/site-packages/streamlit/runtime/app_session.py", line 616, in _handle_scriptrunner_event_on_event_loop
    msg = self._create_new_session_message(
          ^^^^^^^^^^^^^^^^^^^^^^^^^^^^^^^^^
  File "/usr/local/lib/python3.12/site-packages/streamlit/runtime/app_session.py", line 750, in _create_new_session_message
    _populate_user_info_msg(imsg.user_info)
  File "/usr/local/lib/python3.12/site-packages/streamlit/runtime/app_session.py", line 1154, in _populate_user_info_msg
    inst = Installation.instance()
           ^^^^^^^^^^^^^^^^^^^^^^^
  File "/usr/local/lib/python3.12/site-packages/streamlit/runtime/metrics_util.py", line 228, in instance
    cls._instance = Installation()
                    ^^^^^^^^^^^^^^
  File "/usr/local/lib/python3.12/site-packages/streamlit/runtime/metrics_util.py", line 233, in __init__
    uuid.uuid5(uuid.NAMESPACE_DNS, _get_machine_id_v3())
                                   ^^^^^^^^^^^^^^^^^^^^
  File "/usr/local/lib/python3.12/site-packages/streamlit/runtime/metrics_util.py", line 173, in _get_machine_id_v3
    machine_id = f.read()
                 ^^^^^^^^
  File "<frozen codecs>", line 322, in decode
UnicodeDecodeError: 'utf-8' codec can't decode bytes in position 25-26: invalid continuation byte
Exception in callback AppSession._on_scriptrunner_event.<locals>.<lambda>() at /usr/local/lib/python3.12/site-packages/streamlit/runtime/app_session.py:519
handle: <Handle AppSession._on_scriptrunner_event.<locals>.<lambda>() at /usr/local/lib/python3.12/site-packages/streamlit/runtime/app_session.py:519>
Traceback (most recent call last):
  File "/usr/local/lib/python3.12/asyncio/events.py", line 88, in _run
    self._context.run(self._callback, *self._args)
  File "/usr/local/lib/python3.12/site-packages/streamlit/runtime/app_session.py", line 519, in <lambda>
    lambda: self._handle_scriptrunner_event_on_event_loop(
            ^^^^^^^^^^^^^^^^^^^^^^^^^^^^^^^^^^^^^^^^^^^^^^
  File "/usr/local/lib/python3.12/site-packages/streamlit/runtime/app_session.py", line 616, in _handle_scriptrunner_event_on_event_loop
    msg = self._create_new_session_message(
          ^^^^^^^^^^^^^^^^^^^^^^^^^^^^^^^^^
  File "/usr/local/lib/python3.12/site-packages/streamlit/runtime/app_session.py", line 750, in _create_new_session_message
    _populate_user_info_msg(imsg.user_info)
  File "/usr/local/lib/python3.12/site-packages/streamlit/runtime/app_session.py", line 1154, in _populate_user_info_msg
    inst = Installation.instance()
           ^^^^^^^^^^^^^^^^^^^^^^^
  File "/usr/local/lib/python3.12/site-packages/streamlit/runtime/metrics_util.py", line 228, in instance
    cls._instance = Installation()
                    ^^^^^^^^^^^^^^
  File "/usr/local/lib/python3.12/site-packages/streamlit/runtime/metrics_util.py", line 233, in __init__
    uuid.uuid5(uuid.NAMESPACE_DNS, _get_machine_id_v3())
                                   ^^^^^^^^^^^^^^^^^^^^
  File "/usr/local/lib/python3.12/site-packages/streamlit/runtime/metrics_util.py", line 173, in _get_machine_id_v3
    machine_id = f.read()
                 ^^^^^^^^
  File "<frozen codecs>", line 322, in decode
UnicodeDecodeError: 'utf-8' codec can't decode bytes in position 25-26: invalid continuation byte
Exception in callback AppSession._on_scriptrunner_event.<locals>.<lambda>() at /usr/local/lib/python3.12/site-packages/streamlit/runtime/app_session.py:519
handle: <Handle AppSession._on_scriptrunner_event.<locals>.<lambda>() at /usr/local/lib/python3.12/site-packages/streamlit/runtime/app_session.py:519>
Traceback (most recent call last):
  File "/usr/local/lib/python3.12/asyncio/events.py", line 88, in _run
    self._context.run(self._callback, *self._args)
  File "/usr/local/lib/python3.12/site-packages/streamlit/runtime/app_session.py", line 519, in <lambda>
    lambda: self._handle_scriptrunner_event_on_event_loop(
            ^^^^^^^^^^^^^^^^^^^^^^^^^^^^^^^^^^^^^^^^^^^^^^
  File "/usr/local/lib/python3.12/site-packages/streamlit/runtime/app_session.py", line 616, in _handle_scriptrunner_event_on_event_loop
    msg = self._create_new_session_message(
          ^^^^^^^^^^^^^^^^^^^^^^^^^^^^^^^^^
  File "/usr/local/lib/python3.12/site-packages/streamlit/runtime/app_session.py", line 750, in _create_new_session_message
    _populate_user_info_msg(imsg.user_info)
  File "/usr/local/lib/python3.12/site-packages/streamlit/runtime/app_session.py", line 1154, in _populate_user_info_msg
    inst = Installation.instance()
           ^^^^^^^^^^^^^^^^^^^^^^^
  File "/usr/local/lib/python3.12/site-packages/streamlit/runtime/metrics_util.py", line 228, in instance
    cls._instance = Installation()
                    ^^^^^^^^^^^^^^
  File "/usr/local/lib/python3.12/site-packages/streamlit/runtime/metrics_util.py", line 233, in __init__
    uuid.uuid5(uuid.NAMESPACE_DNS, _get_machine_id_v3())
                                   ^^^^^^^^^^^^^^^^^^^^
  File "/usr/local/lib/python3.12/site-packages/streamlit/runtime/metrics_util.py", line 173, in _get_machine_id_v3
    machine_id = f.read()
                 ^^^^^^^^
  File "<frozen codecs>", line 322, in decode
UnicodeDecodeError: 'utf-8' codec can't decode bytes in position 25-26: invalid continuation byte
Exception in callback AppSession._on_scriptrunner_event.<locals>.<lambda>() at /usr/local/lib/python3.12/site-packages/streamlit/runtime/app_session.py:519
handle: <Handle AppSession._on_scriptrunner_event.<locals>.<lambda>() at /usr/local/lib/python3.12/site-packages/streamlit/runtime/app_session.py:519>
Traceback (most recent call last):
  File "/usr/local/lib/python3.12/asyncio/events.py", line 88, in _run
    self._context.run(self._callback, *self._args)
  File "/usr/local/lib/python3.12/site-packages/streamlit/runtime/app_session.py", line 519, in <lambda>
    lambda: self._handle_scriptrunner_event_on_event_loop(
            ^^^^^^^^^^^^^^^^^^^^^^^^^^^^^^^^^^^^^^^^^^^^^^
  File "/usr/local/lib/python3.12/site-packages/streamlit/runtime/app_session.py", line 616, in _handle_scriptrunner_event_on_event_loop
    msg = self._create_new_session_message(
          ^^^^^^^^^^^^^^^^^^^^^^^^^^^^^^^^^
  File "/usr/local/lib/python3.12/site-packages/streamlit/runtime/app_session.py", line 750, in _create_new_session_message
    _populate_user_info_msg(imsg.user_info)
  File "/usr/local/lib/python3.12/site-packages/streamlit/runtime/app_session.py", line 1154, in _populate_user_info_msg
    inst = Installation.instance()
           ^^^^^^^^^^^^^^^^^^^^^^^
  File "/usr/local/lib/python3.12/site-packages/streamlit/runtime/metrics_util.py", line 228, in instance
    cls._instance = Installation()
                    ^^^^^^^^^^^^^^
  File "/usr/local/lib/python3.12/site-packages/streamlit/runtime/metrics_util.py", line 233, in __init__
    uuid.uuid5(uuid.NAMESPACE_DNS, _get_machine_id_v3())
                                   ^^^^^^^^^^^^^^^^^^^^
  File "/usr/local/lib/python3.12/site-packages/streamlit/runtime/metrics_util.py", line 173, in _get_machine_id_v3
    machine_id = f.read()
                 ^^^^^^^^
  File "<frozen codecs>", line 322, in decode
UnicodeDecodeError: 'utf-8' codec can't decode bytes in position 25-26: invalid continuation byte
Exception in callback AppSession._on_scriptrunner_event.<locals>.<lambda>() at /usr/local/lib/python3.12/site-packages/streamlit/runtime/app_session.py:519
handle: <Handle AppSession._on_scriptrunner_event.<locals>.<lambda>() at /usr/local/lib/python3.12/site-packages/streamlit/runtime/app_session.py:519>
Traceback (most recent call last):
  File "/usr/local/lib/python3.12/asyncio/events.py", line 88, in _run
    self._context.run(self._callback, *self._args)
  File "/usr/local/lib/python3.12/site-packages/streamlit/runtime/app_session.py", line 519, in <lambda>
    lambda: self._handle_scriptrunner_event_on_event_loop(
            ^^^^^^^^^^^^^^^^^^^^^^^^^^^^^^^^^^^^^^^^^^^^^^
  File "/usr/local/lib/python3.12/site-packages/streamlit/runtime/app_session.py", line 616, in _handle_scriptrunner_event_on_event_loop
    msg = self._create_new_session_message(
          ^^^^^^^^^^^^^^^^^^^^^^^^^^^^^^^^^
  File "/usr/local/lib/python3.12/site-packages/streamlit/runtime/app_session.py", line 750, in _create_new_session_message
    _populate_user_info_msg(imsg.user_info)
  File "/usr/local/lib/python3.12/site-packages/streamlit/runtime/app_session.py", line 1154, in _populate_user_info_msg
    inst = Installation.instance()
           ^^^^^^^^^^^^^^^^^^^^^^^
  File "/usr/local/lib/python3.12/site-packages/streamlit/runtime/metrics_util.py", line 228, in instance
    cls._instance = Installation()
                    ^^^^^^^^^^^^^^
  File "/usr/local/lib/python3.12/site-packages/streamlit/runtime/metrics_util.py", line 233, in __init__
    uuid.uuid5(uuid.NAMESPACE_DNS, _get_machine_id_v3())
                                   ^^^^^^^^^^^^^^^^^^^^
  File "/usr/local/lib/python3.12/site-packages/streamlit/runtime/metrics_util.py", line 173, in _get_machine_id_v3
    machine_id = f.read()
                 ^^^^^^^^
  File "<frozen codecs>", line 322, in decode
UnicodeDecodeError: 'utf-8' codec can't decode bytes in position 25-26: invalid continuation byte
Exception in callback AppSession._on_scriptrunner_event.<locals>.<lambda>() at /usr/local/lib/python3.12/site-packages/streamlit/runtime/app_session.py:519
handle: <Handle AppSession._on_scriptrunner_event.<locals>.<lambda>() at /usr/local/lib/python3.12/site-packages/streamlit/runtime/app_session.py:519>
Traceback (most recent call last):
  File "/usr/local/lib/python3.12/asyncio/events.py", line 88, in _run
    self._context.run(self._callback, *self._args)
  File "/usr/local/lib/python3.12/site-packages/streamlit/runtime/app_session.py", line 519, in <lambda>
    lambda: self._handle_scriptrunner_event_on_event_loop(
            ^^^^^^^^^^^^^^^^^^^^^^^^^^^^^^^^^^^^^^^^^^^^^^
  File "/usr/local/lib/python3.12/site-packages/streamlit/runtime/app_session.py", line 616, in _handle_scriptrunner_event_on_event_loop
    msg = self._create_new_session_message(
          ^^^^^^^^^^^^^^^^^^^^^^^^^^^^^^^^^
  File "/usr/local/lib/python3.12/site-packages/streamlit/runtime/app_session.py", line 750, in _create_new_session_message
    _populate_user_info_msg(imsg.user_info)
  File "/usr/local/lib/python3.12/site-packages/streamlit/runtime/app_session.py", line 1154, in _populate_user_info_msg
    inst = Installation.instance()
           ^^^^^^^^^^^^^^^^^^^^^^^
  File "/usr/local/lib/python3.12/site-packages/streamlit/runtime/metrics_util.py", line 228, in instance
    cls._instance = Installation()
                    ^^^^^^^^^^^^^^
  File "/usr/local/lib/python3.12/site-packages/streamlit/runtime/metrics_util.py", line 233, in __init__
    uuid.uuid5(uuid.NAMESPACE_DNS, _get_machine_id_v3())
                                   ^^^^^^^^^^^^^^^^^^^^
  File "/usr/local/lib/python3.12/site-packages/streamlit/runtime/metrics_util.py", line 173, in _get_machine_id_v3
    machine_id = f.read()
                 ^^^^^^^^
  File "<frozen codecs>", line 322, in decode
UnicodeDecodeError: 'utf-8' codec can't decode bytes in position 25-26: invalid continuation byte
Exception in callback AppSession._on_scriptrunner_event.<locals>.<lambda>() at /usr/local/lib/python3.12/site-packages/streamlit/runtime/app_session.py:519
handle: <Handle AppSession._on_scriptrunner_event.<locals>.<lambda>() at /usr/local/lib/python3.12/site-packages/streamlit/runtime/app_session.py:519>
Traceback (most recent call last):
  File "/usr/local/lib/python3.12/asyncio/events.py", line 88, in _run
    self._context.run(self._callback, *self._args)
  File "/usr/local/lib/python3.12/site-packages/streamlit/runtime/app_session.py", line 519, in <lambda>
    lambda: self._handle_scriptrunner_event_on_event_loop(
            ^^^^^^^^^^^^^^^^^^^^^^^^^^^^^^^^^^^^^^^^^^^^^^
  File "/usr/local/lib/python3.12/site-packages/streamlit/runtime/app_session.py", line 616, in _handle_scriptrunner_event_on_event_loop
    msg = self._create_new_session_message(
          ^^^^^^^^^^^^^^^^^^^^^^^^^^^^^^^^^
  File "/usr/local/lib/python3.12/site-packages/streamlit/runtime/app_session.py", line 750, in _create_new_session_message
    _populate_user_info_msg(imsg.user_info)
  File "/usr/local/lib/python3.12/site-packages/streamlit/runtime/app_session.py", line 1154, in _populate_user_info_msg
    inst = Installation.instance()
           ^^^^^^^^^^^^^^^^^^^^^^^
  File "/usr/local/lib/python3.12/site-packages/streamlit/runtime/metrics_util.py", line 228, in instance
    cls._instance = Installation()
                    ^^^^^^^^^^^^^^
  File "/usr/local/lib/python3.12/site-packages/streamlit/runtime/metrics_util.py", line 233, in __init__
    uuid.uuid5(uuid.NAMESPACE_DNS, _get_machine_id_v3())
                                   ^^^^^^^^^^^^^^^^^^^^
  File "/usr/local/lib/python3.12/site-packages/streamlit/runtime/metrics_util.py", line 173, in _get_machine_id_v3
    machine_id = f.read()
                 ^^^^^^^^
  File "<frozen codecs>", line 322, in decode
UnicodeDecodeError: 'utf-8' codec can't decode bytes in position 25-26: invalid continuation byte
Exception in callback AppSession._on_scriptrunner_event.<locals>.<lambda>() at /usr/local/lib/python3.12/site-packages/streamlit/runtime/app_session.py:519
handle: <Handle AppSession._on_scriptrunner_event.<locals>.<lambda>() at /usr/local/lib/python3.12/site-packages/streamlit/runtime/app_session.py:519>
Traceback (most recent call last):
  File "/usr/local/lib/python3.12/asyncio/events.py", line 88, in _run
    self._context.run(self._callback, *self._args)
  File "/usr/local/lib/python3.12/site-packages/streamlit/runtime/app_session.py", line 519, in <lambda>
    lambda: self._handle_scriptrunner_event_on_event_loop(
            ^^^^^^^^^^^^^^^^^^^^^^^^^^^^^^^^^^^^^^^^^^^^^^
  File "/usr/local/lib/python3.12/site-packages/streamlit/runtime/app_session.py", line 616, in _handle_scriptrunner_event_on_event_loop
    msg = self._create_new_session_message(
          ^^^^^^^^^^^^^^^^^^^^^^^^^^^^^^^^^
  File "/usr/local/lib/python3.12/site-packages/streamlit/runtime/app_session.py", line 750, in _create_new_session_message
    _populate_user_info_msg(imsg.user_info)
  File "/usr/local/lib/python3.12/site-packages/streamlit/runtime/app_session.py", line 1154, in _populate_user_info_msg
    inst = Installation.instance()
           ^^^^^^^^^^^^^^^^^^^^^^^
  File "/usr/local/lib/python3.12/site-packages/streamlit/runtime/metrics_util.py", line 228, in instance
    cls._instance = Installation()
                    ^^^^^^^^^^^^^^
  File "/usr/local/lib/python3.12/site-packages/streamlit/runtime/metrics_util.py", line 233, in __init__
    uuid.uuid5(uuid.NAMESPACE_DNS, _get_machine_id_v3())
                                   ^^^^^^^^^^^^^^^^^^^^
  File "/usr/local/lib/python3.12/site-packages/streamlit/runtime/metrics_util.py", line 173, in _get_machine_id_v3
    machine_id = f.read()
                 ^^^^^^^^
  File "<frozen codecs>", line 322, in decode
UnicodeDecodeError: 'utf-8' codec can't decode bytes in position 25-26: invalid continuation byte
Exception in callback AppSession._on_scriptrunner_event.<locals>.<lambda>() at /usr/local/lib/python3.12/site-packages/streamlit/runtime/app_session.py:519
handle: <Handle AppSession._on_scriptrunner_event.<locals>.<lambda>() at /usr/local/lib/python3.12/site-packages/streamlit/runtime/app_session.py:519>
Traceback (most recent call last):
  File "/usr/local/lib/python3.12/asyncio/events.py", line 88, in _run
    self._context.run(self._callback, *self._args)
  File "/usr/local/lib/python3.12/site-packages/streamlit/runtime/app_session.py", line 519, in <lambda>
    lambda: self._handle_scriptrunner_event_on_event_loop(
            ^^^^^^^^^^^^^^^^^^^^^^^^^^^^^^^^^^^^^^^^^^^^^^
  File "/usr/local/lib/python3.12/site-packages/streamlit/runtime/app_session.py", line 616, in _handle_scriptrunner_event_on_event_loop
    msg = self._create_new_session_message(
          ^^^^^^^^^^^^^^^^^^^^^^^^^^^^^^^^^
  File "/usr/local/lib/python3.12/site-packages/streamlit/runtime/app_session.py", line 750, in _create_new_session_message
    _populate_user_info_msg(imsg.user_info)
  File "/usr/local/lib/python3.12/site-packages/streamlit/runtime/app_session.py", line 1154, in _populate_user_info_msg
    inst = Installation.instance()
           ^^^^^^^^^^^^^^^^^^^^^^^
  File "/usr/local/lib/python3.12/site-packages/streamlit/runtime/metrics_util.py", line 228, in instance
    cls._instance = Installation()
                    ^^^^^^^^^^^^^^
  File "/usr/local/lib/python3.12/site-packages/streamlit/runtime/metrics_util.py", line 233, in __init__
    uuid.uuid5(uuid.NAMESPACE_DNS, _get_machine_id_v3())
                                   ^^^^^^^^^^^^^^^^^^^^
  File "/usr/local/lib/python3.12/site-packages/streamlit/runtime/metrics_util.py", line 173, in _get_machine_id_v3
    machine_id = f.read()
                 ^^^^^^^^
  File "<frozen codecs>", line 322, in decode
UnicodeDecodeError: 'utf-8' codec can't decode bytes in position 25-26: invalid continuation byte
Exception in callback AppSession._on_scriptrunner_event.<locals>.<lambda>() at /usr/local/lib/python3.12/site-packages/streamlit/runtime/app_session.py:519
handle: <Handle AppSession._on_scriptrunner_event.<locals>.<lambda>() at /usr/local/lib/python3.12/site-packages/streamlit/runtime/app_session.py:519>
Traceback (most recent call last):
  File "/usr/local/lib/python3.12/asyncio/events.py", line 88, in _run
    self._context.run(self._callback, *self._args)
  File "/usr/local/lib/python3.12/site-packages/streamlit/runtime/app_session.py", line 519, in <lambda>
    lambda: self._handle_scriptrunner_event_on_event_loop(
            ^^^^^^^^^^^^^^^^^^^^^^^^^^^^^^^^^^^^^^^^^^^^^^
  File "/usr/local/lib/python3.12/site-packages/streamlit/runtime/app_session.py", line 616, in _handle_scriptrunner_event_on_event_loop
    msg = self._create_new_session_message(
          ^^^^^^^^^^^^^^^^^^^^^^^^^^^^^^^^^
  File "/usr/local/lib/python3.12/site-packages/streamlit/runtime/app_session.py", line 750, in _create_new_session_message
    _populate_user_info_msg(imsg.user_info)
  File "/usr/local/lib/python3.12/site-packages/streamlit/runtime/app_session.py", line 1154, in _populate_user_info_msg
    inst = Installation.instance()
           ^^^^^^^^^^^^^^^^^^^^^^^
  File "/usr/local/lib/python3.12/site-packages/streamlit/runtime/metrics_util.py", line 228, in instance
    cls._instance = Installation()
                    ^^^^^^^^^^^^^^
  File "/usr/local/lib/python3.12/site-packages/streamlit/runtime/metrics_util.py", line 233, in __init__
    uuid.uuid5(uuid.NAMESPACE_DNS, _get_machine_id_v3())
                                   ^^^^^^^^^^^^^^^^^^^^
  File "/usr/local/lib/python3.12/site-packages/streamlit/runtime/metrics_util.py", line 173, in _get_machine_id_v3
    machine_id = f.read()
                 ^^^^^^^^
  File "<frozen codecs>", line 322, in decode
UnicodeDecodeError: 'utf-8' codec can't decode bytes in position 25-26: invalid continuation byte
Exception in callback AppSession._on_scriptrunner_event.<locals>.<lambda>() at /usr/local/lib/python3.12/site-packages/streamlit/runtime/app_session.py:519
handle: <Handle AppSession._on_scriptrunner_event.<locals>.<lambda>() at /usr/local/lib/python3.12/site-packages/streamlit/runtime/app_session.py:519>
Traceback (most recent call last):
  File "/usr/local/lib/python3.12/asyncio/events.py", line 88, in _run
    self._context.run(self._callback, *self._args)
  File "/usr/local/lib/python3.12/site-packages/streamlit/runtime/app_session.py", line 519, in <lambda>
    lambda: self._handle_scriptrunner_event_on_event_loop(
            ^^^^^^^^^^^^^^^^^^^^^^^^^^^^^^^^^^^^^^^^^^^^^^
  File "/usr/local/lib/python3.12/site-packages/streamlit/runtime/app_session.py", line 616, in _handle_scriptrunner_event_on_event_loop
    msg = self._create_new_session_message(
          ^^^^^^^^^^^^^^^^^^^^^^^^^^^^^^^^^
  File "/usr/local/lib/python3.12/site-packages/streamlit/runtime/app_session.py", line 750, in _create_new_session_message
    _populate_user_info_msg(imsg.user_info)
  File "/usr/local/lib/python3.12/site-packages/streamlit/runtime/app_session.py", line 1154, in _populate_user_info_msg
    inst = Installation.instance()
           ^^^^^^^^^^^^^^^^^^^^^^^
  File "/usr/local/lib/python3.12/site-packages/streamlit/runtime/metrics_util.py", line 228, in instance
    cls._instance = Installation()
                    ^^^^^^^^^^^^^^
  File "/usr/local/lib/python3.12/site-packages/streamlit/runtime/metrics_util.py", line 233, in __init__
    uuid.uuid5(uuid.NAMESPACE_DNS, _get_machine_id_v3())
                                   ^^^^^^^^^^^^^^^^^^^^
  File "/usr/local/lib/python3.12/site-packages/streamlit/runtime/metrics_util.py", line 173, in _get_machine_id_v3
    machine_id = f.read()
                 ^^^^^^^^
  File "<frozen codecs>", line 322, in decode
UnicodeDecodeError: 'utf-8' codec can't decode bytes in position 25-26: invalid continuation byte
Exception in callback AppSession._on_scriptrunner_event.<locals>.<lambda>() at /usr/local/lib/python3.12/site-packages/streamlit/runtime/app_session.py:519
handle: <Handle AppSession._on_scriptrunner_event.<locals>.<lambda>() at /usr/local/lib/python3.12/site-packages/streamlit/runtime/app_session.py:519>
Traceback (most recent call last):
  File "/usr/local/lib/python3.12/asyncio/events.py", line 88, in _run
    self._context.run(self._callback, *self._args)
  File "/usr/local/lib/python3.12/site-packages/streamlit/runtime/app_session.py", line 519, in <lambda>
    lambda: self._handle_scriptrunner_event_on_event_loop(
            ^^^^^^^^^^^^^^^^^^^^^^^^^^^^^^^^^^^^^^^^^^^^^^
  File "/usr/local/lib/python3.12/site-packages/streamlit/runtime/app_session.py", line 616, in _handle_scriptrunner_event_on_event_loop
    msg = self._create_new_session_message(
          ^^^^^^^^^^^^^^^^^^^^^^^^^^^^^^^^^
  File "/usr/local/lib/python3.12/site-packages/streamlit/runtime/app_session.py", line 750, in _create_new_session_message
    _populate_user_info_msg(imsg.user_info)
  File "/usr/local/lib/python3.12/site-packages/streamlit/runtime/app_session.py", line 1154, in _populate_user_info_msg
    inst = Installation.instance()
           ^^^^^^^^^^^^^^^^^^^^^^^
  File "/usr/local/lib/python3.12/site-packages/streamlit/runtime/metrics_util.py", line 228, in instance
    cls._instance = Installation()
                    ^^^^^^^^^^^^^^
  File "/usr/local/lib/python3.12/site-packages/streamlit/runtime/metrics_util.py", line 233, in __init__
    uuid.uuid5(uuid.NAMESPACE_DNS, _get_machine_id_v3())
                                   ^^^^^^^^^^^^^^^^^^^^
  File "/usr/local/lib/python3.12/site-packages/streamlit/runtime/metrics_util.py", line 173, in _get_machine_id_v3
    machine_id = f.read()
                 ^^^^^^^^
  File "<frozen codecs>", line 322, in decode
UnicodeDecodeError: 'utf-8' codec can't decode bytes in position 25-26: invalid continuation byte
Exception in callback AppSession._on_scriptrunner_event.<locals>.<lambda>() at /usr/local/lib/python3.12/site-packages/streamlit/runtime/app_session.py:519
handle: <Handle AppSession._on_scriptrunner_event.<locals>.<lambda>() at /usr/local/lib/python3.12/site-packages/streamlit/runtime/app_session.py:519>
Traceback (most recent call last):
  File "/usr/local/lib/python3.12/asyncio/events.py", line 88, in _run
    self._context.run(self._callback, *self._args)
  File "/usr/local/lib/python3.12/site-packages/streamlit/runtime/app_session.py", line 519, in <lambda>
    lambda: self._handle_scriptrunner_event_on_event_loop(
            ^^^^^^^^^^^^^^^^^^^^^^^^^^^^^^^^^^^^^^^^^^^^^^
  File "/usr/local/lib/python3.12/site-packages/streamlit/runtime/app_session.py", line 616, in _handle_scriptrunner_event_on_event_loop
    msg = self._create_new_session_message(
          ^^^^^^^^^^^^^^^^^^^^^^^^^^^^^^^^^
  File "/usr/local/lib/python3.12/site-packages/streamlit/runtime/app_session.py", line 750, in _create_new_session_message
    _populate_user_info_msg(imsg.user_info)
  File "/usr/local/lib/python3.12/site-packages/streamlit/runtime/app_session.py", line 1154, in _populate_user_info_msg
    inst = Installation.instance()
           ^^^^^^^^^^^^^^^^^^^^^^^
  File "/usr/local/lib/python3.12/site-packages/streamlit/runtime/metrics_util.py", line 228, in instance
    cls._instance = Installation()
                    ^^^^^^^^^^^^^^
  File "/usr/local/lib/python3.12/site-packages/streamlit/runtime/metrics_util.py", line 233, in __init__
    uuid.uuid5(uuid.NAMESPACE_DNS, _get_machine_id_v3())
                                   ^^^^^^^^^^^^^^^^^^^^
  File "/usr/local/lib/python3.12/site-packages/streamlit/runtime/metrics_util.py", line 173, in _get_machine_id_v3
    machine_id = f.read()
                 ^^^^^^^^
  File "<frozen codecs>", line 322, in decode
UnicodeDecodeError: 'utf-8' codec can't decode bytes in position 25-26: invalid continuation byte
Exception in callback AppSession._on_scriptrunner_event.<locals>.<lambda>() at /usr/local/lib/python3.12/site-packages/streamlit/runtime/app_session.py:519
handle: <Handle AppSession._on_scriptrunner_event.<locals>.<lambda>() at /usr/local/lib/python3.12/site-packages/streamlit/runtime/app_session.py:519>
Traceback (most recent call last):
  File "/usr/local/lib/python3.12/asyncio/events.py", line 88, in _run
    self._context.run(self._callback, *self._args)
  File "/usr/local/lib/python3.12/site-packages/streamlit/runtime/app_session.py", line 519, in <lambda>
    lambda: self._handle_scriptrunner_event_on_event_loop(
            ^^^^^^^^^^^^^^^^^^^^^^^^^^^^^^^^^^^^^^^^^^^^^^
  File "/usr/local/lib/python3.12/site-packages/streamlit/runtime/app_session.py", line 616, in _handle_scriptrunner_event_on_event_loop
    msg = self._create_new_session_message(
          ^^^^^^^^^^^^^^^^^^^^^^^^^^^^^^^^^
  File "/usr/local/lib/python3.12/site-packages/streamlit/runtime/app_session.py", line 750, in _create_new_session_message
    _populate_user_info_msg(imsg.user_info)
  File "/usr/local/lib/python3.12/site-packages/streamlit/runtime/app_session.py", line 1154, in _populate_user_info_msg
    inst = Installation.instance()
           ^^^^^^^^^^^^^^^^^^^^^^^
  File "/usr/local/lib/python3.12/site-packages/streamlit/runtime/metrics_util.py", line 228, in instance
    cls._instance = Installation()
                    ^^^^^^^^^^^^^^
  File "/usr/local/lib/python3.12/site-packages/streamlit/runtime/metrics_util.py", line 233, in __init__
    uuid.uuid5(uuid.NAMESPACE_DNS, _get_machine_id_v3())
                                   ^^^^^^^^^^^^^^^^^^^^
  File "/usr/local/lib/python3.12/site-packages/streamlit/runtime/metrics_util.py", line 173, in _get_machine_id_v3
    machine_id = f.read()
                 ^^^^^^^^
  File "<frozen codecs>", line 322, in decode
UnicodeDecodeError: 'utf-8' codec can't decode bytes in position 25-26: invalid continuation byte
Exception in callback AppSession._on_scriptrunner_event.<locals>.<lambda>() at /usr/local/lib/python3.12/site-packages/streamlit/runtime/app_session.py:519
handle: <Handle AppSession._on_scriptrunner_event.<locals>.<lambda>() at /usr/local/lib/python3.12/site-packages/streamlit/runtime/app_session.py:519>
Traceback (most recent call last):
  File "/usr/local/lib/python3.12/asyncio/events.py", line 88, in _run
    self._context.run(self._callback, *self._args)
  File "/usr/local/lib/python3.12/site-packages/streamlit/runtime/app_session.py", line 519, in <lambda>
    lambda: self._handle_scriptrunner_event_on_event_loop(
            ^^^^^^^^^^^^^^^^^^^^^^^^^^^^^^^^^^^^^^^^^^^^^^
  File "/usr/local/lib/python3.12/site-packages/streamlit/runtime/app_session.py", line 616, in _handle_scriptrunner_event_on_event_loop
    msg = self._create_new_session_message(
          ^^^^^^^^^^^^^^^^^^^^^^^^^^^^^^^^^
  File "/usr/local/lib/python3.12/site-packages/streamlit/runtime/app_session.py", line 750, in _create_new_session_message
    _populate_user_info_msg(imsg.user_info)
  File "/usr/local/lib/python3.12/site-packages/streamlit/runtime/app_session.py", line 1154, in _populate_user_info_msg
    inst = Installation.instance()
           ^^^^^^^^^^^^^^^^^^^^^^^
  File "/usr/local/lib/python3.12/site-packages/streamlit/runtime/metrics_util.py", line 228, in instance
    cls._instance = Installation()
                    ^^^^^^^^^^^^^^
  File "/usr/local/lib/python3.12/site-packages/streamlit/runtime/metrics_util.py", line 233, in __init__
    uuid.uuid5(uuid.NAMESPACE_DNS, _get_machine_id_v3())
                                   ^^^^^^^^^^^^^^^^^^^^
  File "/usr/local/lib/python3.12/site-packages/streamlit/runtime/metrics_util.py", line 173, in _get_machine_id_v3
    machine_id = f.read()
                 ^^^^^^^^
  File "<frozen codecs>", line 322, in decode
UnicodeDecodeError: 'utf-8' codec can't decode bytes in position 25-26: invalid continuation byte
Exception in callback AppSession._on_scriptrunner_event.<locals>.<lambda>() at /usr/local/lib/python3.12/site-packages/streamlit/runtime/app_session.py:519
handle: <Handle AppSession._on_scriptrunner_event.<locals>.<lambda>() at /usr/local/lib/python3.12/site-packages/streamlit/runtime/app_session.py:519>
Traceback (most recent call last):
  File "/usr/local/lib/python3.12/asyncio/events.py", line 88, in _run
    self._context.run(self._callback, *self._args)
  File "/usr/local/lib/python3.12/site-packages/streamlit/runtime/app_session.py", line 519, in <lambda>
    lambda: self._handle_scriptrunner_event_on_event_loop(
            ^^^^^^^^^^^^^^^^^^^^^^^^^^^^^^^^^^^^^^^^^^^^^^
  File "/usr/local/lib/python3.12/site-packages/streamlit/runtime/app_session.py", line 616, in _handle_scriptrunner_event_on_event_loop
    msg = self._create_new_session_message(
          ^^^^^^^^^^^^^^^^^^^^^^^^^^^^^^^^^
  File "/usr/local/lib/python3.12/site-packages/streamlit/runtime/app_session.py", line 750, in _create_new_session_message
    _populate_user_info_msg(imsg.user_info)
  File "/usr/local/lib/python3.12/site-packages/streamlit/runtime/app_session.py", line 1154, in _populate_user_info_msg
    inst = Installation.instance()
           ^^^^^^^^^^^^^^^^^^^^^^^
  File "/usr/local/lib/python3.12/site-packages/streamlit/runtime/metrics_util.py", line 228, in instance
    cls._instance = Installation()
                    ^^^^^^^^^^^^^^
  File "/usr/local/lib/python3.12/site-packages/streamlit/runtime/metrics_util.py", line 233, in __init__
    uuid.uuid5(uuid.NAMESPACE_DNS, _get_machine_id_v3())
                                   ^^^^^^^^^^^^^^^^^^^^
  File "/usr/local/lib/python3.12/site-packages/streamlit/runtime/metrics_util.py", line 173, in _get_machine_id_v3
    machine_id = f.read()
                 ^^^^^^^^
  File "<frozen codecs>", line 322, in decode
UnicodeDecodeError: 'utf-8' codec can't decode bytes in position 25-26: invalid continuation byte
Exception in callback AppSession._on_scriptrunner_event.<locals>.<lambda>() at /usr/local/lib/python3.12/site-packages/streamlit/runtime/app_session.py:519
handle: <Handle AppSession._on_scriptrunner_event.<locals>.<lambda>() at /usr/local/lib/python3.12/site-packages/streamlit/runtime/app_session.py:519>
Traceback (most recent call last):
  File "/usr/local/lib/python3.12/asyncio/events.py", line 88, in _run
    self._context.run(self._callback, *self._args)
  File "/usr/local/lib/python3.12/site-packages/streamlit/runtime/app_session.py", line 519, in <lambda>
    lambda: self._handle_scriptrunner_event_on_event_loop(
            ^^^^^^^^^^^^^^^^^^^^^^^^^^^^^^^^^^^^^^^^^^^^^^
  File "/usr/local/lib/python3.12/site-packages/streamlit/runtime/app_session.py", line 616, in _handle_scriptrunner_event_on_event_loop
    msg = self._create_new_session_message(
          ^^^^^^^^^^^^^^^^^^^^^^^^^^^^^^^^^
  File "/usr/local/lib/python3.12/site-packages/streamlit/runtime/app_session.py", line 750, in _create_new_session_message
    _populate_user_info_msg(imsg.user_info)
  File "/usr/local/lib/python3.12/site-packages/streamlit/runtime/app_session.py", line 1154, in _populate_user_info_msg
    inst = Installation.instance()
           ^^^^^^^^^^^^^^^^^^^^^^^
  File "/usr/local/lib/python3.12/site-packages/streamlit/runtime/metrics_util.py", line 228, in instance
    cls._instance = Installation()
                    ^^^^^^^^^^^^^^
  File "/usr/local/lib/python3.12/site-packages/streamlit/runtime/metrics_util.py", line 233, in __init__
    uuid.uuid5(uuid.NAMESPACE_DNS, _get_machine_id_v3())
                                   ^^^^^^^^^^^^^^^^^^^^
  File "/usr/local/lib/python3.12/site-packages/streamlit/runtime/metrics_util.py", line 173, in _get_machine_id_v3
    machine_id = f.read()
                 ^^^^^^^^
  File "<frozen codecs>", line 322, in decode
UnicodeDecodeError: 'utf-8' codec can't decode bytes in position 25-26: invalid continuation byte
Exception in callback AppSession._on_scriptrunner_event.<locals>.<lambda>() at /usr/local/lib/python3.12/site-packages/streamlit/runtime/app_session.py:519
handle: <Handle AppSession._on_scriptrunner_event.<locals>.<lambda>() at /usr/local/lib/python3.12/site-packages/streamlit/runtime/app_session.py:519>
Traceback (most recent call last):
  File "/usr/local/lib/python3.12/asyncio/events.py", line 88, in _run
    self._context.run(self._callback, *self._args)
  File "/usr/local/lib/python3.12/site-packages/streamlit/runtime/app_session.py", line 519, in <lambda>
    lambda: self._handle_scriptrunner_event_on_event_loop(
            ^^^^^^^^^^^^^^^^^^^^^^^^^^^^^^^^^^^^^^^^^^^^^^
  File "/usr/local/lib/python3.12/site-packages/streamlit/runtime/app_session.py", line 616, in _handle_scriptrunner_event_on_event_loop
    msg = self._create_new_session_message(
          ^^^^^^^^^^^^^^^^^^^^^^^^^^^^^^^^^
  File "/usr/local/lib/python3.12/site-packages/streamlit/runtime/app_session.py", line 750, in _create_new_session_message
    _populate_user_info_msg(imsg.user_info)
  File "/usr/local/lib/python3.12/site-packages/streamlit/runtime/app_session.py", line 1154, in _populate_user_info_msg
    inst = Installation.instance()
           ^^^^^^^^^^^^^^^^^^^^^^^
  File "/usr/local/lib/python3.12/site-packages/streamlit/runtime/metrics_util.py", line 228, in instance
    cls._instance = Installation()
                    ^^^^^^^^^^^^^^
  File "/usr/local/lib/python3.12/site-packages/streamlit/runtime/metrics_util.py", line 233, in __init__
    uuid.uuid5(uuid.NAMESPACE_DNS, _get_machine_id_v3())
                                   ^^^^^^^^^^^^^^^^^^^^
  File "/usr/local/lib/python3.12/site-packages/streamlit/runtime/metrics_util.py", line 173, in _get_machine_id_v3
    machine_id = f.read()
                 ^^^^^^^^
  File "<frozen codecs>", line 322, in decode
UnicodeDecodeError: 'utf-8' codec can't decode bytes in position 25-26: invalid continuation byte
Exception in callback AppSession._on_scriptrunner_event.<locals>.<lambda>() at /usr/local/lib/python3.12/site-packages/streamlit/runtime/app_session.py:519
handle: <Handle AppSession._on_scriptrunner_event.<locals>.<lambda>() at /usr/local/lib/python3.12/site-packages/streamlit/runtime/app_session.py:519>
Traceback (most recent call last):
  File "/usr/local/lib/python3.12/asyncio/events.py", line 88, in _run
    self._context.run(self._callback, *self._args)
  File "/usr/local/lib/python3.12/site-packages/streamlit/runtime/app_session.py", line 519, in <lambda>
    lambda: self._handle_scriptrunner_event_on_event_loop(
            ^^^^^^^^^^^^^^^^^^^^^^^^^^^^^^^^^^^^^^^^^^^^^^
  File "/usr/local/lib/python3.12/site-packages/streamlit/runtime/app_session.py", line 616, in _handle_scriptrunner_event_on_event_loop
    msg = self._create_new_session_message(
          ^^^^^^^^^^^^^^^^^^^^^^^^^^^^^^^^^
  File "/usr/local/lib/python3.12/site-packages/streamlit/runtime/app_session.py", line 750, in _create_new_session_message
    _populate_user_info_msg(imsg.user_info)
  File "/usr/local/lib/python3.12/site-packages/streamlit/runtime/app_session.py", line 1154, in _populate_user_info_msg
    inst = Installation.instance()
           ^^^^^^^^^^^^^^^^^^^^^^^
  File "/usr/local/lib/python3.12/site-packages/streamlit/runtime/metrics_util.py", line 228, in instance
    cls._instance = Installation()
                    ^^^^^^^^^^^^^^
  File "/usr/local/lib/python3.12/site-packages/streamlit/runtime/metrics_util.py", line 233, in __init__
    uuid.uuid5(uuid.NAMESPACE_DNS, _get_machine_id_v3())
                                   ^^^^^^^^^^^^^^^^^^^^
  File "/usr/local/lib/python3.12/site-packages/streamlit/runtime/metrics_util.py", line 173, in _get_machine_id_v3
    machine_id = f.read()
                 ^^^^^^^^
  File "<frozen codecs>", line 322, in decode
UnicodeDecodeError: 'utf-8' codec can't decode bytes in position 25-26: invalid continuation byte
Exception in callback AppSession._on_scriptrunner_event.<locals>.<lambda>() at /usr/local/lib/python3.12/site-packages/streamlit/runtime/app_session.py:519
handle: <Handle AppSession._on_scriptrunner_event.<locals>.<lambda>() at /usr/local/lib/python3.12/site-packages/streamlit/runtime/app_session.py:519>
Traceback (most recent call last):
  File "/usr/local/lib/python3.12/asyncio/events.py", line 88, in _run
    self._context.run(self._callback, *self._args)
  File "/usr/local/lib/python3.12/site-packages/streamlit/runtime/app_session.py", line 519, in <lambda>
    lambda: self._handle_scriptrunner_event_on_event_loop(
            ^^^^^^^^^^^^^^^^^^^^^^^^^^^^^^^^^^^^^^^^^^^^^^
  File "/usr/local/lib/python3.12/site-packages/streamlit/runtime/app_session.py", line 616, in _handle_scriptrunner_event_on_event_loop
    msg = self._create_new_session_message(
          ^^^^^^^^^^^^^^^^^^^^^^^^^^^^^^^^^
  File "/usr/local/lib/python3.12/site-packages/streamlit/runtime/app_session.py", line 750, in _create_new_session_message
    _populate_user_info_msg(imsg.user_info)
  File "/usr/local/lib/python3.12/site-packages/streamlit/runtime/app_session.py", line 1154, in _populate_user_info_msg
    inst = Installation.instance()
           ^^^^^^^^^^^^^^^^^^^^^^^
  File "/usr/local/lib/python3.12/site-packages/streamlit/runtime/metrics_util.py", line 228, in instance
    cls._instance = Installation()
                    ^^^^^^^^^^^^^^
  File "/usr/local/lib/python3.12/site-packages/streamlit/runtime/metrics_util.py", line 233, in __init__
    uuid.uuid5(uuid.NAMESPACE_DNS, _get_machine_id_v3())
                                   ^^^^^^^^^^^^^^^^^^^^
  File "/usr/local/lib/python3.12/site-packages/streamlit/runtime/metrics_util.py", line 173, in _get_machine_id_v3
    machine_id = f.read()
                 ^^^^^^^^
  File "<frozen codecs>", line 322, in decode
UnicodeDecodeError: 'utf-8' codec can't decode bytes in position 25-26: invalid continuation byte
Exception in callback AppSession._on_scriptrunner_event.<locals>.<lambda>() at /usr/local/lib/python3.12/site-packages/streamlit/runtime/app_session.py:519
handle: <Handle AppSession._on_scriptrunner_event.<locals>.<lambda>() at /usr/local/lib/python3.12/site-packages/streamlit/runtime/app_session.py:519>
Traceback (most recent call last):
  File "/usr/local/lib/python3.12/asyncio/events.py", line 88, in _run
    self._context.run(self._callback, *self._args)
  File "/usr/local/lib/python3.12/site-packages/streamlit/runtime/app_session.py", line 519, in <lambda>
    lambda: self._handle_scriptrunner_event_on_event_loop(
            ^^^^^^^^^^^^^^^^^^^^^^^^^^^^^^^^^^^^^^^^^^^^^^
  File "/usr/local/lib/python3.12/site-packages/streamlit/runtime/app_session.py", line 616, in _handle_scriptrunner_event_on_event_loop
    msg = self._create_new_session_message(
          ^^^^^^^^^^^^^^^^^^^^^^^^^^^^^^^^^
  File "/usr/local/lib/python3.12/site-packages/streamlit/runtime/app_session.py", line 750, in _create_new_session_message
    _populate_user_info_msg(imsg.user_info)
  File "/usr/local/lib/python3.12/site-packages/streamlit/runtime/app_session.py", line 1154, in _populate_user_info_msg
    inst = Installation.instance()
           ^^^^^^^^^^^^^^^^^^^^^^^
  File "/usr/local/lib/python3.12/site-packages/streamlit/runtime/metrics_util.py", line 228, in instance
    cls._instance = Installation()
                    ^^^^^^^^^^^^^^
  File "/usr/local/lib/python3.12/site-packages/streamlit/runtime/metrics_util.py", line 233, in __init__
    uuid.uuid5(uuid.NAMESPACE_DNS, _get_machine_id_v3())
                                   ^^^^^^^^^^^^^^^^^^^^
  File "/usr/local/lib/python3.12/site-packages/streamlit/runtime/metrics_util.py", line 173, in _get_machine_id_v3
    machine_id = f.read()
                 ^^^^^^^^
  File "<frozen codecs>", line 322, in decode
UnicodeDecodeError: 'utf-8' codec can't decode bytes in position 25-26: invalid continuation byte
Exception in callback AppSession._on_scriptrunner_event.<locals>.<lambda>() at /usr/local/lib/python3.12/site-packages/streamlit/runtime/app_session.py:519
handle: <Handle AppSession._on_scriptrunner_event.<locals>.<lambda>() at /usr/local/lib/python3.12/site-packages/streamlit/runtime/app_session.py:519>
Traceback (most recent call last):
  File "/usr/local/lib/python3.12/asyncio/events.py", line 88, in _run
    self._context.run(self._callback, *self._args)
  File "/usr/local/lib/python3.12/site-packages/streamlit/runtime/app_session.py", line 519, in <lambda>
    lambda: self._handle_scriptrunner_event_on_event_loop(
            ^^^^^^^^^^^^^^^^^^^^^^^^^^^^^^^^^^^^^^^^^^^^^^
  File "/usr/local/lib/python3.12/site-packages/streamlit/runtime/app_session.py", line 616, in _handle_scriptrunner_event_on_event_loop
    msg = self._create_new_session_message(
          ^^^^^^^^^^^^^^^^^^^^^^^^^^^^^^^^^
  File "/usr/local/lib/python3.12/site-packages/streamlit/runtime/app_session.py", line 750, in _create_new_session_message
    _populate_user_info_msg(imsg.user_info)
  File "/usr/local/lib/python3.12/site-packages/streamlit/runtime/app_session.py", line 1154, in _populate_user_info_msg
    inst = Installation.instance()
           ^^^^^^^^^^^^^^^^^^^^^^^
  File "/usr/local/lib/python3.12/site-packages/streamlit/runtime/metrics_util.py", line 228, in instance
    cls._instance = Installation()
                    ^^^^^^^^^^^^^^
  File "/usr/local/lib/python3.12/site-packages/streamlit/runtime/metrics_util.py", line 233, in __init__
    uuid.uuid5(uuid.NAMESPACE_DNS, _get_machine_id_v3())
                                   ^^^^^^^^^^^^^^^^^^^^
  File "/usr/local/lib/python3.12/site-packages/streamlit/runtime/metrics_util.py", line 173, in _get_machine_id_v3
    machine_id = f.read()
                 ^^^^^^^^
  File "<frozen codecs>", line 322, in decode
UnicodeDecodeError: 'utf-8' codec can't decode bytes in position 25-26: invalid continuation byte
Exception in callback AppSession._on_scriptrunner_event.<locals>.<lambda>() at /usr/local/lib/python3.12/site-packages/streamlit/runtime/app_session.py:519
handle: <Handle AppSession._on_scriptrunner_event.<locals>.<lambda>() at /usr/local/lib/python3.12/site-packages/streamlit/runtime/app_session.py:519>
Traceback (most recent call last):
  File "/usr/local/lib/python3.12/asyncio/events.py", line 88, in _run
    self._context.run(self._callback, *self._args)
  File "/usr/local/lib/python3.12/site-packages/streamlit/runtime/app_session.py", line 519, in <lambda>
    lambda: self._handle_scriptrunner_event_on_event_loop(
            ^^^^^^^^^^^^^^^^^^^^^^^^^^^^^^^^^^^^^^^^^^^^^^
  File "/usr/local/lib/python3.12/site-packages/streamlit/runtime/app_session.py", line 616, in _handle_scriptrunner_event_on_event_loop
    msg = self._create_new_session_message(
          ^^^^^^^^^^^^^^^^^^^^^^^^^^^^^^^^^
  File "/usr/local/lib/python3.12/site-packages/streamlit/runtime/app_session.py", line 750, in _create_new_session_message
    _populate_user_info_msg(imsg.user_info)
  File "/usr/local/lib/python3.12/site-packages/streamlit/runtime/app_session.py", line 1154, in _populate_user_info_msg
    inst = Installation.instance()
           ^^^^^^^^^^^^^^^^^^^^^^^
  File "/usr/local/lib/python3.12/site-packages/streamlit/runtime/metrics_util.py", line 228, in instance
    cls._instance = Installation()
                    ^^^^^^^^^^^^^^
  File "/usr/local/lib/python3.12/site-packages/streamlit/runtime/metrics_util.py", line 233, in __init__
    uuid.uuid5(uuid.NAMESPACE_DNS, _get_machine_id_v3())
                                   ^^^^^^^^^^^^^^^^^^^^
  File "/usr/local/lib/python3.12/site-packages/streamlit/runtime/metrics_util.py", line 173, in _get_machine_id_v3
    machine_id = f.read()
                 ^^^^^^^^
  File "<frozen codecs>", line 322, in decode
UnicodeDecodeError: 'utf-8' codec can't decode bytes in position 25-26: invalid continuation byte
Exception in callback AppSession._on_scriptrunner_event.<locals>.<lambda>() at /usr/local/lib/python3.12/site-packages/streamlit/runtime/app_session.py:519
handle: <Handle AppSession._on_scriptrunner_event.<locals>.<lambda>() at /usr/local/lib/python3.12/site-packages/streamlit/runtime/app_session.py:519>
Traceback (most recent call last):
  File "/usr/local/lib/python3.12/asyncio/events.py", line 88, in _run
    self._context.run(self._callback, *self._args)
  File "/usr/local/lib/python3.12/site-packages/streamlit/runtime/app_session.py", line 519, in <lambda>
    lambda: self._handle_scriptrunner_event_on_event_loop(
            ^^^^^^^^^^^^^^^^^^^^^^^^^^^^^^^^^^^^^^^^^^^^^^
  File "/usr/local/lib/python3.12/site-packages/streamlit/runtime/app_session.py", line 616, in _handle_scriptrunner_event_on_event_loop
    msg = self._create_new_session_message(
          ^^^^^^^^^^^^^^^^^^^^^^^^^^^^^^^^^
  File "/usr/local/lib/python3.12/site-packages/streamlit/runtime/app_session.py", line 750, in _create_new_session_message
    _populate_user_info_msg(imsg.user_info)
  File "/usr/local/lib/python3.12/site-packages/streamlit/runtime/app_session.py", line 1154, in _populate_user_info_msg
    inst = Installation.instance()
           ^^^^^^^^^^^^^^^^^^^^^^^
  File "/usr/local/lib/python3.12/site-packages/streamlit/runtime/metrics_util.py", line 228, in instance
    cls._instance = Installation()
                    ^^^^^^^^^^^^^^
  File "/usr/local/lib/python3.12/site-packages/streamlit/runtime/metrics_util.py", line 233, in __init__
    uuid.uuid5(uuid.NAMESPACE_DNS, _get_machine_id_v3())
                                   ^^^^^^^^^^^^^^^^^^^^
  File "/usr/local/lib/python3.12/site-packages/streamlit/runtime/metrics_util.py", line 173, in _get_machine_id_v3
    machine_id = f.read()
                 ^^^^^^^^
  File "<frozen codecs>", line 322, in decode
UnicodeDecodeError: 'utf-8' codec can't decode bytes in position 25-26: invalid continuation byte
Exception in callback AppSession._on_scriptrunner_event.<locals>.<lambda>() at /usr/local/lib/python3.12/site-packages/streamlit/runtime/app_session.py:519
handle: <Handle AppSession._on_scriptrunner_event.<locals>.<lambda>() at /usr/local/lib/python3.12/site-packages/streamlit/runtime/app_session.py:519>
Traceback (most recent call last):
  File "/usr/local/lib/python3.12/asyncio/events.py", line 88, in _run
    self._context.run(self._callback, *self._args)
  File "/usr/local/lib/python3.12/site-packages/streamlit/runtime/app_session.py", line 519, in <lambda>
    lambda: self._handle_scriptrunner_event_on_event_loop(
            ^^^^^^^^^^^^^^^^^^^^^^^^^^^^^^^^^^^^^^^^^^^^^^
  File "/usr/local/lib/python3.12/site-packages/streamlit/runtime/app_session.py", line 616, in _handle_scriptrunner_event_on_event_loop
    msg = self._create_new_session_message(
          ^^^^^^^^^^^^^^^^^^^^^^^^^^^^^^^^^
  File "/usr/local/lib/python3.12/site-packages/streamlit/runtime/app_session.py", line 750, in _create_new_session_message
    _populate_user_info_msg(imsg.user_info)
  File "/usr/local/lib/python3.12/site-packages/streamlit/runtime/app_session.py", line 1154, in _populate_user_info_msg
    inst = Installation.instance()
           ^^^^^^^^^^^^^^^^^^^^^^^
  File "/usr/local/lib/python3.12/site-packages/streamlit/runtime/metrics_util.py", line 228, in instance
    cls._instance = Installation()
                    ^^^^^^^^^^^^^^
  File "/usr/local/lib/python3.12/site-packages/streamlit/runtime/metrics_util.py", line 233, in __init__
    uuid.uuid5(uuid.NAMESPACE_DNS, _get_machine_id_v3())
                                   ^^^^^^^^^^^^^^^^^^^^
  File "/usr/local/lib/python3.12/site-packages/streamlit/runtime/metrics_util.py", line 173, in _get_machine_id_v3
    machine_id = f.read()
                 ^^^^^^^^
  File "<frozen codecs>", line 322, in decode
UnicodeDecodeError: 'utf-8' codec can't decode bytes in position 25-26: invalid continuation byte
Exception in callback AppSession._on_scriptrunner_event.<locals>.<lambda>() at /usr/local/lib/python3.12/site-packages/streamlit/runtime/app_session.py:519
handle: <Handle AppSession._on_scriptrunner_event.<locals>.<lambda>() at /usr/local/lib/python3.12/site-packages/streamlit/runtime/app_session.py:519>
Traceback (most recent call last):
  File "/usr/local/lib/python3.12/asyncio/events.py", line 88, in _run
    self._context.run(self._callback, *self._args)
  File "/usr/local/lib/python3.12/site-packages/streamlit/runtime/app_session.py", line 519, in <lambda>
    lambda: self._handle_scriptrunner_event_on_event_loop(
            ^^^^^^^^^^^^^^^^^^^^^^^^^^^^^^^^^^^^^^^^^^^^^^
  File "/usr/local/lib/python3.12/site-packages/streamlit/runtime/app_session.py", line 616, in _handle_scriptrunner_event_on_event_loop
    msg = self._create_new_session_message(
          ^^^^^^^^^^^^^^^^^^^^^^^^^^^^^^^^^
  File "/usr/local/lib/python3.12/site-packages/streamlit/runtime/app_session.py", line 750, in _create_new_session_message
    _populate_user_info_msg(imsg.user_info)
  File "/usr/local/lib/python3.12/site-packages/streamlit/runtime/app_session.py", line 1154, in _populate_user_info_msg
    inst = Installation.instance()
           ^^^^^^^^^^^^^^^^^^^^^^^
  File "/usr/local/lib/python3.12/site-packages/streamlit/runtime/metrics_util.py", line 228, in instance
    cls._instance = Installation()
                    ^^^^^^^^^^^^^^
  File "/usr/local/lib/python3.12/site-packages/streamlit/runtime/metrics_util.py", line 233, in __init__
    uuid.uuid5(uuid.NAMESPACE_DNS, _get_machine_id_v3())
                                   ^^^^^^^^^^^^^^^^^^^^
  File "/usr/local/lib/python3.12/site-packages/streamlit/runtime/metrics_util.py", line 173, in _get_machine_id_v3
    machine_id = f.read()
                 ^^^^^^^^
  File "<frozen codecs>", line 322, in decode
UnicodeDecodeError: 'utf-8' codec can't decode bytes in position 25-26: invalid continuation byte
Exception in callback AppSession._on_scriptrunner_event.<locals>.<lambda>() at /usr/local/lib/python3.12/site-packages/streamlit/runtime/app_session.py:519
handle: <Handle AppSession._on_scriptrunner_event.<locals>.<lambda>() at /usr/local/lib/python3.12/site-packages/streamlit/runtime/app_session.py:519>
Traceback (most recent call last):
  File "/usr/local/lib/python3.12/asyncio/events.py", line 88, in _run
    self._context.run(self._callback, *self._args)
  File "/usr/local/lib/python3.12/site-packages/streamlit/runtime/app_session.py", line 519, in <lambda>
    lambda: self._handle_scriptrunner_event_on_event_loop(
            ^^^^^^^^^^^^^^^^^^^^^^^^^^^^^^^^^^^^^^^^^^^^^^
  File "/usr/local/lib/python3.12/site-packages/streamlit/runtime/app_session.py", line 616, in _handle_scriptrunner_event_on_event_loop
    msg = self._create_new_session_message(
          ^^^^^^^^^^^^^^^^^^^^^^^^^^^^^^^^^
  File "/usr/local/lib/python3.12/site-packages/streamlit/runtime/app_session.py", line 750, in _create_new_session_message
    _populate_user_info_msg(imsg.user_info)
  File "/usr/local/lib/python3.12/site-packages/streamlit/runtime/app_session.py", line 1154, in _populate_user_info_msg
    inst = Installation.instance()
           ^^^^^^^^^^^^^^^^^^^^^^^
  File "/usr/local/lib/python3.12/site-packages/streamlit/runtime/metrics_util.py", line 228, in instance
    cls._instance = Installation()
                    ^^^^^^^^^^^^^^
  File "/usr/local/lib/python3.12/site-packages/streamlit/runtime/metrics_util.py", line 233, in __init__
    uuid.uuid5(uuid.NAMESPACE_DNS, _get_machine_id_v3())
                                   ^^^^^^^^^^^^^^^^^^^^
  File "/usr/local/lib/python3.12/site-packages/streamlit/runtime/metrics_util.py", line 173, in _get_machine_id_v3
    machine_id = f.read()
                 ^^^^^^^^
  File "<frozen codecs>", line 322, in decode
UnicodeDecodeError: 'utf-8' codec can't decode bytes in position 25-26: invalid continuation byte
Exception in callback AppSession._on_scriptrunner_event.<locals>.<lambda>() at /usr/local/lib/python3.12/site-packages/streamlit/runtime/app_session.py:519
handle: <Handle AppSession._on_scriptrunner_event.<locals>.<lambda>() at /usr/local/lib/python3.12/site-packages/streamlit/runtime/app_session.py:519>
Traceback (most recent call last):
  File "/usr/local/lib/python3.12/asyncio/events.py", line 88, in _run
    self._context.run(self._callback, *self._args)
  File "/usr/local/lib/python3.12/site-packages/streamlit/runtime/app_session.py", line 519, in <lambda>
    lambda: self._handle_scriptrunner_event_on_event_loop(
            ^^^^^^^^^^^^^^^^^^^^^^^^^^^^^^^^^^^^^^^^^^^^^^
  File "/usr/local/lib/python3.12/site-packages/streamlit/runtime/app_session.py", line 616, in _handle_scriptrunner_event_on_event_loop
    msg = self._create_new_session_message(
          ^^^^^^^^^^^^^^^^^^^^^^^^^^^^^^^^^
  File "/usr/local/lib/python3.12/site-packages/streamlit/runtime/app_session.py", line 750, in _create_new_session_message
    _populate_user_info_msg(imsg.user_info)
  File "/usr/local/lib/python3.12/site-packages/streamlit/runtime/app_session.py", line 1154, in _populate_user_info_msg
    inst = Installation.instance()
           ^^^^^^^^^^^^^^^^^^^^^^^
  File "/usr/local/lib/python3.12/site-packages/streamlit/runtime/metrics_util.py", line 228, in instance
    cls._instance = Installation()
                    ^^^^^^^^^^^^^^
  File "/usr/local/lib/python3.12/site-packages/streamlit/runtime/metrics_util.py", line 233, in __init__
    uuid.uuid5(uuid.NAMESPACE_DNS, _get_machine_id_v3())
                                   ^^^^^^^^^^^^^^^^^^^^
  File "/usr/local/lib/python3.12/site-packages/streamlit/runtime/metrics_util.py", line 173, in _get_machine_id_v3
    machine_id = f.read()
                 ^^^^^^^^
  File "<frozen codecs>", line 322, in decode
UnicodeDecodeError: 'utf-8' codec can't decode bytes in position 25-26: invalid continuation byte
Exception in callback AppSession._on_scriptrunner_event.<locals>.<lambda>() at /usr/local/lib/python3.12/site-packages/streamlit/runtime/app_session.py:519
handle: <Handle AppSession._on_scriptrunner_event.<locals>.<lambda>() at /usr/local/lib/python3.12/site-packages/streamlit/runtime/app_session.py:519>
Traceback (most recent call last):
  File "/usr/local/lib/python3.12/asyncio/events.py", line 88, in _run
    self._context.run(self._callback, *self._args)
  File "/usr/local/lib/python3.12/site-packages/streamlit/runtime/app_session.py", line 519, in <lambda>
    lambda: self._handle_scriptrunner_event_on_event_loop(
            ^^^^^^^^^^^^^^^^^^^^^^^^^^^^^^^^^^^^^^^^^^^^^^
  File "/usr/local/lib/python3.12/site-packages/streamlit/runtime/app_session.py", line 616, in _handle_scriptrunner_event_on_event_loop
    msg = self._create_new_session_message(
          ^^^^^^^^^^^^^^^^^^^^^^^^^^^^^^^^^
  File "/usr/local/lib/python3.12/site-packages/streamlit/runtime/app_session.py", line 750, in _create_new_session_message
    _populate_user_info_msg(imsg.user_info)
  File "/usr/local/lib/python3.12/site-packages/streamlit/runtime/app_session.py", line 1154, in _populate_user_info_msg
    inst = Installation.instance()
           ^^^^^^^^^^^^^^^^^^^^^^^
  File "/usr/local/lib/python3.12/site-packages/streamlit/runtime/metrics_util.py", line 228, in instance
    cls._instance = Installation()
                    ^^^^^^^^^^^^^^
  File "/usr/local/lib/python3.12/site-packages/streamlit/runtime/metrics_util.py", line 233, in __init__
    uuid.uuid5(uuid.NAMESPACE_DNS, _get_machine_id_v3())
                                   ^^^^^^^^^^^^^^^^^^^^
  File "/usr/local/lib/python3.12/site-packages/streamlit/runtime/metrics_util.py", line 173, in _get_machine_id_v3
    machine_id = f.read()
                 ^^^^^^^^
  File "<frozen codecs>", line 322, in decode
UnicodeDecodeError: 'utf-8' codec can't decode bytes in position 25-26: invalid continuation byte
Exception in callback AppSession._on_scriptrunner_event.<locals>.<lambda>() at /usr/local/lib/python3.12/site-packages/streamlit/runtime/app_session.py:519
handle: <Handle AppSession._on_scriptrunner_event.<locals>.<lambda>() at /usr/local/lib/python3.12/site-packages/streamlit/runtime/app_session.py:519>
Traceback (most recent call last):
  File "/usr/local/lib/python3.12/asyncio/events.py", line 88, in _run
    self._context.run(self._callback, *self._args)
  File "/usr/local/lib/python3.12/site-packages/streamlit/runtime/app_session.py", line 519, in <lambda>
    lambda: self._handle_scriptrunner_event_on_event_loop(
            ^^^^^^^^^^^^^^^^^^^^^^^^^^^^^^^^^^^^^^^^^^^^^^
  File "/usr/local/lib/python3.12/site-packages/streamlit/runtime/app_session.py", line 616, in _handle_scriptrunner_event_on_event_loop
    msg = self._create_new_session_message(
          ^^^^^^^^^^^^^^^^^^^^^^^^^^^^^^^^^
  File "/usr/local/lib/python3.12/site-packages/streamlit/runtime/app_session.py", line 750, in _create_new_session_message
    _populate_user_info_msg(imsg.user_info)
  File "/usr/local/lib/python3.12/site-packages/streamlit/runtime/app_session.py", line 1154, in _populate_user_info_msg
    inst = Installation.instance()
           ^^^^^^^^^^^^^^^^^^^^^^^
  File "/usr/local/lib/python3.12/site-packages/streamlit/runtime/metrics_util.py", line 228, in instance
    cls._instance = Installation()
                    ^^^^^^^^^^^^^^
  File "/usr/local/lib/python3.12/site-packages/streamlit/runtime/metrics_util.py", line 233, in __init__
    uuid.uuid5(uuid.NAMESPACE_DNS, _get_machine_id_v3())
                                   ^^^^^^^^^^^^^^^^^^^^
  File "/usr/local/lib/python3.12/site-packages/streamlit/runtime/metrics_util.py", line 173, in _get_machine_id_v3
    machine_id = f.read()
                 ^^^^^^^^
  File "<frozen codecs>", line 322, in decode
UnicodeDecodeError: 'utf-8' codec can't decode bytes in position 25-26: invalid continuation byte
Exception in callback AppSession._on_scriptrunner_event.<locals>.<lambda>() at /usr/local/lib/python3.12/site-packages/streamlit/runtime/app_session.py:519
handle: <Handle AppSession._on_scriptrunner_event.<locals>.<lambda>() at /usr/local/lib/python3.12/site-packages/streamlit/runtime/app_session.py:519>
Traceback (most recent call last):
  File "/usr/local/lib/python3.12/asyncio/events.py", line 88, in _run
    self._context.run(self._callback, *self._args)
  File "/usr/local/lib/python3.12/site-packages/streamlit/runtime/app_session.py", line 519, in <lambda>
    lambda: self._handle_scriptrunner_event_on_event_loop(
            ^^^^^^^^^^^^^^^^^^^^^^^^^^^^^^^^^^^^^^^^^^^^^^
  File "/usr/local/lib/python3.12/site-packages/streamlit/runtime/app_session.py", line 616, in _handle_scriptrunner_event_on_event_loop
    msg = self._create_new_session_message(
          ^^^^^^^^^^^^^^^^^^^^^^^^^^^^^^^^^
  File "/usr/local/lib/python3.12/site-packages/streamlit/runtime/app_session.py", line 750, in _create_new_session_message
    _populate_user_info_msg(imsg.user_info)
  File "/usr/local/lib/python3.12/site-packages/streamlit/runtime/app_session.py", line 1154, in _populate_user_info_msg
    inst = Installation.instance()
           ^^^^^^^^^^^^^^^^^^^^^^^
  File "/usr/local/lib/python3.12/site-packages/streamlit/runtime/metrics_util.py", line 228, in instance
    cls._instance = Installation()
                    ^^^^^^^^^^^^^^
  File "/usr/local/lib/python3.12/site-packages/streamlit/runtime/metrics_util.py", line 233, in __init__
    uuid.uuid5(uuid.NAMESPACE_DNS, _get_machine_id_v3())
                                   ^^^^^^^^^^^^^^^^^^^^
  File "/usr/local/lib/python3.12/site-packages/streamlit/runtime/metrics_util.py", line 173, in _get_machine_id_v3
    machine_id = f.read()
                 ^^^^^^^^
  File "<frozen codecs>", line 322, in decode
UnicodeDecodeError: 'utf-8' codec can't decode bytes in position 25-26: invalid continuation byte
Exception in callback AppSession._on_scriptrunner_event.<locals>.<lambda>() at /usr/local/lib/python3.12/site-packages/streamlit/runtime/app_session.py:519
handle: <Handle AppSession._on_scriptrunner_event.<locals>.<lambda>() at /usr/local/lib/python3.12/site-packages/streamlit/runtime/app_session.py:519>
Traceback (most recent call last):
  File "/usr/local/lib/python3.12/asyncio/events.py", line 88, in _run
    self._context.run(self._callback, *self._args)
  File "/usr/local/lib/python3.12/site-packages/streamlit/runtime/app_session.py", line 519, in <lambda>
    lambda: self._handle_scriptrunner_event_on_event_loop(
            ^^^^^^^^^^^^^^^^^^^^^^^^^^^^^^^^^^^^^^^^^^^^^^
  File "/usr/local/lib/python3.12/site-packages/streamlit/runtime/app_session.py", line 616, in _handle_scriptrunner_event_on_event_loop
    msg = self._create_new_session_message(
          ^^^^^^^^^^^^^^^^^^^^^^^^^^^^^^^^^
  File "/usr/local/lib/python3.12/site-packages/streamlit/runtime/app_session.py", line 750, in _create_new_session_message
    _populate_user_info_msg(imsg.user_info)
  File "/usr/local/lib/python3.12/site-packages/streamlit/runtime/app_session.py", line 1154, in _populate_user_info_msg
    inst = Installation.instance()
           ^^^^^^^^^^^^^^^^^^^^^^^
  File "/usr/local/lib/python3.12/site-packages/streamlit/runtime/metrics_util.py", line 228, in instance
    cls._instance = Installation()
                    ^^^^^^^^^^^^^^
  File "/usr/local/lib/python3.12/site-packages/streamlit/runtime/metrics_util.py", line 233, in __init__
    uuid.uuid5(uuid.NAMESPACE_DNS, _get_machine_id_v3())
                                   ^^^^^^^^^^^^^^^^^^^^
  File "/usr/local/lib/python3.12/site-packages/streamlit/runtime/metrics_util.py", line 173, in _get_machine_id_v3
    machine_id = f.read()
                 ^^^^^^^^
  File "<frozen codecs>", line 322, in decode
UnicodeDecodeError: 'utf-8' codec can't decode bytes in position 25-26: invalid continuation byte
Exception in callback AppSession._on_scriptrunner_event.<locals>.<lambda>() at /usr/local/lib/python3.12/site-packages/streamlit/runtime/app_session.py:519
handle: <Handle AppSession._on_scriptrunner_event.<locals>.<lambda>() at /usr/local/lib/python3.12/site-packages/streamlit/runtime/app_session.py:519>
Traceback (most recent call last):
  File "/usr/local/lib/python3.12/asyncio/events.py", line 88, in _run
    self._context.run(self._callback, *self._args)
  File "/usr/local/lib/python3.12/site-packages/streamlit/runtime/app_session.py", line 519, in <lambda>
    lambda: self._handle_scriptrunner_event_on_event_loop(
            ^^^^^^^^^^^^^^^^^^^^^^^^^^^^^^^^^^^^^^^^^^^^^^
  File "/usr/local/lib/python3.12/site-packages/streamlit/runtime/app_session.py", line 616, in _handle_scriptrunner_event_on_event_loop
    msg = self._create_new_session_message(
          ^^^^^^^^^^^^^^^^^^^^^^^^^^^^^^^^^
  File "/usr/local/lib/python3.12/site-packages/streamlit/runtime/app_session.py", line 750, in _create_new_session_message
    _populate_user_info_msg(imsg.user_info)
  File "/usr/local/lib/python3.12/site-packages/streamlit/runtime/app_session.py", line 1154, in _populate_user_info_msg
    inst = Installation.instance()
           ^^^^^^^^^^^^^^^^^^^^^^^
  File "/usr/local/lib/python3.12/site-packages/streamlit/runtime/metrics_util.py", line 228, in instance
    cls._instance = Installation()
                    ^^^^^^^^^^^^^^
  File "/usr/local/lib/python3.12/site-packages/streamlit/runtime/metrics_util.py", line 233, in __init__
    uuid.uuid5(uuid.NAMESPACE_DNS, _get_machine_id_v3())
                                   ^^^^^^^^^^^^^^^^^^^^
  File "/usr/local/lib/python3.12/site-packages/streamlit/runtime/metrics_util.py", line 173, in _get_machine_id_v3
    machine_id = f.read()
                 ^^^^^^^^
  File "<frozen codecs>", line 322, in decode
UnicodeDecodeError: 'utf-8' codec can't decode bytes in position 25-26: invalid continuation byte
Exception in callback AppSession._on_scriptrunner_event.<locals>.<lambda>() at /usr/local/lib/python3.12/site-packages/streamlit/runtime/app_session.py:519
handle: <Handle AppSession._on_scriptrunner_event.<locals>.<lambda>() at /usr/local/lib/python3.12/site-packages/streamlit/runtime/app_session.py:519>
Traceback (most recent call last):
  File "/usr/local/lib/python3.12/asyncio/events.py", line 88, in _run
    self._context.run(self._callback, *self._args)
  File "/usr/local/lib/python3.12/site-packages/streamlit/runtime/app_session.py", line 519, in <lambda>
    lambda: self._handle_scriptrunner_event_on_event_loop(
            ^^^^^^^^^^^^^^^^^^^^^^^^^^^^^^^^^^^^^^^^^^^^^^
  File "/usr/local/lib/python3.12/site-packages/streamlit/runtime/app_session.py", line 616, in _handle_scriptrunner_event_on_event_loop
    msg = self._create_new_session_message(
          ^^^^^^^^^^^^^^^^^^^^^^^^^^^^^^^^^
  File "/usr/local/lib/python3.12/site-packages/streamlit/runtime/app_session.py", line 750, in _create_new_session_message
    _populate_user_info_msg(imsg.user_info)
  File "/usr/local/lib/python3.12/site-packages/streamlit/runtime/app_session.py", line 1154, in _populate_user_info_msg
    inst = Installation.instance()
           ^^^^^^^^^^^^^^^^^^^^^^^
  File "/usr/local/lib/python3.12/site-packages/streamlit/runtime/metrics_util.py", line 228, in instance
    cls._instance = Installation()
                    ^^^^^^^^^^^^^^
  File "/usr/local/lib/python3.12/site-packages/streamlit/runtime/metrics_util.py", line 233, in __init__
    uuid.uuid5(uuid.NAMESPACE_DNS, _get_machine_id_v3())
                                   ^^^^^^^^^^^^^^^^^^^^
  File "/usr/local/lib/python3.12/site-packages/streamlit/runtime/metrics_util.py", line 173, in _get_machine_id_v3
    machine_id = f.read()
                 ^^^^^^^^
  File "<frozen codecs>", line 322, in decode
UnicodeDecodeError: 'utf-8' codec can't decode bytes in position 25-26: invalid continuation byte
Exception in callback AppSession._on_scriptrunner_event.<locals>.<lambda>() at /usr/local/lib/python3.12/site-packages/streamlit/runtime/app_session.py:519
handle: <Handle AppSession._on_scriptrunner_event.<locals>.<lambda>() at /usr/local/lib/python3.12/site-packages/streamlit/runtime/app_session.py:519>
Traceback (most recent call last):
  File "/usr/local/lib/python3.12/asyncio/events.py", line 88, in _run
    self._context.run(self._callback, *self._args)
  File "/usr/local/lib/python3.12/site-packages/streamlit/runtime/app_session.py", line 519, in <lambda>
    lambda: self._handle_scriptrunner_event_on_event_loop(
            ^^^^^^^^^^^^^^^^^^^^^^^^^^^^^^^^^^^^^^^^^^^^^^
  File "/usr/local/lib/python3.12/site-packages/streamlit/runtime/app_session.py", line 616, in _handle_scriptrunner_event_on_event_loop
    msg = self._create_new_session_message(
          ^^^^^^^^^^^^^^^^^^^^^^^^^^^^^^^^^
  File "/usr/local/lib/python3.12/site-packages/streamlit/runtime/app_session.py", line 750, in _create_new_session_message
    _populate_user_info_msg(imsg.user_info)
  File "/usr/local/lib/python3.12/site-packages/streamlit/runtime/app_session.py", line 1154, in _populate_user_info_msg
    inst = Installation.instance()
           ^^^^^^^^^^^^^^^^^^^^^^^
  File "/usr/local/lib/python3.12/site-packages/streamlit/runtime/metrics_util.py", line 228, in instance
    cls._instance = Installation()
                    ^^^^^^^^^^^^^^
  File "/usr/local/lib/python3.12/site-packages/streamlit/runtime/metrics_util.py", line 233, in __init__
    uuid.uuid5(uuid.NAMESPACE_DNS, _get_machine_id_v3())
                                   ^^^^^^^^^^^^^^^^^^^^
  File "/usr/local/lib/python3.12/site-packages/streamlit/runtime/metrics_util.py", line 173, in _get_machine_id_v3
    machine_id = f.read()
                 ^^^^^^^^
  File "<frozen codecs>", line 322, in decode
UnicodeDecodeError: 'utf-8' codec can't decode bytes in position 25-26: invalid continuation byte
Exception in callback AppSession._on_scriptrunner_event.<locals>.<lambda>() at /usr/local/lib/python3.12/site-packages/streamlit/runtime/app_session.py:519
handle: <Handle AppSession._on_scriptrunner_event.<locals>.<lambda>() at /usr/local/lib/python3.12/site-packages/streamlit/runtime/app_session.py:519>
Traceback (most recent call last):
  File "/usr/local/lib/python3.12/asyncio/events.py", line 88, in _run
    self._context.run(self._callback, *self._args)
  File "/usr/local/lib/python3.12/site-packages/streamlit/runtime/app_session.py", line 519, in <lambda>
    lambda: self._handle_scriptrunner_event_on_event_loop(
            ^^^^^^^^^^^^^^^^^^^^^^^^^^^^^^^^^^^^^^^^^^^^^^
  File "/usr/local/lib/python3.12/site-packages/streamlit/runtime/app_session.py", line 616, in _handle_scriptrunner_event_on_event_loop
    msg = self._create_new_session_message(
          ^^^^^^^^^^^^^^^^^^^^^^^^^^^^^^^^^
  File "/usr/local/lib/python3.12/site-packages/streamlit/runtime/app_session.py", line 750, in _create_new_session_message
    _populate_user_info_msg(imsg.user_info)
  File "/usr/local/lib/python3.12/site-packages/streamlit/runtime/app_session.py", line 1154, in _populate_user_info_msg
    inst = Installation.instance()
           ^^^^^^^^^^^^^^^^^^^^^^^
  File "/usr/local/lib/python3.12/site-packages/streamlit/runtime/metrics_util.py", line 228, in instance
    cls._instance = Installation()
                    ^^^^^^^^^^^^^^
  File "/usr/local/lib/python3.12/site-packages/streamlit/runtime/metrics_util.py", line 233, in __init__
    uuid.uuid5(uuid.NAMESPACE_DNS, _get_machine_id_v3())
                                   ^^^^^^^^^^^^^^^^^^^^
  File "/usr/local/lib/python3.12/site-packages/streamlit/runtime/metrics_util.py", line 173, in _get_machine_id_v3
    machine_id = f.read()
                 ^^^^^^^^
  File "<frozen codecs>", line 322, in decode
UnicodeDecodeError: 'utf-8' codec can't decode bytes in position 25-26: invalid continuation byte
Exception in callback AppSession._on_scriptrunner_event.<locals>.<lambda>() at /usr/local/lib/python3.12/site-packages/streamlit/runtime/app_session.py:519
handle: <Handle AppSession._on_scriptrunner_event.<locals>.<lambda>() at /usr/local/lib/python3.12/site-packages/streamlit/runtime/app_session.py:519>
Traceback (most recent call last):
  File "/usr/local/lib/python3.12/asyncio/events.py", line 88, in _run
    self._context.run(self._callback, *self._args)
  File "/usr/local/lib/python3.12/site-packages/streamlit/runtime/app_session.py", line 519, in <lambda>
    lambda: self._handle_scriptrunner_event_on_event_loop(
            ^^^^^^^^^^^^^^^^^^^^^^^^^^^^^^^^^^^^^^^^^^^^^^
  File "/usr/local/lib/python3.12/site-packages/streamlit/runtime/app_session.py", line 616, in _handle_scriptrunner_event_on_event_loop
    msg = self._create_new_session_message(
          ^^^^^^^^^^^^^^^^^^^^^^^^^^^^^^^^^
  File "/usr/local/lib/python3.12/site-packages/streamlit/runtime/app_session.py", line 750, in _create_new_session_message
    _populate_user_info_msg(imsg.user_info)
  File "/usr/local/lib/python3.12/site-packages/streamlit/runtime/app_session.py", line 1154, in _populate_user_info_msg
    inst = Installation.instance()
           ^^^^^^^^^^^^^^^^^^^^^^^
  File "/usr/local/lib/python3.12/site-packages/streamlit/runtime/metrics_util.py", line 228, in instance
    cls._instance = Installation()
                    ^^^^^^^^^^^^^^
  File "/usr/local/lib/python3.12/site-packages/streamlit/runtime/metrics_util.py", line 233, in __init__
    uuid.uuid5(uuid.NAMESPACE_DNS, _get_machine_id_v3())
                                   ^^^^^^^^^^^^^^^^^^^^
  File "/usr/local/lib/python3.12/site-packages/streamlit/runtime/metrics_util.py", line 173, in _get_machine_id_v3
    machine_id = f.read()
                 ^^^^^^^^
  File "<frozen codecs>", line 322, in decode
UnicodeDecodeError: 'utf-8' codec can't decode bytes in position 25-26: invalid continuation byte
Exception in callback AppSession._on_scriptrunner_event.<locals>.<lambda>() at /usr/local/lib/python3.12/site-packages/streamlit/runtime/app_session.py:519
handle: <Handle AppSession._on_scriptrunner_event.<locals>.<lambda>() at /usr/local/lib/python3.12/site-packages/streamlit/runtime/app_session.py:519>
Traceback (most recent call last):
  File "/usr/local/lib/python3.12/asyncio/events.py", line 88, in _run
    self._context.run(self._callback, *self._args)
  File "/usr/local/lib/python3.12/site-packages/streamlit/runtime/app_session.py", line 519, in <lambda>
    lambda: self._handle_scriptrunner_event_on_event_loop(
            ^^^^^^^^^^^^^^^^^^^^^^^^^^^^^^^^^^^^^^^^^^^^^^
  File "/usr/local/lib/python3.12/site-packages/streamlit/runtime/app_session.py", line 616, in _handle_scriptrunner_event_on_event_loop
    msg = self._create_new_session_message(
          ^^^^^^^^^^^^^^^^^^^^^^^^^^^^^^^^^
  File "/usr/local/lib/python3.12/site-packages/streamlit/runtime/app_session.py", line 750, in _create_new_session_message
    _populate_user_info_msg(imsg.user_info)
  File "/usr/local/lib/python3.12/site-packages/streamlit/runtime/app_session.py", line 1154, in _populate_user_info_msg
    inst = Installation.instance()
           ^^^^^^^^^^^^^^^^^^^^^^^
  File "/usr/local/lib/python3.12/site-packages/streamlit/runtime/metrics_util.py", line 228, in instance
    cls._instance = Installation()
                    ^^^^^^^^^^^^^^
  File "/usr/local/lib/python3.12/site-packages/streamlit/runtime/metrics_util.py", line 233, in __init__
    uuid.uuid5(uuid.NAMESPACE_DNS, _get_machine_id_v3())
                                   ^^^^^^^^^^^^^^^^^^^^
  File "/usr/local/lib/python3.12/site-packages/streamlit/runtime/metrics_util.py", line 173, in _get_machine_id_v3
    machine_id = f.read()
                 ^^^^^^^^
  File "<frozen codecs>", line 322, in decode
UnicodeDecodeError: 'utf-8' codec can't decode bytes in position 25-26: invalid continuation byte
Exception in callback AppSession._on_scriptrunner_event.<locals>.<lambda>() at /usr/local/lib/python3.12/site-packages/streamlit/runtime/app_session.py:519
handle: <Handle AppSession._on_scriptrunner_event.<locals>.<lambda>() at /usr/local/lib/python3.12/site-packages/streamlit/runtime/app_session.py:519>
Traceback (most recent call last):
  File "/usr/local/lib/python3.12/asyncio/events.py", line 88, in _run
    self._context.run(self._callback, *self._args)
  File "/usr/local/lib/python3.12/site-packages/streamlit/runtime/app_session.py", line 519, in <lambda>
    lambda: self._handle_scriptrunner_event_on_event_loop(
            ^^^^^^^^^^^^^^^^^^^^^^^^^^^^^^^^^^^^^^^^^^^^^^
  File "/usr/local/lib/python3.12/site-packages/streamlit/runtime/app_session.py", line 616, in _handle_scriptrunner_event_on_event_loop
    msg = self._create_new_session_message(
          ^^^^^^^^^^^^^^^^^^^^^^^^^^^^^^^^^
  File "/usr/local/lib/python3.12/site-packages/streamlit/runtime/app_session.py", line 750, in _create_new_session_message
    _populate_user_info_msg(imsg.user_info)
  File "/usr/local/lib/python3.12/site-packages/streamlit/runtime/app_session.py", line 1154, in _populate_user_info_msg
    inst = Installation.instance()
           ^^^^^^^^^^^^^^^^^^^^^^^
  File "/usr/local/lib/python3.12/site-packages/streamlit/runtime/metrics_util.py", line 228, in instance
    cls._instance = Installation()
                    ^^^^^^^^^^^^^^
  File "/usr/local/lib/python3.12/site-packages/streamlit/runtime/metrics_util.py", line 233, in __init__
    uuid.uuid5(uuid.NAMESPACE_DNS, _get_machine_id_v3())
                                   ^^^^^^^^^^^^^^^^^^^^
  File "/usr/local/lib/python3.12/site-packages/streamlit/runtime/metrics_util.py", line 173, in _get_machine_id_v3
    machine_id = f.read()
                 ^^^^^^^^
  File "<frozen codecs>", line 322, in decode
UnicodeDecodeError: 'utf-8' codec can't decode bytes in position 25-26: invalid continuation byte
Exception in callback AppSession._on_scriptrunner_event.<locals>.<lambda>() at /usr/local/lib/python3.12/site-packages/streamlit/runtime/app_session.py:519
handle: <Handle AppSession._on_scriptrunner_event.<locals>.<lambda>() at /usr/local/lib/python3.12/site-packages/streamlit/runtime/app_session.py:519>
Traceback (most recent call last):
  File "/usr/local/lib/python3.12/asyncio/events.py", line 88, in _run
    self._context.run(self._callback, *self._args)
  File "/usr/local/lib/python3.12/site-packages/streamlit/runtime/app_session.py", line 519, in <lambda>
    lambda: self._handle_scriptrunner_event_on_event_loop(
            ^^^^^^^^^^^^^^^^^^^^^^^^^^^^^^^^^^^^^^^^^^^^^^
  File "/usr/local/lib/python3.12/site-packages/streamlit/runtime/app_session.py", line 616, in _handle_scriptrunner_event_on_event_loop
    msg = self._create_new_session_message(
          ^^^^^^^^^^^^^^^^^^^^^^^^^^^^^^^^^
  File "/usr/local/lib/python3.12/site-packages/streamlit/runtime/app_session.py", line 750, in _create_new_session_message
    _populate_user_info_msg(imsg.user_info)
  File "/usr/local/lib/python3.12/site-packages/streamlit/runtime/app_session.py", line 1154, in _populate_user_info_msg
    inst = Installation.instance()
           ^^^^^^^^^^^^^^^^^^^^^^^
  File "/usr/local/lib/python3.12/site-packages/streamlit/runtime/metrics_util.py", line 228, in instance
    cls._instance = Installation()
                    ^^^^^^^^^^^^^^
  File "/usr/local/lib/python3.12/site-packages/streamlit/runtime/metrics_util.py", line 233, in __init__
    uuid.uuid5(uuid.NAMESPACE_DNS, _get_machine_id_v3())
                                   ^^^^^^^^^^^^^^^^^^^^
  File "/usr/local/lib/python3.12/site-packages/streamlit/runtime/metrics_util.py", line 173, in _get_machine_id_v3
    machine_id = f.read()
                 ^^^^^^^^
  File "<frozen codecs>", line 322, in decode
UnicodeDecodeError: 'utf-8' codec can't decode bytes in position 25-26: invalid continuation byte
Exception in callback AppSession._on_scriptrunner_event.<locals>.<lambda>() at /usr/local/lib/python3.12/site-packages/streamlit/runtime/app_session.py:519
handle: <Handle AppSession._on_scriptrunner_event.<locals>.<lambda>() at /usr/local/lib/python3.12/site-packages/streamlit/runtime/app_session.py:519>
Traceback (most recent call last):
  File "/usr/local/lib/python3.12/asyncio/events.py", line 88, in _run
    self._context.run(self._callback, *self._args)
  File "/usr/local/lib/python3.12/site-packages/streamlit/runtime/app_session.py", line 519, in <lambda>
    lambda: self._handle_scriptrunner_event_on_event_loop(
            ^^^^^^^^^^^^^^^^^^^^^^^^^^^^^^^^^^^^^^^^^^^^^^
  File "/usr/local/lib/python3.12/site-packages/streamlit/runtime/app_session.py", line 616, in _handle_scriptrunner_event_on_event_loop
    msg = self._create_new_session_message(
          ^^^^^^^^^^^^^^^^^^^^^^^^^^^^^^^^^
  File "/usr/local/lib/python3.12/site-packages/streamlit/runtime/app_session.py", line 750, in _create_new_session_message
    _populate_user_info_msg(imsg.user_info)
  File "/usr/local/lib/python3.12/site-packages/streamlit/runtime/app_session.py", line 1154, in _populate_user_info_msg
    inst = Installation.instance()
           ^^^^^^^^^^^^^^^^^^^^^^^
  File "/usr/local/lib/python3.12/site-packages/streamlit/runtime/metrics_util.py", line 228, in instance
    cls._instance = Installation()
                    ^^^^^^^^^^^^^^
  File "/usr/local/lib/python3.12/site-packages/streamlit/runtime/metrics_util.py", line 233, in __init__
    uuid.uuid5(uuid.NAMESPACE_DNS, _get_machine_id_v3())
                                   ^^^^^^^^^^^^^^^^^^^^
  File "/usr/local/lib/python3.12/site-packages/streamlit/runtime/metrics_util.py", line 173, in _get_machine_id_v3
    machine_id = f.read()
                 ^^^^^^^^
  File "<frozen codecs>", line 322, in decode
UnicodeDecodeError: 'utf-8' codec can't decode bytes in position 25-26: invalid continuation byte
Exception in callback AppSession._on_scriptrunner_event.<locals>.<lambda>() at /usr/local/lib/python3.12/site-packages/streamlit/runtime/app_session.py:519
handle: <Handle AppSession._on_scriptrunner_event.<locals>.<lambda>() at /usr/local/lib/python3.12/site-packages/streamlit/runtime/app_session.py:519>
Traceback (most recent call last):
  File "/usr/local/lib/python3.12/asyncio/events.py", line 88, in _run
    self._context.run(self._callback, *self._args)
  File "/usr/local/lib/python3.12/site-packages/streamlit/runtime/app_session.py", line 519, in <lambda>
    lambda: self._handle_scriptrunner_event_on_event_loop(
            ^^^^^^^^^^^^^^^^^^^^^^^^^^^^^^^^^^^^^^^^^^^^^^
  File "/usr/local/lib/python3.12/site-packages/streamlit/runtime/app_session.py", line 616, in _handle_scriptrunner_event_on_event_loop
    msg = self._create_new_session_message(
          ^^^^^^^^^^^^^^^^^^^^^^^^^^^^^^^^^
  File "/usr/local/lib/python3.12/site-packages/streamlit/runtime/app_session.py", line 750, in _create_new_session_message
    _populate_user_info_msg(imsg.user_info)
  File "/usr/local/lib/python3.12/site-packages/streamlit/runtime/app_session.py", line 1154, in _populate_user_info_msg
    inst = Installation.instance()
           ^^^^^^^^^^^^^^^^^^^^^^^
  File "/usr/local/lib/python3.12/site-packages/streamlit/runtime/metrics_util.py", line 228, in instance
    cls._instance = Installation()
                    ^^^^^^^^^^^^^^
  File "/usr/local/lib/python3.12/site-packages/streamlit/runtime/metrics_util.py", line 233, in __init__
    uuid.uuid5(uuid.NAMESPACE_DNS, _get_machine_id_v3())
                                   ^^^^^^^^^^^^^^^^^^^^
  File "/usr/local/lib/python3.12/site-packages/streamlit/runtime/metrics_util.py", line 173, in _get_machine_id_v3
    machine_id = f.read()
                 ^^^^^^^^
  File "<frozen codecs>", line 322, in decode
UnicodeDecodeError: 'utf-8' codec can't decode bytes in position 25-26: invalid continuation byte
Exception in callback AppSession._on_scriptrunner_event.<locals>.<lambda>() at /usr/local/lib/python3.12/site-packages/streamlit/runtime/app_session.py:519
handle: <Handle AppSession._on_scriptrunner_event.<locals>.<lambda>() at /usr/local/lib/python3.12/site-packages/streamlit/runtime/app_session.py:519>
Traceback (most recent call last):
  File "/usr/local/lib/python3.12/asyncio/events.py", line 88, in _run
    self._context.run(self._callback, *self._args)
  File "/usr/local/lib/python3.12/site-packages/streamlit/runtime/app_session.py", line 519, in <lambda>
    lambda: self._handle_scriptrunner_event_on_event_loop(
            ^^^^^^^^^^^^^^^^^^^^^^^^^^^^^^^^^^^^^^^^^^^^^^
  File "/usr/local/lib/python3.12/site-packages/streamlit/runtime/app_session.py", line 616, in _handle_scriptrunner_event_on_event_loop
    msg = self._create_new_session_message(
          ^^^^^^^^^^^^^^^^^^^^^^^^^^^^^^^^^
  File "/usr/local/lib/python3.12/site-packages/streamlit/runtime/app_session.py", line 750, in _create_new_session_message
    _populate_user_info_msg(imsg.user_info)
  File "/usr/local/lib/python3.12/site-packages/streamlit/runtime/app_session.py", line 1154, in _populate_user_info_msg
    inst = Installation.instance()
           ^^^^^^^^^^^^^^^^^^^^^^^
  File "/usr/local/lib/python3.12/site-packages/streamlit/runtime/metrics_util.py", line 228, in instance
    cls._instance = Installation()
                    ^^^^^^^^^^^^^^
  File "/usr/local/lib/python3.12/site-packages/streamlit/runtime/metrics_util.py", line 233, in __init__
    uuid.uuid5(uuid.NAMESPACE_DNS, _get_machine_id_v3())
                                   ^^^^^^^^^^^^^^^^^^^^
  File "/usr/local/lib/python3.12/site-packages/streamlit/runtime/metrics_util.py", line 173, in _get_machine_id_v3
    machine_id = f.read()
                 ^^^^^^^^
  File "<frozen codecs>", line 322, in decode
UnicodeDecodeError: 'utf-8' codec can't decode bytes in position 25-26: invalid continuation byte
Exception in callback AppSession._on_scriptrunner_event.<locals>.<lambda>() at /usr/local/lib/python3.12/site-packages/streamlit/runtime/app_session.py:519
handle: <Handle AppSession._on_scriptrunner_event.<locals>.<lambda>() at /usr/local/lib/python3.12/site-packages/streamlit/runtime/app_session.py:519>
Traceback (most recent call last):
  File "/usr/local/lib/python3.12/asyncio/events.py", line 88, in _run
    self._context.run(self._callback, *self._args)
  File "/usr/local/lib/python3.12/site-packages/streamlit/runtime/app_session.py", line 519, in <lambda>
    lambda: self._handle_scriptrunner_event_on_event_loop(
            ^^^^^^^^^^^^^^^^^^^^^^^^^^^^^^^^^^^^^^^^^^^^^^
  File "/usr/local/lib/python3.12/site-packages/streamlit/runtime/app_session.py", line 616, in _handle_scriptrunner_event_on_event_loop
    msg = self._create_new_session_message(
          ^^^^^^^^^^^^^^^^^^^^^^^^^^^^^^^^^
  File "/usr/local/lib/python3.12/site-packages/streamlit/runtime/app_session.py", line 750, in _create_new_session_message
    _populate_user_info_msg(imsg.user_info)
  File "/usr/local/lib/python3.12/site-packages/streamlit/runtime/app_session.py", line 1154, in _populate_user_info_msg
    inst = Installation.instance()
           ^^^^^^^^^^^^^^^^^^^^^^^
  File "/usr/local/lib/python3.12/site-packages/streamlit/runtime/metrics_util.py", line 228, in instance
    cls._instance = Installation()
                    ^^^^^^^^^^^^^^
  File "/usr/local/lib/python3.12/site-packages/streamlit/runtime/metrics_util.py", line 233, in __init__
    uuid.uuid5(uuid.NAMESPACE_DNS, _get_machine_id_v3())
                                   ^^^^^^^^^^^^^^^^^^^^
  File "/usr/local/lib/python3.12/site-packages/streamlit/runtime/metrics_util.py", line 173, in _get_machine_id_v3
    machine_id = f.read()
                 ^^^^^^^^
  File "<frozen codecs>", line 322, in decode
UnicodeDecodeError: 'utf-8' codec can't decode bytes in position 25-26: invalid continuation byte
Exception in callback AppSession._on_scriptrunner_event.<locals>.<lambda>() at /usr/local/lib/python3.12/site-packages/streamlit/runtime/app_session.py:519
handle: <Handle AppSession._on_scriptrunner_event.<locals>.<lambda>() at /usr/local/lib/python3.12/site-packages/streamlit/runtime/app_session.py:519>
Traceback (most recent call last):
  File "/usr/local/lib/python3.12/asyncio/events.py", line 88, in _run
    self._context.run(self._callback, *self._args)
  File "/usr/local/lib/python3.12/site-packages/streamlit/runtime/app_session.py", line 519, in <lambda>
    lambda: self._handle_scriptrunner_event_on_event_loop(
            ^^^^^^^^^^^^^^^^^^^^^^^^^^^^^^^^^^^^^^^^^^^^^^
  File "/usr/local/lib/python3.12/site-packages/streamlit/runtime/app_session.py", line 616, in _handle_scriptrunner_event_on_event_loop
    msg = self._create_new_session_message(
          ^^^^^^^^^^^^^^^^^^^^^^^^^^^^^^^^^
  File "/usr/local/lib/python3.12/site-packages/streamlit/runtime/app_session.py", line 750, in _create_new_session_message
    _populate_user_info_msg(imsg.user_info)
  File "/usr/local/lib/python3.12/site-packages/streamlit/runtime/app_session.py", line 1154, in _populate_user_info_msg
    inst = Installation.instance()
           ^^^^^^^^^^^^^^^^^^^^^^^
  File "/usr/local/lib/python3.12/site-packages/streamlit/runtime/metrics_util.py", line 228, in instance
    cls._instance = Installation()
                    ^^^^^^^^^^^^^^
  File "/usr/local/lib/python3.12/site-packages/streamlit/runtime/metrics_util.py", line 233, in __init__
    uuid.uuid5(uuid.NAMESPACE_DNS, _get_machine_id_v3())
                                   ^^^^^^^^^^^^^^^^^^^^
  File "/usr/local/lib/python3.12/site-packages/streamlit/runtime/metrics_util.py", line 173, in _get_machine_id_v3
    machine_id = f.read()
                 ^^^^^^^^
  File "<frozen codecs>", line 322, in decode
UnicodeDecodeError: 'utf-8' codec can't decode bytes in position 25-26: invalid continuation byte
Exception in callback AppSession._on_scriptrunner_event.<locals>.<lambda>() at /usr/local/lib/python3.12/site-packages/streamlit/runtime/app_session.py:519
handle: <Handle AppSession._on_scriptrunner_event.<locals>.<lambda>() at /usr/local/lib/python3.12/site-packages/streamlit/runtime/app_session.py:519>
Traceback (most recent call last):
  File "/usr/local/lib/python3.12/asyncio/events.py", line 88, in _run
    self._context.run(self._callback, *self._args)
  File "/usr/local/lib/python3.12/site-packages/streamlit/runtime/app_session.py", line 519, in <lambda>
    lambda: self._handle_scriptrunner_event_on_event_loop(
            ^^^^^^^^^^^^^^^^^^^^^^^^^^^^^^^^^^^^^^^^^^^^^^
  File "/usr/local/lib/python3.12/site-packages/streamlit/runtime/app_session.py", line 616, in _handle_scriptrunner_event_on_event_loop
    msg = self._create_new_session_message(
          ^^^^^^^^^^^^^^^^^^^^^^^^^^^^^^^^^
  File "/usr/local/lib/python3.12/site-packages/streamlit/runtime/app_session.py", line 750, in _create_new_session_message
    _populate_user_info_msg(imsg.user_info)
  File "/usr/local/lib/python3.12/site-packages/streamlit/runtime/app_session.py", line 1154, in _populate_user_info_msg
    inst = Installation.instance()
           ^^^^^^^^^^^^^^^^^^^^^^^
  File "/usr/local/lib/python3.12/site-packages/streamlit/runtime/metrics_util.py", line 228, in instance
    cls._instance = Installation()
                    ^^^^^^^^^^^^^^
  File "/usr/local/lib/python3.12/site-packages/streamlit/runtime/metrics_util.py", line 233, in __init__
    uuid.uuid5(uuid.NAMESPACE_DNS, _get_machine_id_v3())
                                   ^^^^^^^^^^^^^^^^^^^^
  File "/usr/local/lib/python3.12/site-packages/streamlit/runtime/metrics_util.py", line 173, in _get_machine_id_v3
    machine_id = f.read()
                 ^^^^^^^^
  File "<frozen codecs>", line 322, in decode
UnicodeDecodeError: 'utf-8' codec can't decode bytes in position 25-26: invalid continuation byte
Exception in callback AppSession._on_scriptrunner_event.<locals>.<lambda>() at /usr/local/lib/python3.12/site-packages/streamlit/runtime/app_session.py:519
handle: <Handle AppSession._on_scriptrunner_event.<locals>.<lambda>() at /usr/local/lib/python3.12/site-packages/streamlit/runtime/app_session.py:519>
Traceback (most recent call last):
  File "/usr/local/lib/python3.12/asyncio/events.py", line 88, in _run
    self._context.run(self._callback, *self._args)
  File "/usr/local/lib/python3.12/site-packages/streamlit/runtime/app_session.py", line 519, in <lambda>
    lambda: self._handle_scriptrunner_event_on_event_loop(
            ^^^^^^^^^^^^^^^^^^^^^^^^^^^^^^^^^^^^^^^^^^^^^^
  File "/usr/local/lib/python3.12/site-packages/streamlit/runtime/app_session.py", line 616, in _handle_scriptrunner_event_on_event_loop
    msg = self._create_new_session_message(
          ^^^^^^^^^^^^^^^^^^^^^^^^^^^^^^^^^
  File "/usr/local/lib/python3.12/site-packages/streamlit/runtime/app_session.py", line 750, in _create_new_session_message
    _populate_user_info_msg(imsg.user_info)
  File "/usr/local/lib/python3.12/site-packages/streamlit/runtime/app_session.py", line 1154, in _populate_user_info_msg
    inst = Installation.instance()
           ^^^^^^^^^^^^^^^^^^^^^^^
  File "/usr/local/lib/python3.12/site-packages/streamlit/runtime/metrics_util.py", line 228, in instance
    cls._instance = Installation()
                    ^^^^^^^^^^^^^^
  File "/usr/local/lib/python3.12/site-packages/streamlit/runtime/metrics_util.py", line 233, in __init__
    uuid.uuid5(uuid.NAMESPACE_DNS, _get_machine_id_v3())
                                   ^^^^^^^^^^^^^^^^^^^^
  File "/usr/local/lib/python3.12/site-packages/streamlit/runtime/metrics_util.py", line 173, in _get_machine_id_v3
    machine_id = f.read()
                 ^^^^^^^^
  File "<frozen codecs>", line 322, in decode
UnicodeDecodeError: 'utf-8' codec can't decode bytes in position 25-26: invalid continuation byte
Exception in callback AppSession._on_scriptrunner_event.<locals>.<lambda>() at /usr/local/lib/python3.12/site-packages/streamlit/runtime/app_session.py:519
handle: <Handle AppSession._on_scriptrunner_event.<locals>.<lambda>() at /usr/local/lib/python3.12/site-packages/streamlit/runtime/app_session.py:519>
Traceback (most recent call last):
  File "/usr/local/lib/python3.12/asyncio/events.py", line 88, in _run
    self._context.run(self._callback, *self._args)
  File "/usr/local/lib/python3.12/site-packages/streamlit/runtime/app_session.py", line 519, in <lambda>
    lambda: self._handle_scriptrunner_event_on_event_loop(
            ^^^^^^^^^^^^^^^^^^^^^^^^^^^^^^^^^^^^^^^^^^^^^^
  File "/usr/local/lib/python3.12/site-packages/streamlit/runtime/app_session.py", line 616, in _handle_scriptrunner_event_on_event_loop
    msg = self._create_new_session_message(
          ^^^^^^^^^^^^^^^^^^^^^^^^^^^^^^^^^
  File "/usr/local/lib/python3.12/site-packages/streamlit/runtime/app_session.py", line 750, in _create_new_session_message
    _populate_user_info_msg(imsg.user_info)
  File "/usr/local/lib/python3.12/site-packages/streamlit/runtime/app_session.py", line 1154, in _populate_user_info_msg
    inst = Installation.instance()
           ^^^^^^^^^^^^^^^^^^^^^^^
  File "/usr/local/lib/python3.12/site-packages/streamlit/runtime/metrics_util.py", line 228, in instance
    cls._instance = Installation()
                    ^^^^^^^^^^^^^^
  File "/usr/local/lib/python3.12/site-packages/streamlit/runtime/metrics_util.py", line 233, in __init__
    uuid.uuid5(uuid.NAMESPACE_DNS, _get_machine_id_v3())
                                   ^^^^^^^^^^^^^^^^^^^^
  File "/usr/local/lib/python3.12/site-packages/streamlit/runtime/metrics_util.py", line 173, in _get_machine_id_v3
    machine_id = f.read()
                 ^^^^^^^^
  File "<frozen codecs>", line 322, in decode
UnicodeDecodeError: 'utf-8' codec can't decode bytes in position 25-26: invalid continuation byte
Exception in callback AppSession._on_scriptrunner_event.<locals>.<lambda>() at /usr/local/lib/python3.12/site-packages/streamlit/runtime/app_session.py:519
handle: <Handle AppSession._on_scriptrunner_event.<locals>.<lambda>() at /usr/local/lib/python3.12/site-packages/streamlit/runtime/app_session.py:519>
Traceback (most recent call last):
  File "/usr/local/lib/python3.12/asyncio/events.py", line 88, in _run
    self._context.run(self._callback, *self._args)
  File "/usr/local/lib/python3.12/site-packages/streamlit/runtime/app_session.py", line 519, in <lambda>
    lambda: self._handle_scriptrunner_event_on_event_loop(
            ^^^^^^^^^^^^^^^^^^^^^^^^^^^^^^^^^^^^^^^^^^^^^^
  File "/usr/local/lib/python3.12/site-packages/streamlit/runtime/app_session.py", line 616, in _handle_scriptrunner_event_on_event_loop
    msg = self._create_new_session_message(
          ^^^^^^^^^^^^^^^^^^^^^^^^^^^^^^^^^
  File "/usr/local/lib/python3.12/site-packages/streamlit/runtime/app_session.py", line 750, in _create_new_session_message
    _populate_user_info_msg(imsg.user_info)
  File "/usr/local/lib/python3.12/site-packages/streamlit/runtime/app_session.py", line 1154, in _populate_user_info_msg
    inst = Installation.instance()
           ^^^^^^^^^^^^^^^^^^^^^^^
  File "/usr/local/lib/python3.12/site-packages/streamlit/runtime/metrics_util.py", line 228, in instance
    cls._instance = Installation()
                    ^^^^^^^^^^^^^^
  File "/usr/local/lib/python3.12/site-packages/streamlit/runtime/metrics_util.py", line 233, in __init__
    uuid.uuid5(uuid.NAMESPACE_DNS, _get_machine_id_v3())
                                   ^^^^^^^^^^^^^^^^^^^^
  File "/usr/local/lib/python3.12/site-packages/streamlit/runtime/metrics_util.py", line 173, in _get_machine_id_v3
    machine_id = f.read()
                 ^^^^^^^^
  File "<frozen codecs>", line 322, in decode
UnicodeDecodeError: 'utf-8' codec can't decode bytes in position 25-26: invalid continuation byte
Exception in callback AppSession._on_scriptrunner_event.<locals>.<lambda>() at /usr/local/lib/python3.12/site-packages/streamlit/runtime/app_session.py:519
handle: <Handle AppSession._on_scriptrunner_event.<locals>.<lambda>() at /usr/local/lib/python3.12/site-packages/streamlit/runtime/app_session.py:519>
Traceback (most recent call last):
  File "/usr/local/lib/python3.12/asyncio/events.py", line 88, in _run
    self._context.run(self._callback, *self._args)
  File "/usr/local/lib/python3.12/site-packages/streamlit/runtime/app_session.py", line 519, in <lambda>
    lambda: self._handle_scriptrunner_event_on_event_loop(
            ^^^^^^^^^^^^^^^^^^^^^^^^^^^^^^^^^^^^^^^^^^^^^^
  File "/usr/local/lib/python3.12/site-packages/streamlit/runtime/app_session.py", line 616, in _handle_scriptrunner_event_on_event_loop
    msg = self._create_new_session_message(
          ^^^^^^^^^^^^^^^^^^^^^^^^^^^^^^^^^
  File "/usr/local/lib/python3.12/site-packages/streamlit/runtime/app_session.py", line 750, in _create_new_session_message
    _populate_user_info_msg(imsg.user_info)
  File "/usr/local/lib/python3.12/site-packages/streamlit/runtime/app_session.py", line 1154, in _populate_user_info_msg
    inst = Installation.instance()
           ^^^^^^^^^^^^^^^^^^^^^^^
  File "/usr/local/lib/python3.12/site-packages/streamlit/runtime/metrics_util.py", line 228, in instance
    cls._instance = Installation()
                    ^^^^^^^^^^^^^^
  File "/usr/local/lib/python3.12/site-packages/streamlit/runtime/metrics_util.py", line 233, in __init__
    uuid.uuid5(uuid.NAMESPACE_DNS, _get_machine_id_v3())
                                   ^^^^^^^^^^^^^^^^^^^^
  File "/usr/local/lib/python3.12/site-packages/streamlit/runtime/metrics_util.py", line 173, in _get_machine_id_v3
    machine_id = f.read()
                 ^^^^^^^^
  File "<frozen codecs>", line 322, in decode
UnicodeDecodeError: 'utf-8' codec can't decode bytes in position 25-26: invalid continuation byte
Exception in callback AppSession._on_scriptrunner_event.<locals>.<lambda>() at /usr/local/lib/python3.12/site-packages/streamlit/runtime/app_session.py:519
handle: <Handle AppSession._on_scriptrunner_event.<locals>.<lambda>() at /usr/local/lib/python3.12/site-packages/streamlit/runtime/app_session.py:519>
Traceback (most recent call last):
  File "/usr/local/lib/python3.12/asyncio/events.py", line 88, in _run
    self._context.run(self._callback, *self._args)
  File "/usr/local/lib/python3.12/site-packages/streamlit/runtime/app_session.py", line 519, in <lambda>
    lambda: self._handle_scriptrunner_event_on_event_loop(
            ^^^^^^^^^^^^^^^^^^^^^^^^^^^^^^^^^^^^^^^^^^^^^^
  File "/usr/local/lib/python3.12/site-packages/streamlit/runtime/app_session.py", line 616, in _handle_scriptrunner_event_on_event_loop
    msg = self._create_new_session_message(
          ^^^^^^^^^^^^^^^^^^^^^^^^^^^^^^^^^
  File "/usr/local/lib/python3.12/site-packages/streamlit/runtime/app_session.py", line 750, in _create_new_session_message
    _populate_user_info_msg(imsg.user_info)
  File "/usr/local/lib/python3.12/site-packages/streamlit/runtime/app_session.py", line 1154, in _populate_user_info_msg
    inst = Installation.instance()
           ^^^^^^^^^^^^^^^^^^^^^^^
  File "/usr/local/lib/python3.12/site-packages/streamlit/runtime/metrics_util.py", line 228, in instance
    cls._instance = Installation()
                    ^^^^^^^^^^^^^^
  File "/usr/local/lib/python3.12/site-packages/streamlit/runtime/metrics_util.py", line 233, in __init__
    uuid.uuid5(uuid.NAMESPACE_DNS, _get_machine_id_v3())
                                   ^^^^^^^^^^^^^^^^^^^^
  File "/usr/local/lib/python3.12/site-packages/streamlit/runtime/metrics_util.py", line 173, in _get_machine_id_v3
    machine_id = f.read()
                 ^^^^^^^^
  File "<frozen codecs>", line 322, in decode
UnicodeDecodeError: 'utf-8' codec can't decode bytes in position 25-26: invalid continuation byte
Exception in callback AppSession._on_scriptrunner_event.<locals>.<lambda>() at /usr/local/lib/python3.12/site-packages/streamlit/runtime/app_session.py:519
handle: <Handle AppSession._on_scriptrunner_event.<locals>.<lambda>() at /usr/local/lib/python3.12/site-packages/streamlit/runtime/app_session.py:519>
Traceback (most recent call last):
  File "/usr/local/lib/python3.12/asyncio/events.py", line 88, in _run
    self._context.run(self._callback, *self._args)
  File "/usr/local/lib/python3.12/site-packages/streamlit/runtime/app_session.py", line 519, in <lambda>
    lambda: self._handle_scriptrunner_event_on_event_loop(
            ^^^^^^^^^^^^^^^^^^^^^^^^^^^^^^^^^^^^^^^^^^^^^^
  File "/usr/local/lib/python3.12/site-packages/streamlit/runtime/app_session.py", line 616, in _handle_scriptrunner_event_on_event_loop
    msg = self._create_new_session_message(
          ^^^^^^^^^^^^^^^^^^^^^^^^^^^^^^^^^
  File "/usr/local/lib/python3.12/site-packages/streamlit/runtime/app_session.py", line 750, in _create_new_session_message
    _populate_user_info_msg(imsg.user_info)
  File "/usr/local/lib/python3.12/site-packages/streamlit/runtime/app_session.py", line 1154, in _populate_user_info_msg
    inst = Installation.instance()
           ^^^^^^^^^^^^^^^^^^^^^^^
  File "/usr/local/lib/python3.12/site-packages/streamlit/runtime/metrics_util.py", line 228, in instance
    cls._instance = Installation()
                    ^^^^^^^^^^^^^^
  File "/usr/local/lib/python3.12/site-packages/streamlit/runtime/metrics_util.py", line 233, in __init__
    uuid.uuid5(uuid.NAMESPACE_DNS, _get_machine_id_v3())
                                   ^^^^^^^^^^^^^^^^^^^^
  File "/usr/local/lib/python3.12/site-packages/streamlit/runtime/metrics_util.py", line 173, in _get_machine_id_v3
    machine_id = f.read()
                 ^^^^^^^^
  File "<frozen codecs>", line 322, in decode
UnicodeDecodeError: 'utf-8' codec can't decode bytes in position 25-26: invalid continuation byte
Exception in callback AppSession._on_scriptrunner_event.<locals>.<lambda>() at /usr/local/lib/python3.12/site-packages/streamlit/runtime/app_session.py:519
handle: <Handle AppSession._on_scriptrunner_event.<locals>.<lambda>() at /usr/local/lib/python3.12/site-packages/streamlit/runtime/app_session.py:519>
Traceback (most recent call last):
  File "/usr/local/lib/python3.12/asyncio/events.py", line 88, in _run
    self._context.run(self._callback, *self._args)
  File "/usr/local/lib/python3.12/site-packages/streamlit/runtime/app_session.py", line 519, in <lambda>
    lambda: self._handle_scriptrunner_event_on_event_loop(
            ^^^^^^^^^^^^^^^^^^^^^^^^^^^^^^^^^^^^^^^^^^^^^^
  File "/usr/local/lib/python3.12/site-packages/streamlit/runtime/app_session.py", line 616, in _handle_scriptrunner_event_on_event_loop
    msg = self._create_new_session_message(
          ^^^^^^^^^^^^^^^^^^^^^^^^^^^^^^^^^
  File "/usr/local/lib/python3.12/site-packages/streamlit/runtime/app_session.py", line 750, in _create_new_session_message
    _populate_user_info_msg(imsg.user_info)
  File "/usr/local/lib/python3.12/site-packages/streamlit/runtime/app_session.py", line 1154, in _populate_user_info_msg
    inst = Installation.instance()
           ^^^^^^^^^^^^^^^^^^^^^^^
  File "/usr/local/lib/python3.12/site-packages/streamlit/runtime/metrics_util.py", line 228, in instance
    cls._instance = Installation()
                    ^^^^^^^^^^^^^^
  File "/usr/local/lib/python3.12/site-packages/streamlit/runtime/metrics_util.py", line 233, in __init__
    uuid.uuid5(uuid.NAMESPACE_DNS, _get_machine_id_v3())
                                   ^^^^^^^^^^^^^^^^^^^^
  File "/usr/local/lib/python3.12/site-packages/streamlit/runtime/metrics_util.py", line 173, in _get_machine_id_v3
    machine_id = f.read()
                 ^^^^^^^^
  File "<frozen codecs>", line 322, in decode
UnicodeDecodeError: 'utf-8' codec can't decode bytes in position 25-26: invalid continuation byte
Exception in callback AppSession._on_scriptrunner_event.<locals>.<lambda>() at /usr/local/lib/python3.12/site-packages/streamlit/runtime/app_session.py:519
handle: <Handle AppSession._on_scriptrunner_event.<locals>.<lambda>() at /usr/local/lib/python3.12/site-packages/streamlit/runtime/app_session.py:519>
Traceback (most recent call last):
  File "/usr/local/lib/python3.12/asyncio/events.py", line 88, in _run
    self._context.run(self._callback, *self._args)
  File "/usr/local/lib/python3.12/site-packages/streamlit/runtime/app_session.py", line 519, in <lambda>
    lambda: self._handle_scriptrunner_event_on_event_loop(
            ^^^^^^^^^^^^^^^^^^^^^^^^^^^^^^^^^^^^^^^^^^^^^^
  File "/usr/local/lib/python3.12/site-packages/streamlit/runtime/app_session.py", line 616, in _handle_scriptrunner_event_on_event_loop
    msg = self._create_new_session_message(
          ^^^^^^^^^^^^^^^^^^^^^^^^^^^^^^^^^
  File "/usr/local/lib/python3.12/site-packages/streamlit/runtime/app_session.py", line 750, in _create_new_session_message
    _populate_user_info_msg(imsg.user_info)
  File "/usr/local/lib/python3.12/site-packages/streamlit/runtime/app_session.py", line 1154, in _populate_user_info_msg
    inst = Installation.instance()
           ^^^^^^^^^^^^^^^^^^^^^^^
  File "/usr/local/lib/python3.12/site-packages/streamlit/runtime/metrics_util.py", line 228, in instance
    cls._instance = Installation()
                    ^^^^^^^^^^^^^^
  File "/usr/local/lib/python3.12/site-packages/streamlit/runtime/metrics_util.py", line 233, in __init__
    uuid.uuid5(uuid.NAMESPACE_DNS, _get_machine_id_v3())
                                   ^^^^^^^^^^^^^^^^^^^^
  File "/usr/local/lib/python3.12/site-packages/streamlit/runtime/metrics_util.py", line 173, in _get_machine_id_v3
    machine_id = f.read()
                 ^^^^^^^^
  File "<frozen codecs>", line 322, in decode
UnicodeDecodeError: 'utf-8' codec can't decode bytes in position 25-26: invalid continuation byte
Exception in callback AppSession._on_scriptrunner_event.<locals>.<lambda>() at /usr/local/lib/python3.12/site-packages/streamlit/runtime/app_session.py:519
handle: <Handle AppSession._on_scriptrunner_event.<locals>.<lambda>() at /usr/local/lib/python3.12/site-packages/streamlit/runtime/app_session.py:519>
Traceback (most recent call last):
  File "/usr/local/lib/python3.12/asyncio/events.py", line 88, in _run
    self._context.run(self._callback, *self._args)
  File "/usr/local/lib/python3.12/site-packages/streamlit/runtime/app_session.py", line 519, in <lambda>
    lambda: self._handle_scriptrunner_event_on_event_loop(
            ^^^^^^^^^^^^^^^^^^^^^^^^^^^^^^^^^^^^^^^^^^^^^^
  File "/usr/local/lib/python3.12/site-packages/streamlit/runtime/app_session.py", line 616, in _handle_scriptrunner_event_on_event_loop
    msg = self._create_new_session_message(
          ^^^^^^^^^^^^^^^^^^^^^^^^^^^^^^^^^
  File "/usr/local/lib/python3.12/site-packages/streamlit/runtime/app_session.py", line 750, in _create_new_session_message
    _populate_user_info_msg(imsg.user_info)
  File "/usr/local/lib/python3.12/site-packages/streamlit/runtime/app_session.py", line 1154, in _populate_user_info_msg
    inst = Installation.instance()
           ^^^^^^^^^^^^^^^^^^^^^^^
  File "/usr/local/lib/python3.12/site-packages/streamlit/runtime/metrics_util.py", line 228, in instance
    cls._instance = Installation()
                    ^^^^^^^^^^^^^^
  File "/usr/local/lib/python3.12/site-packages/streamlit/runtime/metrics_util.py", line 233, in __init__
    uuid.uuid5(uuid.NAMESPACE_DNS, _get_machine_id_v3())
                                   ^^^^^^^^^^^^^^^^^^^^
  File "/usr/local/lib/python3.12/site-packages/streamlit/runtime/metrics_util.py", line 173, in _get_machine_id_v3
    machine_id = f.read()
                 ^^^^^^^^
  File "<frozen codecs>", line 322, in decode
UnicodeDecodeError: 'utf-8' codec can't decode bytes in position 25-26: invalid continuation byte
Exception in callback AppSession._on_scriptrunner_event.<locals>.<lambda>() at /usr/local/lib/python3.12/site-packages/streamlit/runtime/app_session.py:519
handle: <Handle AppSession._on_scriptrunner_event.<locals>.<lambda>() at /usr/local/lib/python3.12/site-packages/streamlit/runtime/app_session.py:519>
Traceback (most recent call last):
  File "/usr/local/lib/python3.12/asyncio/events.py", line 88, in _run
    self._context.run(self._callback, *self._args)
  File "/usr/local/lib/python3.12/site-packages/streamlit/runtime/app_session.py", line 519, in <lambda>
    lambda: self._handle_scriptrunner_event_on_event_loop(
            ^^^^^^^^^^^^^^^^^^^^^^^^^^^^^^^^^^^^^^^^^^^^^^
  File "/usr/local/lib/python3.12/site-packages/streamlit/runtime/app_session.py", line 616, in _handle_scriptrunner_event_on_event_loop
    msg = self._create_new_session_message(
          ^^^^^^^^^^^^^^^^^^^^^^^^^^^^^^^^^
  File "/usr/local/lib/python3.12/site-packages/streamlit/runtime/app_session.py", line 750, in _create_new_session_message
    _populate_user_info_msg(imsg.user_info)
  File "/usr/local/lib/python3.12/site-packages/streamlit/runtime/app_session.py", line 1154, in _populate_user_info_msg
    inst = Installation.instance()
           ^^^^^^^^^^^^^^^^^^^^^^^
  File "/usr/local/lib/python3.12/site-packages/streamlit/runtime/metrics_util.py", line 228, in instance
    cls._instance = Installation()
                    ^^^^^^^^^^^^^^
  File "/usr/local/lib/python3.12/site-packages/streamlit/runtime/metrics_util.py", line 233, in __init__
    uuid.uuid5(uuid.NAMESPACE_DNS, _get_machine_id_v3())
                                   ^^^^^^^^^^^^^^^^^^^^
  File "/usr/local/lib/python3.12/site-packages/streamlit/runtime/metrics_util.py", line 173, in _get_machine_id_v3
    machine_id = f.read()
                 ^^^^^^^^
  File "<frozen codecs>", line 322, in decode
UnicodeDecodeError: 'utf-8' codec can't decode bytes in position 25-26: invalid continuation byte
Exception in callback AppSession._on_scriptrunner_event.<locals>.<lambda>() at /usr/local/lib/python3.12/site-packages/streamlit/runtime/app_session.py:519
handle: <Handle AppSession._on_scriptrunner_event.<locals>.<lambda>() at /usr/local/lib/python3.12/site-packages/streamlit/runtime/app_session.py:519>
Traceback (most recent call last):
  File "/usr/local/lib/python3.12/asyncio/events.py", line 88, in _run
    self._context.run(self._callback, *self._args)
  File "/usr/local/lib/python3.12/site-packages/streamlit/runtime/app_session.py", line 519, in <lambda>
    lambda: self._handle_scriptrunner_event_on_event_loop(
            ^^^^^^^^^^^^^^^^^^^^^^^^^^^^^^^^^^^^^^^^^^^^^^
  File "/usr/local/lib/python3.12/site-packages/streamlit/runtime/app_session.py", line 616, in _handle_scriptrunner_event_on_event_loop
    msg = self._create_new_session_message(
          ^^^^^^^^^^^^^^^^^^^^^^^^^^^^^^^^^
  File "/usr/local/lib/python3.12/site-packages/streamlit/runtime/app_session.py", line 750, in _create_new_session_message
    _populate_user_info_msg(imsg.user_info)
  File "/usr/local/lib/python3.12/site-packages/streamlit/runtime/app_session.py", line 1154, in _populate_user_info_msg
    inst = Installation.instance()
           ^^^^^^^^^^^^^^^^^^^^^^^
  File "/usr/local/lib/python3.12/site-packages/streamlit/runtime/metrics_util.py", line 228, in instance
    cls._instance = Installation()
                    ^^^^^^^^^^^^^^
  File "/usr/local/lib/python3.12/site-packages/streamlit/runtime/metrics_util.py", line 233, in __init__
    uuid.uuid5(uuid.NAMESPACE_DNS, _get_machine_id_v3())
                                   ^^^^^^^^^^^^^^^^^^^^
  File "/usr/local/lib/python3.12/site-packages/streamlit/runtime/metrics_util.py", line 173, in _get_machine_id_v3
    machine_id = f.read()
                 ^^^^^^^^
  File "<frozen codecs>", line 322, in decode
UnicodeDecodeError: 'utf-8' codec can't decode bytes in position 25-26: invalid continuation byte
Exception in callback AppSession._on_scriptrunner_event.<locals>.<lambda>() at /usr/local/lib/python3.12/site-packages/streamlit/runtime/app_session.py:519
handle: <Handle AppSession._on_scriptrunner_event.<locals>.<lambda>() at /usr/local/lib/python3.12/site-packages/streamlit/runtime/app_session.py:519>
Traceback (most recent call last):
  File "/usr/local/lib/python3.12/asyncio/events.py", line 88, in _run
    self._context.run(self._callback, *self._args)
  File "/usr/local/lib/python3.12/site-packages/streamlit/runtime/app_session.py", line 519, in <lambda>
    lambda: self._handle_scriptrunner_event_on_event_loop(
            ^^^^^^^^^^^^^^^^^^^^^^^^^^^^^^^^^^^^^^^^^^^^^^
  File "/usr/local/lib/python3.12/site-packages/streamlit/runtime/app_session.py", line 616, in _handle_scriptrunner_event_on_event_loop
    msg = self._create_new_session_message(
          ^^^^^^^^^^^^^^^^^^^^^^^^^^^^^^^^^
  File "/usr/local/lib/python3.12/site-packages/streamlit/runtime/app_session.py", line 750, in _create_new_session_message
    _populate_user_info_msg(imsg.user_info)
  File "/usr/local/lib/python3.12/site-packages/streamlit/runtime/app_session.py", line 1154, in _populate_user_info_msg
    inst = Installation.instance()
           ^^^^^^^^^^^^^^^^^^^^^^^
  File "/usr/local/lib/python3.12/site-packages/streamlit/runtime/metrics_util.py", line 228, in instance
    cls._instance = Installation()
                    ^^^^^^^^^^^^^^
  File "/usr/local/lib/python3.12/site-packages/streamlit/runtime/metrics_util.py", line 233, in __init__
    uuid.uuid5(uuid.NAMESPACE_DNS, _get_machine_id_v3())
                                   ^^^^^^^^^^^^^^^^^^^^
  File "/usr/local/lib/python3.12/site-packages/streamlit/runtime/metrics_util.py", line 173, in _get_machine_id_v3
    machine_id = f.read()
                 ^^^^^^^^
  File "<frozen codecs>", line 322, in decode
UnicodeDecodeError: 'utf-8' codec can't decode bytes in position 25-26: invalid continuation byte
Exception in callback AppSession._on_scriptrunner_event.<locals>.<lambda>() at /usr/local/lib/python3.12/site-packages/streamlit/runtime/app_session.py:519
handle: <Handle AppSession._on_scriptrunner_event.<locals>.<lambda>() at /usr/local/lib/python3.12/site-packages/streamlit/runtime/app_session.py:519>
Traceback (most recent call last):
  File "/usr/local/lib/python3.12/asyncio/events.py", line 88, in _run
    self._context.run(self._callback, *self._args)
  File "/usr/local/lib/python3.12/site-packages/streamlit/runtime/app_session.py", line 519, in <lambda>
    lambda: self._handle_scriptrunner_event_on_event_loop(
            ^^^^^^^^^^^^^^^^^^^^^^^^^^^^^^^^^^^^^^^^^^^^^^
  File "/usr/local/lib/python3.12/site-packages/streamlit/runtime/app_session.py", line 616, in _handle_scriptrunner_event_on_event_loop
    msg = self._create_new_session_message(
          ^^^^^^^^^^^^^^^^^^^^^^^^^^^^^^^^^
  File "/usr/local/lib/python3.12/site-packages/streamlit/runtime/app_session.py", line 750, in _create_new_session_message
    _populate_user_info_msg(imsg.user_info)
  File "/usr/local/lib/python3.12/site-packages/streamlit/runtime/app_session.py", line 1154, in _populate_user_info_msg
    inst = Installation.instance()
           ^^^^^^^^^^^^^^^^^^^^^^^
  File "/usr/local/lib/python3.12/site-packages/streamlit/runtime/metrics_util.py", line 228, in instance
    cls._instance = Installation()
                    ^^^^^^^^^^^^^^
  File "/usr/local/lib/python3.12/site-packages/streamlit/runtime/metrics_util.py", line 233, in __init__
    uuid.uuid5(uuid.NAMESPACE_DNS, _get_machine_id_v3())
                                   ^^^^^^^^^^^^^^^^^^^^
  File "/usr/local/lib/python3.12/site-packages/streamlit/runtime/metrics_util.py", line 173, in _get_machine_id_v3
    machine_id = f.read()
                 ^^^^^^^^
  File "<frozen codecs>", line 322, in decode
UnicodeDecodeError: 'utf-8' codec can't decode bytes in position 25-26: invalid continuation byte
Exception in callback AppSession._on_scriptrunner_event.<locals>.<lambda>() at /usr/local/lib/python3.12/site-packages/streamlit/runtime/app_session.py:519
handle: <Handle AppSession._on_scriptrunner_event.<locals>.<lambda>() at /usr/local/lib/python3.12/site-packages/streamlit/runtime/app_session.py:519>
Traceback (most recent call last):
  File "/usr/local/lib/python3.12/asyncio/events.py", line 88, in _run
    self._context.run(self._callback, *self._args)
  File "/usr/local/lib/python3.12/site-packages/streamlit/runtime/app_session.py", line 519, in <lambda>
    lambda: self._handle_scriptrunner_event_on_event_loop(
            ^^^^^^^^^^^^^^^^^^^^^^^^^^^^^^^^^^^^^^^^^^^^^^
  File "/usr/local/lib/python3.12/site-packages/streamlit/runtime/app_session.py", line 616, in _handle_scriptrunner_event_on_event_loop
    msg = self._create_new_session_message(
          ^^^^^^^^^^^^^^^^^^^^^^^^^^^^^^^^^
  File "/usr/local/lib/python3.12/site-packages/streamlit/runtime/app_session.py", line 750, in _create_new_session_message
    _populate_user_info_msg(imsg.user_info)
  File "/usr/local/lib/python3.12/site-packages/streamlit/runtime/app_session.py", line 1154, in _populate_user_info_msg
    inst = Installation.instance()
           ^^^^^^^^^^^^^^^^^^^^^^^
  File "/usr/local/lib/python3.12/site-packages/streamlit/runtime/metrics_util.py", line 228, in instance
    cls._instance = Installation()
                    ^^^^^^^^^^^^^^
  File "/usr/local/lib/python3.12/site-packages/streamlit/runtime/metrics_util.py", line 233, in __init__
    uuid.uuid5(uuid.NAMESPACE_DNS, _get_machine_id_v3())
                                   ^^^^^^^^^^^^^^^^^^^^
  File "/usr/local/lib/python3.12/site-packages/streamlit/runtime/metrics_util.py", line 173, in _get_machine_id_v3
    machine_id = f.read()
                 ^^^^^^^^
  File "<frozen codecs>", line 322, in decode
UnicodeDecodeError: 'utf-8' codec can't decode bytes in position 25-26: invalid continuation byte
Exception in callback AppSession._on_scriptrunner_event.<locals>.<lambda>() at /usr/local/lib/python3.12/site-packages/streamlit/runtime/app_session.py:519
handle: <Handle AppSession._on_scriptrunner_event.<locals>.<lambda>() at /usr/local/lib/python3.12/site-packages/streamlit/runtime/app_session.py:519>
Traceback (most recent call last):
  File "/usr/local/lib/python3.12/asyncio/events.py", line 88, in _run
    self._context.run(self._callback, *self._args)
  File "/usr/local/lib/python3.12/site-packages/streamlit/runtime/app_session.py", line 519, in <lambda>
    lambda: self._handle_scriptrunner_event_on_event_loop(
            ^^^^^^^^^^^^^^^^^^^^^^^^^^^^^^^^^^^^^^^^^^^^^^
  File "/usr/local/lib/python3.12/site-packages/streamlit/runtime/app_session.py", line 616, in _handle_scriptrunner_event_on_event_loop
    msg = self._create_new_session_message(
          ^^^^^^^^^^^^^^^^^^^^^^^^^^^^^^^^^
  File "/usr/local/lib/python3.12/site-packages/streamlit/runtime/app_session.py", line 750, in _create_new_session_message
    _populate_user_info_msg(imsg.user_info)
  File "/usr/local/lib/python3.12/site-packages/streamlit/runtime/app_session.py", line 1154, in _populate_user_info_msg
    inst = Installation.instance()
           ^^^^^^^^^^^^^^^^^^^^^^^
  File "/usr/local/lib/python3.12/site-packages/streamlit/runtime/metrics_util.py", line 228, in instance
    cls._instance = Installation()
                    ^^^^^^^^^^^^^^
  File "/usr/local/lib/python3.12/site-packages/streamlit/runtime/metrics_util.py", line 233, in __init__
    uuid.uuid5(uuid.NAMESPACE_DNS, _get_machine_id_v3())
                                   ^^^^^^^^^^^^^^^^^^^^
  File "/usr/local/lib/python3.12/site-packages/streamlit/runtime/metrics_util.py", line 173, in _get_machine_id_v3
    machine_id = f.read()
                 ^^^^^^^^
  File "<frozen codecs>", line 322, in decode
UnicodeDecodeError: 'utf-8' codec can't decode bytes in position 25-26: invalid continuation byte
Exception in callback AppSession._on_scriptrunner_event.<locals>.<lambda>() at /usr/local/lib/python3.12/site-packages/streamlit/runtime/app_session.py:519
handle: <Handle AppSession._on_scriptrunner_event.<locals>.<lambda>() at /usr/local/lib/python3.12/site-packages/streamlit/runtime/app_session.py:519>
Traceback (most recent call last):
  File "/usr/local/lib/python3.12/asyncio/events.py", line 88, in _run
    self._context.run(self._callback, *self._args)
  File "/usr/local/lib/python3.12/site-packages/streamlit/runtime/app_session.py", line 519, in <lambda>
    lambda: self._handle_scriptrunner_event_on_event_loop(
            ^^^^^^^^^^^^^^^^^^^^^^^^^^^^^^^^^^^^^^^^^^^^^^
  File "/usr/local/lib/python3.12/site-packages/streamlit/runtime/app_session.py", line 616, in _handle_scriptrunner_event_on_event_loop
    msg = self._create_new_session_message(
          ^^^^^^^^^^^^^^^^^^^^^^^^^^^^^^^^^
  File "/usr/local/lib/python3.12/site-packages/streamlit/runtime/app_session.py", line 750, in _create_new_session_message
    _populate_user_info_msg(imsg.user_info)
  File "/usr/local/lib/python3.12/site-packages/streamlit/runtime/app_session.py", line 1154, in _populate_user_info_msg
    inst = Installation.instance()
           ^^^^^^^^^^^^^^^^^^^^^^^
  File "/usr/local/lib/python3.12/site-packages/streamlit/runtime/metrics_util.py", line 228, in instance
    cls._instance = Installation()
                    ^^^^^^^^^^^^^^
  File "/usr/local/lib/python3.12/site-packages/streamlit/runtime/metrics_util.py", line 233, in __init__
    uuid.uuid5(uuid.NAMESPACE_DNS, _get_machine_id_v3())
                                   ^^^^^^^^^^^^^^^^^^^^
  File "/usr/local/lib/python3.12/site-packages/streamlit/runtime/metrics_util.py", line 173, in _get_machine_id_v3
    machine_id = f.read()
                 ^^^^^^^^
  File "<frozen codecs>", line 322, in decode
UnicodeDecodeError: 'utf-8' codec can't decode bytes in position 25-26: invalid continuation byte
Exception in callback AppSession._on_scriptrunner_event.<locals>.<lambda>() at /usr/local/lib/python3.12/site-packages/streamlit/runtime/app_session.py:519
handle: <Handle AppSession._on_scriptrunner_event.<locals>.<lambda>() at /usr/local/lib/python3.12/site-packages/streamlit/runtime/app_session.py:519>
Traceback (most recent call last):
  File "/usr/local/lib/python3.12/asyncio/events.py", line 88, in _run
    self._context.run(self._callback, *self._args)
  File "/usr/local/lib/python3.12/site-packages/streamlit/runtime/app_session.py", line 519, in <lambda>
    lambda: self._handle_scriptrunner_event_on_event_loop(
            ^^^^^^^^^^^^^^^^^^^^^^^^^^^^^^^^^^^^^^^^^^^^^^
  File "/usr/local/lib/python3.12/site-packages/streamlit/runtime/app_session.py", line 616, in _handle_scriptrunner_event_on_event_loop
    msg = self._create_new_session_message(
          ^^^^^^^^^^^^^^^^^^^^^^^^^^^^^^^^^
  File "/usr/local/lib/python3.12/site-packages/streamlit/runtime/app_session.py", line 750, in _create_new_session_message
    _populate_user_info_msg(imsg.user_info)
  File "/usr/local/lib/python3.12/site-packages/streamlit/runtime/app_session.py", line 1154, in _populate_user_info_msg
    inst = Installation.instance()
           ^^^^^^^^^^^^^^^^^^^^^^^
  File "/usr/local/lib/python3.12/site-packages/streamlit/runtime/metrics_util.py", line 228, in instance
    cls._instance = Installation()
                    ^^^^^^^^^^^^^^
  File "/usr/local/lib/python3.12/site-packages/streamlit/runtime/metrics_util.py", line 233, in __init__
    uuid.uuid5(uuid.NAMESPACE_DNS, _get_machine_id_v3())
                                   ^^^^^^^^^^^^^^^^^^^^
  File "/usr/local/lib/python3.12/site-packages/streamlit/runtime/metrics_util.py", line 173, in _get_machine_id_v3
    machine_id = f.read()
                 ^^^^^^^^
  File "<frozen codecs>", line 322, in decode
UnicodeDecodeError: 'utf-8' codec can't decode bytes in position 25-26: invalid continuation byte
Exception in callback AppSession._on_scriptrunner_event.<locals>.<lambda>() at /usr/local/lib/python3.12/site-packages/streamlit/runtime/app_session.py:519
handle: <Handle AppSession._on_scriptrunner_event.<locals>.<lambda>() at /usr/local/lib/python3.12/site-packages/streamlit/runtime/app_session.py:519>
Traceback (most recent call last):
  File "/usr/local/lib/python3.12/asyncio/events.py", line 88, in _run
    self._context.run(self._callback, *self._args)
  File "/usr/local/lib/python3.12/site-packages/streamlit/runtime/app_session.py", line 519, in <lambda>
    lambda: self._handle_scriptrunner_event_on_event_loop(
            ^^^^^^^^^^^^^^^^^^^^^^^^^^^^^^^^^^^^^^^^^^^^^^
  File "/usr/local/lib/python3.12/site-packages/streamlit/runtime/app_session.py", line 616, in _handle_scriptrunner_event_on_event_loop
    msg = self._create_new_session_message(
          ^^^^^^^^^^^^^^^^^^^^^^^^^^^^^^^^^
  File "/usr/local/lib/python3.12/site-packages/streamlit/runtime/app_session.py", line 750, in _create_new_session_message
    _populate_user_info_msg(imsg.user_info)
  File "/usr/local/lib/python3.12/site-packages/streamlit/runtime/app_session.py", line 1154, in _populate_user_info_msg
    inst = Installation.instance()
           ^^^^^^^^^^^^^^^^^^^^^^^
  File "/usr/local/lib/python3.12/site-packages/streamlit/runtime/metrics_util.py", line 228, in instance
    cls._instance = Installation()
                    ^^^^^^^^^^^^^^
  File "/usr/local/lib/python3.12/site-packages/streamlit/runtime/metrics_util.py", line 233, in __init__
    uuid.uuid5(uuid.NAMESPACE_DNS, _get_machine_id_v3())
                                   ^^^^^^^^^^^^^^^^^^^^
  File "/usr/local/lib/python3.12/site-packages/streamlit/runtime/metrics_util.py", line 173, in _get_machine_id_v3
    machine_id = f.read()
                 ^^^^^^^^
  File "<frozen codecs>", line 322, in decode
UnicodeDecodeError: 'utf-8' codec can't decode bytes in position 25-26: invalid continuation byte
Exception in callback AppSession._on_scriptrunner_event.<locals>.<lambda>() at /usr/local/lib/python3.12/site-packages/streamlit/runtime/app_session.py:519
handle: <Handle AppSession._on_scriptrunner_event.<locals>.<lambda>() at /usr/local/lib/python3.12/site-packages/streamlit/runtime/app_session.py:519>
Traceback (most recent call last):
  File "/usr/local/lib/python3.12/asyncio/events.py", line 88, in _run
    self._context.run(self._callback, *self._args)
  File "/usr/local/lib/python3.12/site-packages/streamlit/runtime/app_session.py", line 519, in <lambda>
    lambda: self._handle_scriptrunner_event_on_event_loop(
            ^^^^^^^^^^^^^^^^^^^^^^^^^^^^^^^^^^^^^^^^^^^^^^
  File "/usr/local/lib/python3.12/site-packages/streamlit/runtime/app_session.py", line 616, in _handle_scriptrunner_event_on_event_loop
    msg = self._create_new_session_message(
          ^^^^^^^^^^^^^^^^^^^^^^^^^^^^^^^^^
  File "/usr/local/lib/python3.12/site-packages/streamlit/runtime/app_session.py", line 750, in _create_new_session_message
    _populate_user_info_msg(imsg.user_info)
  File "/usr/local/lib/python3.12/site-packages/streamlit/runtime/app_session.py", line 1154, in _populate_user_info_msg
    inst = Installation.instance()
           ^^^^^^^^^^^^^^^^^^^^^^^
  File "/usr/local/lib/python3.12/site-packages/streamlit/runtime/metrics_util.py", line 228, in instance
    cls._instance = Installation()
                    ^^^^^^^^^^^^^^
  File "/usr/local/lib/python3.12/site-packages/streamlit/runtime/metrics_util.py", line 233, in __init__
    uuid.uuid5(uuid.NAMESPACE_DNS, _get_machine_id_v3())
                                   ^^^^^^^^^^^^^^^^^^^^
  File "/usr/local/lib/python3.12/site-packages/streamlit/runtime/metrics_util.py", line 173, in _get_machine_id_v3
    machine_id = f.read()
                 ^^^^^^^^
  File "<frozen codecs>", line 322, in decode
UnicodeDecodeError: 'utf-8' codec can't decode bytes in position 25-26: invalid continuation byte
Exception in callback AppSession._on_scriptrunner_event.<locals>.<lambda>() at /usr/local/lib/python3.12/site-packages/streamlit/runtime/app_session.py:519
handle: <Handle AppSession._on_scriptrunner_event.<locals>.<lambda>() at /usr/local/lib/python3.12/site-packages/streamlit/runtime/app_session.py:519>
Traceback (most recent call last):
  File "/usr/local/lib/python3.12/asyncio/events.py", line 88, in _run
    self._context.run(self._callback, *self._args)
  File "/usr/local/lib/python3.12/site-packages/streamlit/runtime/app_session.py", line 519, in <lambda>
    lambda: self._handle_scriptrunner_event_on_event_loop(
            ^^^^^^^^^^^^^^^^^^^^^^^^^^^^^^^^^^^^^^^^^^^^^^
  File "/usr/local/lib/python3.12/site-packages/streamlit/runtime/app_session.py", line 616, in _handle_scriptrunner_event_on_event_loop
    msg = self._create_new_session_message(
          ^^^^^^^^^^^^^^^^^^^^^^^^^^^^^^^^^
  File "/usr/local/lib/python3.12/site-packages/streamlit/runtime/app_session.py", line 750, in _create_new_session_message
    _populate_user_info_msg(imsg.user_info)
  File "/usr/local/lib/python3.12/site-packages/streamlit/runtime/app_session.py", line 1154, in _populate_user_info_msg
    inst = Installation.instance()
           ^^^^^^^^^^^^^^^^^^^^^^^
  File "/usr/local/lib/python3.12/site-packages/streamlit/runtime/metrics_util.py", line 228, in instance
    cls._instance = Installation()
                    ^^^^^^^^^^^^^^
  File "/usr/local/lib/python3.12/site-packages/streamlit/runtime/metrics_util.py", line 233, in __init__
    uuid.uuid5(uuid.NAMESPACE_DNS, _get_machine_id_v3())
                                   ^^^^^^^^^^^^^^^^^^^^
  File "/usr/local/lib/python3.12/site-packages/streamlit/runtime/metrics_util.py", line 173, in _get_machine_id_v3
    machine_id = f.read()
                 ^^^^^^^^
  File "<frozen codecs>", line 322, in decode
UnicodeDecodeError: 'utf-8' codec can't decode bytes in position 25-26: invalid continuation byte
Exception in callback AppSession._on_scriptrunner_event.<locals>.<lambda>() at /usr/local/lib/python3.12/site-packages/streamlit/runtime/app_session.py:519
handle: <Handle AppSession._on_scriptrunner_event.<locals>.<lambda>() at /usr/local/lib/python3.12/site-packages/streamlit/runtime/app_session.py:519>
Traceback (most recent call last):
  File "/usr/local/lib/python3.12/asyncio/events.py", line 88, in _run
    self._context.run(self._callback, *self._args)
  File "/usr/local/lib/python3.12/site-packages/streamlit/runtime/app_session.py", line 519, in <lambda>
    lambda: self._handle_scriptrunner_event_on_event_loop(
            ^^^^^^^^^^^^^^^^^^^^^^^^^^^^^^^^^^^^^^^^^^^^^^
  File "/usr/local/lib/python3.12/site-packages/streamlit/runtime/app_session.py", line 616, in _handle_scriptrunner_event_on_event_loop
    msg = self._create_new_session_message(
          ^^^^^^^^^^^^^^^^^^^^^^^^^^^^^^^^^
  File "/usr/local/lib/python3.12/site-packages/streamlit/runtime/app_session.py", line 750, in _create_new_session_message
    _populate_user_info_msg(imsg.user_info)
  File "/usr/local/lib/python3.12/site-packages/streamlit/runtime/app_session.py", line 1154, in _populate_user_info_msg
    inst = Installation.instance()
           ^^^^^^^^^^^^^^^^^^^^^^^
  File "/usr/local/lib/python3.12/site-packages/streamlit/runtime/metrics_util.py", line 228, in instance
    cls._instance = Installation()
                    ^^^^^^^^^^^^^^
  File "/usr/local/lib/python3.12/site-packages/streamlit/runtime/metrics_util.py", line 233, in __init__
    uuid.uuid5(uuid.NAMESPACE_DNS, _get_machine_id_v3())
                                   ^^^^^^^^^^^^^^^^^^^^
  File "/usr/local/lib/python3.12/site-packages/streamlit/runtime/metrics_util.py", line 173, in _get_machine_id_v3
    machine_id = f.read()
                 ^^^^^^^^
  File "<frozen codecs>", line 322, in decode
UnicodeDecodeError: 'utf-8' codec can't decode bytes in position 25-26: invalid continuation byte
Exception in callback AppSession._on_scriptrunner_event.<locals>.<lambda>() at /usr/local/lib/python3.12/site-packages/streamlit/runtime/app_session.py:519
handle: <Handle AppSession._on_scriptrunner_event.<locals>.<lambda>() at /usr/local/lib/python3.12/site-packages/streamlit/runtime/app_session.py:519>
Traceback (most recent call last):
  File "/usr/local/lib/python3.12/asyncio/events.py", line 88, in _run
    self._context.run(self._callback, *self._args)
  File "/usr/local/lib/python3.12/site-packages/streamlit/runtime/app_session.py", line 519, in <lambda>
    lambda: self._handle_scriptrunner_event_on_event_loop(
            ^^^^^^^^^^^^^^^^^^^^^^^^^^^^^^^^^^^^^^^^^^^^^^
  File "/usr/local/lib/python3.12/site-packages/streamlit/runtime/app_session.py", line 616, in _handle_scriptrunner_event_on_event_loop
    msg = self._create_new_session_message(
          ^^^^^^^^^^^^^^^^^^^^^^^^^^^^^^^^^
  File "/usr/local/lib/python3.12/site-packages/streamlit/runtime/app_session.py", line 750, in _create_new_session_message
    _populate_user_info_msg(imsg.user_info)
  File "/usr/local/lib/python3.12/site-packages/streamlit/runtime/app_session.py", line 1154, in _populate_user_info_msg
    inst = Installation.instance()
           ^^^^^^^^^^^^^^^^^^^^^^^
  File "/usr/local/lib/python3.12/site-packages/streamlit/runtime/metrics_util.py", line 228, in instance
    cls._instance = Installation()
                    ^^^^^^^^^^^^^^
  File "/usr/local/lib/python3.12/site-packages/streamlit/runtime/metrics_util.py", line 233, in __init__
    uuid.uuid5(uuid.NAMESPACE_DNS, _get_machine_id_v3())
                                   ^^^^^^^^^^^^^^^^^^^^
  File "/usr/local/lib/python3.12/site-packages/streamlit/runtime/metrics_util.py", line 173, in _get_machine_id_v3
    machine_id = f.read()
                 ^^^^^^^^
  File "<frozen codecs>", line 322, in decode
UnicodeDecodeError: 'utf-8' codec can't decode bytes in position 25-26: invalid continuation byte
Exception in callback AppSession._on_scriptrunner_event.<locals>.<lambda>() at /usr/local/lib/python3.12/site-packages/streamlit/runtime/app_session.py:519
handle: <Handle AppSession._on_scriptrunner_event.<locals>.<lambda>() at /usr/local/lib/python3.12/site-packages/streamlit/runtime/app_session.py:519>
Traceback (most recent call last):
  File "/usr/local/lib/python3.12/asyncio/events.py", line 88, in _run
    self._context.run(self._callback, *self._args)
  File "/usr/local/lib/python3.12/site-packages/streamlit/runtime/app_session.py", line 519, in <lambda>
    lambda: self._handle_scriptrunner_event_on_event_loop(
            ^^^^^^^^^^^^^^^^^^^^^^^^^^^^^^^^^^^^^^^^^^^^^^
  File "/usr/local/lib/python3.12/site-packages/streamlit/runtime/app_session.py", line 616, in _handle_scriptrunner_event_on_event_loop
    msg = self._create_new_session_message(
          ^^^^^^^^^^^^^^^^^^^^^^^^^^^^^^^^^
  File "/usr/local/lib/python3.12/site-packages/streamlit/runtime/app_session.py", line 750, in _create_new_session_message
    _populate_user_info_msg(imsg.user_info)
  File "/usr/local/lib/python3.12/site-packages/streamlit/runtime/app_session.py", line 1154, in _populate_user_info_msg
    inst = Installation.instance()
           ^^^^^^^^^^^^^^^^^^^^^^^
  File "/usr/local/lib/python3.12/site-packages/streamlit/runtime/metrics_util.py", line 228, in instance
    cls._instance = Installation()
                    ^^^^^^^^^^^^^^
  File "/usr/local/lib/python3.12/site-packages/streamlit/runtime/metrics_util.py", line 233, in __init__
    uuid.uuid5(uuid.NAMESPACE_DNS, _get_machine_id_v3())
                                   ^^^^^^^^^^^^^^^^^^^^
  File "/usr/local/lib/python3.12/site-packages/streamlit/runtime/metrics_util.py", line 173, in _get_machine_id_v3
    machine_id = f.read()
                 ^^^^^^^^
  File "<frozen codecs>", line 322, in decode
UnicodeDecodeError: 'utf-8' codec can't decode bytes in position 25-26: invalid continuation byte
Exception in callback AppSession._on_scriptrunner_event.<locals>.<lambda>() at /usr/local/lib/python3.12/site-packages/streamlit/runtime/app_session.py:519
handle: <Handle AppSession._on_scriptrunner_event.<locals>.<lambda>() at /usr/local/lib/python3.12/site-packages/streamlit/runtime/app_session.py:519>
Traceback (most recent call last):
  File "/usr/local/lib/python3.12/asyncio/events.py", line 88, in _run
    self._context.run(self._callback, *self._args)
  File "/usr/local/lib/python3.12/site-packages/streamlit/runtime/app_session.py", line 519, in <lambda>
    lambda: self._handle_scriptrunner_event_on_event_loop(
            ^^^^^^^^^^^^^^^^^^^^^^^^^^^^^^^^^^^^^^^^^^^^^^
  File "/usr/local/lib/python3.12/site-packages/streamlit/runtime/app_session.py", line 616, in _handle_scriptrunner_event_on_event_loop
    msg = self._create_new_session_message(
          ^^^^^^^^^^^^^^^^^^^^^^^^^^^^^^^^^
  File "/usr/local/lib/python3.12/site-packages/streamlit/runtime/app_session.py", line 750, in _create_new_session_message
    _populate_user_info_msg(imsg.user_info)
  File "/usr/local/lib/python3.12/site-packages/streamlit/runtime/app_session.py", line 1154, in _populate_user_info_msg
    inst = Installation.instance()
           ^^^^^^^^^^^^^^^^^^^^^^^
  File "/usr/local/lib/python3.12/site-packages/streamlit/runtime/metrics_util.py", line 228, in instance
    cls._instance = Installation()
                    ^^^^^^^^^^^^^^
  File "/usr/local/lib/python3.12/site-packages/streamlit/runtime/metrics_util.py", line 233, in __init__
    uuid.uuid5(uuid.NAMESPACE_DNS, _get_machine_id_v3())
                                   ^^^^^^^^^^^^^^^^^^^^
  File "/usr/local/lib/python3.12/site-packages/streamlit/runtime/metrics_util.py", line 173, in _get_machine_id_v3
    machine_id = f.read()
                 ^^^^^^^^
  File "<frozen codecs>", line 322, in decode
UnicodeDecodeError: 'utf-8' codec can't decode bytes in position 25-26: invalid continuation byte
Exception in callback AppSession._on_scriptrunner_event.<locals>.<lambda>() at /usr/local/lib/python3.12/site-packages/streamlit/runtime/app_session.py:519
handle: <Handle AppSession._on_scriptrunner_event.<locals>.<lambda>() at /usr/local/lib/python3.12/site-packages/streamlit/runtime/app_session.py:519>
Traceback (most recent call last):
  File "/usr/local/lib/python3.12/asyncio/events.py", line 88, in _run
    self._context.run(self._callback, *self._args)
  File "/usr/local/lib/python3.12/site-packages/streamlit/runtime/app_session.py", line 519, in <lambda>
    lambda: self._handle_scriptrunner_event_on_event_loop(
            ^^^^^^^^^^^^^^^^^^^^^^^^^^^^^^^^^^^^^^^^^^^^^^
  File "/usr/local/lib/python3.12/site-packages/streamlit/runtime/app_session.py", line 616, in _handle_scriptrunner_event_on_event_loop
    msg = self._create_new_session_message(
          ^^^^^^^^^^^^^^^^^^^^^^^^^^^^^^^^^
  File "/usr/local/lib/python3.12/site-packages/streamlit/runtime/app_session.py", line 750, in _create_new_session_message
    _populate_user_info_msg(imsg.user_info)
  File "/usr/local/lib/python3.12/site-packages/streamlit/runtime/app_session.py", line 1154, in _populate_user_info_msg
    inst = Installation.instance()
           ^^^^^^^^^^^^^^^^^^^^^^^
  File "/usr/local/lib/python3.12/site-packages/streamlit/runtime/metrics_util.py", line 228, in instance
    cls._instance = Installation()
                    ^^^^^^^^^^^^^^
  File "/usr/local/lib/python3.12/site-packages/streamlit/runtime/metrics_util.py", line 233, in __init__
    uuid.uuid5(uuid.NAMESPACE_DNS, _get_machine_id_v3())
                                   ^^^^^^^^^^^^^^^^^^^^
  File "/usr/local/lib/python3.12/site-packages/streamlit/runtime/metrics_util.py", line 173, in _get_machine_id_v3
    machine_id = f.read()
                 ^^^^^^^^
  File "<frozen codecs>", line 322, in decode
UnicodeDecodeError: 'utf-8' codec can't decode bytes in position 25-26: invalid continuation byte
Exception in callback AppSession._on_scriptrunner_event.<locals>.<lambda>() at /usr/local/lib/python3.12/site-packages/streamlit/runtime/app_session.py:519
handle: <Handle AppSession._on_scriptrunner_event.<locals>.<lambda>() at /usr/local/lib/python3.12/site-packages/streamlit/runtime/app_session.py:519>
Traceback (most recent call last):
  File "/usr/local/lib/python3.12/asyncio/events.py", line 88, in _run
    self._context.run(self._callback, *self._args)
  File "/usr/local/lib/python3.12/site-packages/streamlit/runtime/app_session.py", line 519, in <lambda>
    lambda: self._handle_scriptrunner_event_on_event_loop(
            ^^^^^^^^^^^^^^^^^^^^^^^^^^^^^^^^^^^^^^^^^^^^^^
  File "/usr/local/lib/python3.12/site-packages/streamlit/runtime/app_session.py", line 616, in _handle_scriptrunner_event_on_event_loop
    msg = self._create_new_session_message(
          ^^^^^^^^^^^^^^^^^^^^^^^^^^^^^^^^^
  File "/usr/local/lib/python3.12/site-packages/streamlit/runtime/app_session.py", line 750, in _create_new_session_message
    _populate_user_info_msg(imsg.user_info)
  File "/usr/local/lib/python3.12/site-packages/streamlit/runtime/app_session.py", line 1154, in _populate_user_info_msg
    inst = Installation.instance()
           ^^^^^^^^^^^^^^^^^^^^^^^
  File "/usr/local/lib/python3.12/site-packages/streamlit/runtime/metrics_util.py", line 228, in instance
    cls._instance = Installation()
                    ^^^^^^^^^^^^^^
  File "/usr/local/lib/python3.12/site-packages/streamlit/runtime/metrics_util.py", line 233, in __init__
    uuid.uuid5(uuid.NAMESPACE_DNS, _get_machine_id_v3())
                                   ^^^^^^^^^^^^^^^^^^^^
  File "/usr/local/lib/python3.12/site-packages/streamlit/runtime/metrics_util.py", line 173, in _get_machine_id_v3
    machine_id = f.read()
                 ^^^^^^^^
  File "<frozen codecs>", line 322, in decode
UnicodeDecodeError: 'utf-8' codec can't decode bytes in position 25-26: invalid continuation byte
Exception in callback AppSession._on_scriptrunner_event.<locals>.<lambda>() at /usr/local/lib/python3.12/site-packages/streamlit/runtime/app_session.py:519
handle: <Handle AppSession._on_scriptrunner_event.<locals>.<lambda>() at /usr/local/lib/python3.12/site-packages/streamlit/runtime/app_session.py:519>
Traceback (most recent call last):
  File "/usr/local/lib/python3.12/asyncio/events.py", line 88, in _run
    self._context.run(self._callback, *self._args)
  File "/usr/local/lib/python3.12/site-packages/streamlit/runtime/app_session.py", line 519, in <lambda>
    lambda: self._handle_scriptrunner_event_on_event_loop(
            ^^^^^^^^^^^^^^^^^^^^^^^^^^^^^^^^^^^^^^^^^^^^^^
  File "/usr/local/lib/python3.12/site-packages/streamlit/runtime/app_session.py", line 616, in _handle_scriptrunner_event_on_event_loop
    msg = self._create_new_session_message(
          ^^^^^^^^^^^^^^^^^^^^^^^^^^^^^^^^^
  File "/usr/local/lib/python3.12/site-packages/streamlit/runtime/app_session.py", line 750, in _create_new_session_message
    _populate_user_info_msg(imsg.user_info)
  File "/usr/local/lib/python3.12/site-packages/streamlit/runtime/app_session.py", line 1154, in _populate_user_info_msg
    inst = Installation.instance()
           ^^^^^^^^^^^^^^^^^^^^^^^
  File "/usr/local/lib/python3.12/site-packages/streamlit/runtime/metrics_util.py", line 228, in instance
    cls._instance = Installation()
                    ^^^^^^^^^^^^^^
  File "/usr/local/lib/python3.12/site-packages/streamlit/runtime/metrics_util.py", line 233, in __init__
    uuid.uuid5(uuid.NAMESPACE_DNS, _get_machine_id_v3())
                                   ^^^^^^^^^^^^^^^^^^^^
  File "/usr/local/lib/python3.12/site-packages/streamlit/runtime/metrics_util.py", line 173, in _get_machine_id_v3
    machine_id = f.read()
                 ^^^^^^^^
  File "<frozen codecs>", line 322, in decode
UnicodeDecodeError: 'utf-8' codec can't decode bytes in position 25-26: invalid continuation byte
Exception in callback AppSession._on_scriptrunner_event.<locals>.<lambda>() at /usr/local/lib/python3.12/site-packages/streamlit/runtime/app_session.py:519
handle: <Handle AppSession._on_scriptrunner_event.<locals>.<lambda>() at /usr/local/lib/python3.12/site-packages/streamlit/runtime/app_session.py:519>
Traceback (most recent call last):
  File "/usr/local/lib/python3.12/asyncio/events.py", line 88, in _run
    self._context.run(self._callback, *self._args)
  File "/usr/local/lib/python3.12/site-packages/streamlit/runtime/app_session.py", line 519, in <lambda>
    lambda: self._handle_scriptrunner_event_on_event_loop(
            ^^^^^^^^^^^^^^^^^^^^^^^^^^^^^^^^^^^^^^^^^^^^^^
  File "/usr/local/lib/python3.12/site-packages/streamlit/runtime/app_session.py", line 616, in _handle_scriptrunner_event_on_event_loop
    msg = self._create_new_session_message(
          ^^^^^^^^^^^^^^^^^^^^^^^^^^^^^^^^^
  File "/usr/local/lib/python3.12/site-packages/streamlit/runtime/app_session.py", line 750, in _create_new_session_message
    _populate_user_info_msg(imsg.user_info)
  File "/usr/local/lib/python3.12/site-packages/streamlit/runtime/app_session.py", line 1154, in _populate_user_info_msg
    inst = Installation.instance()
           ^^^^^^^^^^^^^^^^^^^^^^^
  File "/usr/local/lib/python3.12/site-packages/streamlit/runtime/metrics_util.py", line 228, in instance
    cls._instance = Installation()
                    ^^^^^^^^^^^^^^
  File "/usr/local/lib/python3.12/site-packages/streamlit/runtime/metrics_util.py", line 233, in __init__
    uuid.uuid5(uuid.NAMESPACE_DNS, _get_machine_id_v3())
                                   ^^^^^^^^^^^^^^^^^^^^
  File "/usr/local/lib/python3.12/site-packages/streamlit/runtime/metrics_util.py", line 173, in _get_machine_id_v3
    machine_id = f.read()
                 ^^^^^^^^
  File "<frozen codecs>", line 322, in decode
UnicodeDecodeError: 'utf-8' codec can't decode bytes in position 25-26: invalid continuation byte
Exception in callback AppSession._on_scriptrunner_event.<locals>.<lambda>() at /usr/local/lib/python3.12/site-packages/streamlit/runtime/app_session.py:519
handle: <Handle AppSession._on_scriptrunner_event.<locals>.<lambda>() at /usr/local/lib/python3.12/site-packages/streamlit/runtime/app_session.py:519>
Traceback (most recent call last):
  File "/usr/local/lib/python3.12/asyncio/events.py", line 88, in _run
    self._context.run(self._callback, *self._args)
  File "/usr/local/lib/python3.12/site-packages/streamlit/runtime/app_session.py", line 519, in <lambda>
    lambda: self._handle_scriptrunner_event_on_event_loop(
            ^^^^^^^^^^^^^^^^^^^^^^^^^^^^^^^^^^^^^^^^^^^^^^
  File "/usr/local/lib/python3.12/site-packages/streamlit/runtime/app_session.py", line 616, in _handle_scriptrunner_event_on_event_loop
    msg = self._create_new_session_message(
          ^^^^^^^^^^^^^^^^^^^^^^^^^^^^^^^^^
  File "/usr/local/lib/python3.12/site-packages/streamlit/runtime/app_session.py", line 750, in _create_new_session_message
    _populate_user_info_msg(imsg.user_info)
  File "/usr/local/lib/python3.12/site-packages/streamlit/runtime/app_session.py", line 1154, in _populate_user_info_msg
    inst = Installation.instance()
           ^^^^^^^^^^^^^^^^^^^^^^^
  File "/usr/local/lib/python3.12/site-packages/streamlit/runtime/metrics_util.py", line 228, in instance
    cls._instance = Installation()
                    ^^^^^^^^^^^^^^
  File "/usr/local/lib/python3.12/site-packages/streamlit/runtime/metrics_util.py", line 233, in __init__
    uuid.uuid5(uuid.NAMESPACE_DNS, _get_machine_id_v3())
                                   ^^^^^^^^^^^^^^^^^^^^
  File "/usr/local/lib/python3.12/site-packages/streamlit/runtime/metrics_util.py", line 173, in _get_machine_id_v3
    machine_id = f.read()
                 ^^^^^^^^
  File "<frozen codecs>", line 322, in decode
UnicodeDecodeError: 'utf-8' codec can't decode bytes in position 25-26: invalid continuation byte
Exception in callback AppSession._on_scriptrunner_event.<locals>.<lambda>() at /usr/local/lib/python3.12/site-packages/streamlit/runtime/app_session.py:519
handle: <Handle AppSession._on_scriptrunner_event.<locals>.<lambda>() at /usr/local/lib/python3.12/site-packages/streamlit/runtime/app_session.py:519>
Traceback (most recent call last):
  File "/usr/local/lib/python3.12/asyncio/events.py", line 88, in _run
    self._context.run(self._callback, *self._args)
  File "/usr/local/lib/python3.12/site-packages/streamlit/runtime/app_session.py", line 519, in <lambda>
    lambda: self._handle_scriptrunner_event_on_event_loop(
            ^^^^^^^^^^^^^^^^^^^^^^^^^^^^^^^^^^^^^^^^^^^^^^
  File "/usr/local/lib/python3.12/site-packages/streamlit/runtime/app_session.py", line 616, in _handle_scriptrunner_event_on_event_loop
    msg = self._create_new_session_message(
          ^^^^^^^^^^^^^^^^^^^^^^^^^^^^^^^^^
  File "/usr/local/lib/python3.12/site-packages/streamlit/runtime/app_session.py", line 750, in _create_new_session_message
    _populate_user_info_msg(imsg.user_info)
  File "/usr/local/lib/python3.12/site-packages/streamlit/runtime/app_session.py", line 1154, in _populate_user_info_msg
    inst = Installation.instance()
           ^^^^^^^^^^^^^^^^^^^^^^^
  File "/usr/local/lib/python3.12/site-packages/streamlit/runtime/metrics_util.py", line 228, in instance
    cls._instance = Installation()
                    ^^^^^^^^^^^^^^
  File "/usr/local/lib/python3.12/site-packages/streamlit/runtime/metrics_util.py", line 233, in __init__
    uuid.uuid5(uuid.NAMESPACE_DNS, _get_machine_id_v3())
                                   ^^^^^^^^^^^^^^^^^^^^
  File "/usr/local/lib/python3.12/site-packages/streamlit/runtime/metrics_util.py", line 173, in _get_machine_id_v3
    machine_id = f.read()
                 ^^^^^^^^
  File "<frozen codecs>", line 322, in decode
UnicodeDecodeError: 'utf-8' codec can't decode bytes in position 25-26: invalid continuation byte
Exception in callback AppSession._on_scriptrunner_event.<locals>.<lambda>() at /usr/local/lib/python3.12/site-packages/streamlit/runtime/app_session.py:519
handle: <Handle AppSession._on_scriptrunner_event.<locals>.<lambda>() at /usr/local/lib/python3.12/site-packages/streamlit/runtime/app_session.py:519>
Traceback (most recent call last):
  File "/usr/local/lib/python3.12/asyncio/events.py", line 88, in _run
    self._context.run(self._callback, *self._args)
  File "/usr/local/lib/python3.12/site-packages/streamlit/runtime/app_session.py", line 519, in <lambda>
    lambda: self._handle_scriptrunner_event_on_event_loop(
            ^^^^^^^^^^^^^^^^^^^^^^^^^^^^^^^^^^^^^^^^^^^^^^
  File "/usr/local/lib/python3.12/site-packages/streamlit/runtime/app_session.py", line 616, in _handle_scriptrunner_event_on_event_loop
    msg = self._create_new_session_message(
          ^^^^^^^^^^^^^^^^^^^^^^^^^^^^^^^^^
  File "/usr/local/lib/python3.12/site-packages/streamlit/runtime/app_session.py", line 750, in _create_new_session_message
    _populate_user_info_msg(imsg.user_info)
  File "/usr/local/lib/python3.12/site-packages/streamlit/runtime/app_session.py", line 1154, in _populate_user_info_msg
    inst = Installation.instance()
           ^^^^^^^^^^^^^^^^^^^^^^^
  File "/usr/local/lib/python3.12/site-packages/streamlit/runtime/metrics_util.py", line 228, in instance
    cls._instance = Installation()
                    ^^^^^^^^^^^^^^
  File "/usr/local/lib/python3.12/site-packages/streamlit/runtime/metrics_util.py", line 233, in __init__
    uuid.uuid5(uuid.NAMESPACE_DNS, _get_machine_id_v3())
                                   ^^^^^^^^^^^^^^^^^^^^
  File "/usr/local/lib/python3.12/site-packages/streamlit/runtime/metrics_util.py", line 173, in _get_machine_id_v3
    machine_id = f.read()
                 ^^^^^^^^
  File "<frozen codecs>", line 322, in decode
UnicodeDecodeError: 'utf-8' codec can't decode bytes in position 25-26: invalid continuation byte
Exception in callback AppSession._on_scriptrunner_event.<locals>.<lambda>() at /usr/local/lib/python3.12/site-packages/streamlit/runtime/app_session.py:519
handle: <Handle AppSession._on_scriptrunner_event.<locals>.<lambda>() at /usr/local/lib/python3.12/site-packages/streamlit/runtime/app_session.py:519>
Traceback (most recent call last):
  File "/usr/local/lib/python3.12/asyncio/events.py", line 88, in _run
    self._context.run(self._callback, *self._args)
  File "/usr/local/lib/python3.12/site-packages/streamlit/runtime/app_session.py", line 519, in <lambda>
    lambda: self._handle_scriptrunner_event_on_event_loop(
            ^^^^^^^^^^^^^^^^^^^^^^^^^^^^^^^^^^^^^^^^^^^^^^
  File "/usr/local/lib/python3.12/site-packages/streamlit/runtime/app_session.py", line 616, in _handle_scriptrunner_event_on_event_loop
    msg = self._create_new_session_message(
          ^^^^^^^^^^^^^^^^^^^^^^^^^^^^^^^^^
  File "/usr/local/lib/python3.12/site-packages/streamlit/runtime/app_session.py", line 750, in _create_new_session_message
    _populate_user_info_msg(imsg.user_info)
  File "/usr/local/lib/python3.12/site-packages/streamlit/runtime/app_session.py", line 1154, in _populate_user_info_msg
    inst = Installation.instance()
           ^^^^^^^^^^^^^^^^^^^^^^^
  File "/usr/local/lib/python3.12/site-packages/streamlit/runtime/metrics_util.py", line 228, in instance
    cls._instance = Installation()
                    ^^^^^^^^^^^^^^
  File "/usr/local/lib/python3.12/site-packages/streamlit/runtime/metrics_util.py", line 233, in __init__
    uuid.uuid5(uuid.NAMESPACE_DNS, _get_machine_id_v3())
                                   ^^^^^^^^^^^^^^^^^^^^
  File "/usr/local/lib/python3.12/site-packages/streamlit/runtime/metrics_util.py", line 173, in _get_machine_id_v3
    machine_id = f.read()
                 ^^^^^^^^
  File "<frozen codecs>", line 322, in decode
UnicodeDecodeError: 'utf-8' codec can't decode bytes in position 25-26: invalid continuation byte
Exception in callback AppSession._on_scriptrunner_event.<locals>.<lambda>() at /usr/local/lib/python3.12/site-packages/streamlit/runtime/app_session.py:519
handle: <Handle AppSession._on_scriptrunner_event.<locals>.<lambda>() at /usr/local/lib/python3.12/site-packages/streamlit/runtime/app_session.py:519>
Traceback (most recent call last):
  File "/usr/local/lib/python3.12/asyncio/events.py", line 88, in _run
    self._context.run(self._callback, *self._args)
  File "/usr/local/lib/python3.12/site-packages/streamlit/runtime/app_session.py", line 519, in <lambda>
    lambda: self._handle_scriptrunner_event_on_event_loop(
            ^^^^^^^^^^^^^^^^^^^^^^^^^^^^^^^^^^^^^^^^^^^^^^
  File "/usr/local/lib/python3.12/site-packages/streamlit/runtime/app_session.py", line 616, in _handle_scriptrunner_event_on_event_loop
    msg = self._create_new_session_message(
          ^^^^^^^^^^^^^^^^^^^^^^^^^^^^^^^^^
  File "/usr/local/lib/python3.12/site-packages/streamlit/runtime/app_session.py", line 750, in _create_new_session_message
    _populate_user_info_msg(imsg.user_info)
  File "/usr/local/lib/python3.12/site-packages/streamlit/runtime/app_session.py", line 1154, in _populate_user_info_msg
    inst = Installation.instance()
           ^^^^^^^^^^^^^^^^^^^^^^^
  File "/usr/local/lib/python3.12/site-packages/streamlit/runtime/metrics_util.py", line 228, in instance
    cls._instance = Installation()
                    ^^^^^^^^^^^^^^
  File "/usr/local/lib/python3.12/site-packages/streamlit/runtime/metrics_util.py", line 233, in __init__
    uuid.uuid5(uuid.NAMESPACE_DNS, _get_machine_id_v3())
                                   ^^^^^^^^^^^^^^^^^^^^
  File "/usr/local/lib/python3.12/site-packages/streamlit/runtime/metrics_util.py", line 173, in _get_machine_id_v3
    machine_id = f.read()
                 ^^^^^^^^
  File "<frozen codecs>", line 322, in decode
UnicodeDecodeError: 'utf-8' codec can't decode bytes in position 25-26: invalid continuation byte
Exception in callback AppSession._on_scriptrunner_event.<locals>.<lambda>() at /usr/local/lib/python3.12/site-packages/streamlit/runtime/app_session.py:519
handle: <Handle AppSession._on_scriptrunner_event.<locals>.<lambda>() at /usr/local/lib/python3.12/site-packages/streamlit/runtime/app_session.py:519>
Traceback (most recent call last):
  File "/usr/local/lib/python3.12/asyncio/events.py", line 88, in _run
    self._context.run(self._callback, *self._args)
  File "/usr/local/lib/python3.12/site-packages/streamlit/runtime/app_session.py", line 519, in <lambda>
    lambda: self._handle_scriptrunner_event_on_event_loop(
            ^^^^^^^^^^^^^^^^^^^^^^^^^^^^^^^^^^^^^^^^^^^^^^
  File "/usr/local/lib/python3.12/site-packages/streamlit/runtime/app_session.py", line 616, in _handle_scriptrunner_event_on_event_loop
    msg = self._create_new_session_message(
          ^^^^^^^^^^^^^^^^^^^^^^^^^^^^^^^^^
  File "/usr/local/lib/python3.12/site-packages/streamlit/runtime/app_session.py", line 750, in _create_new_session_message
    _populate_user_info_msg(imsg.user_info)
  File "/usr/local/lib/python3.12/site-packages/streamlit/runtime/app_session.py", line 1154, in _populate_user_info_msg
    inst = Installation.instance()
           ^^^^^^^^^^^^^^^^^^^^^^^
  File "/usr/local/lib/python3.12/site-packages/streamlit/runtime/metrics_util.py", line 228, in instance
    cls._instance = Installation()
                    ^^^^^^^^^^^^^^
  File "/usr/local/lib/python3.12/site-packages/streamlit/runtime/metrics_util.py", line 233, in __init__
    uuid.uuid5(uuid.NAMESPACE_DNS, _get_machine_id_v3())
                                   ^^^^^^^^^^^^^^^^^^^^
  File "/usr/local/lib/python3.12/site-packages/streamlit/runtime/metrics_util.py", line 173, in _get_machine_id_v3
    machine_id = f.read()
                 ^^^^^^^^
  File "<frozen codecs>", line 322, in decode
UnicodeDecodeError: 'utf-8' codec can't decode bytes in position 25-26: invalid continuation byte
Exception in callback AppSession._on_scriptrunner_event.<locals>.<lambda>() at /usr/local/lib/python3.12/site-packages/streamlit/runtime/app_session.py:519
handle: <Handle AppSession._on_scriptrunner_event.<locals>.<lambda>() at /usr/local/lib/python3.12/site-packages/streamlit/runtime/app_session.py:519>
Traceback (most recent call last):
  File "/usr/local/lib/python3.12/asyncio/events.py", line 88, in _run
    self._context.run(self._callback, *self._args)
  File "/usr/local/lib/python3.12/site-packages/streamlit/runtime/app_session.py", line 519, in <lambda>
    lambda: self._handle_scriptrunner_event_on_event_loop(
            ^^^^^^^^^^^^^^^^^^^^^^^^^^^^^^^^^^^^^^^^^^^^^^
  File "/usr/local/lib/python3.12/site-packages/streamlit/runtime/app_session.py", line 616, in _handle_scriptrunner_event_on_event_loop
    msg = self._create_new_session_message(
          ^^^^^^^^^^^^^^^^^^^^^^^^^^^^^^^^^
  File "/usr/local/lib/python3.12/site-packages/streamlit/runtime/app_session.py", line 750, in _create_new_session_message
    _populate_user_info_msg(imsg.user_info)
  File "/usr/local/lib/python3.12/site-packages/streamlit/runtime/app_session.py", line 1154, in _populate_user_info_msg
    inst = Installation.instance()
           ^^^^^^^^^^^^^^^^^^^^^^^
  File "/usr/local/lib/python3.12/site-packages/streamlit/runtime/metrics_util.py", line 228, in instance
    cls._instance = Installation()
                    ^^^^^^^^^^^^^^
  File "/usr/local/lib/python3.12/site-packages/streamlit/runtime/metrics_util.py", line 233, in __init__
    uuid.uuid5(uuid.NAMESPACE_DNS, _get_machine_id_v3())
                                   ^^^^^^^^^^^^^^^^^^^^
  File "/usr/local/lib/python3.12/site-packages/streamlit/runtime/metrics_util.py", line 173, in _get_machine_id_v3
    machine_id = f.read()
                 ^^^^^^^^
  File "<frozen codecs>", line 322, in decode
UnicodeDecodeError: 'utf-8' codec can't decode bytes in position 25-26: invalid continuation byte
Exception in callback AppSession._on_scriptrunner_event.<locals>.<lambda>() at /usr/local/lib/python3.12/site-packages/streamlit/runtime/app_session.py:519
handle: <Handle AppSession._on_scriptrunner_event.<locals>.<lambda>() at /usr/local/lib/python3.12/site-packages/streamlit/runtime/app_session.py:519>
Traceback (most recent call last):
  File "/usr/local/lib/python3.12/asyncio/events.py", line 88, in _run
    self._context.run(self._callback, *self._args)
  File "/usr/local/lib/python3.12/site-packages/streamlit/runtime/app_session.py", line 519, in <lambda>
    lambda: self._handle_scriptrunner_event_on_event_loop(
            ^^^^^^^^^^^^^^^^^^^^^^^^^^^^^^^^^^^^^^^^^^^^^^
  File "/usr/local/lib/python3.12/site-packages/streamlit/runtime/app_session.py", line 616, in _handle_scriptrunner_event_on_event_loop
    msg = self._create_new_session_message(
          ^^^^^^^^^^^^^^^^^^^^^^^^^^^^^^^^^
  File "/usr/local/lib/python3.12/site-packages/streamlit/runtime/app_session.py", line 750, in _create_new_session_message
    _populate_user_info_msg(imsg.user_info)
  File "/usr/local/lib/python3.12/site-packages/streamlit/runtime/app_session.py", line 1154, in _populate_user_info_msg
    inst = Installation.instance()
           ^^^^^^^^^^^^^^^^^^^^^^^
  File "/usr/local/lib/python3.12/site-packages/streamlit/runtime/metrics_util.py", line 228, in instance
    cls._instance = Installation()
                    ^^^^^^^^^^^^^^
  File "/usr/local/lib/python3.12/site-packages/streamlit/runtime/metrics_util.py", line 233, in __init__
    uuid.uuid5(uuid.NAMESPACE_DNS, _get_machine_id_v3())
                                   ^^^^^^^^^^^^^^^^^^^^
  File "/usr/local/lib/python3.12/site-packages/streamlit/runtime/metrics_util.py", line 173, in _get_machine_id_v3
    machine_id = f.read()
                 ^^^^^^^^
  File "<frozen codecs>", line 322, in decode
UnicodeDecodeError: 'utf-8' codec can't decode bytes in position 25-26: invalid continuation byte
Exception in callback AppSession._on_scriptrunner_event.<locals>.<lambda>() at /usr/local/lib/python3.12/site-packages/streamlit/runtime/app_session.py:519
handle: <Handle AppSession._on_scriptrunner_event.<locals>.<lambda>() at /usr/local/lib/python3.12/site-packages/streamlit/runtime/app_session.py:519>
Traceback (most recent call last):
  File "/usr/local/lib/python3.12/asyncio/events.py", line 88, in _run
    self._context.run(self._callback, *self._args)
  File "/usr/local/lib/python3.12/site-packages/streamlit/runtime/app_session.py", line 519, in <lambda>
    lambda: self._handle_scriptrunner_event_on_event_loop(
            ^^^^^^^^^^^^^^^^^^^^^^^^^^^^^^^^^^^^^^^^^^^^^^
  File "/usr/local/lib/python3.12/site-packages/streamlit/runtime/app_session.py", line 616, in _handle_scriptrunner_event_on_event_loop
    msg = self._create_new_session_message(
          ^^^^^^^^^^^^^^^^^^^^^^^^^^^^^^^^^
  File "/usr/local/lib/python3.12/site-packages/streamlit/runtime/app_session.py", line 750, in _create_new_session_message
    _populate_user_info_msg(imsg.user_info)
  File "/usr/local/lib/python3.12/site-packages/streamlit/runtime/app_session.py", line 1154, in _populate_user_info_msg
    inst = Installation.instance()
           ^^^^^^^^^^^^^^^^^^^^^^^
  File "/usr/local/lib/python3.12/site-packages/streamlit/runtime/metrics_util.py", line 228, in instance
    cls._instance = Installation()
                    ^^^^^^^^^^^^^^
  File "/usr/local/lib/python3.12/site-packages/streamlit/runtime/metrics_util.py", line 233, in __init__
    uuid.uuid5(uuid.NAMESPACE_DNS, _get_machine_id_v3())
                                   ^^^^^^^^^^^^^^^^^^^^
  File "/usr/local/lib/python3.12/site-packages/streamlit/runtime/metrics_util.py", line 173, in _get_machine_id_v3
    machine_id = f.read()
                 ^^^^^^^^
  File "<frozen codecs>", line 322, in decode
UnicodeDecodeError: 'utf-8' codec can't decode bytes in position 25-26: invalid continuation byte
2025-09-12 16:00:43.438 200 GET / (10.12.249.24) 1.46ms
2025-09-12 16:00:43.770 200 GET /static/js/index.CD8HuT3N.js (10.12.249.24) 290.00ms
2025-09-12 16:00:43.773 200 GET /static/media/SourceSansVF-Upright.ttf.BsWL4Kly.woff2 (10.12.249.24) 2.74ms
2025-09-12 16:00:43.776 200 GET /static/css/index.C8X8rNzw.css (10.12.249.24) 2.27ms
2025-09-12 16:00:44.677 200 GET /_stcore/health (10.12.249.24) 0.64ms
2025-09-12 16:00:44.679 200 GET /_stcore/host-config (10.12.249.24) 0.65ms
2025-09-12 16:00:44.687 200 GET /favicon.png (10.12.249.24) 0.81ms
2025-09-12 16:00:44.732 101 GET /_stcore/stream (10.12.249.24) 0.74ms
Exception in callback AppSession._on_scriptrunner_event.<locals>.<lambda>() at /usr/local/lib/python3.12/site-packages/streamlit/runtime/app_session.py:519
handle: <Handle AppSession._on_scriptrunner_event.<locals>.<lambda>() at /usr/local/lib/python3.12/site-packages/streamlit/runtime/app_session.py:519>
Traceback (most recent call last):
  File "/usr/local/lib/python3.12/asyncio/events.py", line 88, in _run
    self._context.run(self._callback, *self._args)
  File "/usr/local/lib/python3.12/site-packages/streamlit/runtime/app_session.py", line 519, in <lambda>
    lambda: self._handle_scriptrunner_event_on_event_loop(
            ^^^^^^^^^^^^^^^^^^^^^^^^^^^^^^^^^^^^^^^^^^^^^^
  File "/usr/local/lib/python3.12/site-packages/streamlit/runtime/app_session.py", line 616, in _handle_scriptrunner_event_on_event_loop
    msg = self._create_new_session_message(
          ^^^^^^^^^^^^^^^^^^^^^^^^^^^^^^^^^
  File "/usr/local/lib/python3.12/site-packages/streamlit/runtime/app_session.py", line 750, in _create_new_session_message
    _populate_user_info_msg(imsg.user_info)
  File "/usr/local/lib/python3.12/site-packages/streamlit/runtime/app_session.py", line 1154, in _populate_user_info_msg
    inst = Installation.instance()
           ^^^^^^^^^^^^^^^^^^^^^^^
  File "/usr/local/lib/python3.12/site-packages/streamlit/runtime/metrics_util.py", line 228, in instance
    cls._instance = Installation()
                    ^^^^^^^^^^^^^^
  File "/usr/local/lib/python3.12/site-packages/streamlit/runtime/metrics_util.py", line 233, in __init__
    uuid.uuid5(uuid.NAMESPACE_DNS, _get_machine_id_v3())
                                   ^^^^^^^^^^^^^^^^^^^^
  File "/usr/local/lib/python3.12/site-packages/streamlit/runtime/metrics_util.py", line 173, in _get_machine_id_v3
    machine_id = f.read()
                 ^^^^^^^^
  File "<frozen codecs>", line 322, in decode
UnicodeDecodeError: 'utf-8' codec can't decode bytes in position 25-26: invalid continuation byte
2025-09-12 16:00:45.437 200 GET /static/media/MaterialSymbols-Rounded.CBxVaFdk.woff2 (10.12.249.24) 2.94ms
2025-09-12 16:00:45.442 200 GET /static/js/FormClearHelper.DHh1GFzm.js (10.12.249.24) 1.47ms
2025-09-12 16:00:45.444 200 GET /static/js/useBasicWidgetState.DeK-QJpD.js (10.12.249.24) 2.84ms
2025-09-12 16:00:45.446 200 GET /static/js/index.B9mjBcgE.js (10.12.249.24) 1.48ms
2025-09-12 16:00:45.503 200 GET /static/js/index.Dk4C7X3i.js (10.12.249.24) 1.90ms
2025-09-12 16:00:45.504 200 GET /static/js/checkbox.D8W881TL.js (10.12.249.24) 2.78ms
2025-09-12 16:00:45.508 200 GET /static/js/withFullScreenWrapper.DLp1ENGm.js (10.12.249.24) 1.02ms
2025-09-12 16:00:45.750 200 GET /static/js/index.CcJf6BCU.js (10.12.249.24) 241.66ms
2025-09-12 16:00:45.753 200 GET /static/js/index.Bte_9Lyq.js (10.12.249.24) 1.61ms
2025-09-12 16:01:31.901 304 GET / (10.12.249.24) 1.08ms
2025-09-12 16:01:32.655 304 GET /_stcore/health (10.12.249.24) 1.21ms
2025-09-12 16:01:32.662 304 GET /_stcore/host-config (10.12.249.24) 0.60ms
2025-09-12 16:01:33.033 101 GET /_stcore/stream (10.12.249.24) 1.26ms
Exception in callback AppSession._on_scriptrunner_event.<locals>.<lambda>() at /usr/local/lib/python3.12/site-packages/streamlit/runtime/app_session.py:519
handle: <Handle AppSession._on_scriptrunner_event.<locals>.<lambda>() at /usr/local/lib/python3.12/site-packages/streamlit/runtime/app_session.py:519>
Traceback (most recent call last):
  File "/usr/local/lib/python3.12/asyncio/events.py", line 88, in _run
    self._context.run(self._callback, *self._args)
  File "/usr/local/lib/python3.12/site-packages/streamlit/runtime/app_session.py", line 519, in <lambda>
    lambda: self._handle_scriptrunner_event_on_event_loop(
            ^^^^^^^^^^^^^^^^^^^^^^^^^^^^^^^^^^^^^^^^^^^^^^
  File "/usr/local/lib/python3.12/site-packages/streamlit/runtime/app_session.py", line 616, in _handle_scriptrunner_event_on_event_loop
    msg = self._create_new_session_message(
          ^^^^^^^^^^^^^^^^^^^^^^^^^^^^^^^^^
  File "/usr/local/lib/python3.12/site-packages/streamlit/runtime/app_session.py", line 750, in _create_new_session_message
    _populate_user_info_msg(imsg.user_info)
  File "/usr/local/lib/python3.12/site-packages/streamlit/runtime/app_session.py", line 1154, in _populate_user_info_msg
    inst = Installation.instance()
           ^^^^^^^^^^^^^^^^^^^^^^^
  File "/usr/local/lib/python3.12/site-packages/streamlit/runtime/metrics_util.py", line 228, in instance
    cls._instance = Installation()
                    ^^^^^^^^^^^^^^
  File "/usr/local/lib/python3.12/site-packages/streamlit/runtime/metrics_util.py", line 233, in __init__
    uuid.uuid5(uuid.NAMESPACE_DNS, _get_machine_id_v3())
                                   ^^^^^^^^^^^^^^^^^^^^
  File "/usr/local/lib/python3.12/site-packages/streamlit/runtime/metrics_util.py", line 173, in _get_machine_id_v3
    machine_id = f.read()
                 ^^^^^^^^
  File "<frozen codecs>", line 322, in decode
UnicodeDecodeError: 'utf-8' codec can't decode bytes in position 25-26: invalid continuation byte
Exception in callback AppSession._on_scriptrunner_event.<locals>.<lambda>() at /usr/local/lib/python3.12/site-packages/streamlit/runtime/app_session.py:519
handle: <Handle AppSession._on_scriptrunner_event.<locals>.<lambda>() at /usr/local/lib/python3.12/site-packages/streamlit/runtime/app_session.py:519>
Traceback (most recent call last):
  File "/usr/local/lib/python3.12/asyncio/events.py", line 88, in _run
    self._context.run(self._callback, *self._args)
  File "/usr/local/lib/python3.12/site-packages/streamlit/runtime/app_session.py", line 519, in <lambda>
    lambda: self._handle_scriptrunner_event_on_event_loop(
            ^^^^^^^^^^^^^^^^^^^^^^^^^^^^^^^^^^^^^^^^^^^^^^
  File "/usr/local/lib/python3.12/site-packages/streamlit/runtime/app_session.py", line 616, in _handle_scriptrunner_event_on_event_loop
    msg = self._create_new_session_message(
          ^^^^^^^^^^^^^^^^^^^^^^^^^^^^^^^^^
  File "/usr/local/lib/python3.12/site-packages/streamlit/runtime/app_session.py", line 750, in _create_new_session_message
    _populate_user_info_msg(imsg.user_info)
  File "/usr/local/lib/python3.12/site-packages/streamlit/runtime/app_session.py", line 1154, in _populate_user_info_msg
    inst = Installation.instance()
           ^^^^^^^^^^^^^^^^^^^^^^^
  File "/usr/local/lib/python3.12/site-packages/streamlit/runtime/metrics_util.py", line 228, in instance
    cls._instance = Installation()
                    ^^^^^^^^^^^^^^
  File "/usr/local/lib/python3.12/site-packages/streamlit/runtime/metrics_util.py", line 233, in __init__
    uuid.uuid5(uuid.NAMESPACE_DNS, _get_machine_id_v3())
                                   ^^^^^^^^^^^^^^^^^^^^
  File "/usr/local/lib/python3.12/site-packages/streamlit/runtime/metrics_util.py", line 173, in _get_machine_id_v3
    machine_id = f.read()
                 ^^^^^^^^
  File "<frozen codecs>", line 322, in decode
UnicodeDecodeError: 'utf-8' codec can't decode bytes in position 25-26: invalid continuation byte
Exception in callback AppSession._on_scriptrunner_event.<locals>.<lambda>() at /usr/local/lib/python3.12/site-packages/streamlit/runtime/app_session.py:519
handle: <Handle AppSession._on_scriptrunner_event.<locals>.<lambda>() at /usr/local/lib/python3.12/site-packages/streamlit/runtime/app_session.py:519>
Traceback (most recent call last):
  File "/usr/local/lib/python3.12/asyncio/events.py", line 88, in _run
    self._context.run(self._callback, *self._args)
  File "/usr/local/lib/python3.12/site-packages/streamlit/runtime/app_session.py", line 519, in <lambda>
    lambda: self._handle_scriptrunner_event_on_event_loop(
            ^^^^^^^^^^^^^^^^^^^^^^^^^^^^^^^^^^^^^^^^^^^^^^
  File "/usr/local/lib/python3.12/site-packages/streamlit/runtime/app_session.py", line 616, in _handle_scriptrunner_event_on_event_loop
    msg = self._create_new_session_message(
          ^^^^^^^^^^^^^^^^^^^^^^^^^^^^^^^^^
  File "/usr/local/lib/python3.12/site-packages/streamlit/runtime/app_session.py", line 750, in _create_new_session_message
    _populate_user_info_msg(imsg.user_info)
  File "/usr/local/lib/python3.12/site-packages/streamlit/runtime/app_session.py", line 1154, in _populate_user_info_msg
    inst = Installation.instance()
           ^^^^^^^^^^^^^^^^^^^^^^^
  File "/usr/local/lib/python3.12/site-packages/streamlit/runtime/metrics_util.py", line 228, in instance
    cls._instance = Installation()
                    ^^^^^^^^^^^^^^
  File "/usr/local/lib/python3.12/site-packages/streamlit/runtime/metrics_util.py", line 233, in __init__
    uuid.uuid5(uuid.NAMESPACE_DNS, _get_machine_id_v3())
                                   ^^^^^^^^^^^^^^^^^^^^
  File "/usr/local/lib/python3.12/site-packages/streamlit/runtime/metrics_util.py", line 173, in _get_machine_id_v3
    machine_id = f.read()
                 ^^^^^^^^
  File "<frozen codecs>", line 322, in decode
UnicodeDecodeError: 'utf-8' codec can't decode bytes in position 25-26: invalid continuation byte
2025-09-12 16:01:53.317 304 GET /static/media/SourceCodeVF-Upright.ttf.BjWn63N-.woff2 (10.12.249.24) 0.77ms
2025-09-12 16:02:03.581 304 GET / (10.12.249.24) 1.02ms
2025-09-12 16:02:04.091 304 GET /_stcore/host-config (10.12.249.24) 0.65ms
2025-09-12 16:02:04.093 304 GET /_stcore/health (10.12.249.24) 0.64ms
2025-09-12 16:02:04.450 101 GET /_stcore/stream (10.12.249.24) 0.87ms
Exception in callback AppSession._on_scriptrunner_event.<locals>.<lambda>() at /usr/local/lib/python3.12/site-packages/streamlit/runtime/app_session.py:519
handle: <Handle AppSession._on_scriptrunner_event.<locals>.<lambda>() at /usr/local/lib/python3.12/site-packages/streamlit/runtime/app_session.py:519>
Traceback (most recent call last):
  File "/usr/local/lib/python3.12/asyncio/events.py", line 88, in _run
    self._context.run(self._callback, *self._args)
  File "/usr/local/lib/python3.12/site-packages/streamlit/runtime/app_session.py", line 519, in <lambda>
    lambda: self._handle_scriptrunner_event_on_event_loop(
            ^^^^^^^^^^^^^^^^^^^^^^^^^^^^^^^^^^^^^^^^^^^^^^
  File "/usr/local/lib/python3.12/site-packages/streamlit/runtime/app_session.py", line 616, in _handle_scriptrunner_event_on_event_loop
    msg = self._create_new_session_message(
          ^^^^^^^^^^^^^^^^^^^^^^^^^^^^^^^^^
  File "/usr/local/lib/python3.12/site-packages/streamlit/runtime/app_session.py", line 750, in _create_new_session_message
    _populate_user_info_msg(imsg.user_info)
  File "/usr/local/lib/python3.12/site-packages/streamlit/runtime/app_session.py", line 1154, in _populate_user_info_msg
    inst = Installation.instance()
           ^^^^^^^^^^^^^^^^^^^^^^^
  File "/usr/local/lib/python3.12/site-packages/streamlit/runtime/metrics_util.py", line 228, in instance
    cls._instance = Installation()
                    ^^^^^^^^^^^^^^
  File "/usr/local/lib/python3.12/site-packages/streamlit/runtime/metrics_util.py", line 233, in __init__
    uuid.uuid5(uuid.NAMESPACE_DNS, _get_machine_id_v3())
                                   ^^^^^^^^^^^^^^^^^^^^
  File "/usr/local/lib/python3.12/site-packages/streamlit/runtime/metrics_util.py", line 173, in _get_machine_id_v3
    machine_id = f.read()
                 ^^^^^^^^
  File "<frozen codecs>", line 322, in decode
UnicodeDecodeError: 'utf-8' codec can't decode bytes in position 25-26: invalid continuation byte
Exception in callback AppSession._on_scriptrunner_event.<locals>.<lambda>() at /usr/local/lib/python3.12/site-packages/streamlit/runtime/app_session.py:519
handle: <Handle AppSession._on_scriptrunner_event.<locals>.<lambda>() at /usr/local/lib/python3.12/site-packages/streamlit/runtime/app_session.py:519>
Traceback (most recent call last):
  File "/usr/local/lib/python3.12/asyncio/events.py", line 88, in _run
    self._context.run(self._callback, *self._args)
  File "/usr/local/lib/python3.12/site-packages/streamlit/runtime/app_session.py", line 519, in <lambda>
    lambda: self._handle_scriptrunner_event_on_event_loop(
            ^^^^^^^^^^^^^^^^^^^^^^^^^^^^^^^^^^^^^^^^^^^^^^
  File "/usr/local/lib/python3.12/site-packages/streamlit/runtime/app_session.py", line 616, in _handle_scriptrunner_event_on_event_loop
    msg = self._create_new_session_message(
          ^^^^^^^^^^^^^^^^^^^^^^^^^^^^^^^^^
  File "/usr/local/lib/python3.12/site-packages/streamlit/runtime/app_session.py", line 750, in _create_new_session_message
    _populate_user_info_msg(imsg.user_info)
  File "/usr/local/lib/python3.12/site-packages/streamlit/runtime/app_session.py", line 1154, in _populate_user_info_msg
    inst = Installation.instance()
           ^^^^^^^^^^^^^^^^^^^^^^^
  File "/usr/local/lib/python3.12/site-packages/streamlit/runtime/metrics_util.py", line 228, in instance
    cls._instance = Installation()
                    ^^^^^^^^^^^^^^
  File "/usr/local/lib/python3.12/site-packages/streamlit/runtime/metrics_util.py", line 233, in __init__
    uuid.uuid5(uuid.NAMESPACE_DNS, _get_machine_id_v3())
                                   ^^^^^^^^^^^^^^^^^^^^
  File "/usr/local/lib/python3.12/site-packages/streamlit/runtime/metrics_util.py", line 173, in _get_machine_id_v3
    machine_id = f.read()
                 ^^^^^^^^
  File "<frozen codecs>", line 322, in decode
UnicodeDecodeError: 'utf-8' codec can't decode bytes in position 25-26: invalid continuation byte
Exception in callback AppSession._on_scriptrunner_event.<locals>.<lambda>() at /usr/local/lib/python3.12/site-packages/streamlit/runtime/app_session.py:519
handle: <Handle AppSession._on_scriptrunner_event.<locals>.<lambda>() at /usr/local/lib/python3.12/site-packages/streamlit/runtime/app_session.py:519>
Traceback (most recent call last):
  File "/usr/local/lib/python3.12/asyncio/events.py", line 88, in _run
    self._context.run(self._callback, *self._args)
  File "/usr/local/lib/python3.12/site-packages/streamlit/runtime/app_session.py", line 519, in <lambda>
    lambda: self._handle_scriptrunner_event_on_event_loop(
            ^^^^^^^^^^^^^^^^^^^^^^^^^^^^^^^^^^^^^^^^^^^^^^
  File "/usr/local/lib/python3.12/site-packages/streamlit/runtime/app_session.py", line 616, in _handle_scriptrunner_event_on_event_loop
    msg = self._create_new_session_message(
          ^^^^^^^^^^^^^^^^^^^^^^^^^^^^^^^^^
  File "/usr/local/lib/python3.12/site-packages/streamlit/runtime/app_session.py", line 750, in _create_new_session_message
    _populate_user_info_msg(imsg.user_info)
  File "/usr/local/lib/python3.12/site-packages/streamlit/runtime/app_session.py", line 1154, in _populate_user_info_msg
    inst = Installation.instance()
           ^^^^^^^^^^^^^^^^^^^^^^^
  File "/usr/local/lib/python3.12/site-packages/streamlit/runtime/metrics_util.py", line 228, in instance
    cls._instance = Installation()
                    ^^^^^^^^^^^^^^
  File "/usr/local/lib/python3.12/site-packages/streamlit/runtime/metrics_util.py", line 233, in __init__
    uuid.uuid5(uuid.NAMESPACE_DNS, _get_machine_id_v3())
                                   ^^^^^^^^^^^^^^^^^^^^
  File "/usr/local/lib/python3.12/site-packages/streamlit/runtime/metrics_util.py", line 173, in _get_machine_id_v3
    machine_id = f.read()
                 ^^^^^^^^
  File "<frozen codecs>", line 322, in decode
UnicodeDecodeError: 'utf-8' codec can't decode bytes in position 25-26: invalid continuation byte
Exception in callback AppSession._on_scriptrunner_event.<locals>.<lambda>() at /usr/local/lib/python3.12/site-packages/streamlit/runtime/app_session.py:519
handle: <Handle AppSession._on_scriptrunner_event.<locals>.<lambda>() at /usr/local/lib/python3.12/site-packages/streamlit/runtime/app_session.py:519>
Traceback (most recent call last):
  File "/usr/local/lib/python3.12/asyncio/events.py", line 88, in _run
    self._context.run(self._callback, *self._args)
  File "/usr/local/lib/python3.12/site-packages/streamlit/runtime/app_session.py", line 519, in <lambda>
    lambda: self._handle_scriptrunner_event_on_event_loop(
            ^^^^^^^^^^^^^^^^^^^^^^^^^^^^^^^^^^^^^^^^^^^^^^
  File "/usr/local/lib/python3.12/site-packages/streamlit/runtime/app_session.py", line 616, in _handle_scriptrunner_event_on_event_loop
    msg = self._create_new_session_message(
          ^^^^^^^^^^^^^^^^^^^^^^^^^^^^^^^^^
  File "/usr/local/lib/python3.12/site-packages/streamlit/runtime/app_session.py", line 750, in _create_new_session_message
    _populate_user_info_msg(imsg.user_info)
  File "/usr/local/lib/python3.12/site-packages/streamlit/runtime/app_session.py", line 1154, in _populate_user_info_msg
    inst = Installation.instance()
           ^^^^^^^^^^^^^^^^^^^^^^^
  File "/usr/local/lib/python3.12/site-packages/streamlit/runtime/metrics_util.py", line 228, in instance
    cls._instance = Installation()
                    ^^^^^^^^^^^^^^
  File "/usr/local/lib/python3.12/site-packages/streamlit/runtime/metrics_util.py", line 233, in __init__
    uuid.uuid5(uuid.NAMESPACE_DNS, _get_machine_id_v3())
                                   ^^^^^^^^^^^^^^^^^^^^
  File "/usr/local/lib/python3.12/site-packages/streamlit/runtime/metrics_util.py", line 173, in _get_machine_id_v3
    machine_id = f.read()
                 ^^^^^^^^
  File "<frozen codecs>", line 322, in decode
UnicodeDecodeError: 'utf-8' codec can't decode bytes in position 25-26: invalid continuation byte
Exception in callback AppSession._on_scriptrunner_event.<locals>.<lambda>() at /usr/local/lib/python3.12/site-packages/streamlit/runtime/app_session.py:519
handle: <Handle AppSession._on_scriptrunner_event.<locals>.<lambda>() at /usr/local/lib/python3.12/site-packages/streamlit/runtime/app_session.py:519>
Traceback (most recent call last):
  File "/usr/local/lib/python3.12/asyncio/events.py", line 88, in _run
    self._context.run(self._callback, *self._args)
  File "/usr/local/lib/python3.12/site-packages/streamlit/runtime/app_session.py", line 519, in <lambda>
    lambda: self._handle_scriptrunner_event_on_event_loop(
            ^^^^^^^^^^^^^^^^^^^^^^^^^^^^^^^^^^^^^^^^^^^^^^
  File "/usr/local/lib/python3.12/site-packages/streamlit/runtime/app_session.py", line 616, in _handle_scriptrunner_event_on_event_loop
    msg = self._create_new_session_message(
          ^^^^^^^^^^^^^^^^^^^^^^^^^^^^^^^^^
  File "/usr/local/lib/python3.12/site-packages/streamlit/runtime/app_session.py", line 750, in _create_new_session_message
    _populate_user_info_msg(imsg.user_info)
  File "/usr/local/lib/python3.12/site-packages/streamlit/runtime/app_session.py", line 1154, in _populate_user_info_msg
    inst = Installation.instance()
           ^^^^^^^^^^^^^^^^^^^^^^^
  File "/usr/local/lib/python3.12/site-packages/streamlit/runtime/metrics_util.py", line 228, in instance
    cls._instance = Installation()
                    ^^^^^^^^^^^^^^
  File "/usr/local/lib/python3.12/site-packages/streamlit/runtime/metrics_util.py", line 233, in __init__
    uuid.uuid5(uuid.NAMESPACE_DNS, _get_machine_id_v3())
                                   ^^^^^^^^^^^^^^^^^^^^
  File "/usr/local/lib/python3.12/site-packages/streamlit/runtime/metrics_util.py", line 173, in _get_machine_id_v3
    machine_id = f.read()
                 ^^^^^^^^
  File "<frozen codecs>", line 322, in decode
UnicodeDecodeError: 'utf-8' codec can't decode bytes in position 25-26: invalid continuation byte
Exception in callback AppSession._on_scriptrunner_event.<locals>.<lambda>() at /usr/local/lib/python3.12/site-packages/streamlit/runtime/app_session.py:519
handle: <Handle AppSession._on_scriptrunner_event.<locals>.<lambda>() at /usr/local/lib/python3.12/site-packages/streamlit/runtime/app_session.py:519>
Traceback (most recent call last):
  File "/usr/local/lib/python3.12/asyncio/events.py", line 88, in _run
    self._context.run(self._callback, *self._args)
  File "/usr/local/lib/python3.12/site-packages/streamlit/runtime/app_session.py", line 519, in <lambda>
    lambda: self._handle_scriptrunner_event_on_event_loop(
            ^^^^^^^^^^^^^^^^^^^^^^^^^^^^^^^^^^^^^^^^^^^^^^
  File "/usr/local/lib/python3.12/site-packages/streamlit/runtime/app_session.py", line 616, in _handle_scriptrunner_event_on_event_loop
    msg = self._create_new_session_message(
          ^^^^^^^^^^^^^^^^^^^^^^^^^^^^^^^^^
  File "/usr/local/lib/python3.12/site-packages/streamlit/runtime/app_session.py", line 750, in _create_new_session_message
    _populate_user_info_msg(imsg.user_info)
  File "/usr/local/lib/python3.12/site-packages/streamlit/runtime/app_session.py", line 1154, in _populate_user_info_msg
    inst = Installation.instance()
           ^^^^^^^^^^^^^^^^^^^^^^^
  File "/usr/local/lib/python3.12/site-packages/streamlit/runtime/metrics_util.py", line 228, in instance
    cls._instance = Installation()
                    ^^^^^^^^^^^^^^
  File "/usr/local/lib/python3.12/site-packages/streamlit/runtime/metrics_util.py", line 233, in __init__
    uuid.uuid5(uuid.NAMESPACE_DNS, _get_machine_id_v3())
                                   ^^^^^^^^^^^^^^^^^^^^
  File "/usr/local/lib/python3.12/site-packages/streamlit/runtime/metrics_util.py", line 173, in _get_machine_id_v3
    machine_id = f.read()
                 ^^^^^^^^
  File "<frozen codecs>", line 322, in decode
UnicodeDecodeError: 'utf-8' codec can't decode bytes in position 25-26: invalid continuation byte
Exception in callback AppSession._on_scriptrunner_event.<locals>.<lambda>() at /usr/local/lib/python3.12/site-packages/streamlit/runtime/app_session.py:519
handle: <Handle AppSession._on_scriptrunner_event.<locals>.<lambda>() at /usr/local/lib/python3.12/site-packages/streamlit/runtime/app_session.py:519>
Traceback (most recent call last):
  File "/usr/local/lib/python3.12/asyncio/events.py", line 88, in _run
    self._context.run(self._callback, *self._args)
  File "/usr/local/lib/python3.12/site-packages/streamlit/runtime/app_session.py", line 519, in <lambda>
    lambda: self._handle_scriptrunner_event_on_event_loop(
            ^^^^^^^^^^^^^^^^^^^^^^^^^^^^^^^^^^^^^^^^^^^^^^
  File "/usr/local/lib/python3.12/site-packages/streamlit/runtime/app_session.py", line 616, in _handle_scriptrunner_event_on_event_loop
    msg = self._create_new_session_message(
          ^^^^^^^^^^^^^^^^^^^^^^^^^^^^^^^^^
  File "/usr/local/lib/python3.12/site-packages/streamlit/runtime/app_session.py", line 750, in _create_new_session_message
    _populate_user_info_msg(imsg.user_info)
  File "/usr/local/lib/python3.12/site-packages/streamlit/runtime/app_session.py", line 1154, in _populate_user_info_msg
    inst = Installation.instance()
           ^^^^^^^^^^^^^^^^^^^^^^^
  File "/usr/local/lib/python3.12/site-packages/streamlit/runtime/metrics_util.py", line 228, in instance
    cls._instance = Installation()
                    ^^^^^^^^^^^^^^
  File "/usr/local/lib/python3.12/site-packages/streamlit/runtime/metrics_util.py", line 233, in __init__
    uuid.uuid5(uuid.NAMESPACE_DNS, _get_machine_id_v3())
                                   ^^^^^^^^^^^^^^^^^^^^
  File "/usr/local/lib/python3.12/site-packages/streamlit/runtime/metrics_util.py", line 173, in _get_machine_id_v3
    machine_id = f.read()
                 ^^^^^^^^
  File "<frozen codecs>", line 322, in decode
UnicodeDecodeError: 'utf-8' codec can't decode bytes in position 25-26: invalid continuation byte
Exception in callback AppSession._on_scriptrunner_event.<locals>.<lambda>() at /usr/local/lib/python3.12/site-packages/streamlit/runtime/app_session.py:519
handle: <Handle AppSession._on_scriptrunner_event.<locals>.<lambda>() at /usr/local/lib/python3.12/site-packages/streamlit/runtime/app_session.py:519>
Traceback (most recent call last):
  File "/usr/local/lib/python3.12/asyncio/events.py", line 88, in _run
    self._context.run(self._callback, *self._args)
  File "/usr/local/lib/python3.12/site-packages/streamlit/runtime/app_session.py", line 519, in <lambda>
    lambda: self._handle_scriptrunner_event_on_event_loop(
            ^^^^^^^^^^^^^^^^^^^^^^^^^^^^^^^^^^^^^^^^^^^^^^
  File "/usr/local/lib/python3.12/site-packages/streamlit/runtime/app_session.py", line 616, in _handle_scriptrunner_event_on_event_loop
    msg = self._create_new_session_message(
          ^^^^^^^^^^^^^^^^^^^^^^^^^^^^^^^^^
  File "/usr/local/lib/python3.12/site-packages/streamlit/runtime/app_session.py", line 750, in _create_new_session_message
    _populate_user_info_msg(imsg.user_info)
  File "/usr/local/lib/python3.12/site-packages/streamlit/runtime/app_session.py", line 1154, in _populate_user_info_msg
    inst = Installation.instance()
           ^^^^^^^^^^^^^^^^^^^^^^^
  File "/usr/local/lib/python3.12/site-packages/streamlit/runtime/metrics_util.py", line 228, in instance
    cls._instance = Installation()
                    ^^^^^^^^^^^^^^
  File "/usr/local/lib/python3.12/site-packages/streamlit/runtime/metrics_util.py", line 233, in __init__
    uuid.uuid5(uuid.NAMESPACE_DNS, _get_machine_id_v3())
                                   ^^^^^^^^^^^^^^^^^^^^
  File "/usr/local/lib/python3.12/site-packages/streamlit/runtime/metrics_util.py", line 173, in _get_machine_id_v3
    machine_id = f.read()
                 ^^^^^^^^
  File "<frozen codecs>", line 322, in decode
UnicodeDecodeError: 'utf-8' codec can't decode bytes in position 25-26: invalid continuation byte
Exception in callback AppSession._on_scriptrunner_event.<locals>.<lambda>() at /usr/local/lib/python3.12/site-packages/streamlit/runtime/app_session.py:519
handle: <Handle AppSession._on_scriptrunner_event.<locals>.<lambda>() at /usr/local/lib/python3.12/site-packages/streamlit/runtime/app_session.py:519>
Traceback (most recent call last):
  File "/usr/local/lib/python3.12/asyncio/events.py", line 88, in _run
    self._context.run(self._callback, *self._args)
  File "/usr/local/lib/python3.12/site-packages/streamlit/runtime/app_session.py", line 519, in <lambda>
    lambda: self._handle_scriptrunner_event_on_event_loop(
            ^^^^^^^^^^^^^^^^^^^^^^^^^^^^^^^^^^^^^^^^^^^^^^
  File "/usr/local/lib/python3.12/site-packages/streamlit/runtime/app_session.py", line 616, in _handle_scriptrunner_event_on_event_loop
    msg = self._create_new_session_message(
          ^^^^^^^^^^^^^^^^^^^^^^^^^^^^^^^^^
  File "/usr/local/lib/python3.12/site-packages/streamlit/runtime/app_session.py", line 750, in _create_new_session_message
    _populate_user_info_msg(imsg.user_info)
  File "/usr/local/lib/python3.12/site-packages/streamlit/runtime/app_session.py", line 1154, in _populate_user_info_msg
    inst = Installation.instance()
           ^^^^^^^^^^^^^^^^^^^^^^^
  File "/usr/local/lib/python3.12/site-packages/streamlit/runtime/metrics_util.py", line 228, in instance
    cls._instance = Installation()
                    ^^^^^^^^^^^^^^
  File "/usr/local/lib/python3.12/site-packages/streamlit/runtime/metrics_util.py", line 233, in __init__
    uuid.uuid5(uuid.NAMESPACE_DNS, _get_machine_id_v3())
                                   ^^^^^^^^^^^^^^^^^^^^
  File "/usr/local/lib/python3.12/site-packages/streamlit/runtime/metrics_util.py", line 173, in _get_machine_id_v3
    machine_id = f.read()
                 ^^^^^^^^
  File "<frozen codecs>", line 322, in decode
UnicodeDecodeError: 'utf-8' codec can't decode bytes in position 25-26: invalid continuation byte
Exception in callback AppSession._on_scriptrunner_event.<locals>.<lambda>() at /usr/local/lib/python3.12/site-packages/streamlit/runtime/app_session.py:519
handle: <Handle AppSession._on_scriptrunner_event.<locals>.<lambda>() at /usr/local/lib/python3.12/site-packages/streamlit/runtime/app_session.py:519>
Traceback (most recent call last):
  File "/usr/local/lib/python3.12/asyncio/events.py", line 88, in _run
    self._context.run(self._callback, *self._args)
  File "/usr/local/lib/python3.12/site-packages/streamlit/runtime/app_session.py", line 519, in <lambda>
    lambda: self._handle_scriptrunner_event_on_event_loop(
            ^^^^^^^^^^^^^^^^^^^^^^^^^^^^^^^^^^^^^^^^^^^^^^
  File "/usr/local/lib/python3.12/site-packages/streamlit/runtime/app_session.py", line 616, in _handle_scriptrunner_event_on_event_loop
    msg = self._create_new_session_message(
          ^^^^^^^^^^^^^^^^^^^^^^^^^^^^^^^^^
  File "/usr/local/lib/python3.12/site-packages/streamlit/runtime/app_session.py", line 750, in _create_new_session_message
    _populate_user_info_msg(imsg.user_info)
  File "/usr/local/lib/python3.12/site-packages/streamlit/runtime/app_session.py", line 1154, in _populate_user_info_msg
    inst = Installation.instance()
           ^^^^^^^^^^^^^^^^^^^^^^^
  File "/usr/local/lib/python3.12/site-packages/streamlit/runtime/metrics_util.py", line 228, in instance
    cls._instance = Installation()
                    ^^^^^^^^^^^^^^
  File "/usr/local/lib/python3.12/site-packages/streamlit/runtime/metrics_util.py", line 233, in __init__
    uuid.uuid5(uuid.NAMESPACE_DNS, _get_machine_id_v3())
                                   ^^^^^^^^^^^^^^^^^^^^
  File "/usr/local/lib/python3.12/site-packages/streamlit/runtime/metrics_util.py", line 173, in _get_machine_id_v3
    machine_id = f.read()
                 ^^^^^^^^
  File "<frozen codecs>", line 322, in decode
UnicodeDecodeError: 'utf-8' codec can't decode bytes in position 25-26: invalid continuation byte
2025-09-12 16:03:03.604 Script compilation error
Traceback (most recent call last):
  File "/usr/local/lib/python3.12/site-packages/streamlit/runtime/scriptrunner/script_runner.py", line 571, in _run_script
    code = self._script_cache.get_bytecode(script_path)
           ^^^^^^^^^^^^^^^^^^^^^^^^^^^^^^^^^^^^^^^^^^^^
  File "/usr/local/lib/python3.12/site-packages/streamlit/runtime/scriptrunner/script_cache.py", line 72, in get_bytecode
    filebody = magic.add_magic(filebody, script_path)
               ^^^^^^^^^^^^^^^^^^^^^^^^^^^^^^^^^^^^^^
  File "/usr/local/lib/python3.12/site-packages/streamlit/runtime/scriptrunner/magic.py", line 45, in add_magic
    tree = ast.parse(code, script_path, "exec")
           ^^^^^^^^^^^^^^^^^^^^^^^^^^^^^^^^^^^^
  File "/usr/local/lib/python3.12/ast.py", line 52, in parse
    return compile(source, filename, mode, flags,
           ^^^^^^^^^^^^^^^^^^^^^^^^^^^^^^^^^^^^^^
  File "/home/user/webapp/streamlit_app.py", line 854
    entertainment_factor = entertainment_factors[0]
                  ^
SyntaxError: expected 'except' or 'finally' block
2025-09-12 16:03:03.654 Thread 'MainThread': missing ScriptRunContext! This warning can be ignored when running in bare mode.
Exception in callback AppSession._on_scriptrunner_event.<locals>.<lambda>() at /usr/local/lib/python3.12/site-packages/streamlit/runtime/app_session.py:519
handle: <Handle AppSession._on_scriptrunner_event.<locals>.<lambda>() at /usr/local/lib/python3.12/site-packages/streamlit/runtime/app_session.py:519>
Traceback (most recent call last):
  File "/usr/local/lib/python3.12/asyncio/events.py", line 88, in _run
    self._context.run(self._callback, *self._args)
  File "/usr/local/lib/python3.12/site-packages/streamlit/runtime/app_session.py", line 519, in <lambda>
    lambda: self._handle_scriptrunner_event_on_event_loop(
            ^^^^^^^^^^^^^^^^^^^^^^^^^^^^^^^^^^^^^^^^^^^^^^
  File "/usr/local/lib/python3.12/site-packages/streamlit/runtime/app_session.py", line 616, in _handle_scriptrunner_event_on_event_loop
    msg = self._create_new_session_message(
          ^^^^^^^^^^^^^^^^^^^^^^^^^^^^^^^^^
  File "/usr/local/lib/python3.12/site-packages/streamlit/runtime/app_session.py", line 750, in _create_new_session_message
    _populate_user_info_msg(imsg.user_info)
  File "/usr/local/lib/python3.12/site-packages/streamlit/runtime/app_session.py", line 1154, in _populate_user_info_msg
    inst = Installation.instance()
           ^^^^^^^^^^^^^^^^^^^^^^^
  File "/usr/local/lib/python3.12/site-packages/streamlit/runtime/metrics_util.py", line 228, in instance
    cls._instance = Installation()
                    ^^^^^^^^^^^^^^
  File "/usr/local/lib/python3.12/site-packages/streamlit/runtime/metrics_util.py", line 233, in __init__
    uuid.uuid5(uuid.NAMESPACE_DNS, _get_machine_id_v3())
                                   ^^^^^^^^^^^^^^^^^^^^
  File "/usr/local/lib/python3.12/site-packages/streamlit/runtime/metrics_util.py", line 173, in _get_machine_id_v3
    machine_id = f.read()
                 ^^^^^^^^
  File "<frozen codecs>", line 322, in decode
UnicodeDecodeError: 'utf-8' codec can't decode bytes in position 25-26: invalid continuation byte
Exception in callback AppSession._on_scriptrunner_event.<locals>.<lambda>() at /usr/local/lib/python3.12/site-packages/streamlit/runtime/app_session.py:519
handle: <Handle AppSession._on_scriptrunner_event.<locals>.<lambda>() at /usr/local/lib/python3.12/site-packages/streamlit/runtime/app_session.py:519>
Traceback (most recent call last):
  File "/usr/local/lib/python3.12/asyncio/events.py", line 88, in _run
    self._context.run(self._callback, *self._args)
  File "/usr/local/lib/python3.12/site-packages/streamlit/runtime/app_session.py", line 519, in <lambda>
    lambda: self._handle_scriptrunner_event_on_event_loop(
            ^^^^^^^^^^^^^^^^^^^^^^^^^^^^^^^^^^^^^^^^^^^^^^
  File "/usr/local/lib/python3.12/site-packages/streamlit/runtime/app_session.py", line 616, in _handle_scriptrunner_event_on_event_loop
    msg = self._create_new_session_message(
          ^^^^^^^^^^^^^^^^^^^^^^^^^^^^^^^^^
  File "/usr/local/lib/python3.12/site-packages/streamlit/runtime/app_session.py", line 750, in _create_new_session_message
    _populate_user_info_msg(imsg.user_info)
  File "/usr/local/lib/python3.12/site-packages/streamlit/runtime/app_session.py", line 1154, in _populate_user_info_msg
    inst = Installation.instance()
           ^^^^^^^^^^^^^^^^^^^^^^^
  File "/usr/local/lib/python3.12/site-packages/streamlit/runtime/metrics_util.py", line 228, in instance
    cls._instance = Installation()
                    ^^^^^^^^^^^^^^
  File "/usr/local/lib/python3.12/site-packages/streamlit/runtime/metrics_util.py", line 233, in __init__
    uuid.uuid5(uuid.NAMESPACE_DNS, _get_machine_id_v3())
                                   ^^^^^^^^^^^^^^^^^^^^
  File "/usr/local/lib/python3.12/site-packages/streamlit/runtime/metrics_util.py", line 173, in _get_machine_id_v3
    machine_id = f.read()
                 ^^^^^^^^
  File "<frozen codecs>", line 322, in decode
UnicodeDecodeError: 'utf-8' codec can't decode bytes in position 25-26: invalid continuation byte
Exception in callback AppSession._on_scriptrunner_event.<locals>.<lambda>() at /usr/local/lib/python3.12/site-packages/streamlit/runtime/app_session.py:519
handle: <Handle AppSession._on_scriptrunner_event.<locals>.<lambda>() at /usr/local/lib/python3.12/site-packages/streamlit/runtime/app_session.py:519>
Traceback (most recent call last):
  File "/usr/local/lib/python3.12/asyncio/events.py", line 88, in _run
    self._context.run(self._callback, *self._args)
  File "/usr/local/lib/python3.12/site-packages/streamlit/runtime/app_session.py", line 519, in <lambda>
    lambda: self._handle_scriptrunner_event_on_event_loop(
            ^^^^^^^^^^^^^^^^^^^^^^^^^^^^^^^^^^^^^^^^^^^^^^
  File "/usr/local/lib/python3.12/site-packages/streamlit/runtime/app_session.py", line 616, in _handle_scriptrunner_event_on_event_loop
    msg = self._create_new_session_message(
          ^^^^^^^^^^^^^^^^^^^^^^^^^^^^^^^^^
  File "/usr/local/lib/python3.12/site-packages/streamlit/runtime/app_session.py", line 750, in _create_new_session_message
    _populate_user_info_msg(imsg.user_info)
  File "/usr/local/lib/python3.12/site-packages/streamlit/runtime/app_session.py", line 1154, in _populate_user_info_msg
    inst = Installation.instance()
           ^^^^^^^^^^^^^^^^^^^^^^^
  File "/usr/local/lib/python3.12/site-packages/streamlit/runtime/metrics_util.py", line 228, in instance
    cls._instance = Installation()
                    ^^^^^^^^^^^^^^
  File "/usr/local/lib/python3.12/site-packages/streamlit/runtime/metrics_util.py", line 233, in __init__
    uuid.uuid5(uuid.NAMESPACE_DNS, _get_machine_id_v3())
                                   ^^^^^^^^^^^^^^^^^^^^
  File "/usr/local/lib/python3.12/site-packages/streamlit/runtime/metrics_util.py", line 173, in _get_machine_id_v3
    machine_id = f.read()
                 ^^^^^^^^
  File "<frozen codecs>", line 322, in decode
UnicodeDecodeError: 'utf-8' codec can't decode bytes in position 25-26: invalid continuation byte
2025-09-12 16:03:06.967 200 GET /static/media/SourceCodeVF-Upright.ttf.BjWn63N-.woff2 (10.12.249.24) 1.87ms
2025-09-12 16:03:39.739 200 GET / (10.12.249.24) 1.31ms
2025-09-12 16:03:40.059 200 GET /static/js/index.CD8HuT3N.js (10.12.249.24) 279.48ms
2025-09-12 16:03:40.064 200 GET /static/css/index.C8X8rNzw.css (10.12.249.24) 1.59ms
2025-09-12 16:03:40.064 200 GET /static/media/SourceSansVF-Upright.ttf.BsWL4Kly.woff2 (10.12.249.24) 5.05ms
2025-09-12 16:03:40.692 200 GET /_stcore/health (10.12.249.24) 0.90ms
2025-09-12 16:03:40.693 200 GET /_stcore/host-config (10.12.249.24) 0.91ms
2025-09-12 16:03:40.701 200 GET /favicon.png (10.12.249.24) 0.72ms
2025-09-12 16:03:40.740 101 GET /_stcore/stream (10.12.249.24) 0.94ms
Exception in callback AppSession._on_scriptrunner_event.<locals>.<lambda>() at /usr/local/lib/python3.12/site-packages/streamlit/runtime/app_session.py:519
handle: <Handle AppSession._on_scriptrunner_event.<locals>.<lambda>() at /usr/local/lib/python3.12/site-packages/streamlit/runtime/app_session.py:519>
Traceback (most recent call last):
  File "/usr/local/lib/python3.12/asyncio/events.py", line 88, in _run
    self._context.run(self._callback, *self._args)
  File "/usr/local/lib/python3.12/site-packages/streamlit/runtime/app_session.py", line 519, in <lambda>
    lambda: self._handle_scriptrunner_event_on_event_loop(
            ^^^^^^^^^^^^^^^^^^^^^^^^^^^^^^^^^^^^^^^^^^^^^^
  File "/usr/local/lib/python3.12/site-packages/streamlit/runtime/app_session.py", line 616, in _handle_scriptrunner_event_on_event_loop
    msg = self._create_new_session_message(
          ^^^^^^^^^^^^^^^^^^^^^^^^^^^^^^^^^
  File "/usr/local/lib/python3.12/site-packages/streamlit/runtime/app_session.py", line 750, in _create_new_session_message
    _populate_user_info_msg(imsg.user_info)
  File "/usr/local/lib/python3.12/site-packages/streamlit/runtime/app_session.py", line 1154, in _populate_user_info_msg
    inst = Installation.instance()
           ^^^^^^^^^^^^^^^^^^^^^^^
  File "/usr/local/lib/python3.12/site-packages/streamlit/runtime/metrics_util.py", line 228, in instance
    cls._instance = Installation()
                    ^^^^^^^^^^^^^^
  File "/usr/local/lib/python3.12/site-packages/streamlit/runtime/metrics_util.py", line 233, in __init__
    uuid.uuid5(uuid.NAMESPACE_DNS, _get_machine_id_v3())
                                   ^^^^^^^^^^^^^^^^^^^^
  File "/usr/local/lib/python3.12/site-packages/streamlit/runtime/metrics_util.py", line 173, in _get_machine_id_v3
    machine_id = f.read()
                 ^^^^^^^^
  File "<frozen codecs>", line 322, in decode
UnicodeDecodeError: 'utf-8' codec can't decode bytes in position 25-26: invalid continuation byte
2025-09-12 16:03:41.423 200 GET /static/js/index.B9mjBcgE.js (10.12.249.24) 2.33ms
2025-09-12 16:03:41.424 200 GET /static/js/useBasicWidgetState.DeK-QJpD.js (10.12.249.24) 3.39ms
2025-09-12 16:03:41.425 200 GET /static/js/FormClearHelper.DHh1GFzm.js (10.12.249.24) 4.08ms
2025-09-12 16:03:41.428 200 GET /static/media/MaterialSymbols-Rounded.CBxVaFdk.woff2 (10.12.249.24) 6.24ms
2025-09-12 16:03:41.540 200 GET /static/js/checkbox.D8W881TL.js (10.12.249.24) 1.77ms
2025-09-12 16:03:41.542 200 GET /static/js/index.Dk4C7X3i.js (10.12.249.24) 1.62ms
2025-09-12 16:03:41.782 200 GET /static/js/index.CcJf6BCU.js (10.12.249.24) 232.26ms
2025-09-12 16:03:41.786 200 GET /static/js/withFullScreenWrapper.DLp1ENGm.js (10.12.249.24) 2.19ms
2025-09-12 16:03:41.787 200 GET /static/js/index.Bte_9Lyq.js (10.12.249.24) 2.57ms
2025-09-12 16:04:43.406 304 GET / (10.12.249.24) 1.04ms
2025-09-12 16:04:44.037 304 GET /_stcore/host-config (10.12.249.24) 0.65ms
2025-09-12 16:04:44.039 304 GET /_stcore/health (10.12.249.24) 0.94ms
2025-09-12 16:04:44.391 101 GET /_stcore/stream (10.12.249.24) 0.96ms
Exception in callback AppSession._on_scriptrunner_event.<locals>.<lambda>() at /usr/local/lib/python3.12/site-packages/streamlit/runtime/app_session.py:519
handle: <Handle AppSession._on_scriptrunner_event.<locals>.<lambda>() at /usr/local/lib/python3.12/site-packages/streamlit/runtime/app_session.py:519>
Traceback (most recent call last):
  File "/usr/local/lib/python3.12/asyncio/events.py", line 88, in _run
    self._context.run(self._callback, *self._args)
  File "/usr/local/lib/python3.12/site-packages/streamlit/runtime/app_session.py", line 519, in <lambda>
    lambda: self._handle_scriptrunner_event_on_event_loop(
            ^^^^^^^^^^^^^^^^^^^^^^^^^^^^^^^^^^^^^^^^^^^^^^
  File "/usr/local/lib/python3.12/site-packages/streamlit/runtime/app_session.py", line 616, in _handle_scriptrunner_event_on_event_loop
    msg = self._create_new_session_message(
          ^^^^^^^^^^^^^^^^^^^^^^^^^^^^^^^^^
  File "/usr/local/lib/python3.12/site-packages/streamlit/runtime/app_session.py", line 750, in _create_new_session_message
    _populate_user_info_msg(imsg.user_info)
  File "/usr/local/lib/python3.12/site-packages/streamlit/runtime/app_session.py", line 1154, in _populate_user_info_msg
    inst = Installation.instance()
           ^^^^^^^^^^^^^^^^^^^^^^^
  File "/usr/local/lib/python3.12/site-packages/streamlit/runtime/metrics_util.py", line 228, in instance
    cls._instance = Installation()
                    ^^^^^^^^^^^^^^
  File "/usr/local/lib/python3.12/site-packages/streamlit/runtime/metrics_util.py", line 233, in __init__
    uuid.uuid5(uuid.NAMESPACE_DNS, _get_machine_id_v3())
                                   ^^^^^^^^^^^^^^^^^^^^
  File "/usr/local/lib/python3.12/site-packages/streamlit/runtime/metrics_util.py", line 173, in _get_machine_id_v3
    machine_id = f.read()
                 ^^^^^^^^
  File "<frozen codecs>", line 322, in decode
UnicodeDecodeError: 'utf-8' codec can't decode bytes in position 25-26: invalid continuation byte
Exception in callback AppSession._on_scriptrunner_event.<locals>.<lambda>() at /usr/local/lib/python3.12/site-packages/streamlit/runtime/app_session.py:519
handle: <Handle AppSession._on_scriptrunner_event.<locals>.<lambda>() at /usr/local/lib/python3.12/site-packages/streamlit/runtime/app_session.py:519>
Traceback (most recent call last):
  File "/usr/local/lib/python3.12/asyncio/events.py", line 88, in _run
    self._context.run(self._callback, *self._args)
  File "/usr/local/lib/python3.12/site-packages/streamlit/runtime/app_session.py", line 519, in <lambda>
    lambda: self._handle_scriptrunner_event_on_event_loop(
            ^^^^^^^^^^^^^^^^^^^^^^^^^^^^^^^^^^^^^^^^^^^^^^
  File "/usr/local/lib/python3.12/site-packages/streamlit/runtime/app_session.py", line 616, in _handle_scriptrunner_event_on_event_loop
    msg = self._create_new_session_message(
          ^^^^^^^^^^^^^^^^^^^^^^^^^^^^^^^^^
  File "/usr/local/lib/python3.12/site-packages/streamlit/runtime/app_session.py", line 750, in _create_new_session_message
    _populate_user_info_msg(imsg.user_info)
  File "/usr/local/lib/python3.12/site-packages/streamlit/runtime/app_session.py", line 1154, in _populate_user_info_msg
    inst = Installation.instance()
           ^^^^^^^^^^^^^^^^^^^^^^^
  File "/usr/local/lib/python3.12/site-packages/streamlit/runtime/metrics_util.py", line 228, in instance
    cls._instance = Installation()
                    ^^^^^^^^^^^^^^
  File "/usr/local/lib/python3.12/site-packages/streamlit/runtime/metrics_util.py", line 233, in __init__
    uuid.uuid5(uuid.NAMESPACE_DNS, _get_machine_id_v3())
                                   ^^^^^^^^^^^^^^^^^^^^
  File "/usr/local/lib/python3.12/site-packages/streamlit/runtime/metrics_util.py", line 173, in _get_machine_id_v3
    machine_id = f.read()
                 ^^^^^^^^
  File "<frozen codecs>", line 322, in decode
UnicodeDecodeError: 'utf-8' codec can't decode bytes in position 25-26: invalid continuation byte
Exception in callback AppSession._on_scriptrunner_event.<locals>.<lambda>() at /usr/local/lib/python3.12/site-packages/streamlit/runtime/app_session.py:519
handle: <Handle AppSession._on_scriptrunner_event.<locals>.<lambda>() at /usr/local/lib/python3.12/site-packages/streamlit/runtime/app_session.py:519>
Traceback (most recent call last):
  File "/usr/local/lib/python3.12/asyncio/events.py", line 88, in _run
    self._context.run(self._callback, *self._args)
  File "/usr/local/lib/python3.12/site-packages/streamlit/runtime/app_session.py", line 519, in <lambda>
    lambda: self._handle_scriptrunner_event_on_event_loop(
            ^^^^^^^^^^^^^^^^^^^^^^^^^^^^^^^^^^^^^^^^^^^^^^
  File "/usr/local/lib/python3.12/site-packages/streamlit/runtime/app_session.py", line 616, in _handle_scriptrunner_event_on_event_loop
    msg = self._create_new_session_message(
          ^^^^^^^^^^^^^^^^^^^^^^^^^^^^^^^^^
  File "/usr/local/lib/python3.12/site-packages/streamlit/runtime/app_session.py", line 750, in _create_new_session_message
    _populate_user_info_msg(imsg.user_info)
  File "/usr/local/lib/python3.12/site-packages/streamlit/runtime/app_session.py", line 1154, in _populate_user_info_msg
    inst = Installation.instance()
           ^^^^^^^^^^^^^^^^^^^^^^^
  File "/usr/local/lib/python3.12/site-packages/streamlit/runtime/metrics_util.py", line 228, in instance
    cls._instance = Installation()
                    ^^^^^^^^^^^^^^
  File "/usr/local/lib/python3.12/site-packages/streamlit/runtime/metrics_util.py", line 233, in __init__
    uuid.uuid5(uuid.NAMESPACE_DNS, _get_machine_id_v3())
                                   ^^^^^^^^^^^^^^^^^^^^
  File "/usr/local/lib/python3.12/site-packages/streamlit/runtime/metrics_util.py", line 173, in _get_machine_id_v3
    machine_id = f.read()
                 ^^^^^^^^
  File "<frozen codecs>", line 322, in decode
UnicodeDecodeError: 'utf-8' codec can't decode bytes in position 25-26: invalid continuation byte
Exception in callback AppSession._on_scriptrunner_event.<locals>.<lambda>() at /usr/local/lib/python3.12/site-packages/streamlit/runtime/app_session.py:519
handle: <Handle AppSession._on_scriptrunner_event.<locals>.<lambda>() at /usr/local/lib/python3.12/site-packages/streamlit/runtime/app_session.py:519>
Traceback (most recent call last):
  File "/usr/local/lib/python3.12/asyncio/events.py", line 88, in _run
    self._context.run(self._callback, *self._args)
  File "/usr/local/lib/python3.12/site-packages/streamlit/runtime/app_session.py", line 519, in <lambda>
    lambda: self._handle_scriptrunner_event_on_event_loop(
            ^^^^^^^^^^^^^^^^^^^^^^^^^^^^^^^^^^^^^^^^^^^^^^
  File "/usr/local/lib/python3.12/site-packages/streamlit/runtime/app_session.py", line 616, in _handle_scriptrunner_event_on_event_loop
    msg = self._create_new_session_message(
          ^^^^^^^^^^^^^^^^^^^^^^^^^^^^^^^^^
  File "/usr/local/lib/python3.12/site-packages/streamlit/runtime/app_session.py", line 750, in _create_new_session_message
    _populate_user_info_msg(imsg.user_info)
  File "/usr/local/lib/python3.12/site-packages/streamlit/runtime/app_session.py", line 1154, in _populate_user_info_msg
    inst = Installation.instance()
           ^^^^^^^^^^^^^^^^^^^^^^^
  File "/usr/local/lib/python3.12/site-packages/streamlit/runtime/metrics_util.py", line 228, in instance
    cls._instance = Installation()
                    ^^^^^^^^^^^^^^
  File "/usr/local/lib/python3.12/site-packages/streamlit/runtime/metrics_util.py", line 233, in __init__
    uuid.uuid5(uuid.NAMESPACE_DNS, _get_machine_id_v3())
                                   ^^^^^^^^^^^^^^^^^^^^
  File "/usr/local/lib/python3.12/site-packages/streamlit/runtime/metrics_util.py", line 173, in _get_machine_id_v3
    machine_id = f.read()
                 ^^^^^^^^
  File "<frozen codecs>", line 322, in decode
UnicodeDecodeError: 'utf-8' codec can't decode bytes in position 25-26: invalid continuation byte
Exception in callback AppSession._on_scriptrunner_event.<locals>.<lambda>() at /usr/local/lib/python3.12/site-packages/streamlit/runtime/app_session.py:519
handle: <Handle AppSession._on_scriptrunner_event.<locals>.<lambda>() at /usr/local/lib/python3.12/site-packages/streamlit/runtime/app_session.py:519>
Traceback (most recent call last):
  File "/usr/local/lib/python3.12/asyncio/events.py", line 88, in _run
    self._context.run(self._callback, *self._args)
  File "/usr/local/lib/python3.12/site-packages/streamlit/runtime/app_session.py", line 519, in <lambda>
    lambda: self._handle_scriptrunner_event_on_event_loop(
            ^^^^^^^^^^^^^^^^^^^^^^^^^^^^^^^^^^^^^^^^^^^^^^
  File "/usr/local/lib/python3.12/site-packages/streamlit/runtime/app_session.py", line 616, in _handle_scriptrunner_event_on_event_loop
    msg = self._create_new_session_message(
          ^^^^^^^^^^^^^^^^^^^^^^^^^^^^^^^^^
  File "/usr/local/lib/python3.12/site-packages/streamlit/runtime/app_session.py", line 750, in _create_new_session_message
    _populate_user_info_msg(imsg.user_info)
  File "/usr/local/lib/python3.12/site-packages/streamlit/runtime/app_session.py", line 1154, in _populate_user_info_msg
    inst = Installation.instance()
           ^^^^^^^^^^^^^^^^^^^^^^^
  File "/usr/local/lib/python3.12/site-packages/streamlit/runtime/metrics_util.py", line 228, in instance
    cls._instance = Installation()
                    ^^^^^^^^^^^^^^
  File "/usr/local/lib/python3.12/site-packages/streamlit/runtime/metrics_util.py", line 233, in __init__
    uuid.uuid5(uuid.NAMESPACE_DNS, _get_machine_id_v3())
                                   ^^^^^^^^^^^^^^^^^^^^
  File "/usr/local/lib/python3.12/site-packages/streamlit/runtime/metrics_util.py", line 173, in _get_machine_id_v3
    machine_id = f.read()
                 ^^^^^^^^
  File "<frozen codecs>", line 322, in decode
UnicodeDecodeError: 'utf-8' codec can't decode bytes in position 25-26: invalid continuation byte
Exception in callback AppSession._on_scriptrunner_event.<locals>.<lambda>() at /usr/local/lib/python3.12/site-packages/streamlit/runtime/app_session.py:519
handle: <Handle AppSession._on_scriptrunner_event.<locals>.<lambda>() at /usr/local/lib/python3.12/site-packages/streamlit/runtime/app_session.py:519>
Traceback (most recent call last):
  File "/usr/local/lib/python3.12/asyncio/events.py", line 88, in _run
    self._context.run(self._callback, *self._args)
  File "/usr/local/lib/python3.12/site-packages/streamlit/runtime/app_session.py", line 519, in <lambda>
    lambda: self._handle_scriptrunner_event_on_event_loop(
            ^^^^^^^^^^^^^^^^^^^^^^^^^^^^^^^^^^^^^^^^^^^^^^
  File "/usr/local/lib/python3.12/site-packages/streamlit/runtime/app_session.py", line 616, in _handle_scriptrunner_event_on_event_loop
    msg = self._create_new_session_message(
          ^^^^^^^^^^^^^^^^^^^^^^^^^^^^^^^^^
  File "/usr/local/lib/python3.12/site-packages/streamlit/runtime/app_session.py", line 750, in _create_new_session_message
    _populate_user_info_msg(imsg.user_info)
  File "/usr/local/lib/python3.12/site-packages/streamlit/runtime/app_session.py", line 1154, in _populate_user_info_msg
    inst = Installation.instance()
           ^^^^^^^^^^^^^^^^^^^^^^^
  File "/usr/local/lib/python3.12/site-packages/streamlit/runtime/metrics_util.py", line 228, in instance
    cls._instance = Installation()
                    ^^^^^^^^^^^^^^
  File "/usr/local/lib/python3.12/site-packages/streamlit/runtime/metrics_util.py", line 233, in __init__
    uuid.uuid5(uuid.NAMESPACE_DNS, _get_machine_id_v3())
                                   ^^^^^^^^^^^^^^^^^^^^
  File "/usr/local/lib/python3.12/site-packages/streamlit/runtime/metrics_util.py", line 173, in _get_machine_id_v3
    machine_id = f.read()
                 ^^^^^^^^
  File "<frozen codecs>", line 322, in decode
UnicodeDecodeError: 'utf-8' codec can't decode bytes in position 25-26: invalid continuation byte
Exception in callback AppSession._on_scriptrunner_event.<locals>.<lambda>() at /usr/local/lib/python3.12/site-packages/streamlit/runtime/app_session.py:519
handle: <Handle AppSession._on_scriptrunner_event.<locals>.<lambda>() at /usr/local/lib/python3.12/site-packages/streamlit/runtime/app_session.py:519>
Traceback (most recent call last):
  File "/usr/local/lib/python3.12/asyncio/events.py", line 88, in _run
    self._context.run(self._callback, *self._args)
  File "/usr/local/lib/python3.12/site-packages/streamlit/runtime/app_session.py", line 519, in <lambda>
    lambda: self._handle_scriptrunner_event_on_event_loop(
            ^^^^^^^^^^^^^^^^^^^^^^^^^^^^^^^^^^^^^^^^^^^^^^
  File "/usr/local/lib/python3.12/site-packages/streamlit/runtime/app_session.py", line 616, in _handle_scriptrunner_event_on_event_loop
    msg = self._create_new_session_message(
          ^^^^^^^^^^^^^^^^^^^^^^^^^^^^^^^^^
  File "/usr/local/lib/python3.12/site-packages/streamlit/runtime/app_session.py", line 750, in _create_new_session_message
    _populate_user_info_msg(imsg.user_info)
  File "/usr/local/lib/python3.12/site-packages/streamlit/runtime/app_session.py", line 1154, in _populate_user_info_msg
    inst = Installation.instance()
           ^^^^^^^^^^^^^^^^^^^^^^^
  File "/usr/local/lib/python3.12/site-packages/streamlit/runtime/metrics_util.py", line 228, in instance
    cls._instance = Installation()
                    ^^^^^^^^^^^^^^
  File "/usr/local/lib/python3.12/site-packages/streamlit/runtime/metrics_util.py", line 233, in __init__
    uuid.uuid5(uuid.NAMESPACE_DNS, _get_machine_id_v3())
                                   ^^^^^^^^^^^^^^^^^^^^
  File "/usr/local/lib/python3.12/site-packages/streamlit/runtime/metrics_util.py", line 173, in _get_machine_id_v3
    machine_id = f.read()
                 ^^^^^^^^
  File "<frozen codecs>", line 322, in decode
UnicodeDecodeError: 'utf-8' codec can't decode bytes in position 25-26: invalid continuation byte
Exception in callback AppSession._on_scriptrunner_event.<locals>.<lambda>() at /usr/local/lib/python3.12/site-packages/streamlit/runtime/app_session.py:519
handle: <Handle AppSession._on_scriptrunner_event.<locals>.<lambda>() at /usr/local/lib/python3.12/site-packages/streamlit/runtime/app_session.py:519>
Traceback (most recent call last):
  File "/usr/local/lib/python3.12/asyncio/events.py", line 88, in _run
    self._context.run(self._callback, *self._args)
  File "/usr/local/lib/python3.12/site-packages/streamlit/runtime/app_session.py", line 519, in <lambda>
    lambda: self._handle_scriptrunner_event_on_event_loop(
            ^^^^^^^^^^^^^^^^^^^^^^^^^^^^^^^^^^^^^^^^^^^^^^
  File "/usr/local/lib/python3.12/site-packages/streamlit/runtime/app_session.py", line 616, in _handle_scriptrunner_event_on_event_loop
    msg = self._create_new_session_message(
          ^^^^^^^^^^^^^^^^^^^^^^^^^^^^^^^^^
  File "/usr/local/lib/python3.12/site-packages/streamlit/runtime/app_session.py", line 750, in _create_new_session_message
    _populate_user_info_msg(imsg.user_info)
  File "/usr/local/lib/python3.12/site-packages/streamlit/runtime/app_session.py", line 1154, in _populate_user_info_msg
    inst = Installation.instance()
           ^^^^^^^^^^^^^^^^^^^^^^^
  File "/usr/local/lib/python3.12/site-packages/streamlit/runtime/metrics_util.py", line 228, in instance
    cls._instance = Installation()
                    ^^^^^^^^^^^^^^
  File "/usr/local/lib/python3.12/site-packages/streamlit/runtime/metrics_util.py", line 233, in __init__
    uuid.uuid5(uuid.NAMESPACE_DNS, _get_machine_id_v3())
                                   ^^^^^^^^^^^^^^^^^^^^
  File "/usr/local/lib/python3.12/site-packages/streamlit/runtime/metrics_util.py", line 173, in _get_machine_id_v3
    machine_id = f.read()
                 ^^^^^^^^
  File "<frozen codecs>", line 322, in decode
UnicodeDecodeError: 'utf-8' codec can't decode bytes in position 25-26: invalid continuation byte
Exception in callback AppSession._on_scriptrunner_event.<locals>.<lambda>() at /usr/local/lib/python3.12/site-packages/streamlit/runtime/app_session.py:519
handle: <Handle AppSession._on_scriptrunner_event.<locals>.<lambda>() at /usr/local/lib/python3.12/site-packages/streamlit/runtime/app_session.py:519>
Traceback (most recent call last):
  File "/usr/local/lib/python3.12/asyncio/events.py", line 88, in _run
    self._context.run(self._callback, *self._args)
  File "/usr/local/lib/python3.12/site-packages/streamlit/runtime/app_session.py", line 519, in <lambda>
    lambda: self._handle_scriptrunner_event_on_event_loop(
            ^^^^^^^^^^^^^^^^^^^^^^^^^^^^^^^^^^^^^^^^^^^^^^
  File "/usr/local/lib/python3.12/site-packages/streamlit/runtime/app_session.py", line 616, in _handle_scriptrunner_event_on_event_loop
    msg = self._create_new_session_message(
          ^^^^^^^^^^^^^^^^^^^^^^^^^^^^^^^^^
  File "/usr/local/lib/python3.12/site-packages/streamlit/runtime/app_session.py", line 750, in _create_new_session_message
    _populate_user_info_msg(imsg.user_info)
  File "/usr/local/lib/python3.12/site-packages/streamlit/runtime/app_session.py", line 1154, in _populate_user_info_msg
    inst = Installation.instance()
           ^^^^^^^^^^^^^^^^^^^^^^^
  File "/usr/local/lib/python3.12/site-packages/streamlit/runtime/metrics_util.py", line 228, in instance
    cls._instance = Installation()
                    ^^^^^^^^^^^^^^
  File "/usr/local/lib/python3.12/site-packages/streamlit/runtime/metrics_util.py", line 233, in __init__
    uuid.uuid5(uuid.NAMESPACE_DNS, _get_machine_id_v3())
                                   ^^^^^^^^^^^^^^^^^^^^
  File "/usr/local/lib/python3.12/site-packages/streamlit/runtime/metrics_util.py", line 173, in _get_machine_id_v3
    machine_id = f.read()
                 ^^^^^^^^
  File "<frozen codecs>", line 322, in decode
UnicodeDecodeError: 'utf-8' codec can't decode bytes in position 25-26: invalid continuation byte
Exception in callback AppSession._on_scriptrunner_event.<locals>.<lambda>() at /usr/local/lib/python3.12/site-packages/streamlit/runtime/app_session.py:519
handle: <Handle AppSession._on_scriptrunner_event.<locals>.<lambda>() at /usr/local/lib/python3.12/site-packages/streamlit/runtime/app_session.py:519>
Traceback (most recent call last):
  File "/usr/local/lib/python3.12/asyncio/events.py", line 88, in _run
    self._context.run(self._callback, *self._args)
  File "/usr/local/lib/python3.12/site-packages/streamlit/runtime/app_session.py", line 519, in <lambda>
    lambda: self._handle_scriptrunner_event_on_event_loop(
            ^^^^^^^^^^^^^^^^^^^^^^^^^^^^^^^^^^^^^^^^^^^^^^
  File "/usr/local/lib/python3.12/site-packages/streamlit/runtime/app_session.py", line 616, in _handle_scriptrunner_event_on_event_loop
    msg = self._create_new_session_message(
          ^^^^^^^^^^^^^^^^^^^^^^^^^^^^^^^^^
  File "/usr/local/lib/python3.12/site-packages/streamlit/runtime/app_session.py", line 750, in _create_new_session_message
    _populate_user_info_msg(imsg.user_info)
  File "/usr/local/lib/python3.12/site-packages/streamlit/runtime/app_session.py", line 1154, in _populate_user_info_msg
    inst = Installation.instance()
           ^^^^^^^^^^^^^^^^^^^^^^^
  File "/usr/local/lib/python3.12/site-packages/streamlit/runtime/metrics_util.py", line 228, in instance
    cls._instance = Installation()
                    ^^^^^^^^^^^^^^
  File "/usr/local/lib/python3.12/site-packages/streamlit/runtime/metrics_util.py", line 233, in __init__
    uuid.uuid5(uuid.NAMESPACE_DNS, _get_machine_id_v3())
                                   ^^^^^^^^^^^^^^^^^^^^
  File "/usr/local/lib/python3.12/site-packages/streamlit/runtime/metrics_util.py", line 173, in _get_machine_id_v3
    machine_id = f.read()
                 ^^^^^^^^
  File "<frozen codecs>", line 322, in decode
UnicodeDecodeError: 'utf-8' codec can't decode bytes in position 25-26: invalid continuation byte
Exception in callback AppSession._on_scriptrunner_event.<locals>.<lambda>() at /usr/local/lib/python3.12/site-packages/streamlit/runtime/app_session.py:519
handle: <Handle AppSession._on_scriptrunner_event.<locals>.<lambda>() at /usr/local/lib/python3.12/site-packages/streamlit/runtime/app_session.py:519>
Traceback (most recent call last):
  File "/usr/local/lib/python3.12/asyncio/events.py", line 88, in _run
    self._context.run(self._callback, *self._args)
  File "/usr/local/lib/python3.12/site-packages/streamlit/runtime/app_session.py", line 519, in <lambda>
    lambda: self._handle_scriptrunner_event_on_event_loop(
            ^^^^^^^^^^^^^^^^^^^^^^^^^^^^^^^^^^^^^^^^^^^^^^
  File "/usr/local/lib/python3.12/site-packages/streamlit/runtime/app_session.py", line 616, in _handle_scriptrunner_event_on_event_loop
    msg = self._create_new_session_message(
          ^^^^^^^^^^^^^^^^^^^^^^^^^^^^^^^^^
  File "/usr/local/lib/python3.12/site-packages/streamlit/runtime/app_session.py", line 750, in _create_new_session_message
    _populate_user_info_msg(imsg.user_info)
  File "/usr/local/lib/python3.12/site-packages/streamlit/runtime/app_session.py", line 1154, in _populate_user_info_msg
    inst = Installation.instance()
           ^^^^^^^^^^^^^^^^^^^^^^^
  File "/usr/local/lib/python3.12/site-packages/streamlit/runtime/metrics_util.py", line 228, in instance
    cls._instance = Installation()
                    ^^^^^^^^^^^^^^
  File "/usr/local/lib/python3.12/site-packages/streamlit/runtime/metrics_util.py", line 233, in __init__
    uuid.uuid5(uuid.NAMESPACE_DNS, _get_machine_id_v3())
                                   ^^^^^^^^^^^^^^^^^^^^
  File "/usr/local/lib/python3.12/site-packages/streamlit/runtime/metrics_util.py", line 173, in _get_machine_id_v3
    machine_id = f.read()
                 ^^^^^^^^
  File "<frozen codecs>", line 322, in decode
UnicodeDecodeError: 'utf-8' codec can't decode bytes in position 25-26: invalid continuation byte
Exception in callback AppSession._on_scriptrunner_event.<locals>.<lambda>() at /usr/local/lib/python3.12/site-packages/streamlit/runtime/app_session.py:519
handle: <Handle AppSession._on_scriptrunner_event.<locals>.<lambda>() at /usr/local/lib/python3.12/site-packages/streamlit/runtime/app_session.py:519>
Traceback (most recent call last):
  File "/usr/local/lib/python3.12/asyncio/events.py", line 88, in _run
    self._context.run(self._callback, *self._args)
  File "/usr/local/lib/python3.12/site-packages/streamlit/runtime/app_session.py", line 519, in <lambda>
    lambda: self._handle_scriptrunner_event_on_event_loop(
            ^^^^^^^^^^^^^^^^^^^^^^^^^^^^^^^^^^^^^^^^^^^^^^
  File "/usr/local/lib/python3.12/site-packages/streamlit/runtime/app_session.py", line 616, in _handle_scriptrunner_event_on_event_loop
    msg = self._create_new_session_message(
          ^^^^^^^^^^^^^^^^^^^^^^^^^^^^^^^^^
  File "/usr/local/lib/python3.12/site-packages/streamlit/runtime/app_session.py", line 750, in _create_new_session_message
    _populate_user_info_msg(imsg.user_info)
  File "/usr/local/lib/python3.12/site-packages/streamlit/runtime/app_session.py", line 1154, in _populate_user_info_msg
    inst = Installation.instance()
           ^^^^^^^^^^^^^^^^^^^^^^^
  File "/usr/local/lib/python3.12/site-packages/streamlit/runtime/metrics_util.py", line 228, in instance
    cls._instance = Installation()
                    ^^^^^^^^^^^^^^
  File "/usr/local/lib/python3.12/site-packages/streamlit/runtime/metrics_util.py", line 233, in __init__
    uuid.uuid5(uuid.NAMESPACE_DNS, _get_machine_id_v3())
                                   ^^^^^^^^^^^^^^^^^^^^
  File "/usr/local/lib/python3.12/site-packages/streamlit/runtime/metrics_util.py", line 173, in _get_machine_id_v3
    machine_id = f.read()
                 ^^^^^^^^
  File "<frozen codecs>", line 322, in decode
UnicodeDecodeError: 'utf-8' codec can't decode bytes in position 25-26: invalid continuation byte
Exception in callback AppSession._on_scriptrunner_event.<locals>.<lambda>() at /usr/local/lib/python3.12/site-packages/streamlit/runtime/app_session.py:519
handle: <Handle AppSession._on_scriptrunner_event.<locals>.<lambda>() at /usr/local/lib/python3.12/site-packages/streamlit/runtime/app_session.py:519>
Traceback (most recent call last):
  File "/usr/local/lib/python3.12/asyncio/events.py", line 88, in _run
    self._context.run(self._callback, *self._args)
  File "/usr/local/lib/python3.12/site-packages/streamlit/runtime/app_session.py", line 519, in <lambda>
    lambda: self._handle_scriptrunner_event_on_event_loop(
            ^^^^^^^^^^^^^^^^^^^^^^^^^^^^^^^^^^^^^^^^^^^^^^
  File "/usr/local/lib/python3.12/site-packages/streamlit/runtime/app_session.py", line 616, in _handle_scriptrunner_event_on_event_loop
    msg = self._create_new_session_message(
          ^^^^^^^^^^^^^^^^^^^^^^^^^^^^^^^^^
  File "/usr/local/lib/python3.12/site-packages/streamlit/runtime/app_session.py", line 750, in _create_new_session_message
    _populate_user_info_msg(imsg.user_info)
  File "/usr/local/lib/python3.12/site-packages/streamlit/runtime/app_session.py", line 1154, in _populate_user_info_msg
    inst = Installation.instance()
           ^^^^^^^^^^^^^^^^^^^^^^^
  File "/usr/local/lib/python3.12/site-packages/streamlit/runtime/metrics_util.py", line 228, in instance
    cls._instance = Installation()
                    ^^^^^^^^^^^^^^
  File "/usr/local/lib/python3.12/site-packages/streamlit/runtime/metrics_util.py", line 233, in __init__
    uuid.uuid5(uuid.NAMESPACE_DNS, _get_machine_id_v3())
                                   ^^^^^^^^^^^^^^^^^^^^
  File "/usr/local/lib/python3.12/site-packages/streamlit/runtime/metrics_util.py", line 173, in _get_machine_id_v3
    machine_id = f.read()
                 ^^^^^^^^
  File "<frozen codecs>", line 322, in decode
UnicodeDecodeError: 'utf-8' codec can't decode bytes in position 25-26: invalid continuation byte
Exception in callback AppSession._on_scriptrunner_event.<locals>.<lambda>() at /usr/local/lib/python3.12/site-packages/streamlit/runtime/app_session.py:519
handle: <Handle AppSession._on_scriptrunner_event.<locals>.<lambda>() at /usr/local/lib/python3.12/site-packages/streamlit/runtime/app_session.py:519>
Traceback (most recent call last):
  File "/usr/local/lib/python3.12/asyncio/events.py", line 88, in _run
    self._context.run(self._callback, *self._args)
  File "/usr/local/lib/python3.12/site-packages/streamlit/runtime/app_session.py", line 519, in <lambda>
    lambda: self._handle_scriptrunner_event_on_event_loop(
            ^^^^^^^^^^^^^^^^^^^^^^^^^^^^^^^^^^^^^^^^^^^^^^
  File "/usr/local/lib/python3.12/site-packages/streamlit/runtime/app_session.py", line 616, in _handle_scriptrunner_event_on_event_loop
    msg = self._create_new_session_message(
          ^^^^^^^^^^^^^^^^^^^^^^^^^^^^^^^^^
  File "/usr/local/lib/python3.12/site-packages/streamlit/runtime/app_session.py", line 750, in _create_new_session_message
    _populate_user_info_msg(imsg.user_info)
  File "/usr/local/lib/python3.12/site-packages/streamlit/runtime/app_session.py", line 1154, in _populate_user_info_msg
    inst = Installation.instance()
           ^^^^^^^^^^^^^^^^^^^^^^^
  File "/usr/local/lib/python3.12/site-packages/streamlit/runtime/metrics_util.py", line 228, in instance
    cls._instance = Installation()
                    ^^^^^^^^^^^^^^
  File "/usr/local/lib/python3.12/site-packages/streamlit/runtime/metrics_util.py", line 233, in __init__
    uuid.uuid5(uuid.NAMESPACE_DNS, _get_machine_id_v3())
                                   ^^^^^^^^^^^^^^^^^^^^
  File "/usr/local/lib/python3.12/site-packages/streamlit/runtime/metrics_util.py", line 173, in _get_machine_id_v3
    machine_id = f.read()
                 ^^^^^^^^
  File "<frozen codecs>", line 322, in decode
UnicodeDecodeError: 'utf-8' codec can't decode bytes in position 25-26: invalid continuation byte
Exception in callback AppSession._on_scriptrunner_event.<locals>.<lambda>() at /usr/local/lib/python3.12/site-packages/streamlit/runtime/app_session.py:519
handle: <Handle AppSession._on_scriptrunner_event.<locals>.<lambda>() at /usr/local/lib/python3.12/site-packages/streamlit/runtime/app_session.py:519>
Traceback (most recent call last):
  File "/usr/local/lib/python3.12/asyncio/events.py", line 88, in _run
    self._context.run(self._callback, *self._args)
  File "/usr/local/lib/python3.12/site-packages/streamlit/runtime/app_session.py", line 519, in <lambda>
    lambda: self._handle_scriptrunner_event_on_event_loop(
            ^^^^^^^^^^^^^^^^^^^^^^^^^^^^^^^^^^^^^^^^^^^^^^
  File "/usr/local/lib/python3.12/site-packages/streamlit/runtime/app_session.py", line 616, in _handle_scriptrunner_event_on_event_loop
    msg = self._create_new_session_message(
          ^^^^^^^^^^^^^^^^^^^^^^^^^^^^^^^^^
  File "/usr/local/lib/python3.12/site-packages/streamlit/runtime/app_session.py", line 750, in _create_new_session_message
    _populate_user_info_msg(imsg.user_info)
  File "/usr/local/lib/python3.12/site-packages/streamlit/runtime/app_session.py", line 1154, in _populate_user_info_msg
    inst = Installation.instance()
           ^^^^^^^^^^^^^^^^^^^^^^^
  File "/usr/local/lib/python3.12/site-packages/streamlit/runtime/metrics_util.py", line 228, in instance
    cls._instance = Installation()
                    ^^^^^^^^^^^^^^
  File "/usr/local/lib/python3.12/site-packages/streamlit/runtime/metrics_util.py", line 233, in __init__
    uuid.uuid5(uuid.NAMESPACE_DNS, _get_machine_id_v3())
                                   ^^^^^^^^^^^^^^^^^^^^
  File "/usr/local/lib/python3.12/site-packages/streamlit/runtime/metrics_util.py", line 173, in _get_machine_id_v3
    machine_id = f.read()
                 ^^^^^^^^
  File "<frozen codecs>", line 322, in decode
UnicodeDecodeError: 'utf-8' codec can't decode bytes in position 25-26: invalid continuation byte
Exception in callback AppSession._on_scriptrunner_event.<locals>.<lambda>() at /usr/local/lib/python3.12/site-packages/streamlit/runtime/app_session.py:519
handle: <Handle AppSession._on_scriptrunner_event.<locals>.<lambda>() at /usr/local/lib/python3.12/site-packages/streamlit/runtime/app_session.py:519>
Traceback (most recent call last):
  File "/usr/local/lib/python3.12/asyncio/events.py", line 88, in _run
    self._context.run(self._callback, *self._args)
  File "/usr/local/lib/python3.12/site-packages/streamlit/runtime/app_session.py", line 519, in <lambda>
    lambda: self._handle_scriptrunner_event_on_event_loop(
            ^^^^^^^^^^^^^^^^^^^^^^^^^^^^^^^^^^^^^^^^^^^^^^
  File "/usr/local/lib/python3.12/site-packages/streamlit/runtime/app_session.py", line 616, in _handle_scriptrunner_event_on_event_loop
    msg = self._create_new_session_message(
          ^^^^^^^^^^^^^^^^^^^^^^^^^^^^^^^^^
  File "/usr/local/lib/python3.12/site-packages/streamlit/runtime/app_session.py", line 750, in _create_new_session_message
    _populate_user_info_msg(imsg.user_info)
  File "/usr/local/lib/python3.12/site-packages/streamlit/runtime/app_session.py", line 1154, in _populate_user_info_msg
    inst = Installation.instance()
           ^^^^^^^^^^^^^^^^^^^^^^^
  File "/usr/local/lib/python3.12/site-packages/streamlit/runtime/metrics_util.py", line 228, in instance
    cls._instance = Installation()
                    ^^^^^^^^^^^^^^
  File "/usr/local/lib/python3.12/site-packages/streamlit/runtime/metrics_util.py", line 233, in __init__
    uuid.uuid5(uuid.NAMESPACE_DNS, _get_machine_id_v3())
                                   ^^^^^^^^^^^^^^^^^^^^
  File "/usr/local/lib/python3.12/site-packages/streamlit/runtime/metrics_util.py", line 173, in _get_machine_id_v3
    machine_id = f.read()
                 ^^^^^^^^
  File "<frozen codecs>", line 322, in decode
UnicodeDecodeError: 'utf-8' codec can't decode bytes in position 25-26: invalid continuation byte
Exception in callback AppSession._on_scriptrunner_event.<locals>.<lambda>() at /usr/local/lib/python3.12/site-packages/streamlit/runtime/app_session.py:519
handle: <Handle AppSession._on_scriptrunner_event.<locals>.<lambda>() at /usr/local/lib/python3.12/site-packages/streamlit/runtime/app_session.py:519>
Traceback (most recent call last):
  File "/usr/local/lib/python3.12/asyncio/events.py", line 88, in _run
    self._context.run(self._callback, *self._args)
  File "/usr/local/lib/python3.12/site-packages/streamlit/runtime/app_session.py", line 519, in <lambda>
    lambda: self._handle_scriptrunner_event_on_event_loop(
            ^^^^^^^^^^^^^^^^^^^^^^^^^^^^^^^^^^^^^^^^^^^^^^
  File "/usr/local/lib/python3.12/site-packages/streamlit/runtime/app_session.py", line 616, in _handle_scriptrunner_event_on_event_loop
    msg = self._create_new_session_message(
          ^^^^^^^^^^^^^^^^^^^^^^^^^^^^^^^^^
  File "/usr/local/lib/python3.12/site-packages/streamlit/runtime/app_session.py", line 750, in _create_new_session_message
    _populate_user_info_msg(imsg.user_info)
  File "/usr/local/lib/python3.12/site-packages/streamlit/runtime/app_session.py", line 1154, in _populate_user_info_msg
    inst = Installation.instance()
           ^^^^^^^^^^^^^^^^^^^^^^^
  File "/usr/local/lib/python3.12/site-packages/streamlit/runtime/metrics_util.py", line 228, in instance
    cls._instance = Installation()
                    ^^^^^^^^^^^^^^
  File "/usr/local/lib/python3.12/site-packages/streamlit/runtime/metrics_util.py", line 233, in __init__
    uuid.uuid5(uuid.NAMESPACE_DNS, _get_machine_id_v3())
                                   ^^^^^^^^^^^^^^^^^^^^
  File "/usr/local/lib/python3.12/site-packages/streamlit/runtime/metrics_util.py", line 173, in _get_machine_id_v3
    machine_id = f.read()
                 ^^^^^^^^
  File "<frozen codecs>", line 322, in decode
UnicodeDecodeError: 'utf-8' codec can't decode bytes in position 25-26: invalid continuation byte
Exception in callback AppSession._on_scriptrunner_event.<locals>.<lambda>() at /usr/local/lib/python3.12/site-packages/streamlit/runtime/app_session.py:519
handle: <Handle AppSession._on_scriptrunner_event.<locals>.<lambda>() at /usr/local/lib/python3.12/site-packages/streamlit/runtime/app_session.py:519>
Traceback (most recent call last):
  File "/usr/local/lib/python3.12/asyncio/events.py", line 88, in _run
    self._context.run(self._callback, *self._args)
  File "/usr/local/lib/python3.12/site-packages/streamlit/runtime/app_session.py", line 519, in <lambda>
    lambda: self._handle_scriptrunner_event_on_event_loop(
            ^^^^^^^^^^^^^^^^^^^^^^^^^^^^^^^^^^^^^^^^^^^^^^
  File "/usr/local/lib/python3.12/site-packages/streamlit/runtime/app_session.py", line 616, in _handle_scriptrunner_event_on_event_loop
    msg = self._create_new_session_message(
          ^^^^^^^^^^^^^^^^^^^^^^^^^^^^^^^^^
  File "/usr/local/lib/python3.12/site-packages/streamlit/runtime/app_session.py", line 750, in _create_new_session_message
    _populate_user_info_msg(imsg.user_info)
  File "/usr/local/lib/python3.12/site-packages/streamlit/runtime/app_session.py", line 1154, in _populate_user_info_msg
    inst = Installation.instance()
           ^^^^^^^^^^^^^^^^^^^^^^^
  File "/usr/local/lib/python3.12/site-packages/streamlit/runtime/metrics_util.py", line 228, in instance
    cls._instance = Installation()
                    ^^^^^^^^^^^^^^
  File "/usr/local/lib/python3.12/site-packages/streamlit/runtime/metrics_util.py", line 233, in __init__
    uuid.uuid5(uuid.NAMESPACE_DNS, _get_machine_id_v3())
                                   ^^^^^^^^^^^^^^^^^^^^
  File "/usr/local/lib/python3.12/site-packages/streamlit/runtime/metrics_util.py", line 173, in _get_machine_id_v3
    machine_id = f.read()
                 ^^^^^^^^
  File "<frozen codecs>", line 322, in decode
UnicodeDecodeError: 'utf-8' codec can't decode bytes in position 25-26: invalid continuation byte
Exception in callback AppSession._on_scriptrunner_event.<locals>.<lambda>() at /usr/local/lib/python3.12/site-packages/streamlit/runtime/app_session.py:519
handle: <Handle AppSession._on_scriptrunner_event.<locals>.<lambda>() at /usr/local/lib/python3.12/site-packages/streamlit/runtime/app_session.py:519>
Traceback (most recent call last):
  File "/usr/local/lib/python3.12/asyncio/events.py", line 88, in _run
    self._context.run(self._callback, *self._args)
  File "/usr/local/lib/python3.12/site-packages/streamlit/runtime/app_session.py", line 519, in <lambda>
    lambda: self._handle_scriptrunner_event_on_event_loop(
            ^^^^^^^^^^^^^^^^^^^^^^^^^^^^^^^^^^^^^^^^^^^^^^
  File "/usr/local/lib/python3.12/site-packages/streamlit/runtime/app_session.py", line 616, in _handle_scriptrunner_event_on_event_loop
    msg = self._create_new_session_message(
          ^^^^^^^^^^^^^^^^^^^^^^^^^^^^^^^^^
  File "/usr/local/lib/python3.12/site-packages/streamlit/runtime/app_session.py", line 750, in _create_new_session_message
    _populate_user_info_msg(imsg.user_info)
  File "/usr/local/lib/python3.12/site-packages/streamlit/runtime/app_session.py", line 1154, in _populate_user_info_msg
    inst = Installation.instance()
           ^^^^^^^^^^^^^^^^^^^^^^^
  File "/usr/local/lib/python3.12/site-packages/streamlit/runtime/metrics_util.py", line 228, in instance
    cls._instance = Installation()
                    ^^^^^^^^^^^^^^
  File "/usr/local/lib/python3.12/site-packages/streamlit/runtime/metrics_util.py", line 233, in __init__
    uuid.uuid5(uuid.NAMESPACE_DNS, _get_machine_id_v3())
                                   ^^^^^^^^^^^^^^^^^^^^
  File "/usr/local/lib/python3.12/site-packages/streamlit/runtime/metrics_util.py", line 173, in _get_machine_id_v3
    machine_id = f.read()
                 ^^^^^^^^
  File "<frozen codecs>", line 322, in decode
UnicodeDecodeError: 'utf-8' codec can't decode bytes in position 25-26: invalid continuation byte
Exception in callback AppSession._on_scriptrunner_event.<locals>.<lambda>() at /usr/local/lib/python3.12/site-packages/streamlit/runtime/app_session.py:519
handle: <Handle AppSession._on_scriptrunner_event.<locals>.<lambda>() at /usr/local/lib/python3.12/site-packages/streamlit/runtime/app_session.py:519>
Traceback (most recent call last):
  File "/usr/local/lib/python3.12/asyncio/events.py", line 88, in _run
    self._context.run(self._callback, *self._args)
  File "/usr/local/lib/python3.12/site-packages/streamlit/runtime/app_session.py", line 519, in <lambda>
    lambda: self._handle_scriptrunner_event_on_event_loop(
            ^^^^^^^^^^^^^^^^^^^^^^^^^^^^^^^^^^^^^^^^^^^^^^
  File "/usr/local/lib/python3.12/site-packages/streamlit/runtime/app_session.py", line 616, in _handle_scriptrunner_event_on_event_loop
    msg = self._create_new_session_message(
          ^^^^^^^^^^^^^^^^^^^^^^^^^^^^^^^^^
  File "/usr/local/lib/python3.12/site-packages/streamlit/runtime/app_session.py", line 750, in _create_new_session_message
    _populate_user_info_msg(imsg.user_info)
  File "/usr/local/lib/python3.12/site-packages/streamlit/runtime/app_session.py", line 1154, in _populate_user_info_msg
    inst = Installation.instance()
           ^^^^^^^^^^^^^^^^^^^^^^^
  File "/usr/local/lib/python3.12/site-packages/streamlit/runtime/metrics_util.py", line 228, in instance
    cls._instance = Installation()
                    ^^^^^^^^^^^^^^
  File "/usr/local/lib/python3.12/site-packages/streamlit/runtime/metrics_util.py", line 233, in __init__
    uuid.uuid5(uuid.NAMESPACE_DNS, _get_machine_id_v3())
                                   ^^^^^^^^^^^^^^^^^^^^
  File "/usr/local/lib/python3.12/site-packages/streamlit/runtime/metrics_util.py", line 173, in _get_machine_id_v3
    machine_id = f.read()
                 ^^^^^^^^
  File "<frozen codecs>", line 322, in decode
UnicodeDecodeError: 'utf-8' codec can't decode bytes in position 25-26: invalid continuation byte
Exception in callback AppSession._on_scriptrunner_event.<locals>.<lambda>() at /usr/local/lib/python3.12/site-packages/streamlit/runtime/app_session.py:519
handle: <Handle AppSession._on_scriptrunner_event.<locals>.<lambda>() at /usr/local/lib/python3.12/site-packages/streamlit/runtime/app_session.py:519>
Traceback (most recent call last):
  File "/usr/local/lib/python3.12/asyncio/events.py", line 88, in _run
    self._context.run(self._callback, *self._args)
  File "/usr/local/lib/python3.12/site-packages/streamlit/runtime/app_session.py", line 519, in <lambda>
    lambda: self._handle_scriptrunner_event_on_event_loop(
            ^^^^^^^^^^^^^^^^^^^^^^^^^^^^^^^^^^^^^^^^^^^^^^
  File "/usr/local/lib/python3.12/site-packages/streamlit/runtime/app_session.py", line 616, in _handle_scriptrunner_event_on_event_loop
    msg = self._create_new_session_message(
          ^^^^^^^^^^^^^^^^^^^^^^^^^^^^^^^^^
  File "/usr/local/lib/python3.12/site-packages/streamlit/runtime/app_session.py", line 750, in _create_new_session_message
    _populate_user_info_msg(imsg.user_info)
  File "/usr/local/lib/python3.12/site-packages/streamlit/runtime/app_session.py", line 1154, in _populate_user_info_msg
    inst = Installation.instance()
           ^^^^^^^^^^^^^^^^^^^^^^^
  File "/usr/local/lib/python3.12/site-packages/streamlit/runtime/metrics_util.py", line 228, in instance
    cls._instance = Installation()
                    ^^^^^^^^^^^^^^
  File "/usr/local/lib/python3.12/site-packages/streamlit/runtime/metrics_util.py", line 233, in __init__
    uuid.uuid5(uuid.NAMESPACE_DNS, _get_machine_id_v3())
                                   ^^^^^^^^^^^^^^^^^^^^
  File "/usr/local/lib/python3.12/site-packages/streamlit/runtime/metrics_util.py", line 173, in _get_machine_id_v3
    machine_id = f.read()
                 ^^^^^^^^
  File "<frozen codecs>", line 322, in decode
UnicodeDecodeError: 'utf-8' codec can't decode bytes in position 25-26: invalid continuation byte
Exception in callback AppSession._on_scriptrunner_event.<locals>.<lambda>() at /usr/local/lib/python3.12/site-packages/streamlit/runtime/app_session.py:519
handle: <Handle AppSession._on_scriptrunner_event.<locals>.<lambda>() at /usr/local/lib/python3.12/site-packages/streamlit/runtime/app_session.py:519>
Traceback (most recent call last):
  File "/usr/local/lib/python3.12/asyncio/events.py", line 88, in _run
    self._context.run(self._callback, *self._args)
  File "/usr/local/lib/python3.12/site-packages/streamlit/runtime/app_session.py", line 519, in <lambda>
    lambda: self._handle_scriptrunner_event_on_event_loop(
            ^^^^^^^^^^^^^^^^^^^^^^^^^^^^^^^^^^^^^^^^^^^^^^
  File "/usr/local/lib/python3.12/site-packages/streamlit/runtime/app_session.py", line 616, in _handle_scriptrunner_event_on_event_loop
    msg = self._create_new_session_message(
          ^^^^^^^^^^^^^^^^^^^^^^^^^^^^^^^^^
  File "/usr/local/lib/python3.12/site-packages/streamlit/runtime/app_session.py", line 750, in _create_new_session_message
    _populate_user_info_msg(imsg.user_info)
  File "/usr/local/lib/python3.12/site-packages/streamlit/runtime/app_session.py", line 1154, in _populate_user_info_msg
    inst = Installation.instance()
           ^^^^^^^^^^^^^^^^^^^^^^^
  File "/usr/local/lib/python3.12/site-packages/streamlit/runtime/metrics_util.py", line 228, in instance
    cls._instance = Installation()
                    ^^^^^^^^^^^^^^
  File "/usr/local/lib/python3.12/site-packages/streamlit/runtime/metrics_util.py", line 233, in __init__
    uuid.uuid5(uuid.NAMESPACE_DNS, _get_machine_id_v3())
                                   ^^^^^^^^^^^^^^^^^^^^
  File "/usr/local/lib/python3.12/site-packages/streamlit/runtime/metrics_util.py", line 173, in _get_machine_id_v3
    machine_id = f.read()
                 ^^^^^^^^
  File "<frozen codecs>", line 322, in decode
UnicodeDecodeError: 'utf-8' codec can't decode bytes in position 25-26: invalid continuation byte
Exception in callback AppSession._on_scriptrunner_event.<locals>.<lambda>() at /usr/local/lib/python3.12/site-packages/streamlit/runtime/app_session.py:519
handle: <Handle AppSession._on_scriptrunner_event.<locals>.<lambda>() at /usr/local/lib/python3.12/site-packages/streamlit/runtime/app_session.py:519>
Traceback (most recent call last):
  File "/usr/local/lib/python3.12/asyncio/events.py", line 88, in _run
    self._context.run(self._callback, *self._args)
  File "/usr/local/lib/python3.12/site-packages/streamlit/runtime/app_session.py", line 519, in <lambda>
    lambda: self._handle_scriptrunner_event_on_event_loop(
            ^^^^^^^^^^^^^^^^^^^^^^^^^^^^^^^^^^^^^^^^^^^^^^
  File "/usr/local/lib/python3.12/site-packages/streamlit/runtime/app_session.py", line 616, in _handle_scriptrunner_event_on_event_loop
    msg = self._create_new_session_message(
          ^^^^^^^^^^^^^^^^^^^^^^^^^^^^^^^^^
  File "/usr/local/lib/python3.12/site-packages/streamlit/runtime/app_session.py", line 750, in _create_new_session_message
    _populate_user_info_msg(imsg.user_info)
  File "/usr/local/lib/python3.12/site-packages/streamlit/runtime/app_session.py", line 1154, in _populate_user_info_msg
    inst = Installation.instance()
           ^^^^^^^^^^^^^^^^^^^^^^^
  File "/usr/local/lib/python3.12/site-packages/streamlit/runtime/metrics_util.py", line 228, in instance
    cls._instance = Installation()
                    ^^^^^^^^^^^^^^
  File "/usr/local/lib/python3.12/site-packages/streamlit/runtime/metrics_util.py", line 233, in __init__
    uuid.uuid5(uuid.NAMESPACE_DNS, _get_machine_id_v3())
                                   ^^^^^^^^^^^^^^^^^^^^
  File "/usr/local/lib/python3.12/site-packages/streamlit/runtime/metrics_util.py", line 173, in _get_machine_id_v3
    machine_id = f.read()
                 ^^^^^^^^
  File "<frozen codecs>", line 322, in decode
UnicodeDecodeError: 'utf-8' codec can't decode bytes in position 25-26: invalid continuation byte
Exception in callback AppSession._on_scriptrunner_event.<locals>.<lambda>() at /usr/local/lib/python3.12/site-packages/streamlit/runtime/app_session.py:519
handle: <Handle AppSession._on_scriptrunner_event.<locals>.<lambda>() at /usr/local/lib/python3.12/site-packages/streamlit/runtime/app_session.py:519>
Traceback (most recent call last):
  File "/usr/local/lib/python3.12/asyncio/events.py", line 88, in _run
    self._context.run(self._callback, *self._args)
  File "/usr/local/lib/python3.12/site-packages/streamlit/runtime/app_session.py", line 519, in <lambda>
    lambda: self._handle_scriptrunner_event_on_event_loop(
            ^^^^^^^^^^^^^^^^^^^^^^^^^^^^^^^^^^^^^^^^^^^^^^
  File "/usr/local/lib/python3.12/site-packages/streamlit/runtime/app_session.py", line 616, in _handle_scriptrunner_event_on_event_loop
    msg = self._create_new_session_message(
          ^^^^^^^^^^^^^^^^^^^^^^^^^^^^^^^^^
  File "/usr/local/lib/python3.12/site-packages/streamlit/runtime/app_session.py", line 750, in _create_new_session_message
    _populate_user_info_msg(imsg.user_info)
  File "/usr/local/lib/python3.12/site-packages/streamlit/runtime/app_session.py", line 1154, in _populate_user_info_msg
    inst = Installation.instance()
           ^^^^^^^^^^^^^^^^^^^^^^^
  File "/usr/local/lib/python3.12/site-packages/streamlit/runtime/metrics_util.py", line 228, in instance
    cls._instance = Installation()
                    ^^^^^^^^^^^^^^
  File "/usr/local/lib/python3.12/site-packages/streamlit/runtime/metrics_util.py", line 233, in __init__
    uuid.uuid5(uuid.NAMESPACE_DNS, _get_machine_id_v3())
                                   ^^^^^^^^^^^^^^^^^^^^
  File "/usr/local/lib/python3.12/site-packages/streamlit/runtime/metrics_util.py", line 173, in _get_machine_id_v3
    machine_id = f.read()
                 ^^^^^^^^
  File "<frozen codecs>", line 322, in decode
UnicodeDecodeError: 'utf-8' codec can't decode bytes in position 25-26: invalid continuation byte
Exception in callback AppSession._on_scriptrunner_event.<locals>.<lambda>() at /usr/local/lib/python3.12/site-packages/streamlit/runtime/app_session.py:519
handle: <Handle AppSession._on_scriptrunner_event.<locals>.<lambda>() at /usr/local/lib/python3.12/site-packages/streamlit/runtime/app_session.py:519>
Traceback (most recent call last):
  File "/usr/local/lib/python3.12/asyncio/events.py", line 88, in _run
    self._context.run(self._callback, *self._args)
  File "/usr/local/lib/python3.12/site-packages/streamlit/runtime/app_session.py", line 519, in <lambda>
    lambda: self._handle_scriptrunner_event_on_event_loop(
            ^^^^^^^^^^^^^^^^^^^^^^^^^^^^^^^^^^^^^^^^^^^^^^
  File "/usr/local/lib/python3.12/site-packages/streamlit/runtime/app_session.py", line 616, in _handle_scriptrunner_event_on_event_loop
    msg = self._create_new_session_message(
          ^^^^^^^^^^^^^^^^^^^^^^^^^^^^^^^^^
  File "/usr/local/lib/python3.12/site-packages/streamlit/runtime/app_session.py", line 750, in _create_new_session_message
    _populate_user_info_msg(imsg.user_info)
  File "/usr/local/lib/python3.12/site-packages/streamlit/runtime/app_session.py", line 1154, in _populate_user_info_msg
    inst = Installation.instance()
           ^^^^^^^^^^^^^^^^^^^^^^^
  File "/usr/local/lib/python3.12/site-packages/streamlit/runtime/metrics_util.py", line 228, in instance
    cls._instance = Installation()
                    ^^^^^^^^^^^^^^
  File "/usr/local/lib/python3.12/site-packages/streamlit/runtime/metrics_util.py", line 233, in __init__
    uuid.uuid5(uuid.NAMESPACE_DNS, _get_machine_id_v3())
                                   ^^^^^^^^^^^^^^^^^^^^
  File "/usr/local/lib/python3.12/site-packages/streamlit/runtime/metrics_util.py", line 173, in _get_machine_id_v3
    machine_id = f.read()
                 ^^^^^^^^
  File "<frozen codecs>", line 322, in decode
UnicodeDecodeError: 'utf-8' codec can't decode bytes in position 25-26: invalid continuation byte
2025-09-12 16:08:39.714 200 GET / (10.12.249.24) 1.47ms
2025-09-12 16:08:39.755 200 GET /static/media/SourceSansVF-Upright.ttf.BsWL4Kly.woff2 (10.12.249.24) 1.99ms
2025-09-12 16:08:39.757 200 GET /static/css/index.C8X8rNzw.css (10.12.249.24) 3.69ms
2025-09-12 16:08:40.067 200 GET /static/js/index.CD8HuT3N.js (10.12.249.24) 308.61ms
2025-09-12 16:08:40.900 200 GET /_stcore/host-config (10.12.249.24) 0.74ms
2025-09-12 16:08:40.902 200 GET /_stcore/health (10.12.249.24) 1.05ms
2025-09-12 16:08:40.905 200 GET /favicon.png (10.12.249.24) 0.68ms
2025-09-12 16:08:40.949 101 GET /_stcore/stream (10.12.249.24) 0.75ms
Exception in callback AppSession._on_scriptrunner_event.<locals>.<lambda>() at /usr/local/lib/python3.12/site-packages/streamlit/runtime/app_session.py:519
handle: <Handle AppSession._on_scriptrunner_event.<locals>.<lambda>() at /usr/local/lib/python3.12/site-packages/streamlit/runtime/app_session.py:519>
Traceback (most recent call last):
  File "/usr/local/lib/python3.12/asyncio/events.py", line 88, in _run
    self._context.run(self._callback, *self._args)
  File "/usr/local/lib/python3.12/site-packages/streamlit/runtime/app_session.py", line 519, in <lambda>
    lambda: self._handle_scriptrunner_event_on_event_loop(
            ^^^^^^^^^^^^^^^^^^^^^^^^^^^^^^^^^^^^^^^^^^^^^^
  File "/usr/local/lib/python3.12/site-packages/streamlit/runtime/app_session.py", line 616, in _handle_scriptrunner_event_on_event_loop
    msg = self._create_new_session_message(
          ^^^^^^^^^^^^^^^^^^^^^^^^^^^^^^^^^
  File "/usr/local/lib/python3.12/site-packages/streamlit/runtime/app_session.py", line 750, in _create_new_session_message
    _populate_user_info_msg(imsg.user_info)
  File "/usr/local/lib/python3.12/site-packages/streamlit/runtime/app_session.py", line 1154, in _populate_user_info_msg
    inst = Installation.instance()
           ^^^^^^^^^^^^^^^^^^^^^^^
  File "/usr/local/lib/python3.12/site-packages/streamlit/runtime/metrics_util.py", line 228, in instance
    cls._instance = Installation()
                    ^^^^^^^^^^^^^^
  File "/usr/local/lib/python3.12/site-packages/streamlit/runtime/metrics_util.py", line 233, in __init__
    uuid.uuid5(uuid.NAMESPACE_DNS, _get_machine_id_v3())
                                   ^^^^^^^^^^^^^^^^^^^^
  File "/usr/local/lib/python3.12/site-packages/streamlit/runtime/metrics_util.py", line 173, in _get_machine_id_v3
    machine_id = f.read()
                 ^^^^^^^^
  File "<frozen codecs>", line 322, in decode
UnicodeDecodeError: 'utf-8' codec can't decode bytes in position 25-26: invalid continuation byte
2025-09-12 16:08:41.968 200 GET /static/media/SourceCodeVF-Upright.ttf.BjWn63N-.woff2 (10.12.249.24) 1.17ms
2025-09-12 16:09:36.861 304 GET / (10.12.249.24) 0.83ms
2025-09-12 16:09:37.718 304 GET /_stcore/health (10.12.249.24) 0.84ms
2025-09-12 16:09:37.727 304 GET /_stcore/host-config (10.12.249.24) 0.66ms
2025-09-12 16:09:38.084 101 GET /_stcore/stream (10.12.249.24) 0.94ms
Exception in callback AppSession._on_scriptrunner_event.<locals>.<lambda>() at /usr/local/lib/python3.12/site-packages/streamlit/runtime/app_session.py:519
handle: <Handle AppSession._on_scriptrunner_event.<locals>.<lambda>() at /usr/local/lib/python3.12/site-packages/streamlit/runtime/app_session.py:519>
Traceback (most recent call last):
  File "/usr/local/lib/python3.12/asyncio/events.py", line 88, in _run
    self._context.run(self._callback, *self._args)
  File "/usr/local/lib/python3.12/site-packages/streamlit/runtime/app_session.py", line 519, in <lambda>
    lambda: self._handle_scriptrunner_event_on_event_loop(
            ^^^^^^^^^^^^^^^^^^^^^^^^^^^^^^^^^^^^^^^^^^^^^^
  File "/usr/local/lib/python3.12/site-packages/streamlit/runtime/app_session.py", line 616, in _handle_scriptrunner_event_on_event_loop
    msg = self._create_new_session_message(
          ^^^^^^^^^^^^^^^^^^^^^^^^^^^^^^^^^
  File "/usr/local/lib/python3.12/site-packages/streamlit/runtime/app_session.py", line 750, in _create_new_session_message
    _populate_user_info_msg(imsg.user_info)
  File "/usr/local/lib/python3.12/site-packages/streamlit/runtime/app_session.py", line 1154, in _populate_user_info_msg
    inst = Installation.instance()
           ^^^^^^^^^^^^^^^^^^^^^^^
  File "/usr/local/lib/python3.12/site-packages/streamlit/runtime/metrics_util.py", line 228, in instance
    cls._instance = Installation()
                    ^^^^^^^^^^^^^^
  File "/usr/local/lib/python3.12/site-packages/streamlit/runtime/metrics_util.py", line 233, in __init__
    uuid.uuid5(uuid.NAMESPACE_DNS, _get_machine_id_v3())
                                   ^^^^^^^^^^^^^^^^^^^^
  File "/usr/local/lib/python3.12/site-packages/streamlit/runtime/metrics_util.py", line 173, in _get_machine_id_v3
    machine_id = f.read()
                 ^^^^^^^^
  File "<frozen codecs>", line 322, in decode
UnicodeDecodeError: 'utf-8' codec can't decode bytes in position 25-26: invalid continuation byte
2025-09-12 16:11:08.885 200 GET / (10.12.249.24) 1.36ms
2025-09-12 16:11:09.228 200 GET /static/js/index.CD8HuT3N.js (10.12.249.24) 297.87ms
2025-09-12 16:11:09.230 200 GET /static/css/index.C8X8rNzw.css (10.12.249.24) 299.51ms
2025-09-12 16:11:09.232 200 GET /static/media/SourceSansVF-Upright.ttf.BsWL4Kly.woff2 (10.12.249.24) 303.30ms
2025-09-12 16:11:10.046 200 GET /_stcore/health (10.12.249.24) 0.81ms
2025-09-12 16:11:10.048 200 GET /_stcore/host-config (10.12.249.24) 0.56ms
2025-09-12 16:11:10.084 200 GET /favicon.png (10.12.249.24) 0.85ms
2025-09-12 16:11:10.120 101 GET /_stcore/stream (10.12.249.24) 0.76ms
Exception in callback AppSession._on_scriptrunner_event.<locals>.<lambda>() at /usr/local/lib/python3.12/site-packages/streamlit/runtime/app_session.py:519
handle: <Handle AppSession._on_scriptrunner_event.<locals>.<lambda>() at /usr/local/lib/python3.12/site-packages/streamlit/runtime/app_session.py:519>
Traceback (most recent call last):
  File "/usr/local/lib/python3.12/asyncio/events.py", line 88, in _run
    self._context.run(self._callback, *self._args)
  File "/usr/local/lib/python3.12/site-packages/streamlit/runtime/app_session.py", line 519, in <lambda>
    lambda: self._handle_scriptrunner_event_on_event_loop(
            ^^^^^^^^^^^^^^^^^^^^^^^^^^^^^^^^^^^^^^^^^^^^^^
  File "/usr/local/lib/python3.12/site-packages/streamlit/runtime/app_session.py", line 616, in _handle_scriptrunner_event_on_event_loop
    msg = self._create_new_session_message(
          ^^^^^^^^^^^^^^^^^^^^^^^^^^^^^^^^^
  File "/usr/local/lib/python3.12/site-packages/streamlit/runtime/app_session.py", line 750, in _create_new_session_message
    _populate_user_info_msg(imsg.user_info)
  File "/usr/local/lib/python3.12/site-packages/streamlit/runtime/app_session.py", line 1154, in _populate_user_info_msg
    inst = Installation.instance()
           ^^^^^^^^^^^^^^^^^^^^^^^
  File "/usr/local/lib/python3.12/site-packages/streamlit/runtime/metrics_util.py", line 228, in instance
    cls._instance = Installation()
                    ^^^^^^^^^^^^^^
  File "/usr/local/lib/python3.12/site-packages/streamlit/runtime/metrics_util.py", line 233, in __init__
    uuid.uuid5(uuid.NAMESPACE_DNS, _get_machine_id_v3())
                                   ^^^^^^^^^^^^^^^^^^^^
  File "/usr/local/lib/python3.12/site-packages/streamlit/runtime/metrics_util.py", line 173, in _get_machine_id_v3
    machine_id = f.read()
                 ^^^^^^^^
  File "<frozen codecs>", line 322, in decode
UnicodeDecodeError: 'utf-8' codec can't decode bytes in position 25-26: invalid continuation byte
2025-09-12 16:11:10.844 200 GET /static/js/index.B9mjBcgE.js (10.12.249.24) 2.43ms
2025-09-12 16:11:10.845 200 GET /static/js/useBasicWidgetState.DeK-QJpD.js (10.12.249.24) 3.37ms
2025-09-12 16:11:10.847 200 GET /static/js/FormClearHelper.DHh1GFzm.js (10.12.249.24) 1.67ms
2025-09-12 16:11:10.851 200 GET /static/media/MaterialSymbols-Rounded.CBxVaFdk.woff2 (10.12.249.24) 5.70ms
2025-09-12 16:11:11.003 200 GET /static/js/checkbox.D8W881TL.js (10.12.249.24) 2.17ms
2025-09-12 16:11:11.004 200 GET /static/js/index.Dk4C7X3i.js (10.12.249.24) 3.27ms
2025-09-12 16:11:11.232 200 GET /static/js/index.CcJf6BCU.js (10.12.249.24) 225.29ms
2025-09-12 16:11:11.233 200 GET /static/js/withFullScreenWrapper.DLp1ENGm.js (10.12.249.24) 226.27ms
2025-09-12 16:11:11.236 200 GET /static/js/index.Bte_9Lyq.js (10.12.249.24) 1.91ms
2025-09-12 16:12:25.085 304 GET / (10.12.249.24) 0.88ms
2025-09-12 16:12:25.940 304 GET /_stcore/health (10.12.249.24) 0.85ms
2025-09-12 16:12:25.946 304 GET /_stcore/host-config (10.12.249.24) 0.66ms
2025-09-12 16:12:26.322 101 GET /_stcore/stream (10.12.249.24) 0.82ms
Exception in callback AppSession._on_scriptrunner_event.<locals>.<lambda>() at /usr/local/lib/python3.12/site-packages/streamlit/runtime/app_session.py:519
handle: <Handle AppSession._on_scriptrunner_event.<locals>.<lambda>() at /usr/local/lib/python3.12/site-packages/streamlit/runtime/app_session.py:519>
Traceback (most recent call last):
  File "/usr/local/lib/python3.12/asyncio/events.py", line 88, in _run
    self._context.run(self._callback, *self._args)
  File "/usr/local/lib/python3.12/site-packages/streamlit/runtime/app_session.py", line 519, in <lambda>
    lambda: self._handle_scriptrunner_event_on_event_loop(
            ^^^^^^^^^^^^^^^^^^^^^^^^^^^^^^^^^^^^^^^^^^^^^^
  File "/usr/local/lib/python3.12/site-packages/streamlit/runtime/app_session.py", line 616, in _handle_scriptrunner_event_on_event_loop
    msg = self._create_new_session_message(
          ^^^^^^^^^^^^^^^^^^^^^^^^^^^^^^^^^
  File "/usr/local/lib/python3.12/site-packages/streamlit/runtime/app_session.py", line 750, in _create_new_session_message
    _populate_user_info_msg(imsg.user_info)
  File "/usr/local/lib/python3.12/site-packages/streamlit/runtime/app_session.py", line 1154, in _populate_user_info_msg
    inst = Installation.instance()
           ^^^^^^^^^^^^^^^^^^^^^^^
  File "/usr/local/lib/python3.12/site-packages/streamlit/runtime/metrics_util.py", line 228, in instance
    cls._instance = Installation()
                    ^^^^^^^^^^^^^^
  File "/usr/local/lib/python3.12/site-packages/streamlit/runtime/metrics_util.py", line 233, in __init__
    uuid.uuid5(uuid.NAMESPACE_DNS, _get_machine_id_v3())
                                   ^^^^^^^^^^^^^^^^^^^^
  File "/usr/local/lib/python3.12/site-packages/streamlit/runtime/metrics_util.py", line 173, in _get_machine_id_v3
    machine_id = f.read()
                 ^^^^^^^^
  File "<frozen codecs>", line 322, in decode
UnicodeDecodeError: 'utf-8' codec can't decode bytes in position 25-26: invalid continuation byte
2025-09-12 16:12:42.430 304 GET / (10.12.249.24) 1.70ms
2025-09-12 16:12:42.969 304 GET /_stcore/health (10.12.249.24) 0.89ms
2025-09-12 16:12:42.975 304 GET /_stcore/host-config (10.12.249.24) 0.74ms
2025-09-12 16:12:43.333 101 GET /_stcore/stream (10.12.249.24) 0.77ms
Exception in callback AppSession._on_scriptrunner_event.<locals>.<lambda>() at /usr/local/lib/python3.12/site-packages/streamlit/runtime/app_session.py:519
handle: <Handle AppSession._on_scriptrunner_event.<locals>.<lambda>() at /usr/local/lib/python3.12/site-packages/streamlit/runtime/app_session.py:519>
Traceback (most recent call last):
  File "/usr/local/lib/python3.12/asyncio/events.py", line 88, in _run
    self._context.run(self._callback, *self._args)
  File "/usr/local/lib/python3.12/site-packages/streamlit/runtime/app_session.py", line 519, in <lambda>
    lambda: self._handle_scriptrunner_event_on_event_loop(
            ^^^^^^^^^^^^^^^^^^^^^^^^^^^^^^^^^^^^^^^^^^^^^^
  File "/usr/local/lib/python3.12/site-packages/streamlit/runtime/app_session.py", line 616, in _handle_scriptrunner_event_on_event_loop
    msg = self._create_new_session_message(
          ^^^^^^^^^^^^^^^^^^^^^^^^^^^^^^^^^
  File "/usr/local/lib/python3.12/site-packages/streamlit/runtime/app_session.py", line 750, in _create_new_session_message
    _populate_user_info_msg(imsg.user_info)
  File "/usr/local/lib/python3.12/site-packages/streamlit/runtime/app_session.py", line 1154, in _populate_user_info_msg
    inst = Installation.instance()
           ^^^^^^^^^^^^^^^^^^^^^^^
  File "/usr/local/lib/python3.12/site-packages/streamlit/runtime/metrics_util.py", line 228, in instance
    cls._instance = Installation()
                    ^^^^^^^^^^^^^^
  File "/usr/local/lib/python3.12/site-packages/streamlit/runtime/metrics_util.py", line 233, in __init__
    uuid.uuid5(uuid.NAMESPACE_DNS, _get_machine_id_v3())
                                   ^^^^^^^^^^^^^^^^^^^^
  File "/usr/local/lib/python3.12/site-packages/streamlit/runtime/metrics_util.py", line 173, in _get_machine_id_v3
    machine_id = f.read()
                 ^^^^^^^^
  File "<frozen codecs>", line 322, in decode
UnicodeDecodeError: 'utf-8' codec can't decode bytes in position 25-26: invalid continuation byte
2025-09-12 16:13:20.163 200 GET / (10.12.249.24) 1.99ms
2025-09-12 16:13:20.529 200 GET /static/js/index.CD8HuT3N.js (10.12.249.24) 306.66ms
2025-09-12 16:13:20.532 200 GET /static/media/SourceSansVF-Upright.ttf.BsWL4Kly.woff2 (10.12.249.24) 308.57ms
2025-09-12 16:13:20.536 200 GET /static/css/index.C8X8rNzw.css (10.12.249.24) 2.42ms
2025-09-12 16:13:21.863 200 GET /_stcore/health (10.12.249.24) 1.60ms
2025-09-12 16:13:21.866 200 GET /_stcore/host-config (10.12.249.24) 1.02ms
2025-09-12 16:13:21.887 200 GET /favicon.png (10.12.249.24) 0.97ms
2025-09-12 16:13:21.930 101 GET /_stcore/stream (10.12.249.24) 1.11ms
Exception in callback AppSession._on_scriptrunner_event.<locals>.<lambda>() at /usr/local/lib/python3.12/site-packages/streamlit/runtime/app_session.py:519
handle: <Handle AppSession._on_scriptrunner_event.<locals>.<lambda>() at /usr/local/lib/python3.12/site-packages/streamlit/runtime/app_session.py:519>
Traceback (most recent call last):
  File "/usr/local/lib/python3.12/asyncio/events.py", line 88, in _run
    self._context.run(self._callback, *self._args)
  File "/usr/local/lib/python3.12/site-packages/streamlit/runtime/app_session.py", line 519, in <lambda>
    lambda: self._handle_scriptrunner_event_on_event_loop(
            ^^^^^^^^^^^^^^^^^^^^^^^^^^^^^^^^^^^^^^^^^^^^^^
  File "/usr/local/lib/python3.12/site-packages/streamlit/runtime/app_session.py", line 616, in _handle_scriptrunner_event_on_event_loop
    msg = self._create_new_session_message(
          ^^^^^^^^^^^^^^^^^^^^^^^^^^^^^^^^^
  File "/usr/local/lib/python3.12/site-packages/streamlit/runtime/app_session.py", line 750, in _create_new_session_message
    _populate_user_info_msg(imsg.user_info)
  File "/usr/local/lib/python3.12/site-packages/streamlit/runtime/app_session.py", line 1154, in _populate_user_info_msg
    inst = Installation.instance()
           ^^^^^^^^^^^^^^^^^^^^^^^
  File "/usr/local/lib/python3.12/site-packages/streamlit/runtime/metrics_util.py", line 228, in instance
    cls._instance = Installation()
                    ^^^^^^^^^^^^^^
  File "/usr/local/lib/python3.12/site-packages/streamlit/runtime/metrics_util.py", line 233, in __init__
    uuid.uuid5(uuid.NAMESPACE_DNS, _get_machine_id_v3())
                                   ^^^^^^^^^^^^^^^^^^^^
  File "/usr/local/lib/python3.12/site-packages/streamlit/runtime/metrics_util.py", line 173, in _get_machine_id_v3
    machine_id = f.read()
                 ^^^^^^^^
  File "<frozen codecs>", line 322, in decode
UnicodeDecodeError: 'utf-8' codec can't decode bytes in position 25-26: invalid continuation byte
2025-09-12 16:13:22.869 200 GET /static/js/index.B9mjBcgE.js (10.12.249.24) 1.62ms
2025-09-12 16:13:22.872 200 GET /static/js/FormClearHelper.DHh1GFzm.js (10.12.249.24) 1.98ms
2025-09-12 16:13:22.873 200 GET /static/js/useBasicWidgetState.DeK-QJpD.js (10.12.249.24) 3.23ms
2025-09-12 16:13:23.018 200 GET /static/media/MaterialSymbols-Rounded.CBxVaFdk.woff2 (10.12.249.24) 2.22ms
2025-09-12 16:13:23.059 200 GET /static/js/index.Dk4C7X3i.js (10.12.249.24) 1.33ms
2025-09-12 16:13:23.065 200 GET /static/js/checkbox.D8W881TL.js (10.12.249.24) 1.37ms
2025-09-12 16:13:23.069 200 GET /static/js/withFullScreenWrapper.DLp1ENGm.js (10.12.249.24) 1.02ms
2025-09-12 16:13:23.307 200 GET /static/js/index.CcJf6BCU.js (10.12.249.24) 238.44ms
2025-09-12 16:13:23.310 200 GET /static/js/index.Bte_9Lyq.js (10.12.249.24) 2.05ms
Exception in callback AppSession._on_scriptrunner_event.<locals>.<lambda>() at /usr/local/lib/python3.12/site-packages/streamlit/runtime/app_session.py:519
handle: <Handle AppSession._on_scriptrunner_event.<locals>.<lambda>() at /usr/local/lib/python3.12/site-packages/streamlit/runtime/app_session.py:519>
Traceback (most recent call last):
  File "/usr/local/lib/python3.12/asyncio/events.py", line 88, in _run
    self._context.run(self._callback, *self._args)
  File "/usr/local/lib/python3.12/site-packages/streamlit/runtime/app_session.py", line 519, in <lambda>
    lambda: self._handle_scriptrunner_event_on_event_loop(
            ^^^^^^^^^^^^^^^^^^^^^^^^^^^^^^^^^^^^^^^^^^^^^^
  File "/usr/local/lib/python3.12/site-packages/streamlit/runtime/app_session.py", line 616, in _handle_scriptrunner_event_on_event_loop
    msg = self._create_new_session_message(
          ^^^^^^^^^^^^^^^^^^^^^^^^^^^^^^^^^
  File "/usr/local/lib/python3.12/site-packages/streamlit/runtime/app_session.py", line 750, in _create_new_session_message
    _populate_user_info_msg(imsg.user_info)
  File "/usr/local/lib/python3.12/site-packages/streamlit/runtime/app_session.py", line 1154, in _populate_user_info_msg
    inst = Installation.instance()
           ^^^^^^^^^^^^^^^^^^^^^^^
  File "/usr/local/lib/python3.12/site-packages/streamlit/runtime/metrics_util.py", line 228, in instance
    cls._instance = Installation()
                    ^^^^^^^^^^^^^^
  File "/usr/local/lib/python3.12/site-packages/streamlit/runtime/metrics_util.py", line 233, in __init__
    uuid.uuid5(uuid.NAMESPACE_DNS, _get_machine_id_v3())
                                   ^^^^^^^^^^^^^^^^^^^^
  File "/usr/local/lib/python3.12/site-packages/streamlit/runtime/metrics_util.py", line 173, in _get_machine_id_v3
    machine_id = f.read()
                 ^^^^^^^^
  File "<frozen codecs>", line 322, in decode
UnicodeDecodeError: 'utf-8' codec can't decode bytes in position 25-26: invalid continuation byte
Exception in callback AppSession._on_scriptrunner_event.<locals>.<lambda>() at /usr/local/lib/python3.12/site-packages/streamlit/runtime/app_session.py:519
handle: <Handle AppSession._on_scriptrunner_event.<locals>.<lambda>() at /usr/local/lib/python3.12/site-packages/streamlit/runtime/app_session.py:519>
Traceback (most recent call last):
  File "/usr/local/lib/python3.12/asyncio/events.py", line 88, in _run
    self._context.run(self._callback, *self._args)
  File "/usr/local/lib/python3.12/site-packages/streamlit/runtime/app_session.py", line 519, in <lambda>
    lambda: self._handle_scriptrunner_event_on_event_loop(
            ^^^^^^^^^^^^^^^^^^^^^^^^^^^^^^^^^^^^^^^^^^^^^^
  File "/usr/local/lib/python3.12/site-packages/streamlit/runtime/app_session.py", line 616, in _handle_scriptrunner_event_on_event_loop
    msg = self._create_new_session_message(
          ^^^^^^^^^^^^^^^^^^^^^^^^^^^^^^^^^
  File "/usr/local/lib/python3.12/site-packages/streamlit/runtime/app_session.py", line 750, in _create_new_session_message
    _populate_user_info_msg(imsg.user_info)
  File "/usr/local/lib/python3.12/site-packages/streamlit/runtime/app_session.py", line 1154, in _populate_user_info_msg
    inst = Installation.instance()
           ^^^^^^^^^^^^^^^^^^^^^^^
  File "/usr/local/lib/python3.12/site-packages/streamlit/runtime/metrics_util.py", line 228, in instance
    cls._instance = Installation()
                    ^^^^^^^^^^^^^^
  File "/usr/local/lib/python3.12/site-packages/streamlit/runtime/metrics_util.py", line 233, in __init__
    uuid.uuid5(uuid.NAMESPACE_DNS, _get_machine_id_v3())
                                   ^^^^^^^^^^^^^^^^^^^^
  File "/usr/local/lib/python3.12/site-packages/streamlit/runtime/metrics_util.py", line 173, in _get_machine_id_v3
    machine_id = f.read()
                 ^^^^^^^^
  File "<frozen codecs>", line 322, in decode
UnicodeDecodeError: 'utf-8' codec can't decode bytes in position 25-26: invalid continuation byte
Exception in callback AppSession._on_scriptrunner_event.<locals>.<lambda>() at /usr/local/lib/python3.12/site-packages/streamlit/runtime/app_session.py:519
handle: <Handle AppSession._on_scriptrunner_event.<locals>.<lambda>() at /usr/local/lib/python3.12/site-packages/streamlit/runtime/app_session.py:519>
Traceback (most recent call last):
  File "/usr/local/lib/python3.12/asyncio/events.py", line 88, in _run
    self._context.run(self._callback, *self._args)
  File "/usr/local/lib/python3.12/site-packages/streamlit/runtime/app_session.py", line 519, in <lambda>
    lambda: self._handle_scriptrunner_event_on_event_loop(
            ^^^^^^^^^^^^^^^^^^^^^^^^^^^^^^^^^^^^^^^^^^^^^^
  File "/usr/local/lib/python3.12/site-packages/streamlit/runtime/app_session.py", line 616, in _handle_scriptrunner_event_on_event_loop
    msg = self._create_new_session_message(
          ^^^^^^^^^^^^^^^^^^^^^^^^^^^^^^^^^
  File "/usr/local/lib/python3.12/site-packages/streamlit/runtime/app_session.py", line 750, in _create_new_session_message
    _populate_user_info_msg(imsg.user_info)
  File "/usr/local/lib/python3.12/site-packages/streamlit/runtime/app_session.py", line 1154, in _populate_user_info_msg
    inst = Installation.instance()
           ^^^^^^^^^^^^^^^^^^^^^^^
  File "/usr/local/lib/python3.12/site-packages/streamlit/runtime/metrics_util.py", line 228, in instance
    cls._instance = Installation()
                    ^^^^^^^^^^^^^^
  File "/usr/local/lib/python3.12/site-packages/streamlit/runtime/metrics_util.py", line 233, in __init__
    uuid.uuid5(uuid.NAMESPACE_DNS, _get_machine_id_v3())
                                   ^^^^^^^^^^^^^^^^^^^^
  File "/usr/local/lib/python3.12/site-packages/streamlit/runtime/metrics_util.py", line 173, in _get_machine_id_v3
    machine_id = f.read()
                 ^^^^^^^^
  File "<frozen codecs>", line 322, in decode
UnicodeDecodeError: 'utf-8' codec can't decode bytes in position 25-26: invalid continuation byte
Exception in callback AppSession._on_scriptrunner_event.<locals>.<lambda>() at /usr/local/lib/python3.12/site-packages/streamlit/runtime/app_session.py:519
handle: <Handle AppSession._on_scriptrunner_event.<locals>.<lambda>() at /usr/local/lib/python3.12/site-packages/streamlit/runtime/app_session.py:519>
Traceback (most recent call last):
  File "/usr/local/lib/python3.12/asyncio/events.py", line 88, in _run
    self._context.run(self._callback, *self._args)
  File "/usr/local/lib/python3.12/site-packages/streamlit/runtime/app_session.py", line 519, in <lambda>
    lambda: self._handle_scriptrunner_event_on_event_loop(
            ^^^^^^^^^^^^^^^^^^^^^^^^^^^^^^^^^^^^^^^^^^^^^^
  File "/usr/local/lib/python3.12/site-packages/streamlit/runtime/app_session.py", line 616, in _handle_scriptrunner_event_on_event_loop
    msg = self._create_new_session_message(
          ^^^^^^^^^^^^^^^^^^^^^^^^^^^^^^^^^
  File "/usr/local/lib/python3.12/site-packages/streamlit/runtime/app_session.py", line 750, in _create_new_session_message
    _populate_user_info_msg(imsg.user_info)
  File "/usr/local/lib/python3.12/site-packages/streamlit/runtime/app_session.py", line 1154, in _populate_user_info_msg
    inst = Installation.instance()
           ^^^^^^^^^^^^^^^^^^^^^^^
  File "/usr/local/lib/python3.12/site-packages/streamlit/runtime/metrics_util.py", line 228, in instance
    cls._instance = Installation()
                    ^^^^^^^^^^^^^^
  File "/usr/local/lib/python3.12/site-packages/streamlit/runtime/metrics_util.py", line 233, in __init__
    uuid.uuid5(uuid.NAMESPACE_DNS, _get_machine_id_v3())
                                   ^^^^^^^^^^^^^^^^^^^^
  File "/usr/local/lib/python3.12/site-packages/streamlit/runtime/metrics_util.py", line 173, in _get_machine_id_v3
    machine_id = f.read()
                 ^^^^^^^^
  File "<frozen codecs>", line 322, in decode
UnicodeDecodeError: 'utf-8' codec can't decode bytes in position 25-26: invalid continuation byte
Exception in callback AppSession._on_scriptrunner_event.<locals>.<lambda>() at /usr/local/lib/python3.12/site-packages/streamlit/runtime/app_session.py:519
handle: <Handle AppSession._on_scriptrunner_event.<locals>.<lambda>() at /usr/local/lib/python3.12/site-packages/streamlit/runtime/app_session.py:519>
Traceback (most recent call last):
  File "/usr/local/lib/python3.12/asyncio/events.py", line 88, in _run
    self._context.run(self._callback, *self._args)
  File "/usr/local/lib/python3.12/site-packages/streamlit/runtime/app_session.py", line 519, in <lambda>
    lambda: self._handle_scriptrunner_event_on_event_loop(
            ^^^^^^^^^^^^^^^^^^^^^^^^^^^^^^^^^^^^^^^^^^^^^^
  File "/usr/local/lib/python3.12/site-packages/streamlit/runtime/app_session.py", line 616, in _handle_scriptrunner_event_on_event_loop
    msg = self._create_new_session_message(
          ^^^^^^^^^^^^^^^^^^^^^^^^^^^^^^^^^
  File "/usr/local/lib/python3.12/site-packages/streamlit/runtime/app_session.py", line 750, in _create_new_session_message
    _populate_user_info_msg(imsg.user_info)
  File "/usr/local/lib/python3.12/site-packages/streamlit/runtime/app_session.py", line 1154, in _populate_user_info_msg
    inst = Installation.instance()
           ^^^^^^^^^^^^^^^^^^^^^^^
  File "/usr/local/lib/python3.12/site-packages/streamlit/runtime/metrics_util.py", line 228, in instance
    cls._instance = Installation()
                    ^^^^^^^^^^^^^^
  File "/usr/local/lib/python3.12/site-packages/streamlit/runtime/metrics_util.py", line 233, in __init__
    uuid.uuid5(uuid.NAMESPACE_DNS, _get_machine_id_v3())
                                   ^^^^^^^^^^^^^^^^^^^^
  File "/usr/local/lib/python3.12/site-packages/streamlit/runtime/metrics_util.py", line 173, in _get_machine_id_v3
    machine_id = f.read()
                 ^^^^^^^^
  File "<frozen codecs>", line 322, in decode
UnicodeDecodeError: 'utf-8' codec can't decode bytes in position 25-26: invalid continuation byte
Exception in callback AppSession._on_scriptrunner_event.<locals>.<lambda>() at /usr/local/lib/python3.12/site-packages/streamlit/runtime/app_session.py:519
handle: <Handle AppSession._on_scriptrunner_event.<locals>.<lambda>() at /usr/local/lib/python3.12/site-packages/streamlit/runtime/app_session.py:519>
Traceback (most recent call last):
  File "/usr/local/lib/python3.12/asyncio/events.py", line 88, in _run
    self._context.run(self._callback, *self._args)
  File "/usr/local/lib/python3.12/site-packages/streamlit/runtime/app_session.py", line 519, in <lambda>
    lambda: self._handle_scriptrunner_event_on_event_loop(
            ^^^^^^^^^^^^^^^^^^^^^^^^^^^^^^^^^^^^^^^^^^^^^^
  File "/usr/local/lib/python3.12/site-packages/streamlit/runtime/app_session.py", line 616, in _handle_scriptrunner_event_on_event_loop
    msg = self._create_new_session_message(
          ^^^^^^^^^^^^^^^^^^^^^^^^^^^^^^^^^
  File "/usr/local/lib/python3.12/site-packages/streamlit/runtime/app_session.py", line 750, in _create_new_session_message
    _populate_user_info_msg(imsg.user_info)
  File "/usr/local/lib/python3.12/site-packages/streamlit/runtime/app_session.py", line 1154, in _populate_user_info_msg
    inst = Installation.instance()
           ^^^^^^^^^^^^^^^^^^^^^^^
  File "/usr/local/lib/python3.12/site-packages/streamlit/runtime/metrics_util.py", line 228, in instance
    cls._instance = Installation()
                    ^^^^^^^^^^^^^^
  File "/usr/local/lib/python3.12/site-packages/streamlit/runtime/metrics_util.py", line 233, in __init__
    uuid.uuid5(uuid.NAMESPACE_DNS, _get_machine_id_v3())
                                   ^^^^^^^^^^^^^^^^^^^^
  File "/usr/local/lib/python3.12/site-packages/streamlit/runtime/metrics_util.py", line 173, in _get_machine_id_v3
    machine_id = f.read()
                 ^^^^^^^^
  File "<frozen codecs>", line 322, in decode
UnicodeDecodeError: 'utf-8' codec can't decode bytes in position 25-26: invalid continuation byte
Exception in callback AppSession._on_scriptrunner_event.<locals>.<lambda>() at /usr/local/lib/python3.12/site-packages/streamlit/runtime/app_session.py:519
handle: <Handle AppSession._on_scriptrunner_event.<locals>.<lambda>() at /usr/local/lib/python3.12/site-packages/streamlit/runtime/app_session.py:519>
Traceback (most recent call last):
  File "/usr/local/lib/python3.12/asyncio/events.py", line 88, in _run
    self._context.run(self._callback, *self._args)
  File "/usr/local/lib/python3.12/site-packages/streamlit/runtime/app_session.py", line 519, in <lambda>
    lambda: self._handle_scriptrunner_event_on_event_loop(
            ^^^^^^^^^^^^^^^^^^^^^^^^^^^^^^^^^^^^^^^^^^^^^^
  File "/usr/local/lib/python3.12/site-packages/streamlit/runtime/app_session.py", line 616, in _handle_scriptrunner_event_on_event_loop
    msg = self._create_new_session_message(
          ^^^^^^^^^^^^^^^^^^^^^^^^^^^^^^^^^
  File "/usr/local/lib/python3.12/site-packages/streamlit/runtime/app_session.py", line 750, in _create_new_session_message
    _populate_user_info_msg(imsg.user_info)
  File "/usr/local/lib/python3.12/site-packages/streamlit/runtime/app_session.py", line 1154, in _populate_user_info_msg
    inst = Installation.instance()
           ^^^^^^^^^^^^^^^^^^^^^^^
  File "/usr/local/lib/python3.12/site-packages/streamlit/runtime/metrics_util.py", line 228, in instance
    cls._instance = Installation()
                    ^^^^^^^^^^^^^^
  File "/usr/local/lib/python3.12/site-packages/streamlit/runtime/metrics_util.py", line 233, in __init__
    uuid.uuid5(uuid.NAMESPACE_DNS, _get_machine_id_v3())
                                   ^^^^^^^^^^^^^^^^^^^^
  File "/usr/local/lib/python3.12/site-packages/streamlit/runtime/metrics_util.py", line 173, in _get_machine_id_v3
    machine_id = f.read()
                 ^^^^^^^^
  File "<frozen codecs>", line 322, in decode
UnicodeDecodeError: 'utf-8' codec can't decode bytes in position 25-26: invalid continuation byte
Exception in callback AppSession._on_scriptrunner_event.<locals>.<lambda>() at /usr/local/lib/python3.12/site-packages/streamlit/runtime/app_session.py:519
handle: <Handle AppSession._on_scriptrunner_event.<locals>.<lambda>() at /usr/local/lib/python3.12/site-packages/streamlit/runtime/app_session.py:519>
Traceback (most recent call last):
  File "/usr/local/lib/python3.12/asyncio/events.py", line 88, in _run
    self._context.run(self._callback, *self._args)
  File "/usr/local/lib/python3.12/site-packages/streamlit/runtime/app_session.py", line 519, in <lambda>
    lambda: self._handle_scriptrunner_event_on_event_loop(
            ^^^^^^^^^^^^^^^^^^^^^^^^^^^^^^^^^^^^^^^^^^^^^^
  File "/usr/local/lib/python3.12/site-packages/streamlit/runtime/app_session.py", line 616, in _handle_scriptrunner_event_on_event_loop
    msg = self._create_new_session_message(
          ^^^^^^^^^^^^^^^^^^^^^^^^^^^^^^^^^
  File "/usr/local/lib/python3.12/site-packages/streamlit/runtime/app_session.py", line 750, in _create_new_session_message
    _populate_user_info_msg(imsg.user_info)
  File "/usr/local/lib/python3.12/site-packages/streamlit/runtime/app_session.py", line 1154, in _populate_user_info_msg
    inst = Installation.instance()
           ^^^^^^^^^^^^^^^^^^^^^^^
  File "/usr/local/lib/python3.12/site-packages/streamlit/runtime/metrics_util.py", line 228, in instance
    cls._instance = Installation()
                    ^^^^^^^^^^^^^^
  File "/usr/local/lib/python3.12/site-packages/streamlit/runtime/metrics_util.py", line 233, in __init__
    uuid.uuid5(uuid.NAMESPACE_DNS, _get_machine_id_v3())
                                   ^^^^^^^^^^^^^^^^^^^^
  File "/usr/local/lib/python3.12/site-packages/streamlit/runtime/metrics_util.py", line 173, in _get_machine_id_v3
    machine_id = f.read()
                 ^^^^^^^^
  File "<frozen codecs>", line 322, in decode
UnicodeDecodeError: 'utf-8' codec can't decode bytes in position 25-26: invalid continuation byte
Exception in callback AppSession._on_scriptrunner_event.<locals>.<lambda>() at /usr/local/lib/python3.12/site-packages/streamlit/runtime/app_session.py:519
handle: <Handle AppSession._on_scriptrunner_event.<locals>.<lambda>() at /usr/local/lib/python3.12/site-packages/streamlit/runtime/app_session.py:519>
Traceback (most recent call last):
  File "/usr/local/lib/python3.12/asyncio/events.py", line 88, in _run
    self._context.run(self._callback, *self._args)
  File "/usr/local/lib/python3.12/site-packages/streamlit/runtime/app_session.py", line 519, in <lambda>
    lambda: self._handle_scriptrunner_event_on_event_loop(
            ^^^^^^^^^^^^^^^^^^^^^^^^^^^^^^^^^^^^^^^^^^^^^^
  File "/usr/local/lib/python3.12/site-packages/streamlit/runtime/app_session.py", line 616, in _handle_scriptrunner_event_on_event_loop
    msg = self._create_new_session_message(
          ^^^^^^^^^^^^^^^^^^^^^^^^^^^^^^^^^
  File "/usr/local/lib/python3.12/site-packages/streamlit/runtime/app_session.py", line 750, in _create_new_session_message
    _populate_user_info_msg(imsg.user_info)
  File "/usr/local/lib/python3.12/site-packages/streamlit/runtime/app_session.py", line 1154, in _populate_user_info_msg
    inst = Installation.instance()
           ^^^^^^^^^^^^^^^^^^^^^^^
  File "/usr/local/lib/python3.12/site-packages/streamlit/runtime/metrics_util.py", line 228, in instance
    cls._instance = Installation()
                    ^^^^^^^^^^^^^^
  File "/usr/local/lib/python3.12/site-packages/streamlit/runtime/metrics_util.py", line 233, in __init__
    uuid.uuid5(uuid.NAMESPACE_DNS, _get_machine_id_v3())
                                   ^^^^^^^^^^^^^^^^^^^^
  File "/usr/local/lib/python3.12/site-packages/streamlit/runtime/metrics_util.py", line 173, in _get_machine_id_v3
    machine_id = f.read()
                 ^^^^^^^^
  File "<frozen codecs>", line 322, in decode
UnicodeDecodeError: 'utf-8' codec can't decode bytes in position 25-26: invalid continuation byte
Exception in callback AppSession._on_scriptrunner_event.<locals>.<lambda>() at /usr/local/lib/python3.12/site-packages/streamlit/runtime/app_session.py:519
handle: <Handle AppSession._on_scriptrunner_event.<locals>.<lambda>() at /usr/local/lib/python3.12/site-packages/streamlit/runtime/app_session.py:519>
Traceback (most recent call last):
  File "/usr/local/lib/python3.12/asyncio/events.py", line 88, in _run
    self._context.run(self._callback, *self._args)
  File "/usr/local/lib/python3.12/site-packages/streamlit/runtime/app_session.py", line 519, in <lambda>
    lambda: self._handle_scriptrunner_event_on_event_loop(
            ^^^^^^^^^^^^^^^^^^^^^^^^^^^^^^^^^^^^^^^^^^^^^^
  File "/usr/local/lib/python3.12/site-packages/streamlit/runtime/app_session.py", line 616, in _handle_scriptrunner_event_on_event_loop
    msg = self._create_new_session_message(
          ^^^^^^^^^^^^^^^^^^^^^^^^^^^^^^^^^
  File "/usr/local/lib/python3.12/site-packages/streamlit/runtime/app_session.py", line 750, in _create_new_session_message
    _populate_user_info_msg(imsg.user_info)
  File "/usr/local/lib/python3.12/site-packages/streamlit/runtime/app_session.py", line 1154, in _populate_user_info_msg
    inst = Installation.instance()
           ^^^^^^^^^^^^^^^^^^^^^^^
  File "/usr/local/lib/python3.12/site-packages/streamlit/runtime/metrics_util.py", line 228, in instance
    cls._instance = Installation()
                    ^^^^^^^^^^^^^^
  File "/usr/local/lib/python3.12/site-packages/streamlit/runtime/metrics_util.py", line 233, in __init__
    uuid.uuid5(uuid.NAMESPACE_DNS, _get_machine_id_v3())
                                   ^^^^^^^^^^^^^^^^^^^^
  File "/usr/local/lib/python3.12/site-packages/streamlit/runtime/metrics_util.py", line 173, in _get_machine_id_v3
    machine_id = f.read()
                 ^^^^^^^^
  File "<frozen codecs>", line 322, in decode
UnicodeDecodeError: 'utf-8' codec can't decode bytes in position 25-26: invalid continuation byte
Exception in callback AppSession._on_scriptrunner_event.<locals>.<lambda>() at /usr/local/lib/python3.12/site-packages/streamlit/runtime/app_session.py:519
handle: <Handle AppSession._on_scriptrunner_event.<locals>.<lambda>() at /usr/local/lib/python3.12/site-packages/streamlit/runtime/app_session.py:519>
Traceback (most recent call last):
  File "/usr/local/lib/python3.12/asyncio/events.py", line 88, in _run
    self._context.run(self._callback, *self._args)
  File "/usr/local/lib/python3.12/site-packages/streamlit/runtime/app_session.py", line 519, in <lambda>
    lambda: self._handle_scriptrunner_event_on_event_loop(
            ^^^^^^^^^^^^^^^^^^^^^^^^^^^^^^^^^^^^^^^^^^^^^^
  File "/usr/local/lib/python3.12/site-packages/streamlit/runtime/app_session.py", line 616, in _handle_scriptrunner_event_on_event_loop
    msg = self._create_new_session_message(
          ^^^^^^^^^^^^^^^^^^^^^^^^^^^^^^^^^
  File "/usr/local/lib/python3.12/site-packages/streamlit/runtime/app_session.py", line 750, in _create_new_session_message
    _populate_user_info_msg(imsg.user_info)
  File "/usr/local/lib/python3.12/site-packages/streamlit/runtime/app_session.py", line 1154, in _populate_user_info_msg
    inst = Installation.instance()
           ^^^^^^^^^^^^^^^^^^^^^^^
  File "/usr/local/lib/python3.12/site-packages/streamlit/runtime/metrics_util.py", line 228, in instance
    cls._instance = Installation()
                    ^^^^^^^^^^^^^^
  File "/usr/local/lib/python3.12/site-packages/streamlit/runtime/metrics_util.py", line 233, in __init__
    uuid.uuid5(uuid.NAMESPACE_DNS, _get_machine_id_v3())
                                   ^^^^^^^^^^^^^^^^^^^^
  File "/usr/local/lib/python3.12/site-packages/streamlit/runtime/metrics_util.py", line 173, in _get_machine_id_v3
    machine_id = f.read()
                 ^^^^^^^^
  File "<frozen codecs>", line 322, in decode
UnicodeDecodeError: 'utf-8' codec can't decode bytes in position 25-26: invalid continuation byte
Exception in callback AppSession._on_scriptrunner_event.<locals>.<lambda>() at /usr/local/lib/python3.12/site-packages/streamlit/runtime/app_session.py:519
handle: <Handle AppSession._on_scriptrunner_event.<locals>.<lambda>() at /usr/local/lib/python3.12/site-packages/streamlit/runtime/app_session.py:519>
Traceback (most recent call last):
  File "/usr/local/lib/python3.12/asyncio/events.py", line 88, in _run
    self._context.run(self._callback, *self._args)
  File "/usr/local/lib/python3.12/site-packages/streamlit/runtime/app_session.py", line 519, in <lambda>
    lambda: self._handle_scriptrunner_event_on_event_loop(
            ^^^^^^^^^^^^^^^^^^^^^^^^^^^^^^^^^^^^^^^^^^^^^^
  File "/usr/local/lib/python3.12/site-packages/streamlit/runtime/app_session.py", line 616, in _handle_scriptrunner_event_on_event_loop
    msg = self._create_new_session_message(
          ^^^^^^^^^^^^^^^^^^^^^^^^^^^^^^^^^
  File "/usr/local/lib/python3.12/site-packages/streamlit/runtime/app_session.py", line 750, in _create_new_session_message
    _populate_user_info_msg(imsg.user_info)
  File "/usr/local/lib/python3.12/site-packages/streamlit/runtime/app_session.py", line 1154, in _populate_user_info_msg
    inst = Installation.instance()
           ^^^^^^^^^^^^^^^^^^^^^^^
  File "/usr/local/lib/python3.12/site-packages/streamlit/runtime/metrics_util.py", line 228, in instance
    cls._instance = Installation()
                    ^^^^^^^^^^^^^^
  File "/usr/local/lib/python3.12/site-packages/streamlit/runtime/metrics_util.py", line 233, in __init__
    uuid.uuid5(uuid.NAMESPACE_DNS, _get_machine_id_v3())
                                   ^^^^^^^^^^^^^^^^^^^^
  File "/usr/local/lib/python3.12/site-packages/streamlit/runtime/metrics_util.py", line 173, in _get_machine_id_v3
    machine_id = f.read()
                 ^^^^^^^^
  File "<frozen codecs>", line 322, in decode
UnicodeDecodeError: 'utf-8' codec can't decode bytes in position 25-26: invalid continuation byte
2025-09-12 16:21:03.294 304 GET /_stcore/health (10.12.249.24) 1.38ms
2025-09-12 16:21:03.826 304 GET /_stcore/host-config (10.12.249.24) 0.92ms
2025-09-12 16:21:08.255 101 GET /_stcore/stream (10.12.249.24) 1.39ms
Exception in callback AppSession._on_scriptrunner_event.<locals>.<lambda>() at /usr/local/lib/python3.12/site-packages/streamlit/runtime/app_session.py:519
handle: <Handle AppSession._on_scriptrunner_event.<locals>.<lambda>() at /usr/local/lib/python3.12/site-packages/streamlit/runtime/app_session.py:519>
Traceback (most recent call last):
  File "/usr/local/lib/python3.12/asyncio/events.py", line 88, in _run
    self._context.run(self._callback, *self._args)
  File "/usr/local/lib/python3.12/site-packages/streamlit/runtime/app_session.py", line 519, in <lambda>
    lambda: self._handle_scriptrunner_event_on_event_loop(
            ^^^^^^^^^^^^^^^^^^^^^^^^^^^^^^^^^^^^^^^^^^^^^^
  File "/usr/local/lib/python3.12/site-packages/streamlit/runtime/app_session.py", line 616, in _handle_scriptrunner_event_on_event_loop
    msg = self._create_new_session_message(
          ^^^^^^^^^^^^^^^^^^^^^^^^^^^^^^^^^
  File "/usr/local/lib/python3.12/site-packages/streamlit/runtime/app_session.py", line 750, in _create_new_session_message
    _populate_user_info_msg(imsg.user_info)
  File "/usr/local/lib/python3.12/site-packages/streamlit/runtime/app_session.py", line 1154, in _populate_user_info_msg
    inst = Installation.instance()
           ^^^^^^^^^^^^^^^^^^^^^^^
  File "/usr/local/lib/python3.12/site-packages/streamlit/runtime/metrics_util.py", line 228, in instance
    cls._instance = Installation()
                    ^^^^^^^^^^^^^^
  File "/usr/local/lib/python3.12/site-packages/streamlit/runtime/metrics_util.py", line 233, in __init__
    uuid.uuid5(uuid.NAMESPACE_DNS, _get_machine_id_v3())
                                   ^^^^^^^^^^^^^^^^^^^^
  File "/usr/local/lib/python3.12/site-packages/streamlit/runtime/metrics_util.py", line 173, in _get_machine_id_v3
    machine_id = f.read()
                 ^^^^^^^^
  File "<frozen codecs>", line 322, in decode
UnicodeDecodeError: 'utf-8' codec can't decode bytes in position 25-26: invalid continuation byte
2025-09-12 16:26:23.692 304 GET /_stcore/host-config (10.12.249.24) 1.13ms
2025-09-12 16:26:23.925 304 GET /_stcore/host-config (10.12.249.24) 0.94ms
2025-09-12 16:26:24.143 304 GET /_stcore/host-config (10.12.249.24) 0.98ms
2025-09-12 16:26:24.259 304 GET /_stcore/health (10.12.249.24) 1.22ms
2025-09-12 16:26:24.364 304 GET /_stcore/host-config (10.12.249.24) 0.96ms
2025-09-12 16:26:24.478 304 GET /_stcore/health (10.12.249.24) 1.15ms
2025-09-12 16:26:24.588 304 GET /_stcore/host-config (10.12.249.24) 0.91ms
2025-09-12 16:26:24.648 101 GET /_stcore/stream (10.12.249.24) 1.27ms
2025-09-12 16:26:24.701 304 GET /_stcore/health (10.12.249.24) 1.05ms
Exception in callback AppSession._on_scriptrunner_event.<locals>.<lambda>() at /usr/local/lib/python3.12/site-packages/streamlit/runtime/app_session.py:519
handle: <Handle AppSession._on_scriptrunner_event.<locals>.<lambda>() at /usr/local/lib/python3.12/site-packages/streamlit/runtime/app_session.py:519>
Traceback (most recent call last):
  File "/usr/local/lib/python3.12/asyncio/events.py", line 88, in _run
    self._context.run(self._callback, *self._args)
  File "/usr/local/lib/python3.12/site-packages/streamlit/runtime/app_session.py", line 519, in <lambda>
    lambda: self._handle_scriptrunner_event_on_event_loop(
            ^^^^^^^^^^^^^^^^^^^^^^^^^^^^^^^^^^^^^^^^^^^^^^
  File "/usr/local/lib/python3.12/site-packages/streamlit/runtime/app_session.py", line 616, in _handle_scriptrunner_event_on_event_loop
    msg = self._create_new_session_message(
          ^^^^^^^^^^^^^^^^^^^^^^^^^^^^^^^^^
  File "/usr/local/lib/python3.12/site-packages/streamlit/runtime/app_session.py", line 750, in _create_new_session_message
    _populate_user_info_msg(imsg.user_info)
  File "/usr/local/lib/python3.12/site-packages/streamlit/runtime/app_session.py", line 1154, in _populate_user_info_msg
    inst = Installation.instance()
           ^^^^^^^^^^^^^^^^^^^^^^^
  File "/usr/local/lib/python3.12/site-packages/streamlit/runtime/metrics_util.py", line 228, in instance
    cls._instance = Installation()
                    ^^^^^^^^^^^^^^
  File "/usr/local/lib/python3.12/site-packages/streamlit/runtime/metrics_util.py", line 233, in __init__
    uuid.uuid5(uuid.NAMESPACE_DNS, _get_machine_id_v3())
                                   ^^^^^^^^^^^^^^^^^^^^
  File "/usr/local/lib/python3.12/site-packages/streamlit/runtime/metrics_util.py", line 173, in _get_machine_id_v3
    machine_id = f.read()
                 ^^^^^^^^
  File "<frozen codecs>", line 322, in decode
UnicodeDecodeError: 'utf-8' codec can't decode bytes in position 25-26: invalid continuation byte
2025-09-12 16:26:24.937 304 GET /_stcore/health (10.12.249.24) 8.75ms
2025-09-12 16:26:25.019 101 GET /_stcore/stream (10.12.249.24) 2.97ms
Exception in callback AppSession._on_scriptrunner_event.<locals>.<lambda>() at /usr/local/lib/python3.12/site-packages/streamlit/runtime/app_session.py:519
handle: <Handle AppSession._on_scriptrunner_event.<locals>.<lambda>() at /usr/local/lib/python3.12/site-packages/streamlit/runtime/app_session.py:519>
Traceback (most recent call last):
  File "/usr/local/lib/python3.12/asyncio/events.py", line 88, in _run
    self._context.run(self._callback, *self._args)
  File "/usr/local/lib/python3.12/site-packages/streamlit/runtime/app_session.py", line 519, in <lambda>
    lambda: self._handle_scriptrunner_event_on_event_loop(
            ^^^^^^^^^^^^^^^^^^^^^^^^^^^^^^^^^^^^^^^^^^^^^^
  File "/usr/local/lib/python3.12/site-packages/streamlit/runtime/app_session.py", line 616, in _handle_scriptrunner_event_on_event_loop
    msg = self._create_new_session_message(
          ^^^^^^^^^^^^^^^^^^^^^^^^^^^^^^^^^
  File "/usr/local/lib/python3.12/site-packages/streamlit/runtime/app_session.py", line 750, in _create_new_session_message
    _populate_user_info_msg(imsg.user_info)
  File "/usr/local/lib/python3.12/site-packages/streamlit/runtime/app_session.py", line 1154, in _populate_user_info_msg
    inst = Installation.instance()
           ^^^^^^^^^^^^^^^^^^^^^^^
  File "/usr/local/lib/python3.12/site-packages/streamlit/runtime/metrics_util.py", line 228, in instance
    cls._instance = Installation()
                    ^^^^^^^^^^^^^^
  File "/usr/local/lib/python3.12/site-packages/streamlit/runtime/metrics_util.py", line 233, in __init__
    uuid.uuid5(uuid.NAMESPACE_DNS, _get_machine_id_v3())
                                   ^^^^^^^^^^^^^^^^^^^^
  File "/usr/local/lib/python3.12/site-packages/streamlit/runtime/metrics_util.py", line 173, in _get_machine_id_v3
    machine_id = f.read()
                 ^^^^^^^^
  File "<frozen codecs>", line 322, in decode
UnicodeDecodeError: 'utf-8' codec can't decode bytes in position 25-26: invalid continuation byte
2025-09-12 16:26:25.762 304 GET /_stcore/health (10.12.249.24) 8.48ms
2025-09-12 16:26:25.765 101 GET /_stcore/stream (10.12.249.24) 4.29ms
Exception in callback AppSession._on_scriptrunner_event.<locals>.<lambda>() at /usr/local/lib/python3.12/site-packages/streamlit/runtime/app_session.py:519
handle: <Handle AppSession._on_scriptrunner_event.<locals>.<lambda>() at /usr/local/lib/python3.12/site-packages/streamlit/runtime/app_session.py:519>
Traceback (most recent call last):
  File "/usr/local/lib/python3.12/asyncio/events.py", line 88, in _run
    self._context.run(self._callback, *self._args)
  File "/usr/local/lib/python3.12/site-packages/streamlit/runtime/app_session.py", line 519, in <lambda>
    lambda: self._handle_scriptrunner_event_on_event_loop(
            ^^^^^^^^^^^^^^^^^^^^^^^^^^^^^^^^^^^^^^^^^^^^^^
  File "/usr/local/lib/python3.12/site-packages/streamlit/runtime/app_session.py", line 616, in _handle_scriptrunner_event_on_event_loop
    msg = self._create_new_session_message(
          ^^^^^^^^^^^^^^^^^^^^^^^^^^^^^^^^^
  File "/usr/local/lib/python3.12/site-packages/streamlit/runtime/app_session.py", line 750, in _create_new_session_message
    _populate_user_info_msg(imsg.user_info)
  File "/usr/local/lib/python3.12/site-packages/streamlit/runtime/app_session.py", line 1154, in _populate_user_info_msg
    inst = Installation.instance()
           ^^^^^^^^^^^^^^^^^^^^^^^
  File "/usr/local/lib/python3.12/site-packages/streamlit/runtime/metrics_util.py", line 228, in instance
    cls._instance = Installation()
                    ^^^^^^^^^^^^^^
  File "/usr/local/lib/python3.12/site-packages/streamlit/runtime/metrics_util.py", line 233, in __init__
    uuid.uuid5(uuid.NAMESPACE_DNS, _get_machine_id_v3())
                                   ^^^^^^^^^^^^^^^^^^^^
  File "/usr/local/lib/python3.12/site-packages/streamlit/runtime/metrics_util.py", line 173, in _get_machine_id_v3
    machine_id = f.read()
                 ^^^^^^^^
  File "<frozen codecs>", line 322, in decode
UnicodeDecodeError: 'utf-8' codec can't decode bytes in position 25-26: invalid continuation byte
2025-09-12 16:26:26.446 101 GET /_stcore/stream (10.12.249.24) 8.36ms
Exception in callback AppSession._on_scriptrunner_event.<locals>.<lambda>() at /usr/local/lib/python3.12/site-packages/streamlit/runtime/app_session.py:519
handle: <Handle AppSession._on_scriptrunner_event.<locals>.<lambda>() at /usr/local/lib/python3.12/site-packages/streamlit/runtime/app_session.py:519>
Traceback (most recent call last):
  File "/usr/local/lib/python3.12/asyncio/events.py", line 88, in _run
    self._context.run(self._callback, *self._args)
  File "/usr/local/lib/python3.12/site-packages/streamlit/runtime/app_session.py", line 519, in <lambda>
    lambda: self._handle_scriptrunner_event_on_event_loop(
            ^^^^^^^^^^^^^^^^^^^^^^^^^^^^^^^^^^^^^^^^^^^^^^
  File "/usr/local/lib/python3.12/site-packages/streamlit/runtime/app_session.py", line 616, in _handle_scriptrunner_event_on_event_loop
    msg = self._create_new_session_message(
          ^^^^^^^^^^^^^^^^^^^^^^^^^^^^^^^^^
  File "/usr/local/lib/python3.12/site-packages/streamlit/runtime/app_session.py", line 750, in _create_new_session_message
    _populate_user_info_msg(imsg.user_info)
  File "/usr/local/lib/python3.12/site-packages/streamlit/runtime/app_session.py", line 1154, in _populate_user_info_msg
    inst = Installation.instance()
           ^^^^^^^^^^^^^^^^^^^^^^^
  File "/usr/local/lib/python3.12/site-packages/streamlit/runtime/metrics_util.py", line 228, in instance
    cls._instance = Installation()
                    ^^^^^^^^^^^^^^
  File "/usr/local/lib/python3.12/site-packages/streamlit/runtime/metrics_util.py", line 233, in __init__
    uuid.uuid5(uuid.NAMESPACE_DNS, _get_machine_id_v3())
                                   ^^^^^^^^^^^^^^^^^^^^
  File "/usr/local/lib/python3.12/site-packages/streamlit/runtime/metrics_util.py", line 173, in _get_machine_id_v3
    machine_id = f.read()
                 ^^^^^^^^
  File "<frozen codecs>", line 322, in decode
UnicodeDecodeError: 'utf-8' codec can't decode bytes in position 25-26: invalid continuation byte
2025-09-12 16:26:27.114 101 GET /_stcore/stream (10.12.249.24) 16.62ms
Exception in callback AppSession._on_scriptrunner_event.<locals>.<lambda>() at /usr/local/lib/python3.12/site-packages/streamlit/runtime/app_session.py:519
handle: <Handle AppSession._on_scriptrunner_event.<locals>.<lambda>() at /usr/local/lib/python3.12/site-packages/streamlit/runtime/app_session.py:519>
Traceback (most recent call last):
  File "/usr/local/lib/python3.12/asyncio/events.py", line 88, in _run
    self._context.run(self._callback, *self._args)
  File "/usr/local/lib/python3.12/site-packages/streamlit/runtime/app_session.py", line 519, in <lambda>
    lambda: self._handle_scriptrunner_event_on_event_loop(
            ^^^^^^^^^^^^^^^^^^^^^^^^^^^^^^^^^^^^^^^^^^^^^^
  File "/usr/local/lib/python3.12/site-packages/streamlit/runtime/app_session.py", line 616, in _handle_scriptrunner_event_on_event_loop
    msg = self._create_new_session_message(
          ^^^^^^^^^^^^^^^^^^^^^^^^^^^^^^^^^
  File "/usr/local/lib/python3.12/site-packages/streamlit/runtime/app_session.py", line 750, in _create_new_session_message
    _populate_user_info_msg(imsg.user_info)
  File "/usr/local/lib/python3.12/site-packages/streamlit/runtime/app_session.py", line 1154, in _populate_user_info_msg
    inst = Installation.instance()
           ^^^^^^^^^^^^^^^^^^^^^^^
  File "/usr/local/lib/python3.12/site-packages/streamlit/runtime/metrics_util.py", line 228, in instance
    cls._instance = Installation()
                    ^^^^^^^^^^^^^^
  File "/usr/local/lib/python3.12/site-packages/streamlit/runtime/metrics_util.py", line 233, in __init__
    uuid.uuid5(uuid.NAMESPACE_DNS, _get_machine_id_v3())
                                   ^^^^^^^^^^^^^^^^^^^^
  File "/usr/local/lib/python3.12/site-packages/streamlit/runtime/metrics_util.py", line 173, in _get_machine_id_v3
    machine_id = f.read()
                 ^^^^^^^^
  File "<frozen codecs>", line 322, in decode
UnicodeDecodeError: 'utf-8' codec can't decode bytes in position 25-26: invalid continuation byte
2025-09-12 16:33:11.459 304 GET /_stcore/health (10.12.249.24) 1.19ms
2025-09-12 16:33:11.525 304 GET /_stcore/host-config (10.12.249.24) 0.69ms
2025-09-12 16:33:14.956 101 GET /_stcore/stream (10.12.249.24) 0.86ms
Exception in callback AppSession._on_scriptrunner_event.<locals>.<lambda>() at /usr/local/lib/python3.12/site-packages/streamlit/runtime/app_session.py:519
handle: <Handle AppSession._on_scriptrunner_event.<locals>.<lambda>() at /usr/local/lib/python3.12/site-packages/streamlit/runtime/app_session.py:519>
Traceback (most recent call last):
  File "/usr/local/lib/python3.12/asyncio/events.py", line 88, in _run
    self._context.run(self._callback, *self._args)
  File "/usr/local/lib/python3.12/site-packages/streamlit/runtime/app_session.py", line 519, in <lambda>
    lambda: self._handle_scriptrunner_event_on_event_loop(
            ^^^^^^^^^^^^^^^^^^^^^^^^^^^^^^^^^^^^^^^^^^^^^^
  File "/usr/local/lib/python3.12/site-packages/streamlit/runtime/app_session.py", line 616, in _handle_scriptrunner_event_on_event_loop
    msg = self._create_new_session_message(
          ^^^^^^^^^^^^^^^^^^^^^^^^^^^^^^^^^
  File "/usr/local/lib/python3.12/site-packages/streamlit/runtime/app_session.py", line 750, in _create_new_session_message
    _populate_user_info_msg(imsg.user_info)
  File "/usr/local/lib/python3.12/site-packages/streamlit/runtime/app_session.py", line 1154, in _populate_user_info_msg
    inst = Installation.instance()
           ^^^^^^^^^^^^^^^^^^^^^^^
  File "/usr/local/lib/python3.12/site-packages/streamlit/runtime/metrics_util.py", line 228, in instance
    cls._instance = Installation()
                    ^^^^^^^^^^^^^^
  File "/usr/local/lib/python3.12/site-packages/streamlit/runtime/metrics_util.py", line 233, in __init__
    uuid.uuid5(uuid.NAMESPACE_DNS, _get_machine_id_v3())
                                   ^^^^^^^^^^^^^^^^^^^^
  File "/usr/local/lib/python3.12/site-packages/streamlit/runtime/metrics_util.py", line 173, in _get_machine_id_v3
    machine_id = f.read()
                 ^^^^^^^^
  File "<frozen codecs>", line 322, in decode
UnicodeDecodeError: 'utf-8' codec can't decode bytes in position 25-26: invalid continuation byte
2025-09-12 16:38:22.737 304 GET /_stcore/health (10.12.249.24) 1.40ms
2025-09-12 16:38:22.747 304 GET /_stcore/host-config (10.12.249.24) 1.09ms
2025-09-12 16:38:23.157 101 GET /_stcore/stream (10.12.249.24) 0.90ms
Exception in callback AppSession._on_scriptrunner_event.<locals>.<lambda>() at /usr/local/lib/python3.12/site-packages/streamlit/runtime/app_session.py:519
handle: <Handle AppSession._on_scriptrunner_event.<locals>.<lambda>() at /usr/local/lib/python3.12/site-packages/streamlit/runtime/app_session.py:519>
Traceback (most recent call last):
  File "/usr/local/lib/python3.12/asyncio/events.py", line 88, in _run
    self._context.run(self._callback, *self._args)
  File "/usr/local/lib/python3.12/site-packages/streamlit/runtime/app_session.py", line 519, in <lambda>
    lambda: self._handle_scriptrunner_event_on_event_loop(
            ^^^^^^^^^^^^^^^^^^^^^^^^^^^^^^^^^^^^^^^^^^^^^^
  File "/usr/local/lib/python3.12/site-packages/streamlit/runtime/app_session.py", line 616, in _handle_scriptrunner_event_on_event_loop
    msg = self._create_new_session_message(
          ^^^^^^^^^^^^^^^^^^^^^^^^^^^^^^^^^
  File "/usr/local/lib/python3.12/site-packages/streamlit/runtime/app_session.py", line 750, in _create_new_session_message
    _populate_user_info_msg(imsg.user_info)
  File "/usr/local/lib/python3.12/site-packages/streamlit/runtime/app_session.py", line 1154, in _populate_user_info_msg
    inst = Installation.instance()
           ^^^^^^^^^^^^^^^^^^^^^^^
  File "/usr/local/lib/python3.12/site-packages/streamlit/runtime/metrics_util.py", line 228, in instance
    cls._instance = Installation()
                    ^^^^^^^^^^^^^^
  File "/usr/local/lib/python3.12/site-packages/streamlit/runtime/metrics_util.py", line 233, in __init__
    uuid.uuid5(uuid.NAMESPACE_DNS, _get_machine_id_v3())
                                   ^^^^^^^^^^^^^^^^^^^^
  File "/usr/local/lib/python3.12/site-packages/streamlit/runtime/metrics_util.py", line 173, in _get_machine_id_v3
    machine_id = f.read()
                 ^^^^^^^^
  File "<frozen codecs>", line 322, in decode
UnicodeDecodeError: 'utf-8' codec can't decode bytes in position 25-26: invalid continuation byte
Exception in callback AppSession._on_scriptrunner_event.<locals>.<lambda>() at /usr/local/lib/python3.12/site-packages/streamlit/runtime/app_session.py:519
handle: <Handle AppSession._on_scriptrunner_event.<locals>.<lambda>() at /usr/local/lib/python3.12/site-packages/streamlit/runtime/app_session.py:519>
Traceback (most recent call last):
  File "/usr/local/lib/python3.12/asyncio/events.py", line 88, in _run
    self._context.run(self._callback, *self._args)
  File "/usr/local/lib/python3.12/site-packages/streamlit/runtime/app_session.py", line 519, in <lambda>
    lambda: self._handle_scriptrunner_event_on_event_loop(
            ^^^^^^^^^^^^^^^^^^^^^^^^^^^^^^^^^^^^^^^^^^^^^^
  File "/usr/local/lib/python3.12/site-packages/streamlit/runtime/app_session.py", line 616, in _handle_scriptrunner_event_on_event_loop
    msg = self._create_new_session_message(
          ^^^^^^^^^^^^^^^^^^^^^^^^^^^^^^^^^
  File "/usr/local/lib/python3.12/site-packages/streamlit/runtime/app_session.py", line 750, in _create_new_session_message
    _populate_user_info_msg(imsg.user_info)
  File "/usr/local/lib/python3.12/site-packages/streamlit/runtime/app_session.py", line 1154, in _populate_user_info_msg
    inst = Installation.instance()
           ^^^^^^^^^^^^^^^^^^^^^^^
  File "/usr/local/lib/python3.12/site-packages/streamlit/runtime/metrics_util.py", line 228, in instance
    cls._instance = Installation()
                    ^^^^^^^^^^^^^^
  File "/usr/local/lib/python3.12/site-packages/streamlit/runtime/metrics_util.py", line 233, in __init__
    uuid.uuid5(uuid.NAMESPACE_DNS, _get_machine_id_v3())
                                   ^^^^^^^^^^^^^^^^^^^^
  File "/usr/local/lib/python3.12/site-packages/streamlit/runtime/metrics_util.py", line 173, in _get_machine_id_v3
    machine_id = f.read()
                 ^^^^^^^^
  File "<frozen codecs>", line 322, in decode
UnicodeDecodeError: 'utf-8' codec can't decode bytes in position 25-26: invalid continuation byte
Exception in callback AppSession._on_scriptrunner_event.<locals>.<lambda>() at /usr/local/lib/python3.12/site-packages/streamlit/runtime/app_session.py:519
handle: <Handle AppSession._on_scriptrunner_event.<locals>.<lambda>() at /usr/local/lib/python3.12/site-packages/streamlit/runtime/app_session.py:519>
Traceback (most recent call last):
  File "/usr/local/lib/python3.12/asyncio/events.py", line 88, in _run
    self._context.run(self._callback, *self._args)
  File "/usr/local/lib/python3.12/site-packages/streamlit/runtime/app_session.py", line 519, in <lambda>
    lambda: self._handle_scriptrunner_event_on_event_loop(
            ^^^^^^^^^^^^^^^^^^^^^^^^^^^^^^^^^^^^^^^^^^^^^^
  File "/usr/local/lib/python3.12/site-packages/streamlit/runtime/app_session.py", line 616, in _handle_scriptrunner_event_on_event_loop
    msg = self._create_new_session_message(
          ^^^^^^^^^^^^^^^^^^^^^^^^^^^^^^^^^
  File "/usr/local/lib/python3.12/site-packages/streamlit/runtime/app_session.py", line 750, in _create_new_session_message
    _populate_user_info_msg(imsg.user_info)
  File "/usr/local/lib/python3.12/site-packages/streamlit/runtime/app_session.py", line 1154, in _populate_user_info_msg
    inst = Installation.instance()
           ^^^^^^^^^^^^^^^^^^^^^^^
  File "/usr/local/lib/python3.12/site-packages/streamlit/runtime/metrics_util.py", line 228, in instance
    cls._instance = Installation()
                    ^^^^^^^^^^^^^^
  File "/usr/local/lib/python3.12/site-packages/streamlit/runtime/metrics_util.py", line 233, in __init__
    uuid.uuid5(uuid.NAMESPACE_DNS, _get_machine_id_v3())
                                   ^^^^^^^^^^^^^^^^^^^^
  File "/usr/local/lib/python3.12/site-packages/streamlit/runtime/metrics_util.py", line 173, in _get_machine_id_v3
    machine_id = f.read()
                 ^^^^^^^^
  File "<frozen codecs>", line 322, in decode
UnicodeDecodeError: 'utf-8' codec can't decode bytes in position 25-26: invalid continuation byte
2025-09-12 16:40:39.710 304 GET /_stcore/host-config (10.12.249.24) 1.14ms
2025-09-12 16:40:39.712 304 GET /_stcore/health (10.12.249.24) 1.96ms
2025-09-12 16:40:47.959 101 GET /_stcore/stream (10.12.249.24) 1.11ms
Exception in callback AppSession._on_scriptrunner_event.<locals>.<lambda>() at /usr/local/lib/python3.12/site-packages/streamlit/runtime/app_session.py:519
handle: <Handle AppSession._on_scriptrunner_event.<locals>.<lambda>() at /usr/local/lib/python3.12/site-packages/streamlit/runtime/app_session.py:519>
Traceback (most recent call last):
  File "/usr/local/lib/python3.12/asyncio/events.py", line 88, in _run
    self._context.run(self._callback, *self._args)
  File "/usr/local/lib/python3.12/site-packages/streamlit/runtime/app_session.py", line 519, in <lambda>
    lambda: self._handle_scriptrunner_event_on_event_loop(
            ^^^^^^^^^^^^^^^^^^^^^^^^^^^^^^^^^^^^^^^^^^^^^^
  File "/usr/local/lib/python3.12/site-packages/streamlit/runtime/app_session.py", line 616, in _handle_scriptrunner_event_on_event_loop
    msg = self._create_new_session_message(
          ^^^^^^^^^^^^^^^^^^^^^^^^^^^^^^^^^
  File "/usr/local/lib/python3.12/site-packages/streamlit/runtime/app_session.py", line 750, in _create_new_session_message
    _populate_user_info_msg(imsg.user_info)
  File "/usr/local/lib/python3.12/site-packages/streamlit/runtime/app_session.py", line 1154, in _populate_user_info_msg
    inst = Installation.instance()
           ^^^^^^^^^^^^^^^^^^^^^^^
  File "/usr/local/lib/python3.12/site-packages/streamlit/runtime/metrics_util.py", line 228, in instance
    cls._instance = Installation()
                    ^^^^^^^^^^^^^^
  File "/usr/local/lib/python3.12/site-packages/streamlit/runtime/metrics_util.py", line 233, in __init__
    uuid.uuid5(uuid.NAMESPACE_DNS, _get_machine_id_v3())
                                   ^^^^^^^^^^^^^^^^^^^^
  File "/usr/local/lib/python3.12/site-packages/streamlit/runtime/metrics_util.py", line 173, in _get_machine_id_v3
    machine_id = f.read()
                 ^^^^^^^^
  File "<frozen codecs>", line 322, in decode
UnicodeDecodeError: 'utf-8' codec can't decode bytes in position 25-26: invalid continuation byte
Exception in callback AppSession._on_scriptrunner_event.<locals>.<lambda>() at /usr/local/lib/python3.12/site-packages/streamlit/runtime/app_session.py:519
handle: <Handle AppSession._on_scriptrunner_event.<locals>.<lambda>() at /usr/local/lib/python3.12/site-packages/streamlit/runtime/app_session.py:519>
Traceback (most recent call last):
  File "/usr/local/lib/python3.12/asyncio/events.py", line 88, in _run
    self._context.run(self._callback, *self._args)
  File "/usr/local/lib/python3.12/site-packages/streamlit/runtime/app_session.py", line 519, in <lambda>
    lambda: self._handle_scriptrunner_event_on_event_loop(
            ^^^^^^^^^^^^^^^^^^^^^^^^^^^^^^^^^^^^^^^^^^^^^^
  File "/usr/local/lib/python3.12/site-packages/streamlit/runtime/app_session.py", line 616, in _handle_scriptrunner_event_on_event_loop
    msg = self._create_new_session_message(
          ^^^^^^^^^^^^^^^^^^^^^^^^^^^^^^^^^
  File "/usr/local/lib/python3.12/site-packages/streamlit/runtime/app_session.py", line 750, in _create_new_session_message
    _populate_user_info_msg(imsg.user_info)
  File "/usr/local/lib/python3.12/site-packages/streamlit/runtime/app_session.py", line 1154, in _populate_user_info_msg
    inst = Installation.instance()
           ^^^^^^^^^^^^^^^^^^^^^^^
  File "/usr/local/lib/python3.12/site-packages/streamlit/runtime/metrics_util.py", line 228, in instance
    cls._instance = Installation()
                    ^^^^^^^^^^^^^^
  File "/usr/local/lib/python3.12/site-packages/streamlit/runtime/metrics_util.py", line 233, in __init__
    uuid.uuid5(uuid.NAMESPACE_DNS, _get_machine_id_v3())
                                   ^^^^^^^^^^^^^^^^^^^^
  File "/usr/local/lib/python3.12/site-packages/streamlit/runtime/metrics_util.py", line 173, in _get_machine_id_v3
    machine_id = f.read()
                 ^^^^^^^^
  File "<frozen codecs>", line 322, in decode
UnicodeDecodeError: 'utf-8' codec can't decode bytes in position 25-26: invalid continuation byte
Exception in callback AppSession._on_scriptrunner_event.<locals>.<lambda>() at /usr/local/lib/python3.12/site-packages/streamlit/runtime/app_session.py:519
handle: <Handle AppSession._on_scriptrunner_event.<locals>.<lambda>() at /usr/local/lib/python3.12/site-packages/streamlit/runtime/app_session.py:519>
Traceback (most recent call last):
  File "/usr/local/lib/python3.12/asyncio/events.py", line 88, in _run
    self._context.run(self._callback, *self._args)
  File "/usr/local/lib/python3.12/site-packages/streamlit/runtime/app_session.py", line 519, in <lambda>
    lambda: self._handle_scriptrunner_event_on_event_loop(
            ^^^^^^^^^^^^^^^^^^^^^^^^^^^^^^^^^^^^^^^^^^^^^^
  File "/usr/local/lib/python3.12/site-packages/streamlit/runtime/app_session.py", line 616, in _handle_scriptrunner_event_on_event_loop
    msg = self._create_new_session_message(
          ^^^^^^^^^^^^^^^^^^^^^^^^^^^^^^^^^
  File "/usr/local/lib/python3.12/site-packages/streamlit/runtime/app_session.py", line 750, in _create_new_session_message
    _populate_user_info_msg(imsg.user_info)
  File "/usr/local/lib/python3.12/site-packages/streamlit/runtime/app_session.py", line 1154, in _populate_user_info_msg
    inst = Installation.instance()
           ^^^^^^^^^^^^^^^^^^^^^^^
  File "/usr/local/lib/python3.12/site-packages/streamlit/runtime/metrics_util.py", line 228, in instance
    cls._instance = Installation()
                    ^^^^^^^^^^^^^^
  File "/usr/local/lib/python3.12/site-packages/streamlit/runtime/metrics_util.py", line 233, in __init__
    uuid.uuid5(uuid.NAMESPACE_DNS, _get_machine_id_v3())
                                   ^^^^^^^^^^^^^^^^^^^^
  File "/usr/local/lib/python3.12/site-packages/streamlit/runtime/metrics_util.py", line 173, in _get_machine_id_v3
    machine_id = f.read()
                 ^^^^^^^^
  File "<frozen codecs>", line 322, in decode
UnicodeDecodeError: 'utf-8' codec can't decode bytes in position 25-26: invalid continuation byte
Exception in callback AppSession._on_scriptrunner_event.<locals>.<lambda>() at /usr/local/lib/python3.12/site-packages/streamlit/runtime/app_session.py:519
handle: <Handle AppSession._on_scriptrunner_event.<locals>.<lambda>() at /usr/local/lib/python3.12/site-packages/streamlit/runtime/app_session.py:519>
Traceback (most recent call last):
  File "/usr/local/lib/python3.12/asyncio/events.py", line 88, in _run
    self._context.run(self._callback, *self._args)
  File "/usr/local/lib/python3.12/site-packages/streamlit/runtime/app_session.py", line 519, in <lambda>
    lambda: self._handle_scriptrunner_event_on_event_loop(
            ^^^^^^^^^^^^^^^^^^^^^^^^^^^^^^^^^^^^^^^^^^^^^^
  File "/usr/local/lib/python3.12/site-packages/streamlit/runtime/app_session.py", line 616, in _handle_scriptrunner_event_on_event_loop
    msg = self._create_new_session_message(
          ^^^^^^^^^^^^^^^^^^^^^^^^^^^^^^^^^
  File "/usr/local/lib/python3.12/site-packages/streamlit/runtime/app_session.py", line 750, in _create_new_session_message
    _populate_user_info_msg(imsg.user_info)
  File "/usr/local/lib/python3.12/site-packages/streamlit/runtime/app_session.py", line 1154, in _populate_user_info_msg
    inst = Installation.instance()
           ^^^^^^^^^^^^^^^^^^^^^^^
  File "/usr/local/lib/python3.12/site-packages/streamlit/runtime/metrics_util.py", line 228, in instance
    cls._instance = Installation()
                    ^^^^^^^^^^^^^^
  File "/usr/local/lib/python3.12/site-packages/streamlit/runtime/metrics_util.py", line 233, in __init__
    uuid.uuid5(uuid.NAMESPACE_DNS, _get_machine_id_v3())
                                   ^^^^^^^^^^^^^^^^^^^^
  File "/usr/local/lib/python3.12/site-packages/streamlit/runtime/metrics_util.py", line 173, in _get_machine_id_v3
    machine_id = f.read()
                 ^^^^^^^^
  File "<frozen codecs>", line 322, in decode
UnicodeDecodeError: 'utf-8' codec can't decode bytes in position 25-26: invalid continuation byte
2025-09-12 16:45:20.308 304 GET /_stcore/host-config (10.12.249.24) 3.28ms
2025-09-12 16:45:20.310 304 GET /_stcore/health (10.12.249.24) 1.22ms
2025-09-12 16:45:23.613 101 GET /_stcore/stream (10.12.249.24) 0.95ms
Exception in callback AppSession._on_scriptrunner_event.<locals>.<lambda>() at /usr/local/lib/python3.12/site-packages/streamlit/runtime/app_session.py:519
handle: <Handle AppSession._on_scriptrunner_event.<locals>.<lambda>() at /usr/local/lib/python3.12/site-packages/streamlit/runtime/app_session.py:519>
Traceback (most recent call last):
  File "/usr/local/lib/python3.12/asyncio/events.py", line 88, in _run
    self._context.run(self._callback, *self._args)
  File "/usr/local/lib/python3.12/site-packages/streamlit/runtime/app_session.py", line 519, in <lambda>
    lambda: self._handle_scriptrunner_event_on_event_loop(
            ^^^^^^^^^^^^^^^^^^^^^^^^^^^^^^^^^^^^^^^^^^^^^^
  File "/usr/local/lib/python3.12/site-packages/streamlit/runtime/app_session.py", line 616, in _handle_scriptrunner_event_on_event_loop
    msg = self._create_new_session_message(
          ^^^^^^^^^^^^^^^^^^^^^^^^^^^^^^^^^
  File "/usr/local/lib/python3.12/site-packages/streamlit/runtime/app_session.py", line 750, in _create_new_session_message
    _populate_user_info_msg(imsg.user_info)
  File "/usr/local/lib/python3.12/site-packages/streamlit/runtime/app_session.py", line 1154, in _populate_user_info_msg
    inst = Installation.instance()
           ^^^^^^^^^^^^^^^^^^^^^^^
  File "/usr/local/lib/python3.12/site-packages/streamlit/runtime/metrics_util.py", line 228, in instance
    cls._instance = Installation()
                    ^^^^^^^^^^^^^^
  File "/usr/local/lib/python3.12/site-packages/streamlit/runtime/metrics_util.py", line 233, in __init__
    uuid.uuid5(uuid.NAMESPACE_DNS, _get_machine_id_v3())
                                   ^^^^^^^^^^^^^^^^^^^^
  File "/usr/local/lib/python3.12/site-packages/streamlit/runtime/metrics_util.py", line 173, in _get_machine_id_v3
    machine_id = f.read()
                 ^^^^^^^^
  File "<frozen codecs>", line 322, in decode
UnicodeDecodeError: 'utf-8' codec can't decode bytes in position 25-26: invalid continuation byte
Exception in callback AppSession._on_scriptrunner_event.<locals>.<lambda>() at /usr/local/lib/python3.12/site-packages/streamlit/runtime/app_session.py:519
handle: <Handle AppSession._on_scriptrunner_event.<locals>.<lambda>() at /usr/local/lib/python3.12/site-packages/streamlit/runtime/app_session.py:519>
Traceback (most recent call last):
  File "/usr/local/lib/python3.12/asyncio/events.py", line 88, in _run
    self._context.run(self._callback, *self._args)
  File "/usr/local/lib/python3.12/site-packages/streamlit/runtime/app_session.py", line 519, in <lambda>
    lambda: self._handle_scriptrunner_event_on_event_loop(
            ^^^^^^^^^^^^^^^^^^^^^^^^^^^^^^^^^^^^^^^^^^^^^^
  File "/usr/local/lib/python3.12/site-packages/streamlit/runtime/app_session.py", line 616, in _handle_scriptrunner_event_on_event_loop
    msg = self._create_new_session_message(
          ^^^^^^^^^^^^^^^^^^^^^^^^^^^^^^^^^
  File "/usr/local/lib/python3.12/site-packages/streamlit/runtime/app_session.py", line 750, in _create_new_session_message
    _populate_user_info_msg(imsg.user_info)
  File "/usr/local/lib/python3.12/site-packages/streamlit/runtime/app_session.py", line 1154, in _populate_user_info_msg
    inst = Installation.instance()
           ^^^^^^^^^^^^^^^^^^^^^^^
  File "/usr/local/lib/python3.12/site-packages/streamlit/runtime/metrics_util.py", line 228, in instance
    cls._instance = Installation()
                    ^^^^^^^^^^^^^^
  File "/usr/local/lib/python3.12/site-packages/streamlit/runtime/metrics_util.py", line 233, in __init__
    uuid.uuid5(uuid.NAMESPACE_DNS, _get_machine_id_v3())
                                   ^^^^^^^^^^^^^^^^^^^^
  File "/usr/local/lib/python3.12/site-packages/streamlit/runtime/metrics_util.py", line 173, in _get_machine_id_v3
    machine_id = f.read()
                 ^^^^^^^^
  File "<frozen codecs>", line 322, in decode
UnicodeDecodeError: 'utf-8' codec can't decode bytes in position 25-26: invalid continuation byte
Exception in callback AppSession._on_scriptrunner_event.<locals>.<lambda>() at /usr/local/lib/python3.12/site-packages/streamlit/runtime/app_session.py:519
handle: <Handle AppSession._on_scriptrunner_event.<locals>.<lambda>() at /usr/local/lib/python3.12/site-packages/streamlit/runtime/app_session.py:519>
Traceback (most recent call last):
  File "/usr/local/lib/python3.12/asyncio/events.py", line 88, in _run
    self._context.run(self._callback, *self._args)
  File "/usr/local/lib/python3.12/site-packages/streamlit/runtime/app_session.py", line 519, in <lambda>
    lambda: self._handle_scriptrunner_event_on_event_loop(
            ^^^^^^^^^^^^^^^^^^^^^^^^^^^^^^^^^^^^^^^^^^^^^^
  File "/usr/local/lib/python3.12/site-packages/streamlit/runtime/app_session.py", line 616, in _handle_scriptrunner_event_on_event_loop
    msg = self._create_new_session_message(
          ^^^^^^^^^^^^^^^^^^^^^^^^^^^^^^^^^
  File "/usr/local/lib/python3.12/site-packages/streamlit/runtime/app_session.py", line 750, in _create_new_session_message
    _populate_user_info_msg(imsg.user_info)
  File "/usr/local/lib/python3.12/site-packages/streamlit/runtime/app_session.py", line 1154, in _populate_user_info_msg
    inst = Installation.instance()
           ^^^^^^^^^^^^^^^^^^^^^^^
  File "/usr/local/lib/python3.12/site-packages/streamlit/runtime/metrics_util.py", line 228, in instance
    cls._instance = Installation()
                    ^^^^^^^^^^^^^^
  File "/usr/local/lib/python3.12/site-packages/streamlit/runtime/metrics_util.py", line 233, in __init__
    uuid.uuid5(uuid.NAMESPACE_DNS, _get_machine_id_v3())
                                   ^^^^^^^^^^^^^^^^^^^^
  File "/usr/local/lib/python3.12/site-packages/streamlit/runtime/metrics_util.py", line 173, in _get_machine_id_v3
    machine_id = f.read()
                 ^^^^^^^^
  File "<frozen codecs>", line 322, in decode
UnicodeDecodeError: 'utf-8' codec can't decode bytes in position 25-26: invalid continuation byte
Exception in callback AppSession._on_scriptrunner_event.<locals>.<lambda>() at /usr/local/lib/python3.12/site-packages/streamlit/runtime/app_session.py:519
handle: <Handle AppSession._on_scriptrunner_event.<locals>.<lambda>() at /usr/local/lib/python3.12/site-packages/streamlit/runtime/app_session.py:519>
Traceback (most recent call last):
  File "/usr/local/lib/python3.12/asyncio/events.py", line 88, in _run
    self._context.run(self._callback, *self._args)
  File "/usr/local/lib/python3.12/site-packages/streamlit/runtime/app_session.py", line 519, in <lambda>
    lambda: self._handle_scriptrunner_event_on_event_loop(
            ^^^^^^^^^^^^^^^^^^^^^^^^^^^^^^^^^^^^^^^^^^^^^^
  File "/usr/local/lib/python3.12/site-packages/streamlit/runtime/app_session.py", line 616, in _handle_scriptrunner_event_on_event_loop
    msg = self._create_new_session_message(
          ^^^^^^^^^^^^^^^^^^^^^^^^^^^^^^^^^
  File "/usr/local/lib/python3.12/site-packages/streamlit/runtime/app_session.py", line 750, in _create_new_session_message
    _populate_user_info_msg(imsg.user_info)
  File "/usr/local/lib/python3.12/site-packages/streamlit/runtime/app_session.py", line 1154, in _populate_user_info_msg
    inst = Installation.instance()
           ^^^^^^^^^^^^^^^^^^^^^^^
  File "/usr/local/lib/python3.12/site-packages/streamlit/runtime/metrics_util.py", line 228, in instance
    cls._instance = Installation()
                    ^^^^^^^^^^^^^^
  File "/usr/local/lib/python3.12/site-packages/streamlit/runtime/metrics_util.py", line 233, in __init__
    uuid.uuid5(uuid.NAMESPACE_DNS, _get_machine_id_v3())
                                   ^^^^^^^^^^^^^^^^^^^^
  File "/usr/local/lib/python3.12/site-packages/streamlit/runtime/metrics_util.py", line 173, in _get_machine_id_v3
    machine_id = f.read()
                 ^^^^^^^^
  File "<frozen codecs>", line 322, in decode
UnicodeDecodeError: 'utf-8' codec can't decode bytes in position 25-26: invalid continuation byte
Exception in callback AppSession._on_scriptrunner_event.<locals>.<lambda>() at /usr/local/lib/python3.12/site-packages/streamlit/runtime/app_session.py:519
handle: <Handle AppSession._on_scriptrunner_event.<locals>.<lambda>() at /usr/local/lib/python3.12/site-packages/streamlit/runtime/app_session.py:519>
Traceback (most recent call last):
  File "/usr/local/lib/python3.12/asyncio/events.py", line 88, in _run
    self._context.run(self._callback, *self._args)
  File "/usr/local/lib/python3.12/site-packages/streamlit/runtime/app_session.py", line 519, in <lambda>
    lambda: self._handle_scriptrunner_event_on_event_loop(
            ^^^^^^^^^^^^^^^^^^^^^^^^^^^^^^^^^^^^^^^^^^^^^^
  File "/usr/local/lib/python3.12/site-packages/streamlit/runtime/app_session.py", line 616, in _handle_scriptrunner_event_on_event_loop
    msg = self._create_new_session_message(
          ^^^^^^^^^^^^^^^^^^^^^^^^^^^^^^^^^
  File "/usr/local/lib/python3.12/site-packages/streamlit/runtime/app_session.py", line 750, in _create_new_session_message
    _populate_user_info_msg(imsg.user_info)
  File "/usr/local/lib/python3.12/site-packages/streamlit/runtime/app_session.py", line 1154, in _populate_user_info_msg
    inst = Installation.instance()
           ^^^^^^^^^^^^^^^^^^^^^^^
  File "/usr/local/lib/python3.12/site-packages/streamlit/runtime/metrics_util.py", line 228, in instance
    cls._instance = Installation()
                    ^^^^^^^^^^^^^^
  File "/usr/local/lib/python3.12/site-packages/streamlit/runtime/metrics_util.py", line 233, in __init__
    uuid.uuid5(uuid.NAMESPACE_DNS, _get_machine_id_v3())
                                   ^^^^^^^^^^^^^^^^^^^^
  File "/usr/local/lib/python3.12/site-packages/streamlit/runtime/metrics_util.py", line 173, in _get_machine_id_v3
    machine_id = f.read()
                 ^^^^^^^^
  File "<frozen codecs>", line 322, in decode
UnicodeDecodeError: 'utf-8' codec can't decode bytes in position 25-26: invalid continuation byte
Exception in callback AppSession._on_scriptrunner_event.<locals>.<lambda>() at /usr/local/lib/python3.12/site-packages/streamlit/runtime/app_session.py:519
handle: <Handle AppSession._on_scriptrunner_event.<locals>.<lambda>() at /usr/local/lib/python3.12/site-packages/streamlit/runtime/app_session.py:519>
Traceback (most recent call last):
  File "/usr/local/lib/python3.12/asyncio/events.py", line 88, in _run
    self._context.run(self._callback, *self._args)
  File "/usr/local/lib/python3.12/site-packages/streamlit/runtime/app_session.py", line 519, in <lambda>
    lambda: self._handle_scriptrunner_event_on_event_loop(
            ^^^^^^^^^^^^^^^^^^^^^^^^^^^^^^^^^^^^^^^^^^^^^^
  File "/usr/local/lib/python3.12/site-packages/streamlit/runtime/app_session.py", line 616, in _handle_scriptrunner_event_on_event_loop
    msg = self._create_new_session_message(
          ^^^^^^^^^^^^^^^^^^^^^^^^^^^^^^^^^
  File "/usr/local/lib/python3.12/site-packages/streamlit/runtime/app_session.py", line 750, in _create_new_session_message
    _populate_user_info_msg(imsg.user_info)
  File "/usr/local/lib/python3.12/site-packages/streamlit/runtime/app_session.py", line 1154, in _populate_user_info_msg
    inst = Installation.instance()
           ^^^^^^^^^^^^^^^^^^^^^^^
  File "/usr/local/lib/python3.12/site-packages/streamlit/runtime/metrics_util.py", line 228, in instance
    cls._instance = Installation()
                    ^^^^^^^^^^^^^^
  File "/usr/local/lib/python3.12/site-packages/streamlit/runtime/metrics_util.py", line 233, in __init__
    uuid.uuid5(uuid.NAMESPACE_DNS, _get_machine_id_v3())
                                   ^^^^^^^^^^^^^^^^^^^^
  File "/usr/local/lib/python3.12/site-packages/streamlit/runtime/metrics_util.py", line 173, in _get_machine_id_v3
    machine_id = f.read()
                 ^^^^^^^^
  File "<frozen codecs>", line 322, in decode
UnicodeDecodeError: 'utf-8' codec can't decode bytes in position 25-26: invalid continuation byte
Exception in callback AppSession._on_scriptrunner_event.<locals>.<lambda>() at /usr/local/lib/python3.12/site-packages/streamlit/runtime/app_session.py:519
handle: <Handle AppSession._on_scriptrunner_event.<locals>.<lambda>() at /usr/local/lib/python3.12/site-packages/streamlit/runtime/app_session.py:519>
Traceback (most recent call last):
  File "/usr/local/lib/python3.12/asyncio/events.py", line 88, in _run
    self._context.run(self._callback, *self._args)
  File "/usr/local/lib/python3.12/site-packages/streamlit/runtime/app_session.py", line 519, in <lambda>
    lambda: self._handle_scriptrunner_event_on_event_loop(
            ^^^^^^^^^^^^^^^^^^^^^^^^^^^^^^^^^^^^^^^^^^^^^^
  File "/usr/local/lib/python3.12/site-packages/streamlit/runtime/app_session.py", line 616, in _handle_scriptrunner_event_on_event_loop
    msg = self._create_new_session_message(
          ^^^^^^^^^^^^^^^^^^^^^^^^^^^^^^^^^
  File "/usr/local/lib/python3.12/site-packages/streamlit/runtime/app_session.py", line 750, in _create_new_session_message
    _populate_user_info_msg(imsg.user_info)
  File "/usr/local/lib/python3.12/site-packages/streamlit/runtime/app_session.py", line 1154, in _populate_user_info_msg
    inst = Installation.instance()
           ^^^^^^^^^^^^^^^^^^^^^^^
  File "/usr/local/lib/python3.12/site-packages/streamlit/runtime/metrics_util.py", line 228, in instance
    cls._instance = Installation()
                    ^^^^^^^^^^^^^^
  File "/usr/local/lib/python3.12/site-packages/streamlit/runtime/metrics_util.py", line 233, in __init__
    uuid.uuid5(uuid.NAMESPACE_DNS, _get_machine_id_v3())
                                   ^^^^^^^^^^^^^^^^^^^^
  File "/usr/local/lib/python3.12/site-packages/streamlit/runtime/metrics_util.py", line 173, in _get_machine_id_v3
    machine_id = f.read()
                 ^^^^^^^^
  File "<frozen codecs>", line 322, in decode
UnicodeDecodeError: 'utf-8' codec can't decode bytes in position 25-26: invalid continuation byte
Exception in callback AppSession._on_scriptrunner_event.<locals>.<lambda>() at /usr/local/lib/python3.12/site-packages/streamlit/runtime/app_session.py:519
handle: <Handle AppSession._on_scriptrunner_event.<locals>.<lambda>() at /usr/local/lib/python3.12/site-packages/streamlit/runtime/app_session.py:519>
Traceback (most recent call last):
  File "/usr/local/lib/python3.12/asyncio/events.py", line 88, in _run
    self._context.run(self._callback, *self._args)
  File "/usr/local/lib/python3.12/site-packages/streamlit/runtime/app_session.py", line 519, in <lambda>
    lambda: self._handle_scriptrunner_event_on_event_loop(
            ^^^^^^^^^^^^^^^^^^^^^^^^^^^^^^^^^^^^^^^^^^^^^^
  File "/usr/local/lib/python3.12/site-packages/streamlit/runtime/app_session.py", line 616, in _handle_scriptrunner_event_on_event_loop
    msg = self._create_new_session_message(
          ^^^^^^^^^^^^^^^^^^^^^^^^^^^^^^^^^
  File "/usr/local/lib/python3.12/site-packages/streamlit/runtime/app_session.py", line 750, in _create_new_session_message
    _populate_user_info_msg(imsg.user_info)
  File "/usr/local/lib/python3.12/site-packages/streamlit/runtime/app_session.py", line 1154, in _populate_user_info_msg
    inst = Installation.instance()
           ^^^^^^^^^^^^^^^^^^^^^^^
  File "/usr/local/lib/python3.12/site-packages/streamlit/runtime/metrics_util.py", line 228, in instance
    cls._instance = Installation()
                    ^^^^^^^^^^^^^^
  File "/usr/local/lib/python3.12/site-packages/streamlit/runtime/metrics_util.py", line 233, in __init__
    uuid.uuid5(uuid.NAMESPACE_DNS, _get_machine_id_v3())
                                   ^^^^^^^^^^^^^^^^^^^^
  File "/usr/local/lib/python3.12/site-packages/streamlit/runtime/metrics_util.py", line 173, in _get_machine_id_v3
    machine_id = f.read()
                 ^^^^^^^^
  File "<frozen codecs>", line 322, in decode
UnicodeDecodeError: 'utf-8' codec can't decode bytes in position 25-26: invalid continuation byte
2025-09-12 17:05:48.762 Script compilation error
Traceback (most recent call last):
  File "/usr/local/lib/python3.12/site-packages/streamlit/runtime/scriptrunner/script_runner.py", line 571, in _run_script
    code = self._script_cache.get_bytecode(script_path)
           ^^^^^^^^^^^^^^^^^^^^^^^^^^^^^^^^^^^^^^^^^^^^
  File "/usr/local/lib/python3.12/site-packages/streamlit/runtime/scriptrunner/script_cache.py", line 72, in get_bytecode
    filebody = magic.add_magic(filebody, script_path)
               ^^^^^^^^^^^^^^^^^^^^^^^^^^^^^^^^^^^^^^
  File "/usr/local/lib/python3.12/site-packages/streamlit/runtime/scriptrunner/magic.py", line 45, in add_magic
    tree = ast.parse(code, script_path, "exec")
           ^^^^^^^^^^^^^^^^^^^^^^^^^^^^^^^^^^^^
  File "/usr/local/lib/python3.12/ast.py", line 52, in parse
    return compile(source, filename, mode, flags,
           ^^^^^^^^^^^^^^^^^^^^^^^^^^^^^^^^^^^^^^
  File "/home/user/webapp/streamlit_app.py", line 880
    'finding': f'**{top_percentage}
               ^
SyntaxError: unterminated f-string literal (detected at line 880)
Exception in callback AppSession._on_scriptrunner_event.<locals>.<lambda>() at /usr/local/lib/python3.12/site-packages/streamlit/runtime/app_session.py:519
handle: <Handle AppSession._on_scriptrunner_event.<locals>.<lambda>() at /usr/local/lib/python3.12/site-packages/streamlit/runtime/app_session.py:519>
Traceback (most recent call last):
  File "/usr/local/lib/python3.12/asyncio/events.py", line 88, in _run
    self._context.run(self._callback, *self._args)
  File "/usr/local/lib/python3.12/site-packages/streamlit/runtime/app_session.py", line 519, in <lambda>
    lambda: self._handle_scriptrunner_event_on_event_loop(
            ^^^^^^^^^^^^^^^^^^^^^^^^^^^^^^^^^^^^^^^^^^^^^^
  File "/usr/local/lib/python3.12/site-packages/streamlit/runtime/app_session.py", line 616, in _handle_scriptrunner_event_on_event_loop
    msg = self._create_new_session_message(
          ^^^^^^^^^^^^^^^^^^^^^^^^^^^^^^^^^
  File "/usr/local/lib/python3.12/site-packages/streamlit/runtime/app_session.py", line 750, in _create_new_session_message
    _populate_user_info_msg(imsg.user_info)
  File "/usr/local/lib/python3.12/site-packages/streamlit/runtime/app_session.py", line 1154, in _populate_user_info_msg
    inst = Installation.instance()
           ^^^^^^^^^^^^^^^^^^^^^^^
  File "/usr/local/lib/python3.12/site-packages/streamlit/runtime/metrics_util.py", line 228, in instance
    cls._instance = Installation()
                    ^^^^^^^^^^^^^^
  File "/usr/local/lib/python3.12/site-packages/streamlit/runtime/metrics_util.py", line 233, in __init__
    uuid.uuid5(uuid.NAMESPACE_DNS, _get_machine_id_v3())
                                   ^^^^^^^^^^^^^^^^^^^^
  File "/usr/local/lib/python3.12/site-packages/streamlit/runtime/metrics_util.py", line 173, in _get_machine_id_v3
    machine_id = f.read()
                 ^^^^^^^^
  File "<frozen codecs>", line 322, in decode
UnicodeDecodeError: 'utf-8' codec can't decode bytes in position 25-26: invalid continuation byte
Exception in callback AppSession._on_scriptrunner_event.<locals>.<lambda>() at /usr/local/lib/python3.12/site-packages/streamlit/runtime/app_session.py:519
handle: <Handle AppSession._on_scriptrunner_event.<locals>.<lambda>() at /usr/local/lib/python3.12/site-packages/streamlit/runtime/app_session.py:519>
Traceback (most recent call last):
  File "/usr/local/lib/python3.12/asyncio/events.py", line 88, in _run
    self._context.run(self._callback, *self._args)
  File "/usr/local/lib/python3.12/site-packages/streamlit/runtime/app_session.py", line 519, in <lambda>
    lambda: self._handle_scriptrunner_event_on_event_loop(
            ^^^^^^^^^^^^^^^^^^^^^^^^^^^^^^^^^^^^^^^^^^^^^^
  File "/usr/local/lib/python3.12/site-packages/streamlit/runtime/app_session.py", line 616, in _handle_scriptrunner_event_on_event_loop
    msg = self._create_new_session_message(
          ^^^^^^^^^^^^^^^^^^^^^^^^^^^^^^^^^
  File "/usr/local/lib/python3.12/site-packages/streamlit/runtime/app_session.py", line 750, in _create_new_session_message
    _populate_user_info_msg(imsg.user_info)
  File "/usr/local/lib/python3.12/site-packages/streamlit/runtime/app_session.py", line 1154, in _populate_user_info_msg
    inst = Installation.instance()
           ^^^^^^^^^^^^^^^^^^^^^^^
  File "/usr/local/lib/python3.12/site-packages/streamlit/runtime/metrics_util.py", line 228, in instance
    cls._instance = Installation()
                    ^^^^^^^^^^^^^^
  File "/usr/local/lib/python3.12/site-packages/streamlit/runtime/metrics_util.py", line 233, in __init__
    uuid.uuid5(uuid.NAMESPACE_DNS, _get_machine_id_v3())
                                   ^^^^^^^^^^^^^^^^^^^^
  File "/usr/local/lib/python3.12/site-packages/streamlit/runtime/metrics_util.py", line 173, in _get_machine_id_v3
    machine_id = f.read()
                 ^^^^^^^^
  File "<frozen codecs>", line 322, in decode
UnicodeDecodeError: 'utf-8' codec can't decode bytes in position 25-26: invalid continuation byte
2025-09-12 17:18:09.650 304 GET /_stcore/health (10.12.249.24) 1.62ms
2025-09-12 17:18:09.652 304 GET /_stcore/host-config (10.12.249.24) 0.93ms
2025-09-12 17:18:10.359 101 GET /_stcore/stream (10.12.249.24) 0.84ms
Exception in callback AppSession._on_scriptrunner_event.<locals>.<lambda>() at /usr/local/lib/python3.12/site-packages/streamlit/runtime/app_session.py:519
handle: <Handle AppSession._on_scriptrunner_event.<locals>.<lambda>() at /usr/local/lib/python3.12/site-packages/streamlit/runtime/app_session.py:519>
Traceback (most recent call last):
  File "/usr/local/lib/python3.12/asyncio/events.py", line 88, in _run
    self._context.run(self._callback, *self._args)
  File "/usr/local/lib/python3.12/site-packages/streamlit/runtime/app_session.py", line 519, in <lambda>
    lambda: self._handle_scriptrunner_event_on_event_loop(
            ^^^^^^^^^^^^^^^^^^^^^^^^^^^^^^^^^^^^^^^^^^^^^^
  File "/usr/local/lib/python3.12/site-packages/streamlit/runtime/app_session.py", line 616, in _handle_scriptrunner_event_on_event_loop
    msg = self._create_new_session_message(
          ^^^^^^^^^^^^^^^^^^^^^^^^^^^^^^^^^
  File "/usr/local/lib/python3.12/site-packages/streamlit/runtime/app_session.py", line 750, in _create_new_session_message
    _populate_user_info_msg(imsg.user_info)
  File "/usr/local/lib/python3.12/site-packages/streamlit/runtime/app_session.py", line 1154, in _populate_user_info_msg
    inst = Installation.instance()
           ^^^^^^^^^^^^^^^^^^^^^^^
  File "/usr/local/lib/python3.12/site-packages/streamlit/runtime/metrics_util.py", line 228, in instance
    cls._instance = Installation()
                    ^^^^^^^^^^^^^^
  File "/usr/local/lib/python3.12/site-packages/streamlit/runtime/metrics_util.py", line 233, in __init__
    uuid.uuid5(uuid.NAMESPACE_DNS, _get_machine_id_v3())
                                   ^^^^^^^^^^^^^^^^^^^^
  File "/usr/local/lib/python3.12/site-packages/streamlit/runtime/metrics_util.py", line 173, in _get_machine_id_v3
    machine_id = f.read()
                 ^^^^^^^^
  File "<frozen codecs>", line 322, in decode
UnicodeDecodeError: 'utf-8' codec can't decode bytes in position 25-26: invalid continuation byte
2025-09-12 17:38:46.289 304 GET /_stcore/health (10.12.249.24) 49.10ms
2025-09-12 17:38:46.300 304 GET /_stcore/host-config (10.12.249.24) 31.29ms
2025-09-12 17:38:46.912 101 GET /_stcore/stream (10.12.249.24) 13.06ms
Exception in callback AppSession._on_scriptrunner_event.<locals>.<lambda>() at /usr/local/lib/python3.12/site-packages/streamlit/runtime/app_session.py:519
handle: <Handle AppSession._on_scriptrunner_event.<locals>.<lambda>() at /usr/local/lib/python3.12/site-packages/streamlit/runtime/app_session.py:519>
Traceback (most recent call last):
  File "/usr/local/lib/python3.12/asyncio/events.py", line 88, in _run
    self._context.run(self._callback, *self._args)
  File "/usr/local/lib/python3.12/site-packages/streamlit/runtime/app_session.py", line 519, in <lambda>
    lambda: self._handle_scriptrunner_event_on_event_loop(
            ^^^^^^^^^^^^^^^^^^^^^^^^^^^^^^^^^^^^^^^^^^^^^^
  File "/usr/local/lib/python3.12/site-packages/streamlit/runtime/app_session.py", line 616, in _handle_scriptrunner_event_on_event_loop
    msg = self._create_new_session_message(
          ^^^^^^^^^^^^^^^^^^^^^^^^^^^^^^^^^
  File "/usr/local/lib/python3.12/site-packages/streamlit/runtime/app_session.py", line 750, in _create_new_session_message
    _populate_user_info_msg(imsg.user_info)
  File "/usr/local/lib/python3.12/site-packages/streamlit/runtime/app_session.py", line 1154, in _populate_user_info_msg
    inst = Installation.instance()
           ^^^^^^^^^^^^^^^^^^^^^^^
  File "/usr/local/lib/python3.12/site-packages/streamlit/runtime/metrics_util.py", line 228, in instance
    cls._instance = Installation()
                    ^^^^^^^^^^^^^^
  File "/usr/local/lib/python3.12/site-packages/streamlit/runtime/metrics_util.py", line 233, in __init__
    uuid.uuid5(uuid.NAMESPACE_DNS, _get_machine_id_v3())
                                   ^^^^^^^^^^^^^^^^^^^^
  File "/usr/local/lib/python3.12/site-packages/streamlit/runtime/metrics_util.py", line 173, in _get_machine_id_v3
    machine_id = f.read()
                 ^^^^^^^^
  File "<frozen codecs>", line 322, in decode
UnicodeDecodeError: 'utf-8' codec can't decode bytes in position 25-26: invalid continuation byte
Exception in callback AppSession._on_scriptrunner_event.<locals>.<lambda>() at /usr/local/lib/python3.12/site-packages/streamlit/runtime/app_session.py:519
handle: <Handle AppSession._on_scriptrunner_event.<locals>.<lambda>() at /usr/local/lib/python3.12/site-packages/streamlit/runtime/app_session.py:519>
Traceback (most recent call last):
  File "/usr/local/lib/python3.12/asyncio/events.py", line 88, in _run
    self._context.run(self._callback, *self._args)
  File "/usr/local/lib/python3.12/site-packages/streamlit/runtime/app_session.py", line 519, in <lambda>
    lambda: self._handle_scriptrunner_event_on_event_loop(
            ^^^^^^^^^^^^^^^^^^^^^^^^^^^^^^^^^^^^^^^^^^^^^^
  File "/usr/local/lib/python3.12/site-packages/streamlit/runtime/app_session.py", line 616, in _handle_scriptrunner_event_on_event_loop
    msg = self._create_new_session_message(
          ^^^^^^^^^^^^^^^^^^^^^^^^^^^^^^^^^
  File "/usr/local/lib/python3.12/site-packages/streamlit/runtime/app_session.py", line 750, in _create_new_session_message
    _populate_user_info_msg(imsg.user_info)
  File "/usr/local/lib/python3.12/site-packages/streamlit/runtime/app_session.py", line 1154, in _populate_user_info_msg
    inst = Installation.instance()
           ^^^^^^^^^^^^^^^^^^^^^^^
  File "/usr/local/lib/python3.12/site-packages/streamlit/runtime/metrics_util.py", line 228, in instance
    cls._instance = Installation()
                    ^^^^^^^^^^^^^^
  File "/usr/local/lib/python3.12/site-packages/streamlit/runtime/metrics_util.py", line 233, in __init__
    uuid.uuid5(uuid.NAMESPACE_DNS, _get_machine_id_v3())
                                   ^^^^^^^^^^^^^^^^^^^^
  File "/usr/local/lib/python3.12/site-packages/streamlit/runtime/metrics_util.py", line 173, in _get_machine_id_v3
    machine_id = f.read()
                 ^^^^^^^^
  File "<frozen codecs>", line 322, in decode
UnicodeDecodeError: 'utf-8' codec can't decode bytes in position 25-26: invalid continuation byte
Exception in callback AppSession._on_scriptrunner_event.<locals>.<lambda>() at /usr/local/lib/python3.12/site-packages/streamlit/runtime/app_session.py:519
handle: <Handle AppSession._on_scriptrunner_event.<locals>.<lambda>() at /usr/local/lib/python3.12/site-packages/streamlit/runtime/app_session.py:519>
Traceback (most recent call last):
  File "/usr/local/lib/python3.12/asyncio/events.py", line 88, in _run
    self._context.run(self._callback, *self._args)
  File "/usr/local/lib/python3.12/site-packages/streamlit/runtime/app_session.py", line 519, in <lambda>
    lambda: self._handle_scriptrunner_event_on_event_loop(
            ^^^^^^^^^^^^^^^^^^^^^^^^^^^^^^^^^^^^^^^^^^^^^^
  File "/usr/local/lib/python3.12/site-packages/streamlit/runtime/app_session.py", line 616, in _handle_scriptrunner_event_on_event_loop
    msg = self._create_new_session_message(
          ^^^^^^^^^^^^^^^^^^^^^^^^^^^^^^^^^
  File "/usr/local/lib/python3.12/site-packages/streamlit/runtime/app_session.py", line 750, in _create_new_session_message
    _populate_user_info_msg(imsg.user_info)
  File "/usr/local/lib/python3.12/site-packages/streamlit/runtime/app_session.py", line 1154, in _populate_user_info_msg
    inst = Installation.instance()
           ^^^^^^^^^^^^^^^^^^^^^^^
  File "/usr/local/lib/python3.12/site-packages/streamlit/runtime/metrics_util.py", line 228, in instance
    cls._instance = Installation()
                    ^^^^^^^^^^^^^^
  File "/usr/local/lib/python3.12/site-packages/streamlit/runtime/metrics_util.py", line 233, in __init__
    uuid.uuid5(uuid.NAMESPACE_DNS, _get_machine_id_v3())
                                   ^^^^^^^^^^^^^^^^^^^^
  File "/usr/local/lib/python3.12/site-packages/streamlit/runtime/metrics_util.py", line 173, in _get_machine_id_v3
    machine_id = f.read()
                 ^^^^^^^^
  File "<frozen codecs>", line 322, in decode
UnicodeDecodeError: 'utf-8' codec can't decode bytes in position 25-26: invalid continuation byte
Exception in callback AppSession._on_scriptrunner_event.<locals>.<lambda>() at /usr/local/lib/python3.12/site-packages/streamlit/runtime/app_session.py:519
handle: <Handle AppSession._on_scriptrunner_event.<locals>.<lambda>() at /usr/local/lib/python3.12/site-packages/streamlit/runtime/app_session.py:519>
Traceback (most recent call last):
  File "/usr/local/lib/python3.12/asyncio/events.py", line 88, in _run
    self._context.run(self._callback, *self._args)
  File "/usr/local/lib/python3.12/site-packages/streamlit/runtime/app_session.py", line 519, in <lambda>
    lambda: self._handle_scriptrunner_event_on_event_loop(
            ^^^^^^^^^^^^^^^^^^^^^^^^^^^^^^^^^^^^^^^^^^^^^^
  File "/usr/local/lib/python3.12/site-packages/streamlit/runtime/app_session.py", line 616, in _handle_scriptrunner_event_on_event_loop
    msg = self._create_new_session_message(
          ^^^^^^^^^^^^^^^^^^^^^^^^^^^^^^^^^
  File "/usr/local/lib/python3.12/site-packages/streamlit/runtime/app_session.py", line 750, in _create_new_session_message
    _populate_user_info_msg(imsg.user_info)
  File "/usr/local/lib/python3.12/site-packages/streamlit/runtime/app_session.py", line 1154, in _populate_user_info_msg
    inst = Installation.instance()
           ^^^^^^^^^^^^^^^^^^^^^^^
  File "/usr/local/lib/python3.12/site-packages/streamlit/runtime/metrics_util.py", line 228, in instance
    cls._instance = Installation()
                    ^^^^^^^^^^^^^^
  File "/usr/local/lib/python3.12/site-packages/streamlit/runtime/metrics_util.py", line 233, in __init__
    uuid.uuid5(uuid.NAMESPACE_DNS, _get_machine_id_v3())
                                   ^^^^^^^^^^^^^^^^^^^^
  File "/usr/local/lib/python3.12/site-packages/streamlit/runtime/metrics_util.py", line 173, in _get_machine_id_v3
    machine_id = f.read()
                 ^^^^^^^^
  File "<frozen codecs>", line 322, in decode
UnicodeDecodeError: 'utf-8' codec can't decode bytes in position 25-26: invalid continuation byte
Exception in callback AppSession._on_scriptrunner_event.<locals>.<lambda>() at /usr/local/lib/python3.12/site-packages/streamlit/runtime/app_session.py:519
handle: <Handle AppSession._on_scriptrunner_event.<locals>.<lambda>() at /usr/local/lib/python3.12/site-packages/streamlit/runtime/app_session.py:519>
Traceback (most recent call last):
  File "/usr/local/lib/python3.12/asyncio/events.py", line 88, in _run
    self._context.run(self._callback, *self._args)
  File "/usr/local/lib/python3.12/site-packages/streamlit/runtime/app_session.py", line 519, in <lambda>
    lambda: self._handle_scriptrunner_event_on_event_loop(
            ^^^^^^^^^^^^^^^^^^^^^^^^^^^^^^^^^^^^^^^^^^^^^^
  File "/usr/local/lib/python3.12/site-packages/streamlit/runtime/app_session.py", line 616, in _handle_scriptrunner_event_on_event_loop
    msg = self._create_new_session_message(
          ^^^^^^^^^^^^^^^^^^^^^^^^^^^^^^^^^
  File "/usr/local/lib/python3.12/site-packages/streamlit/runtime/app_session.py", line 750, in _create_new_session_message
    _populate_user_info_msg(imsg.user_info)
  File "/usr/local/lib/python3.12/site-packages/streamlit/runtime/app_session.py", line 1154, in _populate_user_info_msg
    inst = Installation.instance()
           ^^^^^^^^^^^^^^^^^^^^^^^
  File "/usr/local/lib/python3.12/site-packages/streamlit/runtime/metrics_util.py", line 228, in instance
    cls._instance = Installation()
                    ^^^^^^^^^^^^^^
  File "/usr/local/lib/python3.12/site-packages/streamlit/runtime/metrics_util.py", line 233, in __init__
    uuid.uuid5(uuid.NAMESPACE_DNS, _get_machine_id_v3())
                                   ^^^^^^^^^^^^^^^^^^^^
  File "/usr/local/lib/python3.12/site-packages/streamlit/runtime/metrics_util.py", line 173, in _get_machine_id_v3
    machine_id = f.read()
                 ^^^^^^^^
  File "<frozen codecs>", line 322, in decode
UnicodeDecodeError: 'utf-8' codec can't decode bytes in position 25-26: invalid continuation byte
Exception in callback AppSession._on_scriptrunner_event.<locals>.<lambda>() at /usr/local/lib/python3.12/site-packages/streamlit/runtime/app_session.py:519
handle: <Handle AppSession._on_scriptrunner_event.<locals>.<lambda>() at /usr/local/lib/python3.12/site-packages/streamlit/runtime/app_session.py:519>
Traceback (most recent call last):
  File "/usr/local/lib/python3.12/asyncio/events.py", line 88, in _run
    self._context.run(self._callback, *self._args)
  File "/usr/local/lib/python3.12/site-packages/streamlit/runtime/app_session.py", line 519, in <lambda>
    lambda: self._handle_scriptrunner_event_on_event_loop(
            ^^^^^^^^^^^^^^^^^^^^^^^^^^^^^^^^^^^^^^^^^^^^^^
  File "/usr/local/lib/python3.12/site-packages/streamlit/runtime/app_session.py", line 616, in _handle_scriptrunner_event_on_event_loop
    msg = self._create_new_session_message(
          ^^^^^^^^^^^^^^^^^^^^^^^^^^^^^^^^^
  File "/usr/local/lib/python3.12/site-packages/streamlit/runtime/app_session.py", line 750, in _create_new_session_message
    _populate_user_info_msg(imsg.user_info)
  File "/usr/local/lib/python3.12/site-packages/streamlit/runtime/app_session.py", line 1154, in _populate_user_info_msg
    inst = Installation.instance()
           ^^^^^^^^^^^^^^^^^^^^^^^
  File "/usr/local/lib/python3.12/site-packages/streamlit/runtime/metrics_util.py", line 228, in instance
    cls._instance = Installation()
                    ^^^^^^^^^^^^^^
  File "/usr/local/lib/python3.12/site-packages/streamlit/runtime/metrics_util.py", line 233, in __init__
    uuid.uuid5(uuid.NAMESPACE_DNS, _get_machine_id_v3())
                                   ^^^^^^^^^^^^^^^^^^^^
  File "/usr/local/lib/python3.12/site-packages/streamlit/runtime/metrics_util.py", line 173, in _get_machine_id_v3
    machine_id = f.read()
                 ^^^^^^^^
  File "<frozen codecs>", line 322, in decode
UnicodeDecodeError: 'utf-8' codec can't decode bytes in position 25-26: invalid continuation byte
2025-09-12 18:17:06.126 Script compilation error
Traceback (most recent call last):
  File "/usr/local/lib/python3.12/site-packages/streamlit/runtime/scriptrunner/script_runner.py", line 571, in _run_script
    code = self._script_cache.get_bytecode(script_path)
           ^^^^^^^^^^^^^^^^^^^^^^^^^^^^^^^^^^^^^^^^^^^^
  File "/usr/local/lib/python3.12/site-packages/streamlit/runtime/scriptrunner/script_cache.py", line 72, in get_bytecode
    filebody = magic.add_magic(filebody, script_path)
               ^^^^^^^^^^^^^^^^^^^^^^^^^^^^^^^^^^^^^^
  File "/usr/local/lib/python3.12/site-packages/streamlit/runtime/scriptrunner/magic.py", line 45, in add_magic
    tree = ast.parse(code, script_path, "exec")
           ^^^^^^^^^^^^^^^^^^^^^^^^^^^^^^^^^^^^
  File "/usr/local/lib/python3.12/ast.py", line 52, in parse
    return compile(source, filename, mode, flags,
           ^^^^^^^^^^^^^^^^^^^^^^^^^^^^^^^^^^^^^^
  File "/home/user/webapp/streamlit_app.py", line 877
    takeaways.append({
                     ^
SyntaxError: '{' was never closed
Exception in callback AppSession._on_scriptrunner_event.<locals>.<lambda>() at /usr/local/lib/python3.12/site-packages/streamlit/runtime/app_session.py:519
handle: <Handle AppSession._on_scriptrunner_event.<locals>.<lambda>() at /usr/local/lib/python3.12/site-packages/streamlit/runtime/app_session.py:519>
Traceback (most recent call last):
  File "/usr/local/lib/python3.12/asyncio/events.py", line 88, in _run
    self._context.run(self._callback, *self._args)
  File "/usr/local/lib/python3.12/site-packages/streamlit/runtime/app_session.py", line 519, in <lambda>
    lambda: self._handle_scriptrunner_event_on_event_loop(
            ^^^^^^^^^^^^^^^^^^^^^^^^^^^^^^^^^^^^^^^^^^^^^^
  File "/usr/local/lib/python3.12/site-packages/streamlit/runtime/app_session.py", line 616, in _handle_scriptrunner_event_on_event_loop
    msg = self._create_new_session_message(
          ^^^^^^^^^^^^^^^^^^^^^^^^^^^^^^^^^
  File "/usr/local/lib/python3.12/site-packages/streamlit/runtime/app_session.py", line 750, in _create_new_session_message
    _populate_user_info_msg(imsg.user_info)
  File "/usr/local/lib/python3.12/site-packages/streamlit/runtime/app_session.py", line 1154, in _populate_user_info_msg
    inst = Installation.instance()
           ^^^^^^^^^^^^^^^^^^^^^^^
  File "/usr/local/lib/python3.12/site-packages/streamlit/runtime/metrics_util.py", line 228, in instance
    cls._instance = Installation()
                    ^^^^^^^^^^^^^^
  File "/usr/local/lib/python3.12/site-packages/streamlit/runtime/metrics_util.py", line 233, in __init__
    uuid.uuid5(uuid.NAMESPACE_DNS, _get_machine_id_v3())
                                   ^^^^^^^^^^^^^^^^^^^^
  File "/usr/local/lib/python3.12/site-packages/streamlit/runtime/metrics_util.py", line 173, in _get_machine_id_v3
    machine_id = f.read()
                 ^^^^^^^^
  File "<frozen codecs>", line 322, in decode
UnicodeDecodeError: 'utf-8' codec can't decode bytes in position 25-26: invalid continuation byte
Exception in callback AppSession._on_scriptrunner_event.<locals>.<lambda>() at /usr/local/lib/python3.12/site-packages/streamlit/runtime/app_session.py:519
handle: <Handle AppSession._on_scriptrunner_event.<locals>.<lambda>() at /usr/local/lib/python3.12/site-packages/streamlit/runtime/app_session.py:519>
Traceback (most recent call last):
  File "/usr/local/lib/python3.12/asyncio/events.py", line 88, in _run
    self._context.run(self._callback, *self._args)
  File "/usr/local/lib/python3.12/site-packages/streamlit/runtime/app_session.py", line 519, in <lambda>
    lambda: self._handle_scriptrunner_event_on_event_loop(
            ^^^^^^^^^^^^^^^^^^^^^^^^^^^^^^^^^^^^^^^^^^^^^^
  File "/usr/local/lib/python3.12/site-packages/streamlit/runtime/app_session.py", line 616, in _handle_scriptrunner_event_on_event_loop
    msg = self._create_new_session_message(
          ^^^^^^^^^^^^^^^^^^^^^^^^^^^^^^^^^
  File "/usr/local/lib/python3.12/site-packages/streamlit/runtime/app_session.py", line 750, in _create_new_session_message
    _populate_user_info_msg(imsg.user_info)
  File "/usr/local/lib/python3.12/site-packages/streamlit/runtime/app_session.py", line 1154, in _populate_user_info_msg
    inst = Installation.instance()
           ^^^^^^^^^^^^^^^^^^^^^^^
  File "/usr/local/lib/python3.12/site-packages/streamlit/runtime/metrics_util.py", line 228, in instance
    cls._instance = Installation()
                    ^^^^^^^^^^^^^^
  File "/usr/local/lib/python3.12/site-packages/streamlit/runtime/metrics_util.py", line 233, in __init__
    uuid.uuid5(uuid.NAMESPACE_DNS, _get_machine_id_v3())
                                   ^^^^^^^^^^^^^^^^^^^^
  File "/usr/local/lib/python3.12/site-packages/streamlit/runtime/metrics_util.py", line 173, in _get_machine_id_v3
    machine_id = f.read()
                 ^^^^^^^^
  File "<frozen codecs>", line 322, in decode
UnicodeDecodeError: 'utf-8' codec can't decode bytes in position 25-26: invalid continuation byte
2025-09-12 18:17:06.189 Thread 'MainThread': missing ScriptRunContext! This warning can be ignored when running in bare mode.
Exception in callback AppSession._on_scriptrunner_event.<locals>.<lambda>() at /usr/local/lib/python3.12/site-packages/streamlit/runtime/app_session.py:519
handle: <Handle AppSession._on_scriptrunner_event.<locals>.<lambda>() at /usr/local/lib/python3.12/site-packages/streamlit/runtime/app_session.py:519>
Traceback (most recent call last):
  File "/usr/local/lib/python3.12/asyncio/events.py", line 88, in _run
    self._context.run(self._callback, *self._args)
  File "/usr/local/lib/python3.12/site-packages/streamlit/runtime/app_session.py", line 519, in <lambda>
    lambda: self._handle_scriptrunner_event_on_event_loop(
            ^^^^^^^^^^^^^^^^^^^^^^^^^^^^^^^^^^^^^^^^^^^^^^
  File "/usr/local/lib/python3.12/site-packages/streamlit/runtime/app_session.py", line 616, in _handle_scriptrunner_event_on_event_loop
    msg = self._create_new_session_message(
          ^^^^^^^^^^^^^^^^^^^^^^^^^^^^^^^^^
  File "/usr/local/lib/python3.12/site-packages/streamlit/runtime/app_session.py", line 750, in _create_new_session_message
    _populate_user_info_msg(imsg.user_info)
  File "/usr/local/lib/python3.12/site-packages/streamlit/runtime/app_session.py", line 1154, in _populate_user_info_msg
    inst = Installation.instance()
           ^^^^^^^^^^^^^^^^^^^^^^^
  File "/usr/local/lib/python3.12/site-packages/streamlit/runtime/metrics_util.py", line 228, in instance
    cls._instance = Installation()
                    ^^^^^^^^^^^^^^
  File "/usr/local/lib/python3.12/site-packages/streamlit/runtime/metrics_util.py", line 233, in __init__
    uuid.uuid5(uuid.NAMESPACE_DNS, _get_machine_id_v3())
                                   ^^^^^^^^^^^^^^^^^^^^
  File "/usr/local/lib/python3.12/site-packages/streamlit/runtime/metrics_util.py", line 173, in _get_machine_id_v3
    machine_id = f.read()
                 ^^^^^^^^
  File "<frozen codecs>", line 322, in decode
UnicodeDecodeError: 'utf-8' codec can't decode bytes in position 25-26: invalid continuation byte
Exception in callback AppSession._on_scriptrunner_event.<locals>.<lambda>() at /usr/local/lib/python3.12/site-packages/streamlit/runtime/app_session.py:519
handle: <Handle AppSession._on_scriptrunner_event.<locals>.<lambda>() at /usr/local/lib/python3.12/site-packages/streamlit/runtime/app_session.py:519>
Traceback (most recent call last):
  File "/usr/local/lib/python3.12/asyncio/events.py", line 88, in _run
    self._context.run(self._callback, *self._args)
  File "/usr/local/lib/python3.12/site-packages/streamlit/runtime/app_session.py", line 519, in <lambda>
    lambda: self._handle_scriptrunner_event_on_event_loop(
            ^^^^^^^^^^^^^^^^^^^^^^^^^^^^^^^^^^^^^^^^^^^^^^
  File "/usr/local/lib/python3.12/site-packages/streamlit/runtime/app_session.py", line 616, in _handle_scriptrunner_event_on_event_loop
    msg = self._create_new_session_message(
          ^^^^^^^^^^^^^^^^^^^^^^^^^^^^^^^^^
  File "/usr/local/lib/python3.12/site-packages/streamlit/runtime/app_session.py", line 750, in _create_new_session_message
    _populate_user_info_msg(imsg.user_info)
  File "/usr/local/lib/python3.12/site-packages/streamlit/runtime/app_session.py", line 1154, in _populate_user_info_msg
    inst = Installation.instance()
           ^^^^^^^^^^^^^^^^^^^^^^^
  File "/usr/local/lib/python3.12/site-packages/streamlit/runtime/metrics_util.py", line 228, in instance
    cls._instance = Installation()
                    ^^^^^^^^^^^^^^
  File "/usr/local/lib/python3.12/site-packages/streamlit/runtime/metrics_util.py", line 233, in __init__
    uuid.uuid5(uuid.NAMESPACE_DNS, _get_machine_id_v3())
                                   ^^^^^^^^^^^^^^^^^^^^
  File "/usr/local/lib/python3.12/site-packages/streamlit/runtime/metrics_util.py", line 173, in _get_machine_id_v3
    machine_id = f.read()
                 ^^^^^^^^
  File "<frozen codecs>", line 322, in decode
UnicodeDecodeError: 'utf-8' codec can't decode bytes in position 25-26: invalid continuation byte
Exception in callback AppSession._on_scriptrunner_event.<locals>.<lambda>() at /usr/local/lib/python3.12/site-packages/streamlit/runtime/app_session.py:519
handle: <Handle AppSession._on_scriptrunner_event.<locals>.<lambda>() at /usr/local/lib/python3.12/site-packages/streamlit/runtime/app_session.py:519>
Traceback (most recent call last):
  File "/usr/local/lib/python3.12/asyncio/events.py", line 88, in _run
    self._context.run(self._callback, *self._args)
  File "/usr/local/lib/python3.12/site-packages/streamlit/runtime/app_session.py", line 519, in <lambda>
    lambda: self._handle_scriptrunner_event_on_event_loop(
            ^^^^^^^^^^^^^^^^^^^^^^^^^^^^^^^^^^^^^^^^^^^^^^
  File "/usr/local/lib/python3.12/site-packages/streamlit/runtime/app_session.py", line 616, in _handle_scriptrunner_event_on_event_loop
    msg = self._create_new_session_message(
          ^^^^^^^^^^^^^^^^^^^^^^^^^^^^^^^^^
  File "/usr/local/lib/python3.12/site-packages/streamlit/runtime/app_session.py", line 750, in _create_new_session_message
    _populate_user_info_msg(imsg.user_info)
  File "/usr/local/lib/python3.12/site-packages/streamlit/runtime/app_session.py", line 1154, in _populate_user_info_msg
    inst = Installation.instance()
           ^^^^^^^^^^^^^^^^^^^^^^^
  File "/usr/local/lib/python3.12/site-packages/streamlit/runtime/metrics_util.py", line 228, in instance
    cls._instance = Installation()
                    ^^^^^^^^^^^^^^
  File "/usr/local/lib/python3.12/site-packages/streamlit/runtime/metrics_util.py", line 233, in __init__
    uuid.uuid5(uuid.NAMESPACE_DNS, _get_machine_id_v3())
                                   ^^^^^^^^^^^^^^^^^^^^
  File "/usr/local/lib/python3.12/site-packages/streamlit/runtime/metrics_util.py", line 173, in _get_machine_id_v3
    machine_id = f.read()
                 ^^^^^^^^
  File "<frozen codecs>", line 322, in decode
UnicodeDecodeError: 'utf-8' codec can't decode bytes in position 25-26: invalid continuation byte
Exception in callback AppSession._on_scriptrunner_event.<locals>.<lambda>() at /usr/local/lib/python3.12/site-packages/streamlit/runtime/app_session.py:519
handle: <Handle AppSession._on_scriptrunner_event.<locals>.<lambda>() at /usr/local/lib/python3.12/site-packages/streamlit/runtime/app_session.py:519>
Traceback (most recent call last):
  File "/usr/local/lib/python3.12/asyncio/events.py", line 88, in _run
    self._context.run(self._callback, *self._args)
  File "/usr/local/lib/python3.12/site-packages/streamlit/runtime/app_session.py", line 519, in <lambda>
    lambda: self._handle_scriptrunner_event_on_event_loop(
            ^^^^^^^^^^^^^^^^^^^^^^^^^^^^^^^^^^^^^^^^^^^^^^
  File "/usr/local/lib/python3.12/site-packages/streamlit/runtime/app_session.py", line 616, in _handle_scriptrunner_event_on_event_loop
    msg = self._create_new_session_message(
          ^^^^^^^^^^^^^^^^^^^^^^^^^^^^^^^^^
  File "/usr/local/lib/python3.12/site-packages/streamlit/runtime/app_session.py", line 750, in _create_new_session_message
    _populate_user_info_msg(imsg.user_info)
  File "/usr/local/lib/python3.12/site-packages/streamlit/runtime/app_session.py", line 1154, in _populate_user_info_msg
    inst = Installation.instance()
           ^^^^^^^^^^^^^^^^^^^^^^^
  File "/usr/local/lib/python3.12/site-packages/streamlit/runtime/metrics_util.py", line 228, in instance
    cls._instance = Installation()
                    ^^^^^^^^^^^^^^
  File "/usr/local/lib/python3.12/site-packages/streamlit/runtime/metrics_util.py", line 233, in __init__
    uuid.uuid5(uuid.NAMESPACE_DNS, _get_machine_id_v3())
                                   ^^^^^^^^^^^^^^^^^^^^
  File "/usr/local/lib/python3.12/site-packages/streamlit/runtime/metrics_util.py", line 173, in _get_machine_id_v3
    machine_id = f.read()
                 ^^^^^^^^
  File "<frozen codecs>", line 322, in decode
UnicodeDecodeError: 'utf-8' codec can't decode bytes in position 25-26: invalid continuation byte
Exception in callback AppSession._on_scriptrunner_event.<locals>.<lambda>() at /usr/local/lib/python3.12/site-packages/streamlit/runtime/app_session.py:519
handle: <Handle AppSession._on_scriptrunner_event.<locals>.<lambda>() at /usr/local/lib/python3.12/site-packages/streamlit/runtime/app_session.py:519>
Traceback (most recent call last):
  File "/usr/local/lib/python3.12/asyncio/events.py", line 88, in _run
    self._context.run(self._callback, *self._args)
  File "/usr/local/lib/python3.12/site-packages/streamlit/runtime/app_session.py", line 519, in <lambda>
    lambda: self._handle_scriptrunner_event_on_event_loop(
            ^^^^^^^^^^^^^^^^^^^^^^^^^^^^^^^^^^^^^^^^^^^^^^
  File "/usr/local/lib/python3.12/site-packages/streamlit/runtime/app_session.py", line 616, in _handle_scriptrunner_event_on_event_loop
    msg = self._create_new_session_message(
          ^^^^^^^^^^^^^^^^^^^^^^^^^^^^^^^^^
  File "/usr/local/lib/python3.12/site-packages/streamlit/runtime/app_session.py", line 750, in _create_new_session_message
    _populate_user_info_msg(imsg.user_info)
  File "/usr/local/lib/python3.12/site-packages/streamlit/runtime/app_session.py", line 1154, in _populate_user_info_msg
    inst = Installation.instance()
           ^^^^^^^^^^^^^^^^^^^^^^^
  File "/usr/local/lib/python3.12/site-packages/streamlit/runtime/metrics_util.py", line 228, in instance
    cls._instance = Installation()
                    ^^^^^^^^^^^^^^
  File "/usr/local/lib/python3.12/site-packages/streamlit/runtime/metrics_util.py", line 233, in __init__
    uuid.uuid5(uuid.NAMESPACE_DNS, _get_machine_id_v3())
                                   ^^^^^^^^^^^^^^^^^^^^
  File "/usr/local/lib/python3.12/site-packages/streamlit/runtime/metrics_util.py", line 173, in _get_machine_id_v3
    machine_id = f.read()
                 ^^^^^^^^
  File "<frozen codecs>", line 322, in decode
UnicodeDecodeError: 'utf-8' codec can't decode bytes in position 25-26: invalid continuation byte
Exception in callback AppSession._on_scriptrunner_event.<locals>.<lambda>() at /usr/local/lib/python3.12/site-packages/streamlit/runtime/app_session.py:519
handle: <Handle AppSession._on_scriptrunner_event.<locals>.<lambda>() at /usr/local/lib/python3.12/site-packages/streamlit/runtime/app_session.py:519>
Traceback (most recent call last):
  File "/usr/local/lib/python3.12/asyncio/events.py", line 88, in _run
    self._context.run(self._callback, *self._args)
  File "/usr/local/lib/python3.12/site-packages/streamlit/runtime/app_session.py", line 519, in <lambda>
    lambda: self._handle_scriptrunner_event_on_event_loop(
            ^^^^^^^^^^^^^^^^^^^^^^^^^^^^^^^^^^^^^^^^^^^^^^
  File "/usr/local/lib/python3.12/site-packages/streamlit/runtime/app_session.py", line 616, in _handle_scriptrunner_event_on_event_loop
    msg = self._create_new_session_message(
          ^^^^^^^^^^^^^^^^^^^^^^^^^^^^^^^^^
  File "/usr/local/lib/python3.12/site-packages/streamlit/runtime/app_session.py", line 750, in _create_new_session_message
    _populate_user_info_msg(imsg.user_info)
  File "/usr/local/lib/python3.12/site-packages/streamlit/runtime/app_session.py", line 1154, in _populate_user_info_msg
    inst = Installation.instance()
           ^^^^^^^^^^^^^^^^^^^^^^^
  File "/usr/local/lib/python3.12/site-packages/streamlit/runtime/metrics_util.py", line 228, in instance
    cls._instance = Installation()
                    ^^^^^^^^^^^^^^
  File "/usr/local/lib/python3.12/site-packages/streamlit/runtime/metrics_util.py", line 233, in __init__
    uuid.uuid5(uuid.NAMESPACE_DNS, _get_machine_id_v3())
                                   ^^^^^^^^^^^^^^^^^^^^
  File "/usr/local/lib/python3.12/site-packages/streamlit/runtime/metrics_util.py", line 173, in _get_machine_id_v3
    machine_id = f.read()
                 ^^^^^^^^
  File "<frozen codecs>", line 322, in decode
UnicodeDecodeError: 'utf-8' codec can't decode bytes in position 25-26: invalid continuation byte
Exception in callback AppSession._on_scriptrunner_event.<locals>.<lambda>() at /usr/local/lib/python3.12/site-packages/streamlit/runtime/app_session.py:519
handle: <Handle AppSession._on_scriptrunner_event.<locals>.<lambda>() at /usr/local/lib/python3.12/site-packages/streamlit/runtime/app_session.py:519>
Traceback (most recent call last):
  File "/usr/local/lib/python3.12/asyncio/events.py", line 88, in _run
    self._context.run(self._callback, *self._args)
  File "/usr/local/lib/python3.12/site-packages/streamlit/runtime/app_session.py", line 519, in <lambda>
    lambda: self._handle_scriptrunner_event_on_event_loop(
            ^^^^^^^^^^^^^^^^^^^^^^^^^^^^^^^^^^^^^^^^^^^^^^
  File "/usr/local/lib/python3.12/site-packages/streamlit/runtime/app_session.py", line 616, in _handle_scriptrunner_event_on_event_loop
    msg = self._create_new_session_message(
          ^^^^^^^^^^^^^^^^^^^^^^^^^^^^^^^^^
  File "/usr/local/lib/python3.12/site-packages/streamlit/runtime/app_session.py", line 750, in _create_new_session_message
    _populate_user_info_msg(imsg.user_info)
  File "/usr/local/lib/python3.12/site-packages/streamlit/runtime/app_session.py", line 1154, in _populate_user_info_msg
    inst = Installation.instance()
           ^^^^^^^^^^^^^^^^^^^^^^^
  File "/usr/local/lib/python3.12/site-packages/streamlit/runtime/metrics_util.py", line 228, in instance
    cls._instance = Installation()
                    ^^^^^^^^^^^^^^
  File "/usr/local/lib/python3.12/site-packages/streamlit/runtime/metrics_util.py", line 233, in __init__
    uuid.uuid5(uuid.NAMESPACE_DNS, _get_machine_id_v3())
                                   ^^^^^^^^^^^^^^^^^^^^
  File "/usr/local/lib/python3.12/site-packages/streamlit/runtime/metrics_util.py", line 173, in _get_machine_id_v3
    machine_id = f.read()
                 ^^^^^^^^
  File "<frozen codecs>", line 322, in decode
UnicodeDecodeError: 'utf-8' codec can't decode bytes in position 25-26: invalid continuation byte
Exception in callback AppSession._on_scriptrunner_event.<locals>.<lambda>() at /usr/local/lib/python3.12/site-packages/streamlit/runtime/app_session.py:519
handle: <Handle AppSession._on_scriptrunner_event.<locals>.<lambda>() at /usr/local/lib/python3.12/site-packages/streamlit/runtime/app_session.py:519>
Traceback (most recent call last):
  File "/usr/local/lib/python3.12/asyncio/events.py", line 88, in _run
    self._context.run(self._callback, *self._args)
  File "/usr/local/lib/python3.12/site-packages/streamlit/runtime/app_session.py", line 519, in <lambda>
    lambda: self._handle_scriptrunner_event_on_event_loop(
            ^^^^^^^^^^^^^^^^^^^^^^^^^^^^^^^^^^^^^^^^^^^^^^
  File "/usr/local/lib/python3.12/site-packages/streamlit/runtime/app_session.py", line 616, in _handle_scriptrunner_event_on_event_loop
    msg = self._create_new_session_message(
          ^^^^^^^^^^^^^^^^^^^^^^^^^^^^^^^^^
  File "/usr/local/lib/python3.12/site-packages/streamlit/runtime/app_session.py", line 750, in _create_new_session_message
    _populate_user_info_msg(imsg.user_info)
  File "/usr/local/lib/python3.12/site-packages/streamlit/runtime/app_session.py", line 1154, in _populate_user_info_msg
    inst = Installation.instance()
           ^^^^^^^^^^^^^^^^^^^^^^^
  File "/usr/local/lib/python3.12/site-packages/streamlit/runtime/metrics_util.py", line 228, in instance
    cls._instance = Installation()
                    ^^^^^^^^^^^^^^
  File "/usr/local/lib/python3.12/site-packages/streamlit/runtime/metrics_util.py", line 233, in __init__
    uuid.uuid5(uuid.NAMESPACE_DNS, _get_machine_id_v3())
                                   ^^^^^^^^^^^^^^^^^^^^
  File "/usr/local/lib/python3.12/site-packages/streamlit/runtime/metrics_util.py", line 173, in _get_machine_id_v3
    machine_id = f.read()
                 ^^^^^^^^
  File "<frozen codecs>", line 322, in decode
UnicodeDecodeError: 'utf-8' codec can't decode bytes in position 25-26: invalid continuation byte
Exception in callback AppSession._on_scriptrunner_event.<locals>.<lambda>() at /usr/local/lib/python3.12/site-packages/streamlit/runtime/app_session.py:519
handle: <Handle AppSession._on_scriptrunner_event.<locals>.<lambda>() at /usr/local/lib/python3.12/site-packages/streamlit/runtime/app_session.py:519>
Traceback (most recent call last):
  File "/usr/local/lib/python3.12/asyncio/events.py", line 88, in _run
    self._context.run(self._callback, *self._args)
  File "/usr/local/lib/python3.12/site-packages/streamlit/runtime/app_session.py", line 519, in <lambda>
    lambda: self._handle_scriptrunner_event_on_event_loop(
            ^^^^^^^^^^^^^^^^^^^^^^^^^^^^^^^^^^^^^^^^^^^^^^
  File "/usr/local/lib/python3.12/site-packages/streamlit/runtime/app_session.py", line 616, in _handle_scriptrunner_event_on_event_loop
    msg = self._create_new_session_message(
          ^^^^^^^^^^^^^^^^^^^^^^^^^^^^^^^^^
  File "/usr/local/lib/python3.12/site-packages/streamlit/runtime/app_session.py", line 750, in _create_new_session_message
    _populate_user_info_msg(imsg.user_info)
  File "/usr/local/lib/python3.12/site-packages/streamlit/runtime/app_session.py", line 1154, in _populate_user_info_msg
    inst = Installation.instance()
           ^^^^^^^^^^^^^^^^^^^^^^^
  File "/usr/local/lib/python3.12/site-packages/streamlit/runtime/metrics_util.py", line 228, in instance
    cls._instance = Installation()
                    ^^^^^^^^^^^^^^
  File "/usr/local/lib/python3.12/site-packages/streamlit/runtime/metrics_util.py", line 233, in __init__
    uuid.uuid5(uuid.NAMESPACE_DNS, _get_machine_id_v3())
                                   ^^^^^^^^^^^^^^^^^^^^
  File "/usr/local/lib/python3.12/site-packages/streamlit/runtime/metrics_util.py", line 173, in _get_machine_id_v3
    machine_id = f.read()
                 ^^^^^^^^
  File "<frozen codecs>", line 322, in decode
UnicodeDecodeError: 'utf-8' codec can't decode bytes in position 25-26: invalid continuation byte
Exception in callback AppSession._on_scriptrunner_event.<locals>.<lambda>() at /usr/local/lib/python3.12/site-packages/streamlit/runtime/app_session.py:519
handle: <Handle AppSession._on_scriptrunner_event.<locals>.<lambda>() at /usr/local/lib/python3.12/site-packages/streamlit/runtime/app_session.py:519>
Traceback (most recent call last):
  File "/usr/local/lib/python3.12/asyncio/events.py", line 88, in _run
    self._context.run(self._callback, *self._args)
  File "/usr/local/lib/python3.12/site-packages/streamlit/runtime/app_session.py", line 519, in <lambda>
    lambda: self._handle_scriptrunner_event_on_event_loop(
            ^^^^^^^^^^^^^^^^^^^^^^^^^^^^^^^^^^^^^^^^^^^^^^
  File "/usr/local/lib/python3.12/site-packages/streamlit/runtime/app_session.py", line 616, in _handle_scriptrunner_event_on_event_loop
    msg = self._create_new_session_message(
          ^^^^^^^^^^^^^^^^^^^^^^^^^^^^^^^^^
  File "/usr/local/lib/python3.12/site-packages/streamlit/runtime/app_session.py", line 750, in _create_new_session_message
    _populate_user_info_msg(imsg.user_info)
  File "/usr/local/lib/python3.12/site-packages/streamlit/runtime/app_session.py", line 1154, in _populate_user_info_msg
    inst = Installation.instance()
           ^^^^^^^^^^^^^^^^^^^^^^^
  File "/usr/local/lib/python3.12/site-packages/streamlit/runtime/metrics_util.py", line 228, in instance
    cls._instance = Installation()
                    ^^^^^^^^^^^^^^
  File "/usr/local/lib/python3.12/site-packages/streamlit/runtime/metrics_util.py", line 233, in __init__
    uuid.uuid5(uuid.NAMESPACE_DNS, _get_machine_id_v3())
                                   ^^^^^^^^^^^^^^^^^^^^
  File "/usr/local/lib/python3.12/site-packages/streamlit/runtime/metrics_util.py", line 173, in _get_machine_id_v3
    machine_id = f.read()
                 ^^^^^^^^
  File "<frozen codecs>", line 322, in decode
UnicodeDecodeError: 'utf-8' codec can't decode bytes in position 25-26: invalid continuation byte
Exception in callback AppSession._on_scriptrunner_event.<locals>.<lambda>() at /usr/local/lib/python3.12/site-packages/streamlit/runtime/app_session.py:519
handle: <Handle AppSession._on_scriptrunner_event.<locals>.<lambda>() at /usr/local/lib/python3.12/site-packages/streamlit/runtime/app_session.py:519>
Traceback (most recent call last):
  File "/usr/local/lib/python3.12/asyncio/events.py", line 88, in _run
    self._context.run(self._callback, *self._args)
  File "/usr/local/lib/python3.12/site-packages/streamlit/runtime/app_session.py", line 519, in <lambda>
    lambda: self._handle_scriptrunner_event_on_event_loop(
            ^^^^^^^^^^^^^^^^^^^^^^^^^^^^^^^^^^^^^^^^^^^^^^
  File "/usr/local/lib/python3.12/site-packages/streamlit/runtime/app_session.py", line 616, in _handle_scriptrunner_event_on_event_loop
    msg = self._create_new_session_message(
          ^^^^^^^^^^^^^^^^^^^^^^^^^^^^^^^^^
  File "/usr/local/lib/python3.12/site-packages/streamlit/runtime/app_session.py", line 750, in _create_new_session_message
    _populate_user_info_msg(imsg.user_info)
  File "/usr/local/lib/python3.12/site-packages/streamlit/runtime/app_session.py", line 1154, in _populate_user_info_msg
    inst = Installation.instance()
           ^^^^^^^^^^^^^^^^^^^^^^^
  File "/usr/local/lib/python3.12/site-packages/streamlit/runtime/metrics_util.py", line 228, in instance
    cls._instance = Installation()
                    ^^^^^^^^^^^^^^
  File "/usr/local/lib/python3.12/site-packages/streamlit/runtime/metrics_util.py", line 233, in __init__
    uuid.uuid5(uuid.NAMESPACE_DNS, _get_machine_id_v3())
                                   ^^^^^^^^^^^^^^^^^^^^
  File "/usr/local/lib/python3.12/site-packages/streamlit/runtime/metrics_util.py", line 173, in _get_machine_id_v3
    machine_id = f.read()
                 ^^^^^^^^
  File "<frozen codecs>", line 322, in decode
UnicodeDecodeError: 'utf-8' codec can't decode bytes in position 25-26: invalid continuation byte
Exception in callback AppSession._on_scriptrunner_event.<locals>.<lambda>() at /usr/local/lib/python3.12/site-packages/streamlit/runtime/app_session.py:519
handle: <Handle AppSession._on_scriptrunner_event.<locals>.<lambda>() at /usr/local/lib/python3.12/site-packages/streamlit/runtime/app_session.py:519>
Traceback (most recent call last):
  File "/usr/local/lib/python3.12/asyncio/events.py", line 88, in _run
    self._context.run(self._callback, *self._args)
  File "/usr/local/lib/python3.12/site-packages/streamlit/runtime/app_session.py", line 519, in <lambda>
    lambda: self._handle_scriptrunner_event_on_event_loop(
            ^^^^^^^^^^^^^^^^^^^^^^^^^^^^^^^^^^^^^^^^^^^^^^
  File "/usr/local/lib/python3.12/site-packages/streamlit/runtime/app_session.py", line 616, in _handle_scriptrunner_event_on_event_loop
    msg = self._create_new_session_message(
          ^^^^^^^^^^^^^^^^^^^^^^^^^^^^^^^^^
  File "/usr/local/lib/python3.12/site-packages/streamlit/runtime/app_session.py", line 750, in _create_new_session_message
    _populate_user_info_msg(imsg.user_info)
  File "/usr/local/lib/python3.12/site-packages/streamlit/runtime/app_session.py", line 1154, in _populate_user_info_msg
    inst = Installation.instance()
           ^^^^^^^^^^^^^^^^^^^^^^^
  File "/usr/local/lib/python3.12/site-packages/streamlit/runtime/metrics_util.py", line 228, in instance
    cls._instance = Installation()
                    ^^^^^^^^^^^^^^
  File "/usr/local/lib/python3.12/site-packages/streamlit/runtime/metrics_util.py", line 233, in __init__
    uuid.uuid5(uuid.NAMESPACE_DNS, _get_machine_id_v3())
                                   ^^^^^^^^^^^^^^^^^^^^
  File "/usr/local/lib/python3.12/site-packages/streamlit/runtime/metrics_util.py", line 173, in _get_machine_id_v3
    machine_id = f.read()
                 ^^^^^^^^
  File "<frozen codecs>", line 322, in decode
UnicodeDecodeError: 'utf-8' codec can't decode bytes in position 25-26: invalid continuation byte
Exception in callback AppSession._on_scriptrunner_event.<locals>.<lambda>() at /usr/local/lib/python3.12/site-packages/streamlit/runtime/app_session.py:519
handle: <Handle AppSession._on_scriptrunner_event.<locals>.<lambda>() at /usr/local/lib/python3.12/site-packages/streamlit/runtime/app_session.py:519>
Traceback (most recent call last):
  File "/usr/local/lib/python3.12/asyncio/events.py", line 88, in _run
    self._context.run(self._callback, *self._args)
  File "/usr/local/lib/python3.12/site-packages/streamlit/runtime/app_session.py", line 519, in <lambda>
    lambda: self._handle_scriptrunner_event_on_event_loop(
            ^^^^^^^^^^^^^^^^^^^^^^^^^^^^^^^^^^^^^^^^^^^^^^
  File "/usr/local/lib/python3.12/site-packages/streamlit/runtime/app_session.py", line 616, in _handle_scriptrunner_event_on_event_loop
    msg = self._create_new_session_message(
          ^^^^^^^^^^^^^^^^^^^^^^^^^^^^^^^^^
  File "/usr/local/lib/python3.12/site-packages/streamlit/runtime/app_session.py", line 750, in _create_new_session_message
    _populate_user_info_msg(imsg.user_info)
  File "/usr/local/lib/python3.12/site-packages/streamlit/runtime/app_session.py", line 1154, in _populate_user_info_msg
    inst = Installation.instance()
           ^^^^^^^^^^^^^^^^^^^^^^^
  File "/usr/local/lib/python3.12/site-packages/streamlit/runtime/metrics_util.py", line 228, in instance
    cls._instance = Installation()
                    ^^^^^^^^^^^^^^
  File "/usr/local/lib/python3.12/site-packages/streamlit/runtime/metrics_util.py", line 233, in __init__
    uuid.uuid5(uuid.NAMESPACE_DNS, _get_machine_id_v3())
                                   ^^^^^^^^^^^^^^^^^^^^
  File "/usr/local/lib/python3.12/site-packages/streamlit/runtime/metrics_util.py", line 173, in _get_machine_id_v3
    machine_id = f.read()
                 ^^^^^^^^
  File "<frozen codecs>", line 322, in decode
UnicodeDecodeError: 'utf-8' codec can't decode bytes in position 25-26: invalid continuation byte
Exception in callback AppSession._on_scriptrunner_event.<locals>.<lambda>() at /usr/local/lib/python3.12/site-packages/streamlit/runtime/app_session.py:519
handle: <Handle AppSession._on_scriptrunner_event.<locals>.<lambda>() at /usr/local/lib/python3.12/site-packages/streamlit/runtime/app_session.py:519>
Traceback (most recent call last):
  File "/usr/local/lib/python3.12/asyncio/events.py", line 88, in _run
    self._context.run(self._callback, *self._args)
  File "/usr/local/lib/python3.12/site-packages/streamlit/runtime/app_session.py", line 519, in <lambda>
    lambda: self._handle_scriptrunner_event_on_event_loop(
            ^^^^^^^^^^^^^^^^^^^^^^^^^^^^^^^^^^^^^^^^^^^^^^
  File "/usr/local/lib/python3.12/site-packages/streamlit/runtime/app_session.py", line 616, in _handle_scriptrunner_event_on_event_loop
    msg = self._create_new_session_message(
          ^^^^^^^^^^^^^^^^^^^^^^^^^^^^^^^^^
  File "/usr/local/lib/python3.12/site-packages/streamlit/runtime/app_session.py", line 750, in _create_new_session_message
    _populate_user_info_msg(imsg.user_info)
  File "/usr/local/lib/python3.12/site-packages/streamlit/runtime/app_session.py", line 1154, in _populate_user_info_msg
    inst = Installation.instance()
           ^^^^^^^^^^^^^^^^^^^^^^^
  File "/usr/local/lib/python3.12/site-packages/streamlit/runtime/metrics_util.py", line 228, in instance
    cls._instance = Installation()
                    ^^^^^^^^^^^^^^
  File "/usr/local/lib/python3.12/site-packages/streamlit/runtime/metrics_util.py", line 233, in __init__
    uuid.uuid5(uuid.NAMESPACE_DNS, _get_machine_id_v3())
                                   ^^^^^^^^^^^^^^^^^^^^
  File "/usr/local/lib/python3.12/site-packages/streamlit/runtime/metrics_util.py", line 173, in _get_machine_id_v3
    machine_id = f.read()
                 ^^^^^^^^
  File "<frozen codecs>", line 322, in decode
UnicodeDecodeError: 'utf-8' codec can't decode bytes in position 25-26: invalid continuation byte
Exception in callback AppSession._on_scriptrunner_event.<locals>.<lambda>() at /usr/local/lib/python3.12/site-packages/streamlit/runtime/app_session.py:519
handle: <Handle AppSession._on_scriptrunner_event.<locals>.<lambda>() at /usr/local/lib/python3.12/site-packages/streamlit/runtime/app_session.py:519>
Traceback (most recent call last):
  File "/usr/local/lib/python3.12/asyncio/events.py", line 88, in _run
    self._context.run(self._callback, *self._args)
  File "/usr/local/lib/python3.12/site-packages/streamlit/runtime/app_session.py", line 519, in <lambda>
    lambda: self._handle_scriptrunner_event_on_event_loop(
            ^^^^^^^^^^^^^^^^^^^^^^^^^^^^^^^^^^^^^^^^^^^^^^
  File "/usr/local/lib/python3.12/site-packages/streamlit/runtime/app_session.py", line 616, in _handle_scriptrunner_event_on_event_loop
    msg = self._create_new_session_message(
          ^^^^^^^^^^^^^^^^^^^^^^^^^^^^^^^^^
  File "/usr/local/lib/python3.12/site-packages/streamlit/runtime/app_session.py", line 750, in _create_new_session_message
    _populate_user_info_msg(imsg.user_info)
  File "/usr/local/lib/python3.12/site-packages/streamlit/runtime/app_session.py", line 1154, in _populate_user_info_msg
    inst = Installation.instance()
           ^^^^^^^^^^^^^^^^^^^^^^^
  File "/usr/local/lib/python3.12/site-packages/streamlit/runtime/metrics_util.py", line 228, in instance
    cls._instance = Installation()
                    ^^^^^^^^^^^^^^
  File "/usr/local/lib/python3.12/site-packages/streamlit/runtime/metrics_util.py", line 233, in __init__
    uuid.uuid5(uuid.NAMESPACE_DNS, _get_machine_id_v3())
                                   ^^^^^^^^^^^^^^^^^^^^
  File "/usr/local/lib/python3.12/site-packages/streamlit/runtime/metrics_util.py", line 173, in _get_machine_id_v3
    machine_id = f.read()
                 ^^^^^^^^
  File "<frozen codecs>", line 322, in decode
UnicodeDecodeError: 'utf-8' codec can't decode bytes in position 25-26: invalid continuation byte
Exception in callback AppSession._on_scriptrunner_event.<locals>.<lambda>() at /usr/local/lib/python3.12/site-packages/streamlit/runtime/app_session.py:519
handle: <Handle AppSession._on_scriptrunner_event.<locals>.<lambda>() at /usr/local/lib/python3.12/site-packages/streamlit/runtime/app_session.py:519>
Traceback (most recent call last):
  File "/usr/local/lib/python3.12/asyncio/events.py", line 88, in _run
    self._context.run(self._callback, *self._args)
  File "/usr/local/lib/python3.12/site-packages/streamlit/runtime/app_session.py", line 519, in <lambda>
    lambda: self._handle_scriptrunner_event_on_event_loop(
            ^^^^^^^^^^^^^^^^^^^^^^^^^^^^^^^^^^^^^^^^^^^^^^
  File "/usr/local/lib/python3.12/site-packages/streamlit/runtime/app_session.py", line 616, in _handle_scriptrunner_event_on_event_loop
    msg = self._create_new_session_message(
          ^^^^^^^^^^^^^^^^^^^^^^^^^^^^^^^^^
  File "/usr/local/lib/python3.12/site-packages/streamlit/runtime/app_session.py", line 750, in _create_new_session_message
    _populate_user_info_msg(imsg.user_info)
  File "/usr/local/lib/python3.12/site-packages/streamlit/runtime/app_session.py", line 1154, in _populate_user_info_msg
    inst = Installation.instance()
           ^^^^^^^^^^^^^^^^^^^^^^^
  File "/usr/local/lib/python3.12/site-packages/streamlit/runtime/metrics_util.py", line 228, in instance
    cls._instance = Installation()
                    ^^^^^^^^^^^^^^
  File "/usr/local/lib/python3.12/site-packages/streamlit/runtime/metrics_util.py", line 233, in __init__
    uuid.uuid5(uuid.NAMESPACE_DNS, _get_machine_id_v3())
                                   ^^^^^^^^^^^^^^^^^^^^
  File "/usr/local/lib/python3.12/site-packages/streamlit/runtime/metrics_util.py", line 173, in _get_machine_id_v3
    machine_id = f.read()
                 ^^^^^^^^
  File "<frozen codecs>", line 322, in decode
UnicodeDecodeError: 'utf-8' codec can't decode bytes in position 25-26: invalid continuation byte
Exception in callback AppSession._on_scriptrunner_event.<locals>.<lambda>() at /usr/local/lib/python3.12/site-packages/streamlit/runtime/app_session.py:519
handle: <Handle AppSession._on_scriptrunner_event.<locals>.<lambda>() at /usr/local/lib/python3.12/site-packages/streamlit/runtime/app_session.py:519>
Traceback (most recent call last):
  File "/usr/local/lib/python3.12/asyncio/events.py", line 88, in _run
    self._context.run(self._callback, *self._args)
  File "/usr/local/lib/python3.12/site-packages/streamlit/runtime/app_session.py", line 519, in <lambda>
    lambda: self._handle_scriptrunner_event_on_event_loop(
            ^^^^^^^^^^^^^^^^^^^^^^^^^^^^^^^^^^^^^^^^^^^^^^
  File "/usr/local/lib/python3.12/site-packages/streamlit/runtime/app_session.py", line 616, in _handle_scriptrunner_event_on_event_loop
    msg = self._create_new_session_message(
          ^^^^^^^^^^^^^^^^^^^^^^^^^^^^^^^^^
  File "/usr/local/lib/python3.12/site-packages/streamlit/runtime/app_session.py", line 750, in _create_new_session_message
    _populate_user_info_msg(imsg.user_info)
  File "/usr/local/lib/python3.12/site-packages/streamlit/runtime/app_session.py", line 1154, in _populate_user_info_msg
    inst = Installation.instance()
           ^^^^^^^^^^^^^^^^^^^^^^^
  File "/usr/local/lib/python3.12/site-packages/streamlit/runtime/metrics_util.py", line 228, in instance
    cls._instance = Installation()
                    ^^^^^^^^^^^^^^
  File "/usr/local/lib/python3.12/site-packages/streamlit/runtime/metrics_util.py", line 233, in __init__
    uuid.uuid5(uuid.NAMESPACE_DNS, _get_machine_id_v3())
                                   ^^^^^^^^^^^^^^^^^^^^
  File "/usr/local/lib/python3.12/site-packages/streamlit/runtime/metrics_util.py", line 173, in _get_machine_id_v3
    machine_id = f.read()
                 ^^^^^^^^
  File "<frozen codecs>", line 322, in decode
UnicodeDecodeError: 'utf-8' codec can't decode bytes in position 25-26: invalid continuation byte
Exception in callback AppSession._on_scriptrunner_event.<locals>.<lambda>() at /usr/local/lib/python3.12/site-packages/streamlit/runtime/app_session.py:519
handle: <Handle AppSession._on_scriptrunner_event.<locals>.<lambda>() at /usr/local/lib/python3.12/site-packages/streamlit/runtime/app_session.py:519>
Traceback (most recent call last):
  File "/usr/local/lib/python3.12/asyncio/events.py", line 88, in _run
    self._context.run(self._callback, *self._args)
  File "/usr/local/lib/python3.12/site-packages/streamlit/runtime/app_session.py", line 519, in <lambda>
    lambda: self._handle_scriptrunner_event_on_event_loop(
            ^^^^^^^^^^^^^^^^^^^^^^^^^^^^^^^^^^^^^^^^^^^^^^
  File "/usr/local/lib/python3.12/site-packages/streamlit/runtime/app_session.py", line 616, in _handle_scriptrunner_event_on_event_loop
    msg = self._create_new_session_message(
          ^^^^^^^^^^^^^^^^^^^^^^^^^^^^^^^^^
  File "/usr/local/lib/python3.12/site-packages/streamlit/runtime/app_session.py", line 750, in _create_new_session_message
    _populate_user_info_msg(imsg.user_info)
  File "/usr/local/lib/python3.12/site-packages/streamlit/runtime/app_session.py", line 1154, in _populate_user_info_msg
    inst = Installation.instance()
           ^^^^^^^^^^^^^^^^^^^^^^^
  File "/usr/local/lib/python3.12/site-packages/streamlit/runtime/metrics_util.py", line 228, in instance
    cls._instance = Installation()
                    ^^^^^^^^^^^^^^
  File "/usr/local/lib/python3.12/site-packages/streamlit/runtime/metrics_util.py", line 233, in __init__
    uuid.uuid5(uuid.NAMESPACE_DNS, _get_machine_id_v3())
                                   ^^^^^^^^^^^^^^^^^^^^
  File "/usr/local/lib/python3.12/site-packages/streamlit/runtime/metrics_util.py", line 173, in _get_machine_id_v3
    machine_id = f.read()
                 ^^^^^^^^
  File "<frozen codecs>", line 322, in decode
UnicodeDecodeError: 'utf-8' codec can't decode bytes in position 25-26: invalid continuation byte
Exception in callback AppSession._on_scriptrunner_event.<locals>.<lambda>() at /usr/local/lib/python3.12/site-packages/streamlit/runtime/app_session.py:519
handle: <Handle AppSession._on_scriptrunner_event.<locals>.<lambda>() at /usr/local/lib/python3.12/site-packages/streamlit/runtime/app_session.py:519>
Traceback (most recent call last):
  File "/usr/local/lib/python3.12/asyncio/events.py", line 88, in _run
    self._context.run(self._callback, *self._args)
  File "/usr/local/lib/python3.12/site-packages/streamlit/runtime/app_session.py", line 519, in <lambda>
    lambda: self._handle_scriptrunner_event_on_event_loop(
            ^^^^^^^^^^^^^^^^^^^^^^^^^^^^^^^^^^^^^^^^^^^^^^
  File "/usr/local/lib/python3.12/site-packages/streamlit/runtime/app_session.py", line 616, in _handle_scriptrunner_event_on_event_loop
    msg = self._create_new_session_message(
          ^^^^^^^^^^^^^^^^^^^^^^^^^^^^^^^^^
  File "/usr/local/lib/python3.12/site-packages/streamlit/runtime/app_session.py", line 750, in _create_new_session_message
    _populate_user_info_msg(imsg.user_info)
  File "/usr/local/lib/python3.12/site-packages/streamlit/runtime/app_session.py", line 1154, in _populate_user_info_msg
    inst = Installation.instance()
           ^^^^^^^^^^^^^^^^^^^^^^^
  File "/usr/local/lib/python3.12/site-packages/streamlit/runtime/metrics_util.py", line 228, in instance
    cls._instance = Installation()
                    ^^^^^^^^^^^^^^
  File "/usr/local/lib/python3.12/site-packages/streamlit/runtime/metrics_util.py", line 233, in __init__
    uuid.uuid5(uuid.NAMESPACE_DNS, _get_machine_id_v3())
                                   ^^^^^^^^^^^^^^^^^^^^
  File "/usr/local/lib/python3.12/site-packages/streamlit/runtime/metrics_util.py", line 173, in _get_machine_id_v3
    machine_id = f.read()
                 ^^^^^^^^
  File "<frozen codecs>", line 322, in decode
UnicodeDecodeError: 'utf-8' codec can't decode bytes in position 25-26: invalid continuation byte
Exception in callback AppSession._on_scriptrunner_event.<locals>.<lambda>() at /usr/local/lib/python3.12/site-packages/streamlit/runtime/app_session.py:519
handle: <Handle AppSession._on_scriptrunner_event.<locals>.<lambda>() at /usr/local/lib/python3.12/site-packages/streamlit/runtime/app_session.py:519>
Traceback (most recent call last):
  File "/usr/local/lib/python3.12/asyncio/events.py", line 88, in _run
    self._context.run(self._callback, *self._args)
  File "/usr/local/lib/python3.12/site-packages/streamlit/runtime/app_session.py", line 519, in <lambda>
    lambda: self._handle_scriptrunner_event_on_event_loop(
            ^^^^^^^^^^^^^^^^^^^^^^^^^^^^^^^^^^^^^^^^^^^^^^
  File "/usr/local/lib/python3.12/site-packages/streamlit/runtime/app_session.py", line 616, in _handle_scriptrunner_event_on_event_loop
    msg = self._create_new_session_message(
          ^^^^^^^^^^^^^^^^^^^^^^^^^^^^^^^^^
  File "/usr/local/lib/python3.12/site-packages/streamlit/runtime/app_session.py", line 750, in _create_new_session_message
    _populate_user_info_msg(imsg.user_info)
  File "/usr/local/lib/python3.12/site-packages/streamlit/runtime/app_session.py", line 1154, in _populate_user_info_msg
    inst = Installation.instance()
           ^^^^^^^^^^^^^^^^^^^^^^^
  File "/usr/local/lib/python3.12/site-packages/streamlit/runtime/metrics_util.py", line 228, in instance
    cls._instance = Installation()
                    ^^^^^^^^^^^^^^
  File "/usr/local/lib/python3.12/site-packages/streamlit/runtime/metrics_util.py", line 233, in __init__
    uuid.uuid5(uuid.NAMESPACE_DNS, _get_machine_id_v3())
                                   ^^^^^^^^^^^^^^^^^^^^
  File "/usr/local/lib/python3.12/site-packages/streamlit/runtime/metrics_util.py", line 173, in _get_machine_id_v3
    machine_id = f.read()
                 ^^^^^^^^
  File "<frozen codecs>", line 322, in decode
UnicodeDecodeError: 'utf-8' codec can't decode bytes in position 25-26: invalid continuation byte
Exception in callback AppSession._on_scriptrunner_event.<locals>.<lambda>() at /usr/local/lib/python3.12/site-packages/streamlit/runtime/app_session.py:519
handle: <Handle AppSession._on_scriptrunner_event.<locals>.<lambda>() at /usr/local/lib/python3.12/site-packages/streamlit/runtime/app_session.py:519>
Traceback (most recent call last):
  File "/usr/local/lib/python3.12/asyncio/events.py", line 88, in _run
    self._context.run(self._callback, *self._args)
  File "/usr/local/lib/python3.12/site-packages/streamlit/runtime/app_session.py", line 519, in <lambda>
    lambda: self._handle_scriptrunner_event_on_event_loop(
            ^^^^^^^^^^^^^^^^^^^^^^^^^^^^^^^^^^^^^^^^^^^^^^
  File "/usr/local/lib/python3.12/site-packages/streamlit/runtime/app_session.py", line 616, in _handle_scriptrunner_event_on_event_loop
    msg = self._create_new_session_message(
          ^^^^^^^^^^^^^^^^^^^^^^^^^^^^^^^^^
  File "/usr/local/lib/python3.12/site-packages/streamlit/runtime/app_session.py", line 750, in _create_new_session_message
    _populate_user_info_msg(imsg.user_info)
  File "/usr/local/lib/python3.12/site-packages/streamlit/runtime/app_session.py", line 1154, in _populate_user_info_msg
    inst = Installation.instance()
           ^^^^^^^^^^^^^^^^^^^^^^^
  File "/usr/local/lib/python3.12/site-packages/streamlit/runtime/metrics_util.py", line 228, in instance
    cls._instance = Installation()
                    ^^^^^^^^^^^^^^
  File "/usr/local/lib/python3.12/site-packages/streamlit/runtime/metrics_util.py", line 233, in __init__
    uuid.uuid5(uuid.NAMESPACE_DNS, _get_machine_id_v3())
                                   ^^^^^^^^^^^^^^^^^^^^
  File "/usr/local/lib/python3.12/site-packages/streamlit/runtime/metrics_util.py", line 173, in _get_machine_id_v3
    machine_id = f.read()
                 ^^^^^^^^
  File "<frozen codecs>", line 322, in decode
UnicodeDecodeError: 'utf-8' codec can't decode bytes in position 25-26: invalid continuation byte
Exception in callback AppSession._on_scriptrunner_event.<locals>.<lambda>() at /usr/local/lib/python3.12/site-packages/streamlit/runtime/app_session.py:519
handle: <Handle AppSession._on_scriptrunner_event.<locals>.<lambda>() at /usr/local/lib/python3.12/site-packages/streamlit/runtime/app_session.py:519>
Traceback (most recent call last):
  File "/usr/local/lib/python3.12/asyncio/events.py", line 88, in _run
    self._context.run(self._callback, *self._args)
  File "/usr/local/lib/python3.12/site-packages/streamlit/runtime/app_session.py", line 519, in <lambda>
    lambda: self._handle_scriptrunner_event_on_event_loop(
            ^^^^^^^^^^^^^^^^^^^^^^^^^^^^^^^^^^^^^^^^^^^^^^
  File "/usr/local/lib/python3.12/site-packages/streamlit/runtime/app_session.py", line 616, in _handle_scriptrunner_event_on_event_loop
    msg = self._create_new_session_message(
          ^^^^^^^^^^^^^^^^^^^^^^^^^^^^^^^^^
  File "/usr/local/lib/python3.12/site-packages/streamlit/runtime/app_session.py", line 750, in _create_new_session_message
    _populate_user_info_msg(imsg.user_info)
  File "/usr/local/lib/python3.12/site-packages/streamlit/runtime/app_session.py", line 1154, in _populate_user_info_msg
    inst = Installation.instance()
           ^^^^^^^^^^^^^^^^^^^^^^^
  File "/usr/local/lib/python3.12/site-packages/streamlit/runtime/metrics_util.py", line 228, in instance
    cls._instance = Installation()
                    ^^^^^^^^^^^^^^
  File "/usr/local/lib/python3.12/site-packages/streamlit/runtime/metrics_util.py", line 233, in __init__
    uuid.uuid5(uuid.NAMESPACE_DNS, _get_machine_id_v3())
                                   ^^^^^^^^^^^^^^^^^^^^
  File "/usr/local/lib/python3.12/site-packages/streamlit/runtime/metrics_util.py", line 173, in _get_machine_id_v3
    machine_id = f.read()
                 ^^^^^^^^
  File "<frozen codecs>", line 322, in decode
UnicodeDecodeError: 'utf-8' codec can't decode bytes in position 25-26: invalid continuation byte
Exception in callback AppSession._on_scriptrunner_event.<locals>.<lambda>() at /usr/local/lib/python3.12/site-packages/streamlit/runtime/app_session.py:519
handle: <Handle AppSession._on_scriptrunner_event.<locals>.<lambda>() at /usr/local/lib/python3.12/site-packages/streamlit/runtime/app_session.py:519>
Traceback (most recent call last):
  File "/usr/local/lib/python3.12/asyncio/events.py", line 88, in _run
    self._context.run(self._callback, *self._args)
  File "/usr/local/lib/python3.12/site-packages/streamlit/runtime/app_session.py", line 519, in <lambda>
    lambda: self._handle_scriptrunner_event_on_event_loop(
            ^^^^^^^^^^^^^^^^^^^^^^^^^^^^^^^^^^^^^^^^^^^^^^
  File "/usr/local/lib/python3.12/site-packages/streamlit/runtime/app_session.py", line 616, in _handle_scriptrunner_event_on_event_loop
    msg = self._create_new_session_message(
          ^^^^^^^^^^^^^^^^^^^^^^^^^^^^^^^^^
  File "/usr/local/lib/python3.12/site-packages/streamlit/runtime/app_session.py", line 750, in _create_new_session_message
    _populate_user_info_msg(imsg.user_info)
  File "/usr/local/lib/python3.12/site-packages/streamlit/runtime/app_session.py", line 1154, in _populate_user_info_msg
    inst = Installation.instance()
           ^^^^^^^^^^^^^^^^^^^^^^^
  File "/usr/local/lib/python3.12/site-packages/streamlit/runtime/metrics_util.py", line 228, in instance
    cls._instance = Installation()
                    ^^^^^^^^^^^^^^
  File "/usr/local/lib/python3.12/site-packages/streamlit/runtime/metrics_util.py", line 233, in __init__
    uuid.uuid5(uuid.NAMESPACE_DNS, _get_machine_id_v3())
                                   ^^^^^^^^^^^^^^^^^^^^
  File "/usr/local/lib/python3.12/site-packages/streamlit/runtime/metrics_util.py", line 173, in _get_machine_id_v3
    machine_id = f.read()
                 ^^^^^^^^
  File "<frozen codecs>", line 322, in decode
UnicodeDecodeError: 'utf-8' codec can't decode bytes in position 25-26: invalid continuation byte
2025-09-12 18:33:09.292 304 GET /_stcore/health (10.12.249.24) 1.41ms
2025-09-12 18:33:09.310 304 GET /_stcore/host-config (10.12.249.24) 0.74ms
2025-09-12 18:33:10.435 101 GET /_stcore/stream (10.12.249.24) 1.24ms
Exception in callback AppSession._on_scriptrunner_event.<locals>.<lambda>() at /usr/local/lib/python3.12/site-packages/streamlit/runtime/app_session.py:519
handle: <Handle AppSession._on_scriptrunner_event.<locals>.<lambda>() at /usr/local/lib/python3.12/site-packages/streamlit/runtime/app_session.py:519>
Traceback (most recent call last):
  File "/usr/local/lib/python3.12/asyncio/events.py", line 88, in _run
    self._context.run(self._callback, *self._args)
  File "/usr/local/lib/python3.12/site-packages/streamlit/runtime/app_session.py", line 519, in <lambda>
    lambda: self._handle_scriptrunner_event_on_event_loop(
            ^^^^^^^^^^^^^^^^^^^^^^^^^^^^^^^^^^^^^^^^^^^^^^
  File "/usr/local/lib/python3.12/site-packages/streamlit/runtime/app_session.py", line 616, in _handle_scriptrunner_event_on_event_loop
    msg = self._create_new_session_message(
          ^^^^^^^^^^^^^^^^^^^^^^^^^^^^^^^^^
  File "/usr/local/lib/python3.12/site-packages/streamlit/runtime/app_session.py", line 750, in _create_new_session_message
    _populate_user_info_msg(imsg.user_info)
  File "/usr/local/lib/python3.12/site-packages/streamlit/runtime/app_session.py", line 1154, in _populate_user_info_msg
    inst = Installation.instance()
           ^^^^^^^^^^^^^^^^^^^^^^^
  File "/usr/local/lib/python3.12/site-packages/streamlit/runtime/metrics_util.py", line 228, in instance
    cls._instance = Installation()
                    ^^^^^^^^^^^^^^
  File "/usr/local/lib/python3.12/site-packages/streamlit/runtime/metrics_util.py", line 233, in __init__
    uuid.uuid5(uuid.NAMESPACE_DNS, _get_machine_id_v3())
                                   ^^^^^^^^^^^^^^^^^^^^
  File "/usr/local/lib/python3.12/site-packages/streamlit/runtime/metrics_util.py", line 173, in _get_machine_id_v3
    machine_id = f.read()
                 ^^^^^^^^
  File "<frozen codecs>", line 322, in decode
UnicodeDecodeError: 'utf-8' codec can't decode bytes in position 25-26: invalid continuation byte
2025-09-12 19:01:04.213 304 GET /_stcore/host-config (10.12.249.24) 4.55ms
2025-09-12 19:01:04.215 304 GET /_stcore/health (10.12.249.24) 4.34ms
2025-09-12 19:01:04.936 101 GET /_stcore/stream (10.12.249.24) 1.69ms
Exception in callback AppSession._on_scriptrunner_event.<locals>.<lambda>() at /usr/local/lib/python3.12/site-packages/streamlit/runtime/app_session.py:519
handle: <Handle AppSession._on_scriptrunner_event.<locals>.<lambda>() at /usr/local/lib/python3.12/site-packages/streamlit/runtime/app_session.py:519>
Traceback (most recent call last):
  File "/usr/local/lib/python3.12/asyncio/events.py", line 88, in _run
    self._context.run(self._callback, *self._args)
  File "/usr/local/lib/python3.12/site-packages/streamlit/runtime/app_session.py", line 519, in <lambda>
    lambda: self._handle_scriptrunner_event_on_event_loop(
            ^^^^^^^^^^^^^^^^^^^^^^^^^^^^^^^^^^^^^^^^^^^^^^
  File "/usr/local/lib/python3.12/site-packages/streamlit/runtime/app_session.py", line 616, in _handle_scriptrunner_event_on_event_loop
    msg = self._create_new_session_message(
          ^^^^^^^^^^^^^^^^^^^^^^^^^^^^^^^^^
  File "/usr/local/lib/python3.12/site-packages/streamlit/runtime/app_session.py", line 750, in _create_new_session_message
    _populate_user_info_msg(imsg.user_info)
  File "/usr/local/lib/python3.12/site-packages/streamlit/runtime/app_session.py", line 1154, in _populate_user_info_msg
    inst = Installation.instance()
           ^^^^^^^^^^^^^^^^^^^^^^^
  File "/usr/local/lib/python3.12/site-packages/streamlit/runtime/metrics_util.py", line 228, in instance
    cls._instance = Installation()
                    ^^^^^^^^^^^^^^
  File "/usr/local/lib/python3.12/site-packages/streamlit/runtime/metrics_util.py", line 233, in __init__
    uuid.uuid5(uuid.NAMESPACE_DNS, _get_machine_id_v3())
                                   ^^^^^^^^^^^^^^^^^^^^
  File "/usr/local/lib/python3.12/site-packages/streamlit/runtime/metrics_util.py", line 173, in _get_machine_id_v3
    machine_id = f.read()
                 ^^^^^^^^
  File "<frozen codecs>", line 322, in decode
UnicodeDecodeError: 'utf-8' codec can't decode bytes in position 25-26: invalid continuation byte
Exception in callback AppSession._on_scriptrunner_event.<locals>.<lambda>() at /usr/local/lib/python3.12/site-packages/streamlit/runtime/app_session.py:519
handle: <Handle AppSession._on_scriptrunner_event.<locals>.<lambda>() at /usr/local/lib/python3.12/site-packages/streamlit/runtime/app_session.py:519>
Traceback (most recent call last):
  File "/usr/local/lib/python3.12/asyncio/events.py", line 88, in _run
    self._context.run(self._callback, *self._args)
  File "/usr/local/lib/python3.12/site-packages/streamlit/runtime/app_session.py", line 519, in <lambda>
    lambda: self._handle_scriptrunner_event_on_event_loop(
            ^^^^^^^^^^^^^^^^^^^^^^^^^^^^^^^^^^^^^^^^^^^^^^
  File "/usr/local/lib/python3.12/site-packages/streamlit/runtime/app_session.py", line 616, in _handle_scriptrunner_event_on_event_loop
    msg = self._create_new_session_message(
          ^^^^^^^^^^^^^^^^^^^^^^^^^^^^^^^^^
  File "/usr/local/lib/python3.12/site-packages/streamlit/runtime/app_session.py", line 750, in _create_new_session_message
    _populate_user_info_msg(imsg.user_info)
  File "/usr/local/lib/python3.12/site-packages/streamlit/runtime/app_session.py", line 1154, in _populate_user_info_msg
    inst = Installation.instance()
           ^^^^^^^^^^^^^^^^^^^^^^^
  File "/usr/local/lib/python3.12/site-packages/streamlit/runtime/metrics_util.py", line 228, in instance
    cls._instance = Installation()
                    ^^^^^^^^^^^^^^
  File "/usr/local/lib/python3.12/site-packages/streamlit/runtime/metrics_util.py", line 233, in __init__
    uuid.uuid5(uuid.NAMESPACE_DNS, _get_machine_id_v3())
                                   ^^^^^^^^^^^^^^^^^^^^
  File "/usr/local/lib/python3.12/site-packages/streamlit/runtime/metrics_util.py", line 173, in _get_machine_id_v3
    machine_id = f.read()
                 ^^^^^^^^
  File "<frozen codecs>", line 322, in decode
UnicodeDecodeError: 'utf-8' codec can't decode bytes in position 25-26: invalid continuation byte
Exception in callback AppSession._on_scriptrunner_event.<locals>.<lambda>() at /usr/local/lib/python3.12/site-packages/streamlit/runtime/app_session.py:519
handle: <Handle AppSession._on_scriptrunner_event.<locals>.<lambda>() at /usr/local/lib/python3.12/site-packages/streamlit/runtime/app_session.py:519>
Traceback (most recent call last):
  File "/usr/local/lib/python3.12/asyncio/events.py", line 88, in _run
    self._context.run(self._callback, *self._args)
  File "/usr/local/lib/python3.12/site-packages/streamlit/runtime/app_session.py", line 519, in <lambda>
    lambda: self._handle_scriptrunner_event_on_event_loop(
            ^^^^^^^^^^^^^^^^^^^^^^^^^^^^^^^^^^^^^^^^^^^^^^
  File "/usr/local/lib/python3.12/site-packages/streamlit/runtime/app_session.py", line 616, in _handle_scriptrunner_event_on_event_loop
    msg = self._create_new_session_message(
          ^^^^^^^^^^^^^^^^^^^^^^^^^^^^^^^^^
  File "/usr/local/lib/python3.12/site-packages/streamlit/runtime/app_session.py", line 750, in _create_new_session_message
    _populate_user_info_msg(imsg.user_info)
  File "/usr/local/lib/python3.12/site-packages/streamlit/runtime/app_session.py", line 1154, in _populate_user_info_msg
    inst = Installation.instance()
           ^^^^^^^^^^^^^^^^^^^^^^^
  File "/usr/local/lib/python3.12/site-packages/streamlit/runtime/metrics_util.py", line 228, in instance
    cls._instance = Installation()
                    ^^^^^^^^^^^^^^
  File "/usr/local/lib/python3.12/site-packages/streamlit/runtime/metrics_util.py", line 233, in __init__
    uuid.uuid5(uuid.NAMESPACE_DNS, _get_machine_id_v3())
                                   ^^^^^^^^^^^^^^^^^^^^
  File "/usr/local/lib/python3.12/site-packages/streamlit/runtime/metrics_util.py", line 173, in _get_machine_id_v3
    machine_id = f.read()
                 ^^^^^^^^
  File "<frozen codecs>", line 322, in decode
UnicodeDecodeError: 'utf-8' codec can't decode bytes in position 25-26: invalid continuation byte
Exception in callback AppSession._on_scriptrunner_event.<locals>.<lambda>() at /usr/local/lib/python3.12/site-packages/streamlit/runtime/app_session.py:519
handle: <Handle AppSession._on_scriptrunner_event.<locals>.<lambda>() at /usr/local/lib/python3.12/site-packages/streamlit/runtime/app_session.py:519>
Traceback (most recent call last):
  File "/usr/local/lib/python3.12/asyncio/events.py", line 88, in _run
    self._context.run(self._callback, *self._args)
  File "/usr/local/lib/python3.12/site-packages/streamlit/runtime/app_session.py", line 519, in <lambda>
    lambda: self._handle_scriptrunner_event_on_event_loop(
            ^^^^^^^^^^^^^^^^^^^^^^^^^^^^^^^^^^^^^^^^^^^^^^
  File "/usr/local/lib/python3.12/site-packages/streamlit/runtime/app_session.py", line 616, in _handle_scriptrunner_event_on_event_loop
    msg = self._create_new_session_message(
          ^^^^^^^^^^^^^^^^^^^^^^^^^^^^^^^^^
  File "/usr/local/lib/python3.12/site-packages/streamlit/runtime/app_session.py", line 750, in _create_new_session_message
    _populate_user_info_msg(imsg.user_info)
  File "/usr/local/lib/python3.12/site-packages/streamlit/runtime/app_session.py", line 1154, in _populate_user_info_msg
    inst = Installation.instance()
           ^^^^^^^^^^^^^^^^^^^^^^^
  File "/usr/local/lib/python3.12/site-packages/streamlit/runtime/metrics_util.py", line 228, in instance
    cls._instance = Installation()
                    ^^^^^^^^^^^^^^
  File "/usr/local/lib/python3.12/site-packages/streamlit/runtime/metrics_util.py", line 233, in __init__
    uuid.uuid5(uuid.NAMESPACE_DNS, _get_machine_id_v3())
                                   ^^^^^^^^^^^^^^^^^^^^
  File "/usr/local/lib/python3.12/site-packages/streamlit/runtime/metrics_util.py", line 173, in _get_machine_id_v3
    machine_id = f.read()
                 ^^^^^^^^
  File "<frozen codecs>", line 322, in decode
UnicodeDecodeError: 'utf-8' codec can't decode bytes in position 25-26: invalid continuation byte
Exception in callback AppSession._on_scriptrunner_event.<locals>.<lambda>() at /usr/local/lib/python3.12/site-packages/streamlit/runtime/app_session.py:519
handle: <Handle AppSession._on_scriptrunner_event.<locals>.<lambda>() at /usr/local/lib/python3.12/site-packages/streamlit/runtime/app_session.py:519>
Traceback (most recent call last):
  File "/usr/local/lib/python3.12/asyncio/events.py", line 88, in _run
    self._context.run(self._callback, *self._args)
  File "/usr/local/lib/python3.12/site-packages/streamlit/runtime/app_session.py", line 519, in <lambda>
    lambda: self._handle_scriptrunner_event_on_event_loop(
            ^^^^^^^^^^^^^^^^^^^^^^^^^^^^^^^^^^^^^^^^^^^^^^
  File "/usr/local/lib/python3.12/site-packages/streamlit/runtime/app_session.py", line 616, in _handle_scriptrunner_event_on_event_loop
    msg = self._create_new_session_message(
          ^^^^^^^^^^^^^^^^^^^^^^^^^^^^^^^^^
  File "/usr/local/lib/python3.12/site-packages/streamlit/runtime/app_session.py", line 750, in _create_new_session_message
    _populate_user_info_msg(imsg.user_info)
  File "/usr/local/lib/python3.12/site-packages/streamlit/runtime/app_session.py", line 1154, in _populate_user_info_msg
    inst = Installation.instance()
           ^^^^^^^^^^^^^^^^^^^^^^^
  File "/usr/local/lib/python3.12/site-packages/streamlit/runtime/metrics_util.py", line 228, in instance
    cls._instance = Installation()
                    ^^^^^^^^^^^^^^
  File "/usr/local/lib/python3.12/site-packages/streamlit/runtime/metrics_util.py", line 233, in __init__
    uuid.uuid5(uuid.NAMESPACE_DNS, _get_machine_id_v3())
                                   ^^^^^^^^^^^^^^^^^^^^
  File "/usr/local/lib/python3.12/site-packages/streamlit/runtime/metrics_util.py", line 173, in _get_machine_id_v3
    machine_id = f.read()
                 ^^^^^^^^
  File "<frozen codecs>", line 322, in decode
UnicodeDecodeError: 'utf-8' codec can't decode bytes in position 25-26: invalid continuation byte
Exception in callback AppSession._on_scriptrunner_event.<locals>.<lambda>() at /usr/local/lib/python3.12/site-packages/streamlit/runtime/app_session.py:519
handle: <Handle AppSession._on_scriptrunner_event.<locals>.<lambda>() at /usr/local/lib/python3.12/site-packages/streamlit/runtime/app_session.py:519>
Traceback (most recent call last):
  File "/usr/local/lib/python3.12/asyncio/events.py", line 88, in _run
    self._context.run(self._callback, *self._args)
  File "/usr/local/lib/python3.12/site-packages/streamlit/runtime/app_session.py", line 519, in <lambda>
    lambda: self._handle_scriptrunner_event_on_event_loop(
            ^^^^^^^^^^^^^^^^^^^^^^^^^^^^^^^^^^^^^^^^^^^^^^
  File "/usr/local/lib/python3.12/site-packages/streamlit/runtime/app_session.py", line 616, in _handle_scriptrunner_event_on_event_loop
    msg = self._create_new_session_message(
          ^^^^^^^^^^^^^^^^^^^^^^^^^^^^^^^^^
  File "/usr/local/lib/python3.12/site-packages/streamlit/runtime/app_session.py", line 750, in _create_new_session_message
    _populate_user_info_msg(imsg.user_info)
  File "/usr/local/lib/python3.12/site-packages/streamlit/runtime/app_session.py", line 1154, in _populate_user_info_msg
    inst = Installation.instance()
           ^^^^^^^^^^^^^^^^^^^^^^^
  File "/usr/local/lib/python3.12/site-packages/streamlit/runtime/metrics_util.py", line 228, in instance
    cls._instance = Installation()
                    ^^^^^^^^^^^^^^
  File "/usr/local/lib/python3.12/site-packages/streamlit/runtime/metrics_util.py", line 233, in __init__
    uuid.uuid5(uuid.NAMESPACE_DNS, _get_machine_id_v3())
                                   ^^^^^^^^^^^^^^^^^^^^
  File "/usr/local/lib/python3.12/site-packages/streamlit/runtime/metrics_util.py", line 173, in _get_machine_id_v3
    machine_id = f.read()
                 ^^^^^^^^
  File "<frozen codecs>", line 322, in decode
UnicodeDecodeError: 'utf-8' codec can't decode bytes in position 25-26: invalid continuation byte
Exception in callback AppSession._on_scriptrunner_event.<locals>.<lambda>() at /usr/local/lib/python3.12/site-packages/streamlit/runtime/app_session.py:519
handle: <Handle AppSession._on_scriptrunner_event.<locals>.<lambda>() at /usr/local/lib/python3.12/site-packages/streamlit/runtime/app_session.py:519>
Traceback (most recent call last):
  File "/usr/local/lib/python3.12/asyncio/events.py", line 88, in _run
    self._context.run(self._callback, *self._args)
  File "/usr/local/lib/python3.12/site-packages/streamlit/runtime/app_session.py", line 519, in <lambda>
    lambda: self._handle_scriptrunner_event_on_event_loop(
            ^^^^^^^^^^^^^^^^^^^^^^^^^^^^^^^^^^^^^^^^^^^^^^
  File "/usr/local/lib/python3.12/site-packages/streamlit/runtime/app_session.py", line 616, in _handle_scriptrunner_event_on_event_loop
    msg = self._create_new_session_message(
          ^^^^^^^^^^^^^^^^^^^^^^^^^^^^^^^^^
  File "/usr/local/lib/python3.12/site-packages/streamlit/runtime/app_session.py", line 750, in _create_new_session_message
    _populate_user_info_msg(imsg.user_info)
  File "/usr/local/lib/python3.12/site-packages/streamlit/runtime/app_session.py", line 1154, in _populate_user_info_msg
    inst = Installation.instance()
           ^^^^^^^^^^^^^^^^^^^^^^^
  File "/usr/local/lib/python3.12/site-packages/streamlit/runtime/metrics_util.py", line 228, in instance
    cls._instance = Installation()
                    ^^^^^^^^^^^^^^
  File "/usr/local/lib/python3.12/site-packages/streamlit/runtime/metrics_util.py", line 233, in __init__
    uuid.uuid5(uuid.NAMESPACE_DNS, _get_machine_id_v3())
                                   ^^^^^^^^^^^^^^^^^^^^
  File "/usr/local/lib/python3.12/site-packages/streamlit/runtime/metrics_util.py", line 173, in _get_machine_id_v3
    machine_id = f.read()
                 ^^^^^^^^
  File "<frozen codecs>", line 322, in decode
UnicodeDecodeError: 'utf-8' codec can't decode bytes in position 25-26: invalid continuation byte
Exception in callback AppSession._on_scriptrunner_event.<locals>.<lambda>() at /usr/local/lib/python3.12/site-packages/streamlit/runtime/app_session.py:519
handle: <Handle AppSession._on_scriptrunner_event.<locals>.<lambda>() at /usr/local/lib/python3.12/site-packages/streamlit/runtime/app_session.py:519>
Traceback (most recent call last):
  File "/usr/local/lib/python3.12/asyncio/events.py", line 88, in _run
    self._context.run(self._callback, *self._args)
  File "/usr/local/lib/python3.12/site-packages/streamlit/runtime/app_session.py", line 519, in <lambda>
    lambda: self._handle_scriptrunner_event_on_event_loop(
            ^^^^^^^^^^^^^^^^^^^^^^^^^^^^^^^^^^^^^^^^^^^^^^
  File "/usr/local/lib/python3.12/site-packages/streamlit/runtime/app_session.py", line 616, in _handle_scriptrunner_event_on_event_loop
    msg = self._create_new_session_message(
          ^^^^^^^^^^^^^^^^^^^^^^^^^^^^^^^^^
  File "/usr/local/lib/python3.12/site-packages/streamlit/runtime/app_session.py", line 750, in _create_new_session_message
    _populate_user_info_msg(imsg.user_info)
  File "/usr/local/lib/python3.12/site-packages/streamlit/runtime/app_session.py", line 1154, in _populate_user_info_msg
    inst = Installation.instance()
           ^^^^^^^^^^^^^^^^^^^^^^^
  File "/usr/local/lib/python3.12/site-packages/streamlit/runtime/metrics_util.py", line 228, in instance
    cls._instance = Installation()
                    ^^^^^^^^^^^^^^
  File "/usr/local/lib/python3.12/site-packages/streamlit/runtime/metrics_util.py", line 233, in __init__
    uuid.uuid5(uuid.NAMESPACE_DNS, _get_machine_id_v3())
                                   ^^^^^^^^^^^^^^^^^^^^
  File "/usr/local/lib/python3.12/site-packages/streamlit/runtime/metrics_util.py", line 173, in _get_machine_id_v3
    machine_id = f.read()
                 ^^^^^^^^
  File "<frozen codecs>", line 322, in decode
UnicodeDecodeError: 'utf-8' codec can't decode bytes in position 25-26: invalid continuation byte
Exception in callback AppSession._on_scriptrunner_event.<locals>.<lambda>() at /usr/local/lib/python3.12/site-packages/streamlit/runtime/app_session.py:519
handle: <Handle AppSession._on_scriptrunner_event.<locals>.<lambda>() at /usr/local/lib/python3.12/site-packages/streamlit/runtime/app_session.py:519>
Traceback (most recent call last):
  File "/usr/local/lib/python3.12/asyncio/events.py", line 88, in _run
    self._context.run(self._callback, *self._args)
  File "/usr/local/lib/python3.12/site-packages/streamlit/runtime/app_session.py", line 519, in <lambda>
    lambda: self._handle_scriptrunner_event_on_event_loop(
            ^^^^^^^^^^^^^^^^^^^^^^^^^^^^^^^^^^^^^^^^^^^^^^
  File "/usr/local/lib/python3.12/site-packages/streamlit/runtime/app_session.py", line 616, in _handle_scriptrunner_event_on_event_loop
    msg = self._create_new_session_message(
          ^^^^^^^^^^^^^^^^^^^^^^^^^^^^^^^^^
  File "/usr/local/lib/python3.12/site-packages/streamlit/runtime/app_session.py", line 750, in _create_new_session_message
    _populate_user_info_msg(imsg.user_info)
  File "/usr/local/lib/python3.12/site-packages/streamlit/runtime/app_session.py", line 1154, in _populate_user_info_msg
    inst = Installation.instance()
           ^^^^^^^^^^^^^^^^^^^^^^^
  File "/usr/local/lib/python3.12/site-packages/streamlit/runtime/metrics_util.py", line 228, in instance
    cls._instance = Installation()
                    ^^^^^^^^^^^^^^
  File "/usr/local/lib/python3.12/site-packages/streamlit/runtime/metrics_util.py", line 233, in __init__
    uuid.uuid5(uuid.NAMESPACE_DNS, _get_machine_id_v3())
                                   ^^^^^^^^^^^^^^^^^^^^
  File "/usr/local/lib/python3.12/site-packages/streamlit/runtime/metrics_util.py", line 173, in _get_machine_id_v3
    machine_id = f.read()
                 ^^^^^^^^
  File "<frozen codecs>", line 322, in decode
UnicodeDecodeError: 'utf-8' codec can't decode bytes in position 25-26: invalid continuation byte
Exception in callback AppSession._on_scriptrunner_event.<locals>.<lambda>() at /usr/local/lib/python3.12/site-packages/streamlit/runtime/app_session.py:519
handle: <Handle AppSession._on_scriptrunner_event.<locals>.<lambda>() at /usr/local/lib/python3.12/site-packages/streamlit/runtime/app_session.py:519>
Traceback (most recent call last):
  File "/usr/local/lib/python3.12/asyncio/events.py", line 88, in _run
    self._context.run(self._callback, *self._args)
  File "/usr/local/lib/python3.12/site-packages/streamlit/runtime/app_session.py", line 519, in <lambda>
    lambda: self._handle_scriptrunner_event_on_event_loop(
            ^^^^^^^^^^^^^^^^^^^^^^^^^^^^^^^^^^^^^^^^^^^^^^
  File "/usr/local/lib/python3.12/site-packages/streamlit/runtime/app_session.py", line 616, in _handle_scriptrunner_event_on_event_loop
    msg = self._create_new_session_message(
          ^^^^^^^^^^^^^^^^^^^^^^^^^^^^^^^^^
  File "/usr/local/lib/python3.12/site-packages/streamlit/runtime/app_session.py", line 750, in _create_new_session_message
    _populate_user_info_msg(imsg.user_info)
  File "/usr/local/lib/python3.12/site-packages/streamlit/runtime/app_session.py", line 1154, in _populate_user_info_msg
    inst = Installation.instance()
           ^^^^^^^^^^^^^^^^^^^^^^^
  File "/usr/local/lib/python3.12/site-packages/streamlit/runtime/metrics_util.py", line 228, in instance
    cls._instance = Installation()
                    ^^^^^^^^^^^^^^
  File "/usr/local/lib/python3.12/site-packages/streamlit/runtime/metrics_util.py", line 233, in __init__
    uuid.uuid5(uuid.NAMESPACE_DNS, _get_machine_id_v3())
                                   ^^^^^^^^^^^^^^^^^^^^
  File "/usr/local/lib/python3.12/site-packages/streamlit/runtime/metrics_util.py", line 173, in _get_machine_id_v3
    machine_id = f.read()
                 ^^^^^^^^
  File "<frozen codecs>", line 322, in decode
UnicodeDecodeError: 'utf-8' codec can't decode bytes in position 25-26: invalid continuation byte
Exception in callback AppSession._on_scriptrunner_event.<locals>.<lambda>() at /usr/local/lib/python3.12/site-packages/streamlit/runtime/app_session.py:519
handle: <Handle AppSession._on_scriptrunner_event.<locals>.<lambda>() at /usr/local/lib/python3.12/site-packages/streamlit/runtime/app_session.py:519>
Traceback (most recent call last):
  File "/usr/local/lib/python3.12/asyncio/events.py", line 88, in _run
    self._context.run(self._callback, *self._args)
  File "/usr/local/lib/python3.12/site-packages/streamlit/runtime/app_session.py", line 519, in <lambda>
    lambda: self._handle_scriptrunner_event_on_event_loop(
            ^^^^^^^^^^^^^^^^^^^^^^^^^^^^^^^^^^^^^^^^^^^^^^
  File "/usr/local/lib/python3.12/site-packages/streamlit/runtime/app_session.py", line 616, in _handle_scriptrunner_event_on_event_loop
    msg = self._create_new_session_message(
          ^^^^^^^^^^^^^^^^^^^^^^^^^^^^^^^^^
  File "/usr/local/lib/python3.12/site-packages/streamlit/runtime/app_session.py", line 750, in _create_new_session_message
    _populate_user_info_msg(imsg.user_info)
  File "/usr/local/lib/python3.12/site-packages/streamlit/runtime/app_session.py", line 1154, in _populate_user_info_msg
    inst = Installation.instance()
           ^^^^^^^^^^^^^^^^^^^^^^^
  File "/usr/local/lib/python3.12/site-packages/streamlit/runtime/metrics_util.py", line 228, in instance
    cls._instance = Installation()
                    ^^^^^^^^^^^^^^
  File "/usr/local/lib/python3.12/site-packages/streamlit/runtime/metrics_util.py", line 233, in __init__
    uuid.uuid5(uuid.NAMESPACE_DNS, _get_machine_id_v3())
                                   ^^^^^^^^^^^^^^^^^^^^
  File "/usr/local/lib/python3.12/site-packages/streamlit/runtime/metrics_util.py", line 173, in _get_machine_id_v3
    machine_id = f.read()
                 ^^^^^^^^
  File "<frozen codecs>", line 322, in decode
UnicodeDecodeError: 'utf-8' codec can't decode bytes in position 25-26: invalid continuation byte
Exception in callback AppSession._on_scriptrunner_event.<locals>.<lambda>() at /usr/local/lib/python3.12/site-packages/streamlit/runtime/app_session.py:519
handle: <Handle AppSession._on_scriptrunner_event.<locals>.<lambda>() at /usr/local/lib/python3.12/site-packages/streamlit/runtime/app_session.py:519>
Traceback (most recent call last):
  File "/usr/local/lib/python3.12/asyncio/events.py", line 88, in _run
    self._context.run(self._callback, *self._args)
  File "/usr/local/lib/python3.12/site-packages/streamlit/runtime/app_session.py", line 519, in <lambda>
    lambda: self._handle_scriptrunner_event_on_event_loop(
            ^^^^^^^^^^^^^^^^^^^^^^^^^^^^^^^^^^^^^^^^^^^^^^
  File "/usr/local/lib/python3.12/site-packages/streamlit/runtime/app_session.py", line 616, in _handle_scriptrunner_event_on_event_loop
    msg = self._create_new_session_message(
          ^^^^^^^^^^^^^^^^^^^^^^^^^^^^^^^^^
  File "/usr/local/lib/python3.12/site-packages/streamlit/runtime/app_session.py", line 750, in _create_new_session_message
    _populate_user_info_msg(imsg.user_info)
  File "/usr/local/lib/python3.12/site-packages/streamlit/runtime/app_session.py", line 1154, in _populate_user_info_msg
    inst = Installation.instance()
           ^^^^^^^^^^^^^^^^^^^^^^^
  File "/usr/local/lib/python3.12/site-packages/streamlit/runtime/metrics_util.py", line 228, in instance
    cls._instance = Installation()
                    ^^^^^^^^^^^^^^
  File "/usr/local/lib/python3.12/site-packages/streamlit/runtime/metrics_util.py", line 233, in __init__
    uuid.uuid5(uuid.NAMESPACE_DNS, _get_machine_id_v3())
                                   ^^^^^^^^^^^^^^^^^^^^
  File "/usr/local/lib/python3.12/site-packages/streamlit/runtime/metrics_util.py", line 173, in _get_machine_id_v3
    machine_id = f.read()
                 ^^^^^^^^
  File "<frozen codecs>", line 322, in decode
UnicodeDecodeError: 'utf-8' codec can't decode bytes in position 25-26: invalid continuation byte
Exception in callback AppSession._on_scriptrunner_event.<locals>.<lambda>() at /usr/local/lib/python3.12/site-packages/streamlit/runtime/app_session.py:519
handle: <Handle AppSession._on_scriptrunner_event.<locals>.<lambda>() at /usr/local/lib/python3.12/site-packages/streamlit/runtime/app_session.py:519>
Traceback (most recent call last):
  File "/usr/local/lib/python3.12/asyncio/events.py", line 88, in _run
    self._context.run(self._callback, *self._args)
  File "/usr/local/lib/python3.12/site-packages/streamlit/runtime/app_session.py", line 519, in <lambda>
    lambda: self._handle_scriptrunner_event_on_event_loop(
            ^^^^^^^^^^^^^^^^^^^^^^^^^^^^^^^^^^^^^^^^^^^^^^
  File "/usr/local/lib/python3.12/site-packages/streamlit/runtime/app_session.py", line 616, in _handle_scriptrunner_event_on_event_loop
    msg = self._create_new_session_message(
          ^^^^^^^^^^^^^^^^^^^^^^^^^^^^^^^^^
  File "/usr/local/lib/python3.12/site-packages/streamlit/runtime/app_session.py", line 750, in _create_new_session_message
    _populate_user_info_msg(imsg.user_info)
  File "/usr/local/lib/python3.12/site-packages/streamlit/runtime/app_session.py", line 1154, in _populate_user_info_msg
    inst = Installation.instance()
           ^^^^^^^^^^^^^^^^^^^^^^^
  File "/usr/local/lib/python3.12/site-packages/streamlit/runtime/metrics_util.py", line 228, in instance
    cls._instance = Installation()
                    ^^^^^^^^^^^^^^
  File "/usr/local/lib/python3.12/site-packages/streamlit/runtime/metrics_util.py", line 233, in __init__
    uuid.uuid5(uuid.NAMESPACE_DNS, _get_machine_id_v3())
                                   ^^^^^^^^^^^^^^^^^^^^
  File "/usr/local/lib/python3.12/site-packages/streamlit/runtime/metrics_util.py", line 173, in _get_machine_id_v3
    machine_id = f.read()
                 ^^^^^^^^
  File "<frozen codecs>", line 322, in decode
UnicodeDecodeError: 'utf-8' codec can't decode bytes in position 25-26: invalid continuation byte
Exception in callback AppSession._on_scriptrunner_event.<locals>.<lambda>() at /usr/local/lib/python3.12/site-packages/streamlit/runtime/app_session.py:519
handle: <Handle AppSession._on_scriptrunner_event.<locals>.<lambda>() at /usr/local/lib/python3.12/site-packages/streamlit/runtime/app_session.py:519>
Traceback (most recent call last):
  File "/usr/local/lib/python3.12/asyncio/events.py", line 88, in _run
    self._context.run(self._callback, *self._args)
  File "/usr/local/lib/python3.12/site-packages/streamlit/runtime/app_session.py", line 519, in <lambda>
    lambda: self._handle_scriptrunner_event_on_event_loop(
            ^^^^^^^^^^^^^^^^^^^^^^^^^^^^^^^^^^^^^^^^^^^^^^
  File "/usr/local/lib/python3.12/site-packages/streamlit/runtime/app_session.py", line 616, in _handle_scriptrunner_event_on_event_loop
    msg = self._create_new_session_message(
          ^^^^^^^^^^^^^^^^^^^^^^^^^^^^^^^^^
  File "/usr/local/lib/python3.12/site-packages/streamlit/runtime/app_session.py", line 750, in _create_new_session_message
    _populate_user_info_msg(imsg.user_info)
  File "/usr/local/lib/python3.12/site-packages/streamlit/runtime/app_session.py", line 1154, in _populate_user_info_msg
    inst = Installation.instance()
           ^^^^^^^^^^^^^^^^^^^^^^^
  File "/usr/local/lib/python3.12/site-packages/streamlit/runtime/metrics_util.py", line 228, in instance
    cls._instance = Installation()
                    ^^^^^^^^^^^^^^
  File "/usr/local/lib/python3.12/site-packages/streamlit/runtime/metrics_util.py", line 233, in __init__
    uuid.uuid5(uuid.NAMESPACE_DNS, _get_machine_id_v3())
                                   ^^^^^^^^^^^^^^^^^^^^
  File "/usr/local/lib/python3.12/site-packages/streamlit/runtime/metrics_util.py", line 173, in _get_machine_id_v3
    machine_id = f.read()
                 ^^^^^^^^
  File "<frozen codecs>", line 322, in decode
UnicodeDecodeError: 'utf-8' codec can't decode bytes in position 25-26: invalid continuation byte
Exception in callback AppSession._on_scriptrunner_event.<locals>.<lambda>() at /usr/local/lib/python3.12/site-packages/streamlit/runtime/app_session.py:519
handle: <Handle AppSession._on_scriptrunner_event.<locals>.<lambda>() at /usr/local/lib/python3.12/site-packages/streamlit/runtime/app_session.py:519>
Traceback (most recent call last):
  File "/usr/local/lib/python3.12/asyncio/events.py", line 88, in _run
    self._context.run(self._callback, *self._args)
  File "/usr/local/lib/python3.12/site-packages/streamlit/runtime/app_session.py", line 519, in <lambda>
    lambda: self._handle_scriptrunner_event_on_event_loop(
            ^^^^^^^^^^^^^^^^^^^^^^^^^^^^^^^^^^^^^^^^^^^^^^
  File "/usr/local/lib/python3.12/site-packages/streamlit/runtime/app_session.py", line 616, in _handle_scriptrunner_event_on_event_loop
    msg = self._create_new_session_message(
          ^^^^^^^^^^^^^^^^^^^^^^^^^^^^^^^^^
  File "/usr/local/lib/python3.12/site-packages/streamlit/runtime/app_session.py", line 750, in _create_new_session_message
    _populate_user_info_msg(imsg.user_info)
  File "/usr/local/lib/python3.12/site-packages/streamlit/runtime/app_session.py", line 1154, in _populate_user_info_msg
    inst = Installation.instance()
           ^^^^^^^^^^^^^^^^^^^^^^^
  File "/usr/local/lib/python3.12/site-packages/streamlit/runtime/metrics_util.py", line 228, in instance
    cls._instance = Installation()
                    ^^^^^^^^^^^^^^
  File "/usr/local/lib/python3.12/site-packages/streamlit/runtime/metrics_util.py", line 233, in __init__
    uuid.uuid5(uuid.NAMESPACE_DNS, _get_machine_id_v3())
                                   ^^^^^^^^^^^^^^^^^^^^
  File "/usr/local/lib/python3.12/site-packages/streamlit/runtime/metrics_util.py", line 173, in _get_machine_id_v3
    machine_id = f.read()
                 ^^^^^^^^
  File "<frozen codecs>", line 322, in decode
UnicodeDecodeError: 'utf-8' codec can't decode bytes in position 25-26: invalid continuation byte
Exception in callback AppSession._on_scriptrunner_event.<locals>.<lambda>() at /usr/local/lib/python3.12/site-packages/streamlit/runtime/app_session.py:519
handle: <Handle AppSession._on_scriptrunner_event.<locals>.<lambda>() at /usr/local/lib/python3.12/site-packages/streamlit/runtime/app_session.py:519>
Traceback (most recent call last):
  File "/usr/local/lib/python3.12/asyncio/events.py", line 88, in _run
    self._context.run(self._callback, *self._args)
  File "/usr/local/lib/python3.12/site-packages/streamlit/runtime/app_session.py", line 519, in <lambda>
    lambda: self._handle_scriptrunner_event_on_event_loop(
            ^^^^^^^^^^^^^^^^^^^^^^^^^^^^^^^^^^^^^^^^^^^^^^
  File "/usr/local/lib/python3.12/site-packages/streamlit/runtime/app_session.py", line 616, in _handle_scriptrunner_event_on_event_loop
    msg = self._create_new_session_message(
          ^^^^^^^^^^^^^^^^^^^^^^^^^^^^^^^^^
  File "/usr/local/lib/python3.12/site-packages/streamlit/runtime/app_session.py", line 750, in _create_new_session_message
    _populate_user_info_msg(imsg.user_info)
  File "/usr/local/lib/python3.12/site-packages/streamlit/runtime/app_session.py", line 1154, in _populate_user_info_msg
    inst = Installation.instance()
           ^^^^^^^^^^^^^^^^^^^^^^^
  File "/usr/local/lib/python3.12/site-packages/streamlit/runtime/metrics_util.py", line 228, in instance
    cls._instance = Installation()
                    ^^^^^^^^^^^^^^
  File "/usr/local/lib/python3.12/site-packages/streamlit/runtime/metrics_util.py", line 233, in __init__
    uuid.uuid5(uuid.NAMESPACE_DNS, _get_machine_id_v3())
                                   ^^^^^^^^^^^^^^^^^^^^
  File "/usr/local/lib/python3.12/site-packages/streamlit/runtime/metrics_util.py", line 173, in _get_machine_id_v3
    machine_id = f.read()
                 ^^^^^^^^
  File "<frozen codecs>", line 322, in decode
UnicodeDecodeError: 'utf-8' codec can't decode bytes in position 25-26: invalid continuation byte
Exception in callback AppSession._on_scriptrunner_event.<locals>.<lambda>() at /usr/local/lib/python3.12/site-packages/streamlit/runtime/app_session.py:519
handle: <Handle AppSession._on_scriptrunner_event.<locals>.<lambda>() at /usr/local/lib/python3.12/site-packages/streamlit/runtime/app_session.py:519>
Traceback (most recent call last):
  File "/usr/local/lib/python3.12/asyncio/events.py", line 88, in _run
    self._context.run(self._callback, *self._args)
  File "/usr/local/lib/python3.12/site-packages/streamlit/runtime/app_session.py", line 519, in <lambda>
    lambda: self._handle_scriptrunner_event_on_event_loop(
            ^^^^^^^^^^^^^^^^^^^^^^^^^^^^^^^^^^^^^^^^^^^^^^
  File "/usr/local/lib/python3.12/site-packages/streamlit/runtime/app_session.py", line 616, in _handle_scriptrunner_event_on_event_loop
    msg = self._create_new_session_message(
          ^^^^^^^^^^^^^^^^^^^^^^^^^^^^^^^^^
  File "/usr/local/lib/python3.12/site-packages/streamlit/runtime/app_session.py", line 750, in _create_new_session_message
    _populate_user_info_msg(imsg.user_info)
  File "/usr/local/lib/python3.12/site-packages/streamlit/runtime/app_session.py", line 1154, in _populate_user_info_msg
    inst = Installation.instance()
           ^^^^^^^^^^^^^^^^^^^^^^^
  File "/usr/local/lib/python3.12/site-packages/streamlit/runtime/metrics_util.py", line 228, in instance
    cls._instance = Installation()
                    ^^^^^^^^^^^^^^
  File "/usr/local/lib/python3.12/site-packages/streamlit/runtime/metrics_util.py", line 233, in __init__
    uuid.uuid5(uuid.NAMESPACE_DNS, _get_machine_id_v3())
                                   ^^^^^^^^^^^^^^^^^^^^
  File "/usr/local/lib/python3.12/site-packages/streamlit/runtime/metrics_util.py", line 173, in _get_machine_id_v3
    machine_id = f.read()
                 ^^^^^^^^
  File "<frozen codecs>", line 322, in decode
UnicodeDecodeError: 'utf-8' codec can't decode bytes in position 25-26: invalid continuation byte
Exception in callback AppSession._on_scriptrunner_event.<locals>.<lambda>() at /usr/local/lib/python3.12/site-packages/streamlit/runtime/app_session.py:519
handle: <Handle AppSession._on_scriptrunner_event.<locals>.<lambda>() at /usr/local/lib/python3.12/site-packages/streamlit/runtime/app_session.py:519>
Traceback (most recent call last):
  File "/usr/local/lib/python3.12/asyncio/events.py", line 88, in _run
    self._context.run(self._callback, *self._args)
  File "/usr/local/lib/python3.12/site-packages/streamlit/runtime/app_session.py", line 519, in <lambda>
    lambda: self._handle_scriptrunner_event_on_event_loop(
            ^^^^^^^^^^^^^^^^^^^^^^^^^^^^^^^^^^^^^^^^^^^^^^
  File "/usr/local/lib/python3.12/site-packages/streamlit/runtime/app_session.py", line 616, in _handle_scriptrunner_event_on_event_loop
    msg = self._create_new_session_message(
          ^^^^^^^^^^^^^^^^^^^^^^^^^^^^^^^^^
  File "/usr/local/lib/python3.12/site-packages/streamlit/runtime/app_session.py", line 750, in _create_new_session_message
    _populate_user_info_msg(imsg.user_info)
  File "/usr/local/lib/python3.12/site-packages/streamlit/runtime/app_session.py", line 1154, in _populate_user_info_msg
    inst = Installation.instance()
           ^^^^^^^^^^^^^^^^^^^^^^^
  File "/usr/local/lib/python3.12/site-packages/streamlit/runtime/metrics_util.py", line 228, in instance
    cls._instance = Installation()
                    ^^^^^^^^^^^^^^
  File "/usr/local/lib/python3.12/site-packages/streamlit/runtime/metrics_util.py", line 233, in __init__
    uuid.uuid5(uuid.NAMESPACE_DNS, _get_machine_id_v3())
                                   ^^^^^^^^^^^^^^^^^^^^
  File "/usr/local/lib/python3.12/site-packages/streamlit/runtime/metrics_util.py", line 173, in _get_machine_id_v3
    machine_id = f.read()
                 ^^^^^^^^
  File "<frozen codecs>", line 322, in decode
UnicodeDecodeError: 'utf-8' codec can't decode bytes in position 25-26: invalid continuation byte
Exception in callback AppSession._on_scriptrunner_event.<locals>.<lambda>() at /usr/local/lib/python3.12/site-packages/streamlit/runtime/app_session.py:519
handle: <Handle AppSession._on_scriptrunner_event.<locals>.<lambda>() at /usr/local/lib/python3.12/site-packages/streamlit/runtime/app_session.py:519>
Traceback (most recent call last):
  File "/usr/local/lib/python3.12/asyncio/events.py", line 88, in _run
    self._context.run(self._callback, *self._args)
  File "/usr/local/lib/python3.12/site-packages/streamlit/runtime/app_session.py", line 519, in <lambda>
    lambda: self._handle_scriptrunner_event_on_event_loop(
            ^^^^^^^^^^^^^^^^^^^^^^^^^^^^^^^^^^^^^^^^^^^^^^
  File "/usr/local/lib/python3.12/site-packages/streamlit/runtime/app_session.py", line 616, in _handle_scriptrunner_event_on_event_loop
    msg = self._create_new_session_message(
          ^^^^^^^^^^^^^^^^^^^^^^^^^^^^^^^^^
  File "/usr/local/lib/python3.12/site-packages/streamlit/runtime/app_session.py", line 750, in _create_new_session_message
    _populate_user_info_msg(imsg.user_info)
  File "/usr/local/lib/python3.12/site-packages/streamlit/runtime/app_session.py", line 1154, in _populate_user_info_msg
    inst = Installation.instance()
           ^^^^^^^^^^^^^^^^^^^^^^^
  File "/usr/local/lib/python3.12/site-packages/streamlit/runtime/metrics_util.py", line 228, in instance
    cls._instance = Installation()
                    ^^^^^^^^^^^^^^
  File "/usr/local/lib/python3.12/site-packages/streamlit/runtime/metrics_util.py", line 233, in __init__
    uuid.uuid5(uuid.NAMESPACE_DNS, _get_machine_id_v3())
                                   ^^^^^^^^^^^^^^^^^^^^
  File "/usr/local/lib/python3.12/site-packages/streamlit/runtime/metrics_util.py", line 173, in _get_machine_id_v3
    machine_id = f.read()
                 ^^^^^^^^
  File "<frozen codecs>", line 322, in decode
UnicodeDecodeError: 'utf-8' codec can't decode bytes in position 25-26: invalid continuation byte
Exception in callback AppSession._on_scriptrunner_event.<locals>.<lambda>() at /usr/local/lib/python3.12/site-packages/streamlit/runtime/app_session.py:519
handle: <Handle AppSession._on_scriptrunner_event.<locals>.<lambda>() at /usr/local/lib/python3.12/site-packages/streamlit/runtime/app_session.py:519>
Traceback (most recent call last):
  File "/usr/local/lib/python3.12/asyncio/events.py", line 88, in _run
    self._context.run(self._callback, *self._args)
  File "/usr/local/lib/python3.12/site-packages/streamlit/runtime/app_session.py", line 519, in <lambda>
    lambda: self._handle_scriptrunner_event_on_event_loop(
            ^^^^^^^^^^^^^^^^^^^^^^^^^^^^^^^^^^^^^^^^^^^^^^
  File "/usr/local/lib/python3.12/site-packages/streamlit/runtime/app_session.py", line 616, in _handle_scriptrunner_event_on_event_loop
    msg = self._create_new_session_message(
          ^^^^^^^^^^^^^^^^^^^^^^^^^^^^^^^^^
  File "/usr/local/lib/python3.12/site-packages/streamlit/runtime/app_session.py", line 750, in _create_new_session_message
    _populate_user_info_msg(imsg.user_info)
  File "/usr/local/lib/python3.12/site-packages/streamlit/runtime/app_session.py", line 1154, in _populate_user_info_msg
    inst = Installation.instance()
           ^^^^^^^^^^^^^^^^^^^^^^^
  File "/usr/local/lib/python3.12/site-packages/streamlit/runtime/metrics_util.py", line 228, in instance
    cls._instance = Installation()
                    ^^^^^^^^^^^^^^
  File "/usr/local/lib/python3.12/site-packages/streamlit/runtime/metrics_util.py", line 233, in __init__
    uuid.uuid5(uuid.NAMESPACE_DNS, _get_machine_id_v3())
                                   ^^^^^^^^^^^^^^^^^^^^
  File "/usr/local/lib/python3.12/site-packages/streamlit/runtime/metrics_util.py", line 173, in _get_machine_id_v3
    machine_id = f.read()
                 ^^^^^^^^
  File "<frozen codecs>", line 322, in decode
UnicodeDecodeError: 'utf-8' codec can't decode bytes in position 25-26: invalid continuation byte
Exception in callback AppSession._on_scriptrunner_event.<locals>.<lambda>() at /usr/local/lib/python3.12/site-packages/streamlit/runtime/app_session.py:519
handle: <Handle AppSession._on_scriptrunner_event.<locals>.<lambda>() at /usr/local/lib/python3.12/site-packages/streamlit/runtime/app_session.py:519>
Traceback (most recent call last):
  File "/usr/local/lib/python3.12/asyncio/events.py", line 88, in _run
    self._context.run(self._callback, *self._args)
  File "/usr/local/lib/python3.12/site-packages/streamlit/runtime/app_session.py", line 519, in <lambda>
    lambda: self._handle_scriptrunner_event_on_event_loop(
            ^^^^^^^^^^^^^^^^^^^^^^^^^^^^^^^^^^^^^^^^^^^^^^
  File "/usr/local/lib/python3.12/site-packages/streamlit/runtime/app_session.py", line 616, in _handle_scriptrunner_event_on_event_loop
    msg = self._create_new_session_message(
          ^^^^^^^^^^^^^^^^^^^^^^^^^^^^^^^^^
  File "/usr/local/lib/python3.12/site-packages/streamlit/runtime/app_session.py", line 750, in _create_new_session_message
    _populate_user_info_msg(imsg.user_info)
  File "/usr/local/lib/python3.12/site-packages/streamlit/runtime/app_session.py", line 1154, in _populate_user_info_msg
    inst = Installation.instance()
           ^^^^^^^^^^^^^^^^^^^^^^^
  File "/usr/local/lib/python3.12/site-packages/streamlit/runtime/metrics_util.py", line 228, in instance
    cls._instance = Installation()
                    ^^^^^^^^^^^^^^
  File "/usr/local/lib/python3.12/site-packages/streamlit/runtime/metrics_util.py", line 233, in __init__
    uuid.uuid5(uuid.NAMESPACE_DNS, _get_machine_id_v3())
                                   ^^^^^^^^^^^^^^^^^^^^
  File "/usr/local/lib/python3.12/site-packages/streamlit/runtime/metrics_util.py", line 173, in _get_machine_id_v3
    machine_id = f.read()
                 ^^^^^^^^
  File "<frozen codecs>", line 322, in decode
UnicodeDecodeError: 'utf-8' codec can't decode bytes in position 25-26: invalid continuation byte
Exception in callback AppSession._on_scriptrunner_event.<locals>.<lambda>() at /usr/local/lib/python3.12/site-packages/streamlit/runtime/app_session.py:519
handle: <Handle AppSession._on_scriptrunner_event.<locals>.<lambda>() at /usr/local/lib/python3.12/site-packages/streamlit/runtime/app_session.py:519>
Traceback (most recent call last):
  File "/usr/local/lib/python3.12/asyncio/events.py", line 88, in _run
    self._context.run(self._callback, *self._args)
  File "/usr/local/lib/python3.12/site-packages/streamlit/runtime/app_session.py", line 519, in <lambda>
    lambda: self._handle_scriptrunner_event_on_event_loop(
            ^^^^^^^^^^^^^^^^^^^^^^^^^^^^^^^^^^^^^^^^^^^^^^
  File "/usr/local/lib/python3.12/site-packages/streamlit/runtime/app_session.py", line 616, in _handle_scriptrunner_event_on_event_loop
    msg = self._create_new_session_message(
          ^^^^^^^^^^^^^^^^^^^^^^^^^^^^^^^^^
  File "/usr/local/lib/python3.12/site-packages/streamlit/runtime/app_session.py", line 750, in _create_new_session_message
    _populate_user_info_msg(imsg.user_info)
  File "/usr/local/lib/python3.12/site-packages/streamlit/runtime/app_session.py", line 1154, in _populate_user_info_msg
    inst = Installation.instance()
           ^^^^^^^^^^^^^^^^^^^^^^^
  File "/usr/local/lib/python3.12/site-packages/streamlit/runtime/metrics_util.py", line 228, in instance
    cls._instance = Installation()
                    ^^^^^^^^^^^^^^
  File "/usr/local/lib/python3.12/site-packages/streamlit/runtime/metrics_util.py", line 233, in __init__
    uuid.uuid5(uuid.NAMESPACE_DNS, _get_machine_id_v3())
                                   ^^^^^^^^^^^^^^^^^^^^
  File "/usr/local/lib/python3.12/site-packages/streamlit/runtime/metrics_util.py", line 173, in _get_machine_id_v3
    machine_id = f.read()
                 ^^^^^^^^
  File "<frozen codecs>", line 322, in decode
UnicodeDecodeError: 'utf-8' codec can't decode bytes in position 25-26: invalid continuation byte
Exception in callback AppSession._on_scriptrunner_event.<locals>.<lambda>() at /usr/local/lib/python3.12/site-packages/streamlit/runtime/app_session.py:519
handle: <Handle AppSession._on_scriptrunner_event.<locals>.<lambda>() at /usr/local/lib/python3.12/site-packages/streamlit/runtime/app_session.py:519>
Traceback (most recent call last):
  File "/usr/local/lib/python3.12/asyncio/events.py", line 88, in _run
    self._context.run(self._callback, *self._args)
  File "/usr/local/lib/python3.12/site-packages/streamlit/runtime/app_session.py", line 519, in <lambda>
    lambda: self._handle_scriptrunner_event_on_event_loop(
            ^^^^^^^^^^^^^^^^^^^^^^^^^^^^^^^^^^^^^^^^^^^^^^
  File "/usr/local/lib/python3.12/site-packages/streamlit/runtime/app_session.py", line 616, in _handle_scriptrunner_event_on_event_loop
    msg = self._create_new_session_message(
          ^^^^^^^^^^^^^^^^^^^^^^^^^^^^^^^^^
  File "/usr/local/lib/python3.12/site-packages/streamlit/runtime/app_session.py", line 750, in _create_new_session_message
    _populate_user_info_msg(imsg.user_info)
  File "/usr/local/lib/python3.12/site-packages/streamlit/runtime/app_session.py", line 1154, in _populate_user_info_msg
    inst = Installation.instance()
           ^^^^^^^^^^^^^^^^^^^^^^^
  File "/usr/local/lib/python3.12/site-packages/streamlit/runtime/metrics_util.py", line 228, in instance
    cls._instance = Installation()
                    ^^^^^^^^^^^^^^
  File "/usr/local/lib/python3.12/site-packages/streamlit/runtime/metrics_util.py", line 233, in __init__
    uuid.uuid5(uuid.NAMESPACE_DNS, _get_machine_id_v3())
                                   ^^^^^^^^^^^^^^^^^^^^
  File "/usr/local/lib/python3.12/site-packages/streamlit/runtime/metrics_util.py", line 173, in _get_machine_id_v3
    machine_id = f.read()
                 ^^^^^^^^
  File "<frozen codecs>", line 322, in decode
UnicodeDecodeError: 'utf-8' codec can't decode bytes in position 25-26: invalid continuation byte
Exception in callback AppSession._on_scriptrunner_event.<locals>.<lambda>() at /usr/local/lib/python3.12/site-packages/streamlit/runtime/app_session.py:519
handle: <Handle AppSession._on_scriptrunner_event.<locals>.<lambda>() at /usr/local/lib/python3.12/site-packages/streamlit/runtime/app_session.py:519>
Traceback (most recent call last):
  File "/usr/local/lib/python3.12/asyncio/events.py", line 88, in _run
    self._context.run(self._callback, *self._args)
  File "/usr/local/lib/python3.12/site-packages/streamlit/runtime/app_session.py", line 519, in <lambda>
    lambda: self._handle_scriptrunner_event_on_event_loop(
            ^^^^^^^^^^^^^^^^^^^^^^^^^^^^^^^^^^^^^^^^^^^^^^
  File "/usr/local/lib/python3.12/site-packages/streamlit/runtime/app_session.py", line 616, in _handle_scriptrunner_event_on_event_loop
    msg = self._create_new_session_message(
          ^^^^^^^^^^^^^^^^^^^^^^^^^^^^^^^^^
  File "/usr/local/lib/python3.12/site-packages/streamlit/runtime/app_session.py", line 750, in _create_new_session_message
    _populate_user_info_msg(imsg.user_info)
  File "/usr/local/lib/python3.12/site-packages/streamlit/runtime/app_session.py", line 1154, in _populate_user_info_msg
    inst = Installation.instance()
           ^^^^^^^^^^^^^^^^^^^^^^^
  File "/usr/local/lib/python3.12/site-packages/streamlit/runtime/metrics_util.py", line 228, in instance
    cls._instance = Installation()
                    ^^^^^^^^^^^^^^
  File "/usr/local/lib/python3.12/site-packages/streamlit/runtime/metrics_util.py", line 233, in __init__
    uuid.uuid5(uuid.NAMESPACE_DNS, _get_machine_id_v3())
                                   ^^^^^^^^^^^^^^^^^^^^
  File "/usr/local/lib/python3.12/site-packages/streamlit/runtime/metrics_util.py", line 173, in _get_machine_id_v3
    machine_id = f.read()
                 ^^^^^^^^
  File "<frozen codecs>", line 322, in decode
UnicodeDecodeError: 'utf-8' codec can't decode bytes in position 25-26: invalid continuation byte
Exception in callback AppSession._on_scriptrunner_event.<locals>.<lambda>() at /usr/local/lib/python3.12/site-packages/streamlit/runtime/app_session.py:519
handle: <Handle AppSession._on_scriptrunner_event.<locals>.<lambda>() at /usr/local/lib/python3.12/site-packages/streamlit/runtime/app_session.py:519>
Traceback (most recent call last):
  File "/usr/local/lib/python3.12/asyncio/events.py", line 88, in _run
    self._context.run(self._callback, *self._args)
  File "/usr/local/lib/python3.12/site-packages/streamlit/runtime/app_session.py", line 519, in <lambda>
    lambda: self._handle_scriptrunner_event_on_event_loop(
            ^^^^^^^^^^^^^^^^^^^^^^^^^^^^^^^^^^^^^^^^^^^^^^
  File "/usr/local/lib/python3.12/site-packages/streamlit/runtime/app_session.py", line 616, in _handle_scriptrunner_event_on_event_loop
    msg = self._create_new_session_message(
          ^^^^^^^^^^^^^^^^^^^^^^^^^^^^^^^^^
  File "/usr/local/lib/python3.12/site-packages/streamlit/runtime/app_session.py", line 750, in _create_new_session_message
    _populate_user_info_msg(imsg.user_info)
  File "/usr/local/lib/python3.12/site-packages/streamlit/runtime/app_session.py", line 1154, in _populate_user_info_msg
    inst = Installation.instance()
           ^^^^^^^^^^^^^^^^^^^^^^^
  File "/usr/local/lib/python3.12/site-packages/streamlit/runtime/metrics_util.py", line 228, in instance
    cls._instance = Installation()
                    ^^^^^^^^^^^^^^
  File "/usr/local/lib/python3.12/site-packages/streamlit/runtime/metrics_util.py", line 233, in __init__
    uuid.uuid5(uuid.NAMESPACE_DNS, _get_machine_id_v3())
                                   ^^^^^^^^^^^^^^^^^^^^
  File "/usr/local/lib/python3.12/site-packages/streamlit/runtime/metrics_util.py", line 173, in _get_machine_id_v3
    machine_id = f.read()
                 ^^^^^^^^
  File "<frozen codecs>", line 322, in decode
UnicodeDecodeError: 'utf-8' codec can't decode bytes in position 25-26: invalid continuation byte
Exception in callback AppSession._on_scriptrunner_event.<locals>.<lambda>() at /usr/local/lib/python3.12/site-packages/streamlit/runtime/app_session.py:519
handle: <Handle AppSession._on_scriptrunner_event.<locals>.<lambda>() at /usr/local/lib/python3.12/site-packages/streamlit/runtime/app_session.py:519>
Traceback (most recent call last):
  File "/usr/local/lib/python3.12/asyncio/events.py", line 88, in _run
    self._context.run(self._callback, *self._args)
  File "/usr/local/lib/python3.12/site-packages/streamlit/runtime/app_session.py", line 519, in <lambda>
    lambda: self._handle_scriptrunner_event_on_event_loop(
            ^^^^^^^^^^^^^^^^^^^^^^^^^^^^^^^^^^^^^^^^^^^^^^
  File "/usr/local/lib/python3.12/site-packages/streamlit/runtime/app_session.py", line 616, in _handle_scriptrunner_event_on_event_loop
    msg = self._create_new_session_message(
          ^^^^^^^^^^^^^^^^^^^^^^^^^^^^^^^^^
  File "/usr/local/lib/python3.12/site-packages/streamlit/runtime/app_session.py", line 750, in _create_new_session_message
    _populate_user_info_msg(imsg.user_info)
  File "/usr/local/lib/python3.12/site-packages/streamlit/runtime/app_session.py", line 1154, in _populate_user_info_msg
    inst = Installation.instance()
           ^^^^^^^^^^^^^^^^^^^^^^^
  File "/usr/local/lib/python3.12/site-packages/streamlit/runtime/metrics_util.py", line 228, in instance
    cls._instance = Installation()
                    ^^^^^^^^^^^^^^
  File "/usr/local/lib/python3.12/site-packages/streamlit/runtime/metrics_util.py", line 233, in __init__
    uuid.uuid5(uuid.NAMESPACE_DNS, _get_machine_id_v3())
                                   ^^^^^^^^^^^^^^^^^^^^
  File "/usr/local/lib/python3.12/site-packages/streamlit/runtime/metrics_util.py", line 173, in _get_machine_id_v3
    machine_id = f.read()
                 ^^^^^^^^
  File "<frozen codecs>", line 322, in decode
UnicodeDecodeError: 'utf-8' codec can't decode bytes in position 25-26: invalid continuation byte
Exception in callback AppSession._on_scriptrunner_event.<locals>.<lambda>() at /usr/local/lib/python3.12/site-packages/streamlit/runtime/app_session.py:519
handle: <Handle AppSession._on_scriptrunner_event.<locals>.<lambda>() at /usr/local/lib/python3.12/site-packages/streamlit/runtime/app_session.py:519>
Traceback (most recent call last):
  File "/usr/local/lib/python3.12/asyncio/events.py", line 88, in _run
    self._context.run(self._callback, *self._args)
  File "/usr/local/lib/python3.12/site-packages/streamlit/runtime/app_session.py", line 519, in <lambda>
    lambda: self._handle_scriptrunner_event_on_event_loop(
            ^^^^^^^^^^^^^^^^^^^^^^^^^^^^^^^^^^^^^^^^^^^^^^
  File "/usr/local/lib/python3.12/site-packages/streamlit/runtime/app_session.py", line 616, in _handle_scriptrunner_event_on_event_loop
    msg = self._create_new_session_message(
          ^^^^^^^^^^^^^^^^^^^^^^^^^^^^^^^^^
  File "/usr/local/lib/python3.12/site-packages/streamlit/runtime/app_session.py", line 750, in _create_new_session_message
    _populate_user_info_msg(imsg.user_info)
  File "/usr/local/lib/python3.12/site-packages/streamlit/runtime/app_session.py", line 1154, in _populate_user_info_msg
    inst = Installation.instance()
           ^^^^^^^^^^^^^^^^^^^^^^^
  File "/usr/local/lib/python3.12/site-packages/streamlit/runtime/metrics_util.py", line 228, in instance
    cls._instance = Installation()
                    ^^^^^^^^^^^^^^
  File "/usr/local/lib/python3.12/site-packages/streamlit/runtime/metrics_util.py", line 233, in __init__
    uuid.uuid5(uuid.NAMESPACE_DNS, _get_machine_id_v3())
                                   ^^^^^^^^^^^^^^^^^^^^
  File "/usr/local/lib/python3.12/site-packages/streamlit/runtime/metrics_util.py", line 173, in _get_machine_id_v3
    machine_id = f.read()
                 ^^^^^^^^
  File "<frozen codecs>", line 322, in decode
UnicodeDecodeError: 'utf-8' codec can't decode bytes in position 25-26: invalid continuation byte
Exception in callback AppSession._on_scriptrunner_event.<locals>.<lambda>() at /usr/local/lib/python3.12/site-packages/streamlit/runtime/app_session.py:519
handle: <Handle AppSession._on_scriptrunner_event.<locals>.<lambda>() at /usr/local/lib/python3.12/site-packages/streamlit/runtime/app_session.py:519>
Traceback (most recent call last):
  File "/usr/local/lib/python3.12/asyncio/events.py", line 88, in _run
    self._context.run(self._callback, *self._args)
  File "/usr/local/lib/python3.12/site-packages/streamlit/runtime/app_session.py", line 519, in <lambda>
    lambda: self._handle_scriptrunner_event_on_event_loop(
            ^^^^^^^^^^^^^^^^^^^^^^^^^^^^^^^^^^^^^^^^^^^^^^
  File "/usr/local/lib/python3.12/site-packages/streamlit/runtime/app_session.py", line 616, in _handle_scriptrunner_event_on_event_loop
    msg = self._create_new_session_message(
          ^^^^^^^^^^^^^^^^^^^^^^^^^^^^^^^^^
  File "/usr/local/lib/python3.12/site-packages/streamlit/runtime/app_session.py", line 750, in _create_new_session_message
    _populate_user_info_msg(imsg.user_info)
  File "/usr/local/lib/python3.12/site-packages/streamlit/runtime/app_session.py", line 1154, in _populate_user_info_msg
    inst = Installation.instance()
           ^^^^^^^^^^^^^^^^^^^^^^^
  File "/usr/local/lib/python3.12/site-packages/streamlit/runtime/metrics_util.py", line 228, in instance
    cls._instance = Installation()
                    ^^^^^^^^^^^^^^
  File "/usr/local/lib/python3.12/site-packages/streamlit/runtime/metrics_util.py", line 233, in __init__
    uuid.uuid5(uuid.NAMESPACE_DNS, _get_machine_id_v3())
                                   ^^^^^^^^^^^^^^^^^^^^
  File "/usr/local/lib/python3.12/site-packages/streamlit/runtime/metrics_util.py", line 173, in _get_machine_id_v3
    machine_id = f.read()
                 ^^^^^^^^
  File "<frozen codecs>", line 322, in decode
UnicodeDecodeError: 'utf-8' codec can't decode bytes in position 25-26: invalid continuation byte
Exception in callback AppSession._on_scriptrunner_event.<locals>.<lambda>() at /usr/local/lib/python3.12/site-packages/streamlit/runtime/app_session.py:519
handle: <Handle AppSession._on_scriptrunner_event.<locals>.<lambda>() at /usr/local/lib/python3.12/site-packages/streamlit/runtime/app_session.py:519>
Traceback (most recent call last):
  File "/usr/local/lib/python3.12/asyncio/events.py", line 88, in _run
    self._context.run(self._callback, *self._args)
  File "/usr/local/lib/python3.12/site-packages/streamlit/runtime/app_session.py", line 519, in <lambda>
    lambda: self._handle_scriptrunner_event_on_event_loop(
            ^^^^^^^^^^^^^^^^^^^^^^^^^^^^^^^^^^^^^^^^^^^^^^
  File "/usr/local/lib/python3.12/site-packages/streamlit/runtime/app_session.py", line 616, in _handle_scriptrunner_event_on_event_loop
    msg = self._create_new_session_message(
          ^^^^^^^^^^^^^^^^^^^^^^^^^^^^^^^^^
  File "/usr/local/lib/python3.12/site-packages/streamlit/runtime/app_session.py", line 750, in _create_new_session_message
    _populate_user_info_msg(imsg.user_info)
  File "/usr/local/lib/python3.12/site-packages/streamlit/runtime/app_session.py", line 1154, in _populate_user_info_msg
    inst = Installation.instance()
           ^^^^^^^^^^^^^^^^^^^^^^^
  File "/usr/local/lib/python3.12/site-packages/streamlit/runtime/metrics_util.py", line 228, in instance
    cls._instance = Installation()
                    ^^^^^^^^^^^^^^
  File "/usr/local/lib/python3.12/site-packages/streamlit/runtime/metrics_util.py", line 233, in __init__
    uuid.uuid5(uuid.NAMESPACE_DNS, _get_machine_id_v3())
                                   ^^^^^^^^^^^^^^^^^^^^
  File "/usr/local/lib/python3.12/site-packages/streamlit/runtime/metrics_util.py", line 173, in _get_machine_id_v3
    machine_id = f.read()
                 ^^^^^^^^
  File "<frozen codecs>", line 322, in decode
UnicodeDecodeError: 'utf-8' codec can't decode bytes in position 25-26: invalid continuation byte
Exception in callback AppSession._on_scriptrunner_event.<locals>.<lambda>() at /usr/local/lib/python3.12/site-packages/streamlit/runtime/app_session.py:519
handle: <Handle AppSession._on_scriptrunner_event.<locals>.<lambda>() at /usr/local/lib/python3.12/site-packages/streamlit/runtime/app_session.py:519>
Traceback (most recent call last):
  File "/usr/local/lib/python3.12/asyncio/events.py", line 88, in _run
    self._context.run(self._callback, *self._args)
  File "/usr/local/lib/python3.12/site-packages/streamlit/runtime/app_session.py", line 519, in <lambda>
    lambda: self._handle_scriptrunner_event_on_event_loop(
            ^^^^^^^^^^^^^^^^^^^^^^^^^^^^^^^^^^^^^^^^^^^^^^
  File "/usr/local/lib/python3.12/site-packages/streamlit/runtime/app_session.py", line 616, in _handle_scriptrunner_event_on_event_loop
    msg = self._create_new_session_message(
          ^^^^^^^^^^^^^^^^^^^^^^^^^^^^^^^^^
  File "/usr/local/lib/python3.12/site-packages/streamlit/runtime/app_session.py", line 750, in _create_new_session_message
    _populate_user_info_msg(imsg.user_info)
  File "/usr/local/lib/python3.12/site-packages/streamlit/runtime/app_session.py", line 1154, in _populate_user_info_msg
    inst = Installation.instance()
           ^^^^^^^^^^^^^^^^^^^^^^^
  File "/usr/local/lib/python3.12/site-packages/streamlit/runtime/metrics_util.py", line 228, in instance
    cls._instance = Installation()
                    ^^^^^^^^^^^^^^
  File "/usr/local/lib/python3.12/site-packages/streamlit/runtime/metrics_util.py", line 233, in __init__
    uuid.uuid5(uuid.NAMESPACE_DNS, _get_machine_id_v3())
                                   ^^^^^^^^^^^^^^^^^^^^
  File "/usr/local/lib/python3.12/site-packages/streamlit/runtime/metrics_util.py", line 173, in _get_machine_id_v3
    machine_id = f.read()
                 ^^^^^^^^
  File "<frozen codecs>", line 322, in decode
UnicodeDecodeError: 'utf-8' codec can't decode bytes in position 25-26: invalid continuation byte
Exception in callback AppSession._on_scriptrunner_event.<locals>.<lambda>() at /usr/local/lib/python3.12/site-packages/streamlit/runtime/app_session.py:519
handle: <Handle AppSession._on_scriptrunner_event.<locals>.<lambda>() at /usr/local/lib/python3.12/site-packages/streamlit/runtime/app_session.py:519>
Traceback (most recent call last):
  File "/usr/local/lib/python3.12/asyncio/events.py", line 88, in _run
    self._context.run(self._callback, *self._args)
  File "/usr/local/lib/python3.12/site-packages/streamlit/runtime/app_session.py", line 519, in <lambda>
    lambda: self._handle_scriptrunner_event_on_event_loop(
            ^^^^^^^^^^^^^^^^^^^^^^^^^^^^^^^^^^^^^^^^^^^^^^
  File "/usr/local/lib/python3.12/site-packages/streamlit/runtime/app_session.py", line 616, in _handle_scriptrunner_event_on_event_loop
    msg = self._create_new_session_message(
          ^^^^^^^^^^^^^^^^^^^^^^^^^^^^^^^^^
  File "/usr/local/lib/python3.12/site-packages/streamlit/runtime/app_session.py", line 750, in _create_new_session_message
    _populate_user_info_msg(imsg.user_info)
  File "/usr/local/lib/python3.12/site-packages/streamlit/runtime/app_session.py", line 1154, in _populate_user_info_msg
    inst = Installation.instance()
           ^^^^^^^^^^^^^^^^^^^^^^^
  File "/usr/local/lib/python3.12/site-packages/streamlit/runtime/metrics_util.py", line 228, in instance
    cls._instance = Installation()
                    ^^^^^^^^^^^^^^
  File "/usr/local/lib/python3.12/site-packages/streamlit/runtime/metrics_util.py", line 233, in __init__
    uuid.uuid5(uuid.NAMESPACE_DNS, _get_machine_id_v3())
                                   ^^^^^^^^^^^^^^^^^^^^
  File "/usr/local/lib/python3.12/site-packages/streamlit/runtime/metrics_util.py", line 173, in _get_machine_id_v3
    machine_id = f.read()
                 ^^^^^^^^
  File "<frozen codecs>", line 322, in decode
UnicodeDecodeError: 'utf-8' codec can't decode bytes in position 25-26: invalid continuation byte
Exception in callback AppSession._on_scriptrunner_event.<locals>.<lambda>() at /usr/local/lib/python3.12/site-packages/streamlit/runtime/app_session.py:519
handle: <Handle AppSession._on_scriptrunner_event.<locals>.<lambda>() at /usr/local/lib/python3.12/site-packages/streamlit/runtime/app_session.py:519>
Traceback (most recent call last):
  File "/usr/local/lib/python3.12/asyncio/events.py", line 88, in _run
    self._context.run(self._callback, *self._args)
  File "/usr/local/lib/python3.12/site-packages/streamlit/runtime/app_session.py", line 519, in <lambda>
    lambda: self._handle_scriptrunner_event_on_event_loop(
            ^^^^^^^^^^^^^^^^^^^^^^^^^^^^^^^^^^^^^^^^^^^^^^
  File "/usr/local/lib/python3.12/site-packages/streamlit/runtime/app_session.py", line 616, in _handle_scriptrunner_event_on_event_loop
    msg = self._create_new_session_message(
          ^^^^^^^^^^^^^^^^^^^^^^^^^^^^^^^^^
  File "/usr/local/lib/python3.12/site-packages/streamlit/runtime/app_session.py", line 750, in _create_new_session_message
    _populate_user_info_msg(imsg.user_info)
  File "/usr/local/lib/python3.12/site-packages/streamlit/runtime/app_session.py", line 1154, in _populate_user_info_msg
    inst = Installation.instance()
           ^^^^^^^^^^^^^^^^^^^^^^^
  File "/usr/local/lib/python3.12/site-packages/streamlit/runtime/metrics_util.py", line 228, in instance
    cls._instance = Installation()
                    ^^^^^^^^^^^^^^
  File "/usr/local/lib/python3.12/site-packages/streamlit/runtime/metrics_util.py", line 233, in __init__
    uuid.uuid5(uuid.NAMESPACE_DNS, _get_machine_id_v3())
                                   ^^^^^^^^^^^^^^^^^^^^
  File "/usr/local/lib/python3.12/site-packages/streamlit/runtime/metrics_util.py", line 173, in _get_machine_id_v3
    machine_id = f.read()
                 ^^^^^^^^
  File "<frozen codecs>", line 322, in decode
UnicodeDecodeError: 'utf-8' codec can't decode bytes in position 25-26: invalid continuation byte
Exception in callback AppSession._on_scriptrunner_event.<locals>.<lambda>() at /usr/local/lib/python3.12/site-packages/streamlit/runtime/app_session.py:519
handle: <Handle AppSession._on_scriptrunner_event.<locals>.<lambda>() at /usr/local/lib/python3.12/site-packages/streamlit/runtime/app_session.py:519>
Traceback (most recent call last):
  File "/usr/local/lib/python3.12/asyncio/events.py", line 88, in _run
    self._context.run(self._callback, *self._args)
  File "/usr/local/lib/python3.12/site-packages/streamlit/runtime/app_session.py", line 519, in <lambda>
    lambda: self._handle_scriptrunner_event_on_event_loop(
            ^^^^^^^^^^^^^^^^^^^^^^^^^^^^^^^^^^^^^^^^^^^^^^
  File "/usr/local/lib/python3.12/site-packages/streamlit/runtime/app_session.py", line 616, in _handle_scriptrunner_event_on_event_loop
    msg = self._create_new_session_message(
          ^^^^^^^^^^^^^^^^^^^^^^^^^^^^^^^^^
  File "/usr/local/lib/python3.12/site-packages/streamlit/runtime/app_session.py", line 750, in _create_new_session_message
    _populate_user_info_msg(imsg.user_info)
  File "/usr/local/lib/python3.12/site-packages/streamlit/runtime/app_session.py", line 1154, in _populate_user_info_msg
    inst = Installation.instance()
           ^^^^^^^^^^^^^^^^^^^^^^^
  File "/usr/local/lib/python3.12/site-packages/streamlit/runtime/metrics_util.py", line 228, in instance
    cls._instance = Installation()
                    ^^^^^^^^^^^^^^
  File "/usr/local/lib/python3.12/site-packages/streamlit/runtime/metrics_util.py", line 233, in __init__
    uuid.uuid5(uuid.NAMESPACE_DNS, _get_machine_id_v3())
                                   ^^^^^^^^^^^^^^^^^^^^
  File "/usr/local/lib/python3.12/site-packages/streamlit/runtime/metrics_util.py", line 173, in _get_machine_id_v3
    machine_id = f.read()
                 ^^^^^^^^
  File "<frozen codecs>", line 322, in decode
UnicodeDecodeError: 'utf-8' codec can't decode bytes in position 25-26: invalid continuation byte
Exception in callback AppSession._on_scriptrunner_event.<locals>.<lambda>() at /usr/local/lib/python3.12/site-packages/streamlit/runtime/app_session.py:519
handle: <Handle AppSession._on_scriptrunner_event.<locals>.<lambda>() at /usr/local/lib/python3.12/site-packages/streamlit/runtime/app_session.py:519>
Traceback (most recent call last):
  File "/usr/local/lib/python3.12/asyncio/events.py", line 88, in _run
    self._context.run(self._callback, *self._args)
  File "/usr/local/lib/python3.12/site-packages/streamlit/runtime/app_session.py", line 519, in <lambda>
    lambda: self._handle_scriptrunner_event_on_event_loop(
            ^^^^^^^^^^^^^^^^^^^^^^^^^^^^^^^^^^^^^^^^^^^^^^
  File "/usr/local/lib/python3.12/site-packages/streamlit/runtime/app_session.py", line 616, in _handle_scriptrunner_event_on_event_loop
    msg = self._create_new_session_message(
          ^^^^^^^^^^^^^^^^^^^^^^^^^^^^^^^^^
  File "/usr/local/lib/python3.12/site-packages/streamlit/runtime/app_session.py", line 750, in _create_new_session_message
    _populate_user_info_msg(imsg.user_info)
  File "/usr/local/lib/python3.12/site-packages/streamlit/runtime/app_session.py", line 1154, in _populate_user_info_msg
    inst = Installation.instance()
           ^^^^^^^^^^^^^^^^^^^^^^^
  File "/usr/local/lib/python3.12/site-packages/streamlit/runtime/metrics_util.py", line 228, in instance
    cls._instance = Installation()
                    ^^^^^^^^^^^^^^
  File "/usr/local/lib/python3.12/site-packages/streamlit/runtime/metrics_util.py", line 233, in __init__
    uuid.uuid5(uuid.NAMESPACE_DNS, _get_machine_id_v3())
                                   ^^^^^^^^^^^^^^^^^^^^
  File "/usr/local/lib/python3.12/site-packages/streamlit/runtime/metrics_util.py", line 173, in _get_machine_id_v3
    machine_id = f.read()
                 ^^^^^^^^
  File "<frozen codecs>", line 322, in decode
UnicodeDecodeError: 'utf-8' codec can't decode bytes in position 25-26: invalid continuation byte
Exception in callback AppSession._on_scriptrunner_event.<locals>.<lambda>() at /usr/local/lib/python3.12/site-packages/streamlit/runtime/app_session.py:519
handle: <Handle AppSession._on_scriptrunner_event.<locals>.<lambda>() at /usr/local/lib/python3.12/site-packages/streamlit/runtime/app_session.py:519>
Traceback (most recent call last):
  File "/usr/local/lib/python3.12/asyncio/events.py", line 88, in _run
    self._context.run(self._callback, *self._args)
  File "/usr/local/lib/python3.12/site-packages/streamlit/runtime/app_session.py", line 519, in <lambda>
    lambda: self._handle_scriptrunner_event_on_event_loop(
            ^^^^^^^^^^^^^^^^^^^^^^^^^^^^^^^^^^^^^^^^^^^^^^
  File "/usr/local/lib/python3.12/site-packages/streamlit/runtime/app_session.py", line 616, in _handle_scriptrunner_event_on_event_loop
    msg = self._create_new_session_message(
          ^^^^^^^^^^^^^^^^^^^^^^^^^^^^^^^^^
  File "/usr/local/lib/python3.12/site-packages/streamlit/runtime/app_session.py", line 750, in _create_new_session_message
    _populate_user_info_msg(imsg.user_info)
  File "/usr/local/lib/python3.12/site-packages/streamlit/runtime/app_session.py", line 1154, in _populate_user_info_msg
    inst = Installation.instance()
           ^^^^^^^^^^^^^^^^^^^^^^^
  File "/usr/local/lib/python3.12/site-packages/streamlit/runtime/metrics_util.py", line 228, in instance
    cls._instance = Installation()
                    ^^^^^^^^^^^^^^
  File "/usr/local/lib/python3.12/site-packages/streamlit/runtime/metrics_util.py", line 233, in __init__
    uuid.uuid5(uuid.NAMESPACE_DNS, _get_machine_id_v3())
                                   ^^^^^^^^^^^^^^^^^^^^
  File "/usr/local/lib/python3.12/site-packages/streamlit/runtime/metrics_util.py", line 173, in _get_machine_id_v3
    machine_id = f.read()
                 ^^^^^^^^
  File "<frozen codecs>", line 322, in decode
UnicodeDecodeError: 'utf-8' codec can't decode bytes in position 25-26: invalid continuation byte
Exception in callback AppSession._on_scriptrunner_event.<locals>.<lambda>() at /usr/local/lib/python3.12/site-packages/streamlit/runtime/app_session.py:519
handle: <Handle AppSession._on_scriptrunner_event.<locals>.<lambda>() at /usr/local/lib/python3.12/site-packages/streamlit/runtime/app_session.py:519>
Traceback (most recent call last):
  File "/usr/local/lib/python3.12/asyncio/events.py", line 88, in _run
    self._context.run(self._callback, *self._args)
  File "/usr/local/lib/python3.12/site-packages/streamlit/runtime/app_session.py", line 519, in <lambda>
    lambda: self._handle_scriptrunner_event_on_event_loop(
            ^^^^^^^^^^^^^^^^^^^^^^^^^^^^^^^^^^^^^^^^^^^^^^
  File "/usr/local/lib/python3.12/site-packages/streamlit/runtime/app_session.py", line 616, in _handle_scriptrunner_event_on_event_loop
    msg = self._create_new_session_message(
          ^^^^^^^^^^^^^^^^^^^^^^^^^^^^^^^^^
  File "/usr/local/lib/python3.12/site-packages/streamlit/runtime/app_session.py", line 750, in _create_new_session_message
    _populate_user_info_msg(imsg.user_info)
  File "/usr/local/lib/python3.12/site-packages/streamlit/runtime/app_session.py", line 1154, in _populate_user_info_msg
    inst = Installation.instance()
           ^^^^^^^^^^^^^^^^^^^^^^^
  File "/usr/local/lib/python3.12/site-packages/streamlit/runtime/metrics_util.py", line 228, in instance
    cls._instance = Installation()
                    ^^^^^^^^^^^^^^
  File "/usr/local/lib/python3.12/site-packages/streamlit/runtime/metrics_util.py", line 233, in __init__
    uuid.uuid5(uuid.NAMESPACE_DNS, _get_machine_id_v3())
                                   ^^^^^^^^^^^^^^^^^^^^
  File "/usr/local/lib/python3.12/site-packages/streamlit/runtime/metrics_util.py", line 173, in _get_machine_id_v3
    machine_id = f.read()
                 ^^^^^^^^
  File "<frozen codecs>", line 322, in decode
UnicodeDecodeError: 'utf-8' codec can't decode bytes in position 25-26: invalid continuation byte
Exception in callback AppSession._on_scriptrunner_event.<locals>.<lambda>() at /usr/local/lib/python3.12/site-packages/streamlit/runtime/app_session.py:519
handle: <Handle AppSession._on_scriptrunner_event.<locals>.<lambda>() at /usr/local/lib/python3.12/site-packages/streamlit/runtime/app_session.py:519>
Traceback (most recent call last):
  File "/usr/local/lib/python3.12/asyncio/events.py", line 88, in _run
    self._context.run(self._callback, *self._args)
  File "/usr/local/lib/python3.12/site-packages/streamlit/runtime/app_session.py", line 519, in <lambda>
    lambda: self._handle_scriptrunner_event_on_event_loop(
            ^^^^^^^^^^^^^^^^^^^^^^^^^^^^^^^^^^^^^^^^^^^^^^
  File "/usr/local/lib/python3.12/site-packages/streamlit/runtime/app_session.py", line 616, in _handle_scriptrunner_event_on_event_loop
    msg = self._create_new_session_message(
          ^^^^^^^^^^^^^^^^^^^^^^^^^^^^^^^^^
  File "/usr/local/lib/python3.12/site-packages/streamlit/runtime/app_session.py", line 750, in _create_new_session_message
    _populate_user_info_msg(imsg.user_info)
  File "/usr/local/lib/python3.12/site-packages/streamlit/runtime/app_session.py", line 1154, in _populate_user_info_msg
    inst = Installation.instance()
           ^^^^^^^^^^^^^^^^^^^^^^^
  File "/usr/local/lib/python3.12/site-packages/streamlit/runtime/metrics_util.py", line 228, in instance
    cls._instance = Installation()
                    ^^^^^^^^^^^^^^
  File "/usr/local/lib/python3.12/site-packages/streamlit/runtime/metrics_util.py", line 233, in __init__
    uuid.uuid5(uuid.NAMESPACE_DNS, _get_machine_id_v3())
                                   ^^^^^^^^^^^^^^^^^^^^
  File "/usr/local/lib/python3.12/site-packages/streamlit/runtime/metrics_util.py", line 173, in _get_machine_id_v3
    machine_id = f.read()
                 ^^^^^^^^
  File "<frozen codecs>", line 322, in decode
UnicodeDecodeError: 'utf-8' codec can't decode bytes in position 25-26: invalid continuation byte
Exception in callback AppSession._on_scriptrunner_event.<locals>.<lambda>() at /usr/local/lib/python3.12/site-packages/streamlit/runtime/app_session.py:519
handle: <Handle AppSession._on_scriptrunner_event.<locals>.<lambda>() at /usr/local/lib/python3.12/site-packages/streamlit/runtime/app_session.py:519>
Traceback (most recent call last):
  File "/usr/local/lib/python3.12/asyncio/events.py", line 88, in _run
    self._context.run(self._callback, *self._args)
  File "/usr/local/lib/python3.12/site-packages/streamlit/runtime/app_session.py", line 519, in <lambda>
    lambda: self._handle_scriptrunner_event_on_event_loop(
            ^^^^^^^^^^^^^^^^^^^^^^^^^^^^^^^^^^^^^^^^^^^^^^
  File "/usr/local/lib/python3.12/site-packages/streamlit/runtime/app_session.py", line 616, in _handle_scriptrunner_event_on_event_loop
    msg = self._create_new_session_message(
          ^^^^^^^^^^^^^^^^^^^^^^^^^^^^^^^^^
  File "/usr/local/lib/python3.12/site-packages/streamlit/runtime/app_session.py", line 750, in _create_new_session_message
    _populate_user_info_msg(imsg.user_info)
  File "/usr/local/lib/python3.12/site-packages/streamlit/runtime/app_session.py", line 1154, in _populate_user_info_msg
    inst = Installation.instance()
           ^^^^^^^^^^^^^^^^^^^^^^^
  File "/usr/local/lib/python3.12/site-packages/streamlit/runtime/metrics_util.py", line 228, in instance
    cls._instance = Installation()
                    ^^^^^^^^^^^^^^
  File "/usr/local/lib/python3.12/site-packages/streamlit/runtime/metrics_util.py", line 233, in __init__
    uuid.uuid5(uuid.NAMESPACE_DNS, _get_machine_id_v3())
                                   ^^^^^^^^^^^^^^^^^^^^
  File "/usr/local/lib/python3.12/site-packages/streamlit/runtime/metrics_util.py", line 173, in _get_machine_id_v3
    machine_id = f.read()
                 ^^^^^^^^
  File "<frozen codecs>", line 322, in decode
UnicodeDecodeError: 'utf-8' codec can't decode bytes in position 25-26: invalid continuation byte
Exception in callback AppSession._on_scriptrunner_event.<locals>.<lambda>() at /usr/local/lib/python3.12/site-packages/streamlit/runtime/app_session.py:519
handle: <Handle AppSession._on_scriptrunner_event.<locals>.<lambda>() at /usr/local/lib/python3.12/site-packages/streamlit/runtime/app_session.py:519>
Traceback (most recent call last):
  File "/usr/local/lib/python3.12/asyncio/events.py", line 88, in _run
    self._context.run(self._callback, *self._args)
  File "/usr/local/lib/python3.12/site-packages/streamlit/runtime/app_session.py", line 519, in <lambda>
    lambda: self._handle_scriptrunner_event_on_event_loop(
            ^^^^^^^^^^^^^^^^^^^^^^^^^^^^^^^^^^^^^^^^^^^^^^
  File "/usr/local/lib/python3.12/site-packages/streamlit/runtime/app_session.py", line 616, in _handle_scriptrunner_event_on_event_loop
    msg = self._create_new_session_message(
          ^^^^^^^^^^^^^^^^^^^^^^^^^^^^^^^^^
  File "/usr/local/lib/python3.12/site-packages/streamlit/runtime/app_session.py", line 750, in _create_new_session_message
    _populate_user_info_msg(imsg.user_info)
  File "/usr/local/lib/python3.12/site-packages/streamlit/runtime/app_session.py", line 1154, in _populate_user_info_msg
    inst = Installation.instance()
           ^^^^^^^^^^^^^^^^^^^^^^^
  File "/usr/local/lib/python3.12/site-packages/streamlit/runtime/metrics_util.py", line 228, in instance
    cls._instance = Installation()
                    ^^^^^^^^^^^^^^
  File "/usr/local/lib/python3.12/site-packages/streamlit/runtime/metrics_util.py", line 233, in __init__
    uuid.uuid5(uuid.NAMESPACE_DNS, _get_machine_id_v3())
                                   ^^^^^^^^^^^^^^^^^^^^
  File "/usr/local/lib/python3.12/site-packages/streamlit/runtime/metrics_util.py", line 173, in _get_machine_id_v3
    machine_id = f.read()
                 ^^^^^^^^
  File "<frozen codecs>", line 322, in decode
UnicodeDecodeError: 'utf-8' codec can't decode bytes in position 25-26: invalid continuation byte
Exception in callback AppSession._on_scriptrunner_event.<locals>.<lambda>() at /usr/local/lib/python3.12/site-packages/streamlit/runtime/app_session.py:519
handle: <Handle AppSession._on_scriptrunner_event.<locals>.<lambda>() at /usr/local/lib/python3.12/site-packages/streamlit/runtime/app_session.py:519>
Traceback (most recent call last):
  File "/usr/local/lib/python3.12/asyncio/events.py", line 88, in _run
    self._context.run(self._callback, *self._args)
  File "/usr/local/lib/python3.12/site-packages/streamlit/runtime/app_session.py", line 519, in <lambda>
    lambda: self._handle_scriptrunner_event_on_event_loop(
            ^^^^^^^^^^^^^^^^^^^^^^^^^^^^^^^^^^^^^^^^^^^^^^
  File "/usr/local/lib/python3.12/site-packages/streamlit/runtime/app_session.py", line 616, in _handle_scriptrunner_event_on_event_loop
    msg = self._create_new_session_message(
          ^^^^^^^^^^^^^^^^^^^^^^^^^^^^^^^^^
  File "/usr/local/lib/python3.12/site-packages/streamlit/runtime/app_session.py", line 750, in _create_new_session_message
    _populate_user_info_msg(imsg.user_info)
  File "/usr/local/lib/python3.12/site-packages/streamlit/runtime/app_session.py", line 1154, in _populate_user_info_msg
    inst = Installation.instance()
           ^^^^^^^^^^^^^^^^^^^^^^^
  File "/usr/local/lib/python3.12/site-packages/streamlit/runtime/metrics_util.py", line 228, in instance
    cls._instance = Installation()
                    ^^^^^^^^^^^^^^
  File "/usr/local/lib/python3.12/site-packages/streamlit/runtime/metrics_util.py", line 233, in __init__
    uuid.uuid5(uuid.NAMESPACE_DNS, _get_machine_id_v3())
                                   ^^^^^^^^^^^^^^^^^^^^
  File "/usr/local/lib/python3.12/site-packages/streamlit/runtime/metrics_util.py", line 173, in _get_machine_id_v3
    machine_id = f.read()
                 ^^^^^^^^
  File "<frozen codecs>", line 322, in decode
UnicodeDecodeError: 'utf-8' codec can't decode bytes in position 25-26: invalid continuation byte
Exception in callback AppSession._on_scriptrunner_event.<locals>.<lambda>() at /usr/local/lib/python3.12/site-packages/streamlit/runtime/app_session.py:519
handle: <Handle AppSession._on_scriptrunner_event.<locals>.<lambda>() at /usr/local/lib/python3.12/site-packages/streamlit/runtime/app_session.py:519>
Traceback (most recent call last):
  File "/usr/local/lib/python3.12/asyncio/events.py", line 88, in _run
    self._context.run(self._callback, *self._args)
  File "/usr/local/lib/python3.12/site-packages/streamlit/runtime/app_session.py", line 519, in <lambda>
    lambda: self._handle_scriptrunner_event_on_event_loop(
            ^^^^^^^^^^^^^^^^^^^^^^^^^^^^^^^^^^^^^^^^^^^^^^
  File "/usr/local/lib/python3.12/site-packages/streamlit/runtime/app_session.py", line 616, in _handle_scriptrunner_event_on_event_loop
    msg = self._create_new_session_message(
          ^^^^^^^^^^^^^^^^^^^^^^^^^^^^^^^^^
  File "/usr/local/lib/python3.12/site-packages/streamlit/runtime/app_session.py", line 750, in _create_new_session_message
    _populate_user_info_msg(imsg.user_info)
  File "/usr/local/lib/python3.12/site-packages/streamlit/runtime/app_session.py", line 1154, in _populate_user_info_msg
    inst = Installation.instance()
           ^^^^^^^^^^^^^^^^^^^^^^^
  File "/usr/local/lib/python3.12/site-packages/streamlit/runtime/metrics_util.py", line 228, in instance
    cls._instance = Installation()
                    ^^^^^^^^^^^^^^
  File "/usr/local/lib/python3.12/site-packages/streamlit/runtime/metrics_util.py", line 233, in __init__
    uuid.uuid5(uuid.NAMESPACE_DNS, _get_machine_id_v3())
                                   ^^^^^^^^^^^^^^^^^^^^
  File "/usr/local/lib/python3.12/site-packages/streamlit/runtime/metrics_util.py", line 173, in _get_machine_id_v3
    machine_id = f.read()
                 ^^^^^^^^
  File "<frozen codecs>", line 322, in decode
UnicodeDecodeError: 'utf-8' codec can't decode bytes in position 25-26: invalid continuation byte
Exception in callback AppSession._on_scriptrunner_event.<locals>.<lambda>() at /usr/local/lib/python3.12/site-packages/streamlit/runtime/app_session.py:519
handle: <Handle AppSession._on_scriptrunner_event.<locals>.<lambda>() at /usr/local/lib/python3.12/site-packages/streamlit/runtime/app_session.py:519>
Traceback (most recent call last):
  File "/usr/local/lib/python3.12/asyncio/events.py", line 88, in _run
    self._context.run(self._callback, *self._args)
  File "/usr/local/lib/python3.12/site-packages/streamlit/runtime/app_session.py", line 519, in <lambda>
    lambda: self._handle_scriptrunner_event_on_event_loop(
            ^^^^^^^^^^^^^^^^^^^^^^^^^^^^^^^^^^^^^^^^^^^^^^
  File "/usr/local/lib/python3.12/site-packages/streamlit/runtime/app_session.py", line 616, in _handle_scriptrunner_event_on_event_loop
    msg = self._create_new_session_message(
          ^^^^^^^^^^^^^^^^^^^^^^^^^^^^^^^^^
  File "/usr/local/lib/python3.12/site-packages/streamlit/runtime/app_session.py", line 750, in _create_new_session_message
    _populate_user_info_msg(imsg.user_info)
  File "/usr/local/lib/python3.12/site-packages/streamlit/runtime/app_session.py", line 1154, in _populate_user_info_msg
    inst = Installation.instance()
           ^^^^^^^^^^^^^^^^^^^^^^^
  File "/usr/local/lib/python3.12/site-packages/streamlit/runtime/metrics_util.py", line 228, in instance
    cls._instance = Installation()
                    ^^^^^^^^^^^^^^
  File "/usr/local/lib/python3.12/site-packages/streamlit/runtime/metrics_util.py", line 233, in __init__
    uuid.uuid5(uuid.NAMESPACE_DNS, _get_machine_id_v3())
                                   ^^^^^^^^^^^^^^^^^^^^
  File "/usr/local/lib/python3.12/site-packages/streamlit/runtime/metrics_util.py", line 173, in _get_machine_id_v3
    machine_id = f.read()
                 ^^^^^^^^
  File "<frozen codecs>", line 322, in decode
UnicodeDecodeError: 'utf-8' codec can't decode bytes in position 25-26: invalid continuation byte
Exception in callback AppSession._on_scriptrunner_event.<locals>.<lambda>() at /usr/local/lib/python3.12/site-packages/streamlit/runtime/app_session.py:519
handle: <Handle AppSession._on_scriptrunner_event.<locals>.<lambda>() at /usr/local/lib/python3.12/site-packages/streamlit/runtime/app_session.py:519>
Traceback (most recent call last):
  File "/usr/local/lib/python3.12/asyncio/events.py", line 88, in _run
    self._context.run(self._callback, *self._args)
  File "/usr/local/lib/python3.12/site-packages/streamlit/runtime/app_session.py", line 519, in <lambda>
    lambda: self._handle_scriptrunner_event_on_event_loop(
            ^^^^^^^^^^^^^^^^^^^^^^^^^^^^^^^^^^^^^^^^^^^^^^
  File "/usr/local/lib/python3.12/site-packages/streamlit/runtime/app_session.py", line 616, in _handle_scriptrunner_event_on_event_loop
    msg = self._create_new_session_message(
          ^^^^^^^^^^^^^^^^^^^^^^^^^^^^^^^^^
  File "/usr/local/lib/python3.12/site-packages/streamlit/runtime/app_session.py", line 750, in _create_new_session_message
    _populate_user_info_msg(imsg.user_info)
  File "/usr/local/lib/python3.12/site-packages/streamlit/runtime/app_session.py", line 1154, in _populate_user_info_msg
    inst = Installation.instance()
           ^^^^^^^^^^^^^^^^^^^^^^^
  File "/usr/local/lib/python3.12/site-packages/streamlit/runtime/metrics_util.py", line 228, in instance
    cls._instance = Installation()
                    ^^^^^^^^^^^^^^
  File "/usr/local/lib/python3.12/site-packages/streamlit/runtime/metrics_util.py", line 233, in __init__
    uuid.uuid5(uuid.NAMESPACE_DNS, _get_machine_id_v3())
                                   ^^^^^^^^^^^^^^^^^^^^
  File "/usr/local/lib/python3.12/site-packages/streamlit/runtime/metrics_util.py", line 173, in _get_machine_id_v3
    machine_id = f.read()
                 ^^^^^^^^
  File "<frozen codecs>", line 322, in decode
UnicodeDecodeError: 'utf-8' codec can't decode bytes in position 25-26: invalid continuation byte
Exception in callback AppSession._on_scriptrunner_event.<locals>.<lambda>() at /usr/local/lib/python3.12/site-packages/streamlit/runtime/app_session.py:519
handle: <Handle AppSession._on_scriptrunner_event.<locals>.<lambda>() at /usr/local/lib/python3.12/site-packages/streamlit/runtime/app_session.py:519>
Traceback (most recent call last):
  File "/usr/local/lib/python3.12/asyncio/events.py", line 88, in _run
    self._context.run(self._callback, *self._args)
  File "/usr/local/lib/python3.12/site-packages/streamlit/runtime/app_session.py", line 519, in <lambda>
    lambda: self._handle_scriptrunner_event_on_event_loop(
            ^^^^^^^^^^^^^^^^^^^^^^^^^^^^^^^^^^^^^^^^^^^^^^
  File "/usr/local/lib/python3.12/site-packages/streamlit/runtime/app_session.py", line 616, in _handle_scriptrunner_event_on_event_loop
    msg = self._create_new_session_message(
          ^^^^^^^^^^^^^^^^^^^^^^^^^^^^^^^^^
  File "/usr/local/lib/python3.12/site-packages/streamlit/runtime/app_session.py", line 750, in _create_new_session_message
    _populate_user_info_msg(imsg.user_info)
  File "/usr/local/lib/python3.12/site-packages/streamlit/runtime/app_session.py", line 1154, in _populate_user_info_msg
    inst = Installation.instance()
           ^^^^^^^^^^^^^^^^^^^^^^^
  File "/usr/local/lib/python3.12/site-packages/streamlit/runtime/metrics_util.py", line 228, in instance
    cls._instance = Installation()
                    ^^^^^^^^^^^^^^
  File "/usr/local/lib/python3.12/site-packages/streamlit/runtime/metrics_util.py", line 233, in __init__
    uuid.uuid5(uuid.NAMESPACE_DNS, _get_machine_id_v3())
                                   ^^^^^^^^^^^^^^^^^^^^
  File "/usr/local/lib/python3.12/site-packages/streamlit/runtime/metrics_util.py", line 173, in _get_machine_id_v3
    machine_id = f.read()
                 ^^^^^^^^
  File "<frozen codecs>", line 322, in decode
UnicodeDecodeError: 'utf-8' codec can't decode bytes in position 25-26: invalid continuation byte
Exception in callback AppSession._on_scriptrunner_event.<locals>.<lambda>() at /usr/local/lib/python3.12/site-packages/streamlit/runtime/app_session.py:519
handle: <Handle AppSession._on_scriptrunner_event.<locals>.<lambda>() at /usr/local/lib/python3.12/site-packages/streamlit/runtime/app_session.py:519>
Traceback (most recent call last):
  File "/usr/local/lib/python3.12/asyncio/events.py", line 88, in _run
    self._context.run(self._callback, *self._args)
  File "/usr/local/lib/python3.12/site-packages/streamlit/runtime/app_session.py", line 519, in <lambda>
    lambda: self._handle_scriptrunner_event_on_event_loop(
            ^^^^^^^^^^^^^^^^^^^^^^^^^^^^^^^^^^^^^^^^^^^^^^
  File "/usr/local/lib/python3.12/site-packages/streamlit/runtime/app_session.py", line 616, in _handle_scriptrunner_event_on_event_loop
    msg = self._create_new_session_message(
          ^^^^^^^^^^^^^^^^^^^^^^^^^^^^^^^^^
  File "/usr/local/lib/python3.12/site-packages/streamlit/runtime/app_session.py", line 750, in _create_new_session_message
    _populate_user_info_msg(imsg.user_info)
  File "/usr/local/lib/python3.12/site-packages/streamlit/runtime/app_session.py", line 1154, in _populate_user_info_msg
    inst = Installation.instance()
           ^^^^^^^^^^^^^^^^^^^^^^^
  File "/usr/local/lib/python3.12/site-packages/streamlit/runtime/metrics_util.py", line 228, in instance
    cls._instance = Installation()
                    ^^^^^^^^^^^^^^
  File "/usr/local/lib/python3.12/site-packages/streamlit/runtime/metrics_util.py", line 233, in __init__
    uuid.uuid5(uuid.NAMESPACE_DNS, _get_machine_id_v3())
                                   ^^^^^^^^^^^^^^^^^^^^
  File "/usr/local/lib/python3.12/site-packages/streamlit/runtime/metrics_util.py", line 173, in _get_machine_id_v3
    machine_id = f.read()
                 ^^^^^^^^
  File "<frozen codecs>", line 322, in decode
UnicodeDecodeError: 'utf-8' codec can't decode bytes in position 25-26: invalid continuation byte
Exception in callback AppSession._on_scriptrunner_event.<locals>.<lambda>() at /usr/local/lib/python3.12/site-packages/streamlit/runtime/app_session.py:519
handle: <Handle AppSession._on_scriptrunner_event.<locals>.<lambda>() at /usr/local/lib/python3.12/site-packages/streamlit/runtime/app_session.py:519>
Traceback (most recent call last):
  File "/usr/local/lib/python3.12/asyncio/events.py", line 88, in _run
    self._context.run(self._callback, *self._args)
  File "/usr/local/lib/python3.12/site-packages/streamlit/runtime/app_session.py", line 519, in <lambda>
    lambda: self._handle_scriptrunner_event_on_event_loop(
            ^^^^^^^^^^^^^^^^^^^^^^^^^^^^^^^^^^^^^^^^^^^^^^
  File "/usr/local/lib/python3.12/site-packages/streamlit/runtime/app_session.py", line 616, in _handle_scriptrunner_event_on_event_loop
    msg = self._create_new_session_message(
          ^^^^^^^^^^^^^^^^^^^^^^^^^^^^^^^^^
  File "/usr/local/lib/python3.12/site-packages/streamlit/runtime/app_session.py", line 750, in _create_new_session_message
    _populate_user_info_msg(imsg.user_info)
  File "/usr/local/lib/python3.12/site-packages/streamlit/runtime/app_session.py", line 1154, in _populate_user_info_msg
    inst = Installation.instance()
           ^^^^^^^^^^^^^^^^^^^^^^^
  File "/usr/local/lib/python3.12/site-packages/streamlit/runtime/metrics_util.py", line 228, in instance
    cls._instance = Installation()
                    ^^^^^^^^^^^^^^
  File "/usr/local/lib/python3.12/site-packages/streamlit/runtime/metrics_util.py", line 233, in __init__
    uuid.uuid5(uuid.NAMESPACE_DNS, _get_machine_id_v3())
                                   ^^^^^^^^^^^^^^^^^^^^
  File "/usr/local/lib/python3.12/site-packages/streamlit/runtime/metrics_util.py", line 173, in _get_machine_id_v3
    machine_id = f.read()
                 ^^^^^^^^
  File "<frozen codecs>", line 322, in decode
UnicodeDecodeError: 'utf-8' codec can't decode bytes in position 25-26: invalid continuation byte
Exception in callback AppSession._on_scriptrunner_event.<locals>.<lambda>() at /usr/local/lib/python3.12/site-packages/streamlit/runtime/app_session.py:519
handle: <Handle AppSession._on_scriptrunner_event.<locals>.<lambda>() at /usr/local/lib/python3.12/site-packages/streamlit/runtime/app_session.py:519>
Traceback (most recent call last):
  File "/usr/local/lib/python3.12/asyncio/events.py", line 88, in _run
    self._context.run(self._callback, *self._args)
  File "/usr/local/lib/python3.12/site-packages/streamlit/runtime/app_session.py", line 519, in <lambda>
    lambda: self._handle_scriptrunner_event_on_event_loop(
            ^^^^^^^^^^^^^^^^^^^^^^^^^^^^^^^^^^^^^^^^^^^^^^
  File "/usr/local/lib/python3.12/site-packages/streamlit/runtime/app_session.py", line 616, in _handle_scriptrunner_event_on_event_loop
    msg = self._create_new_session_message(
          ^^^^^^^^^^^^^^^^^^^^^^^^^^^^^^^^^
  File "/usr/local/lib/python3.12/site-packages/streamlit/runtime/app_session.py", line 750, in _create_new_session_message
    _populate_user_info_msg(imsg.user_info)
  File "/usr/local/lib/python3.12/site-packages/streamlit/runtime/app_session.py", line 1154, in _populate_user_info_msg
    inst = Installation.instance()
           ^^^^^^^^^^^^^^^^^^^^^^^
  File "/usr/local/lib/python3.12/site-packages/streamlit/runtime/metrics_util.py", line 228, in instance
    cls._instance = Installation()
                    ^^^^^^^^^^^^^^
  File "/usr/local/lib/python3.12/site-packages/streamlit/runtime/metrics_util.py", line 233, in __init__
    uuid.uuid5(uuid.NAMESPACE_DNS, _get_machine_id_v3())
                                   ^^^^^^^^^^^^^^^^^^^^
  File "/usr/local/lib/python3.12/site-packages/streamlit/runtime/metrics_util.py", line 173, in _get_machine_id_v3
    machine_id = f.read()
                 ^^^^^^^^
  File "<frozen codecs>", line 322, in decode
UnicodeDecodeError: 'utf-8' codec can't decode bytes in position 25-26: invalid continuation byte
Exception in callback AppSession._on_scriptrunner_event.<locals>.<lambda>() at /usr/local/lib/python3.12/site-packages/streamlit/runtime/app_session.py:519
handle: <Handle AppSession._on_scriptrunner_event.<locals>.<lambda>() at /usr/local/lib/python3.12/site-packages/streamlit/runtime/app_session.py:519>
Traceback (most recent call last):
  File "/usr/local/lib/python3.12/asyncio/events.py", line 88, in _run
    self._context.run(self._callback, *self._args)
  File "/usr/local/lib/python3.12/site-packages/streamlit/runtime/app_session.py", line 519, in <lambda>
    lambda: self._handle_scriptrunner_event_on_event_loop(
            ^^^^^^^^^^^^^^^^^^^^^^^^^^^^^^^^^^^^^^^^^^^^^^
  File "/usr/local/lib/python3.12/site-packages/streamlit/runtime/app_session.py", line 616, in _handle_scriptrunner_event_on_event_loop
    msg = self._create_new_session_message(
          ^^^^^^^^^^^^^^^^^^^^^^^^^^^^^^^^^
  File "/usr/local/lib/python3.12/site-packages/streamlit/runtime/app_session.py", line 750, in _create_new_session_message
    _populate_user_info_msg(imsg.user_info)
  File "/usr/local/lib/python3.12/site-packages/streamlit/runtime/app_session.py", line 1154, in _populate_user_info_msg
    inst = Installation.instance()
           ^^^^^^^^^^^^^^^^^^^^^^^
  File "/usr/local/lib/python3.12/site-packages/streamlit/runtime/metrics_util.py", line 228, in instance
    cls._instance = Installation()
                    ^^^^^^^^^^^^^^
  File "/usr/local/lib/python3.12/site-packages/streamlit/runtime/metrics_util.py", line 233, in __init__
    uuid.uuid5(uuid.NAMESPACE_DNS, _get_machine_id_v3())
                                   ^^^^^^^^^^^^^^^^^^^^
  File "/usr/local/lib/python3.12/site-packages/streamlit/runtime/metrics_util.py", line 173, in _get_machine_id_v3
    machine_id = f.read()
                 ^^^^^^^^
  File "<frozen codecs>", line 322, in decode
UnicodeDecodeError: 'utf-8' codec can't decode bytes in position 25-26: invalid continuation byte
Exception in callback AppSession._on_scriptrunner_event.<locals>.<lambda>() at /usr/local/lib/python3.12/site-packages/streamlit/runtime/app_session.py:519
handle: <Handle AppSession._on_scriptrunner_event.<locals>.<lambda>() at /usr/local/lib/python3.12/site-packages/streamlit/runtime/app_session.py:519>
Traceback (most recent call last):
  File "/usr/local/lib/python3.12/asyncio/events.py", line 88, in _run
    self._context.run(self._callback, *self._args)
  File "/usr/local/lib/python3.12/site-packages/streamlit/runtime/app_session.py", line 519, in <lambda>
    lambda: self._handle_scriptrunner_event_on_event_loop(
            ^^^^^^^^^^^^^^^^^^^^^^^^^^^^^^^^^^^^^^^^^^^^^^
  File "/usr/local/lib/python3.12/site-packages/streamlit/runtime/app_session.py", line 616, in _handle_scriptrunner_event_on_event_loop
    msg = self._create_new_session_message(
          ^^^^^^^^^^^^^^^^^^^^^^^^^^^^^^^^^
  File "/usr/local/lib/python3.12/site-packages/streamlit/runtime/app_session.py", line 750, in _create_new_session_message
    _populate_user_info_msg(imsg.user_info)
  File "/usr/local/lib/python3.12/site-packages/streamlit/runtime/app_session.py", line 1154, in _populate_user_info_msg
    inst = Installation.instance()
           ^^^^^^^^^^^^^^^^^^^^^^^
  File "/usr/local/lib/python3.12/site-packages/streamlit/runtime/metrics_util.py", line 228, in instance
    cls._instance = Installation()
                    ^^^^^^^^^^^^^^
  File "/usr/local/lib/python3.12/site-packages/streamlit/runtime/metrics_util.py", line 233, in __init__
    uuid.uuid5(uuid.NAMESPACE_DNS, _get_machine_id_v3())
                                   ^^^^^^^^^^^^^^^^^^^^
  File "/usr/local/lib/python3.12/site-packages/streamlit/runtime/metrics_util.py", line 173, in _get_machine_id_v3
    machine_id = f.read()
                 ^^^^^^^^
  File "<frozen codecs>", line 322, in decode
UnicodeDecodeError: 'utf-8' codec can't decode bytes in position 25-26: invalid continuation byte
Exception in callback AppSession._on_scriptrunner_event.<locals>.<lambda>() at /usr/local/lib/python3.12/site-packages/streamlit/runtime/app_session.py:519
handle: <Handle AppSession._on_scriptrunner_event.<locals>.<lambda>() at /usr/local/lib/python3.12/site-packages/streamlit/runtime/app_session.py:519>
Traceback (most recent call last):
  File "/usr/local/lib/python3.12/asyncio/events.py", line 88, in _run
    self._context.run(self._callback, *self._args)
  File "/usr/local/lib/python3.12/site-packages/streamlit/runtime/app_session.py", line 519, in <lambda>
    lambda: self._handle_scriptrunner_event_on_event_loop(
            ^^^^^^^^^^^^^^^^^^^^^^^^^^^^^^^^^^^^^^^^^^^^^^
  File "/usr/local/lib/python3.12/site-packages/streamlit/runtime/app_session.py", line 616, in _handle_scriptrunner_event_on_event_loop
    msg = self._create_new_session_message(
          ^^^^^^^^^^^^^^^^^^^^^^^^^^^^^^^^^
  File "/usr/local/lib/python3.12/site-packages/streamlit/runtime/app_session.py", line 750, in _create_new_session_message
    _populate_user_info_msg(imsg.user_info)
  File "/usr/local/lib/python3.12/site-packages/streamlit/runtime/app_session.py", line 1154, in _populate_user_info_msg
    inst = Installation.instance()
           ^^^^^^^^^^^^^^^^^^^^^^^
  File "/usr/local/lib/python3.12/site-packages/streamlit/runtime/metrics_util.py", line 228, in instance
    cls._instance = Installation()
                    ^^^^^^^^^^^^^^
  File "/usr/local/lib/python3.12/site-packages/streamlit/runtime/metrics_util.py", line 233, in __init__
    uuid.uuid5(uuid.NAMESPACE_DNS, _get_machine_id_v3())
                                   ^^^^^^^^^^^^^^^^^^^^
  File "/usr/local/lib/python3.12/site-packages/streamlit/runtime/metrics_util.py", line 173, in _get_machine_id_v3
    machine_id = f.read()
                 ^^^^^^^^
  File "<frozen codecs>", line 322, in decode
UnicodeDecodeError: 'utf-8' codec can't decode bytes in position 25-26: invalid continuation byte
Exception in callback AppSession._on_scriptrunner_event.<locals>.<lambda>() at /usr/local/lib/python3.12/site-packages/streamlit/runtime/app_session.py:519
handle: <Handle AppSession._on_scriptrunner_event.<locals>.<lambda>() at /usr/local/lib/python3.12/site-packages/streamlit/runtime/app_session.py:519>
Traceback (most recent call last):
  File "/usr/local/lib/python3.12/asyncio/events.py", line 88, in _run
    self._context.run(self._callback, *self._args)
  File "/usr/local/lib/python3.12/site-packages/streamlit/runtime/app_session.py", line 519, in <lambda>
    lambda: self._handle_scriptrunner_event_on_event_loop(
            ^^^^^^^^^^^^^^^^^^^^^^^^^^^^^^^^^^^^^^^^^^^^^^
  File "/usr/local/lib/python3.12/site-packages/streamlit/runtime/app_session.py", line 616, in _handle_scriptrunner_event_on_event_loop
    msg = self._create_new_session_message(
          ^^^^^^^^^^^^^^^^^^^^^^^^^^^^^^^^^
  File "/usr/local/lib/python3.12/site-packages/streamlit/runtime/app_session.py", line 750, in _create_new_session_message
    _populate_user_info_msg(imsg.user_info)
  File "/usr/local/lib/python3.12/site-packages/streamlit/runtime/app_session.py", line 1154, in _populate_user_info_msg
    inst = Installation.instance()
           ^^^^^^^^^^^^^^^^^^^^^^^
  File "/usr/local/lib/python3.12/site-packages/streamlit/runtime/metrics_util.py", line 228, in instance
    cls._instance = Installation()
                    ^^^^^^^^^^^^^^
  File "/usr/local/lib/python3.12/site-packages/streamlit/runtime/metrics_util.py", line 233, in __init__
    uuid.uuid5(uuid.NAMESPACE_DNS, _get_machine_id_v3())
                                   ^^^^^^^^^^^^^^^^^^^^
  File "/usr/local/lib/python3.12/site-packages/streamlit/runtime/metrics_util.py", line 173, in _get_machine_id_v3
    machine_id = f.read()
                 ^^^^^^^^
  File "<frozen codecs>", line 322, in decode
UnicodeDecodeError: 'utf-8' codec can't decode bytes in position 25-26: invalid continuation byte
Exception in callback AppSession._on_scriptrunner_event.<locals>.<lambda>() at /usr/local/lib/python3.12/site-packages/streamlit/runtime/app_session.py:519
handle: <Handle AppSession._on_scriptrunner_event.<locals>.<lambda>() at /usr/local/lib/python3.12/site-packages/streamlit/runtime/app_session.py:519>
Traceback (most recent call last):
  File "/usr/local/lib/python3.12/asyncio/events.py", line 88, in _run
    self._context.run(self._callback, *self._args)
  File "/usr/local/lib/python3.12/site-packages/streamlit/runtime/app_session.py", line 519, in <lambda>
    lambda: self._handle_scriptrunner_event_on_event_loop(
            ^^^^^^^^^^^^^^^^^^^^^^^^^^^^^^^^^^^^^^^^^^^^^^
  File "/usr/local/lib/python3.12/site-packages/streamlit/runtime/app_session.py", line 616, in _handle_scriptrunner_event_on_event_loop
    msg = self._create_new_session_message(
          ^^^^^^^^^^^^^^^^^^^^^^^^^^^^^^^^^
  File "/usr/local/lib/python3.12/site-packages/streamlit/runtime/app_session.py", line 750, in _create_new_session_message
    _populate_user_info_msg(imsg.user_info)
  File "/usr/local/lib/python3.12/site-packages/streamlit/runtime/app_session.py", line 1154, in _populate_user_info_msg
    inst = Installation.instance()
           ^^^^^^^^^^^^^^^^^^^^^^^
  File "/usr/local/lib/python3.12/site-packages/streamlit/runtime/metrics_util.py", line 228, in instance
    cls._instance = Installation()
                    ^^^^^^^^^^^^^^
  File "/usr/local/lib/python3.12/site-packages/streamlit/runtime/metrics_util.py", line 233, in __init__
    uuid.uuid5(uuid.NAMESPACE_DNS, _get_machine_id_v3())
                                   ^^^^^^^^^^^^^^^^^^^^
  File "/usr/local/lib/python3.12/site-packages/streamlit/runtime/metrics_util.py", line 173, in _get_machine_id_v3
    machine_id = f.read()
                 ^^^^^^^^
  File "<frozen codecs>", line 322, in decode
UnicodeDecodeError: 'utf-8' codec can't decode bytes in position 25-26: invalid continuation byte
Exception in callback AppSession._on_scriptrunner_event.<locals>.<lambda>() at /usr/local/lib/python3.12/site-packages/streamlit/runtime/app_session.py:519
handle: <Handle AppSession._on_scriptrunner_event.<locals>.<lambda>() at /usr/local/lib/python3.12/site-packages/streamlit/runtime/app_session.py:519>
Traceback (most recent call last):
  File "/usr/local/lib/python3.12/asyncio/events.py", line 88, in _run
    self._context.run(self._callback, *self._args)
  File "/usr/local/lib/python3.12/site-packages/streamlit/runtime/app_session.py", line 519, in <lambda>
    lambda: self._handle_scriptrunner_event_on_event_loop(
            ^^^^^^^^^^^^^^^^^^^^^^^^^^^^^^^^^^^^^^^^^^^^^^
  File "/usr/local/lib/python3.12/site-packages/streamlit/runtime/app_session.py", line 616, in _handle_scriptrunner_event_on_event_loop
    msg = self._create_new_session_message(
          ^^^^^^^^^^^^^^^^^^^^^^^^^^^^^^^^^
  File "/usr/local/lib/python3.12/site-packages/streamlit/runtime/app_session.py", line 750, in _create_new_session_message
    _populate_user_info_msg(imsg.user_info)
  File "/usr/local/lib/python3.12/site-packages/streamlit/runtime/app_session.py", line 1154, in _populate_user_info_msg
    inst = Installation.instance()
           ^^^^^^^^^^^^^^^^^^^^^^^
  File "/usr/local/lib/python3.12/site-packages/streamlit/runtime/metrics_util.py", line 228, in instance
    cls._instance = Installation()
                    ^^^^^^^^^^^^^^
  File "/usr/local/lib/python3.12/site-packages/streamlit/runtime/metrics_util.py", line 233, in __init__
    uuid.uuid5(uuid.NAMESPACE_DNS, _get_machine_id_v3())
                                   ^^^^^^^^^^^^^^^^^^^^
  File "/usr/local/lib/python3.12/site-packages/streamlit/runtime/metrics_util.py", line 173, in _get_machine_id_v3
    machine_id = f.read()
                 ^^^^^^^^
  File "<frozen codecs>", line 322, in decode
UnicodeDecodeError: 'utf-8' codec can't decode bytes in position 25-26: invalid continuation byte
Exception in callback AppSession._on_scriptrunner_event.<locals>.<lambda>() at /usr/local/lib/python3.12/site-packages/streamlit/runtime/app_session.py:519
handle: <Handle AppSession._on_scriptrunner_event.<locals>.<lambda>() at /usr/local/lib/python3.12/site-packages/streamlit/runtime/app_session.py:519>
Traceback (most recent call last):
  File "/usr/local/lib/python3.12/asyncio/events.py", line 88, in _run
    self._context.run(self._callback, *self._args)
  File "/usr/local/lib/python3.12/site-packages/streamlit/runtime/app_session.py", line 519, in <lambda>
    lambda: self._handle_scriptrunner_event_on_event_loop(
            ^^^^^^^^^^^^^^^^^^^^^^^^^^^^^^^^^^^^^^^^^^^^^^
  File "/usr/local/lib/python3.12/site-packages/streamlit/runtime/app_session.py", line 616, in _handle_scriptrunner_event_on_event_loop
    msg = self._create_new_session_message(
          ^^^^^^^^^^^^^^^^^^^^^^^^^^^^^^^^^
  File "/usr/local/lib/python3.12/site-packages/streamlit/runtime/app_session.py", line 750, in _create_new_session_message
    _populate_user_info_msg(imsg.user_info)
  File "/usr/local/lib/python3.12/site-packages/streamlit/runtime/app_session.py", line 1154, in _populate_user_info_msg
    inst = Installation.instance()
           ^^^^^^^^^^^^^^^^^^^^^^^
  File "/usr/local/lib/python3.12/site-packages/streamlit/runtime/metrics_util.py", line 228, in instance
    cls._instance = Installation()
                    ^^^^^^^^^^^^^^
  File "/usr/local/lib/python3.12/site-packages/streamlit/runtime/metrics_util.py", line 233, in __init__
    uuid.uuid5(uuid.NAMESPACE_DNS, _get_machine_id_v3())
                                   ^^^^^^^^^^^^^^^^^^^^
  File "/usr/local/lib/python3.12/site-packages/streamlit/runtime/metrics_util.py", line 173, in _get_machine_id_v3
    machine_id = f.read()
                 ^^^^^^^^
  File "<frozen codecs>", line 322, in decode
UnicodeDecodeError: 'utf-8' codec can't decode bytes in position 25-26: invalid continuation byte
Exception in callback AppSession._on_scriptrunner_event.<locals>.<lambda>() at /usr/local/lib/python3.12/site-packages/streamlit/runtime/app_session.py:519
handle: <Handle AppSession._on_scriptrunner_event.<locals>.<lambda>() at /usr/local/lib/python3.12/site-packages/streamlit/runtime/app_session.py:519>
Traceback (most recent call last):
  File "/usr/local/lib/python3.12/asyncio/events.py", line 88, in _run
    self._context.run(self._callback, *self._args)
  File "/usr/local/lib/python3.12/site-packages/streamlit/runtime/app_session.py", line 519, in <lambda>
    lambda: self._handle_scriptrunner_event_on_event_loop(
            ^^^^^^^^^^^^^^^^^^^^^^^^^^^^^^^^^^^^^^^^^^^^^^
  File "/usr/local/lib/python3.12/site-packages/streamlit/runtime/app_session.py", line 616, in _handle_scriptrunner_event_on_event_loop
    msg = self._create_new_session_message(
          ^^^^^^^^^^^^^^^^^^^^^^^^^^^^^^^^^
  File "/usr/local/lib/python3.12/site-packages/streamlit/runtime/app_session.py", line 750, in _create_new_session_message
    _populate_user_info_msg(imsg.user_info)
  File "/usr/local/lib/python3.12/site-packages/streamlit/runtime/app_session.py", line 1154, in _populate_user_info_msg
    inst = Installation.instance()
           ^^^^^^^^^^^^^^^^^^^^^^^
  File "/usr/local/lib/python3.12/site-packages/streamlit/runtime/metrics_util.py", line 228, in instance
    cls._instance = Installation()
                    ^^^^^^^^^^^^^^
  File "/usr/local/lib/python3.12/site-packages/streamlit/runtime/metrics_util.py", line 233, in __init__
    uuid.uuid5(uuid.NAMESPACE_DNS, _get_machine_id_v3())
                                   ^^^^^^^^^^^^^^^^^^^^
  File "/usr/local/lib/python3.12/site-packages/streamlit/runtime/metrics_util.py", line 173, in _get_machine_id_v3
    machine_id = f.read()
                 ^^^^^^^^
  File "<frozen codecs>", line 322, in decode
UnicodeDecodeError: 'utf-8' codec can't decode bytes in position 25-26: invalid continuation byte
Exception in callback AppSession._on_scriptrunner_event.<locals>.<lambda>() at /usr/local/lib/python3.12/site-packages/streamlit/runtime/app_session.py:519
handle: <Handle AppSession._on_scriptrunner_event.<locals>.<lambda>() at /usr/local/lib/python3.12/site-packages/streamlit/runtime/app_session.py:519>
Traceback (most recent call last):
  File "/usr/local/lib/python3.12/asyncio/events.py", line 88, in _run
    self._context.run(self._callback, *self._args)
  File "/usr/local/lib/python3.12/site-packages/streamlit/runtime/app_session.py", line 519, in <lambda>
    lambda: self._handle_scriptrunner_event_on_event_loop(
            ^^^^^^^^^^^^^^^^^^^^^^^^^^^^^^^^^^^^^^^^^^^^^^
  File "/usr/local/lib/python3.12/site-packages/streamlit/runtime/app_session.py", line 616, in _handle_scriptrunner_event_on_event_loop
    msg = self._create_new_session_message(
          ^^^^^^^^^^^^^^^^^^^^^^^^^^^^^^^^^
  File "/usr/local/lib/python3.12/site-packages/streamlit/runtime/app_session.py", line 750, in _create_new_session_message
    _populate_user_info_msg(imsg.user_info)
  File "/usr/local/lib/python3.12/site-packages/streamlit/runtime/app_session.py", line 1154, in _populate_user_info_msg
    inst = Installation.instance()
           ^^^^^^^^^^^^^^^^^^^^^^^
  File "/usr/local/lib/python3.12/site-packages/streamlit/runtime/metrics_util.py", line 228, in instance
    cls._instance = Installation()
                    ^^^^^^^^^^^^^^
  File "/usr/local/lib/python3.12/site-packages/streamlit/runtime/metrics_util.py", line 233, in __init__
    uuid.uuid5(uuid.NAMESPACE_DNS, _get_machine_id_v3())
                                   ^^^^^^^^^^^^^^^^^^^^
  File "/usr/local/lib/python3.12/site-packages/streamlit/runtime/metrics_util.py", line 173, in _get_machine_id_v3
    machine_id = f.read()
                 ^^^^^^^^
  File "<frozen codecs>", line 322, in decode
UnicodeDecodeError: 'utf-8' codec can't decode bytes in position 25-26: invalid continuation byte
Exception in callback AppSession._on_scriptrunner_event.<locals>.<lambda>() at /usr/local/lib/python3.12/site-packages/streamlit/runtime/app_session.py:519
handle: <Handle AppSession._on_scriptrunner_event.<locals>.<lambda>() at /usr/local/lib/python3.12/site-packages/streamlit/runtime/app_session.py:519>
Traceback (most recent call last):
  File "/usr/local/lib/python3.12/asyncio/events.py", line 88, in _run
    self._context.run(self._callback, *self._args)
  File "/usr/local/lib/python3.12/site-packages/streamlit/runtime/app_session.py", line 519, in <lambda>
    lambda: self._handle_scriptrunner_event_on_event_loop(
            ^^^^^^^^^^^^^^^^^^^^^^^^^^^^^^^^^^^^^^^^^^^^^^
  File "/usr/local/lib/python3.12/site-packages/streamlit/runtime/app_session.py", line 616, in _handle_scriptrunner_event_on_event_loop
    msg = self._create_new_session_message(
          ^^^^^^^^^^^^^^^^^^^^^^^^^^^^^^^^^
  File "/usr/local/lib/python3.12/site-packages/streamlit/runtime/app_session.py", line 750, in _create_new_session_message
    _populate_user_info_msg(imsg.user_info)
  File "/usr/local/lib/python3.12/site-packages/streamlit/runtime/app_session.py", line 1154, in _populate_user_info_msg
    inst = Installation.instance()
           ^^^^^^^^^^^^^^^^^^^^^^^
  File "/usr/local/lib/python3.12/site-packages/streamlit/runtime/metrics_util.py", line 228, in instance
    cls._instance = Installation()
                    ^^^^^^^^^^^^^^
  File "/usr/local/lib/python3.12/site-packages/streamlit/runtime/metrics_util.py", line 233, in __init__
    uuid.uuid5(uuid.NAMESPACE_DNS, _get_machine_id_v3())
                                   ^^^^^^^^^^^^^^^^^^^^
  File "/usr/local/lib/python3.12/site-packages/streamlit/runtime/metrics_util.py", line 173, in _get_machine_id_v3
    machine_id = f.read()
                 ^^^^^^^^
  File "<frozen codecs>", line 322, in decode
UnicodeDecodeError: 'utf-8' codec can't decode bytes in position 25-26: invalid continuation byte
Exception in callback AppSession._on_scriptrunner_event.<locals>.<lambda>() at /usr/local/lib/python3.12/site-packages/streamlit/runtime/app_session.py:519
handle: <Handle AppSession._on_scriptrunner_event.<locals>.<lambda>() at /usr/local/lib/python3.12/site-packages/streamlit/runtime/app_session.py:519>
Traceback (most recent call last):
  File "/usr/local/lib/python3.12/asyncio/events.py", line 88, in _run
    self._context.run(self._callback, *self._args)
  File "/usr/local/lib/python3.12/site-packages/streamlit/runtime/app_session.py", line 519, in <lambda>
    lambda: self._handle_scriptrunner_event_on_event_loop(
            ^^^^^^^^^^^^^^^^^^^^^^^^^^^^^^^^^^^^^^^^^^^^^^
  File "/usr/local/lib/python3.12/site-packages/streamlit/runtime/app_session.py", line 616, in _handle_scriptrunner_event_on_event_loop
    msg = self._create_new_session_message(
          ^^^^^^^^^^^^^^^^^^^^^^^^^^^^^^^^^
  File "/usr/local/lib/python3.12/site-packages/streamlit/runtime/app_session.py", line 750, in _create_new_session_message
    _populate_user_info_msg(imsg.user_info)
  File "/usr/local/lib/python3.12/site-packages/streamlit/runtime/app_session.py", line 1154, in _populate_user_info_msg
    inst = Installation.instance()
           ^^^^^^^^^^^^^^^^^^^^^^^
  File "/usr/local/lib/python3.12/site-packages/streamlit/runtime/metrics_util.py", line 228, in instance
    cls._instance = Installation()
                    ^^^^^^^^^^^^^^
  File "/usr/local/lib/python3.12/site-packages/streamlit/runtime/metrics_util.py", line 233, in __init__
    uuid.uuid5(uuid.NAMESPACE_DNS, _get_machine_id_v3())
                                   ^^^^^^^^^^^^^^^^^^^^
  File "/usr/local/lib/python3.12/site-packages/streamlit/runtime/metrics_util.py", line 173, in _get_machine_id_v3
    machine_id = f.read()
                 ^^^^^^^^
  File "<frozen codecs>", line 322, in decode
UnicodeDecodeError: 'utf-8' codec can't decode bytes in position 25-26: invalid continuation byte
Exception in callback AppSession._on_scriptrunner_event.<locals>.<lambda>() at /usr/local/lib/python3.12/site-packages/streamlit/runtime/app_session.py:519
handle: <Handle AppSession._on_scriptrunner_event.<locals>.<lambda>() at /usr/local/lib/python3.12/site-packages/streamlit/runtime/app_session.py:519>
Traceback (most recent call last):
  File "/usr/local/lib/python3.12/asyncio/events.py", line 88, in _run
    self._context.run(self._callback, *self._args)
  File "/usr/local/lib/python3.12/site-packages/streamlit/runtime/app_session.py", line 519, in <lambda>
    lambda: self._handle_scriptrunner_event_on_event_loop(
            ^^^^^^^^^^^^^^^^^^^^^^^^^^^^^^^^^^^^^^^^^^^^^^
  File "/usr/local/lib/python3.12/site-packages/streamlit/runtime/app_session.py", line 616, in _handle_scriptrunner_event_on_event_loop
    msg = self._create_new_session_message(
          ^^^^^^^^^^^^^^^^^^^^^^^^^^^^^^^^^
  File "/usr/local/lib/python3.12/site-packages/streamlit/runtime/app_session.py", line 750, in _create_new_session_message
    _populate_user_info_msg(imsg.user_info)
  File "/usr/local/lib/python3.12/site-packages/streamlit/runtime/app_session.py", line 1154, in _populate_user_info_msg
    inst = Installation.instance()
           ^^^^^^^^^^^^^^^^^^^^^^^
  File "/usr/local/lib/python3.12/site-packages/streamlit/runtime/metrics_util.py", line 228, in instance
    cls._instance = Installation()
                    ^^^^^^^^^^^^^^
  File "/usr/local/lib/python3.12/site-packages/streamlit/runtime/metrics_util.py", line 233, in __init__
    uuid.uuid5(uuid.NAMESPACE_DNS, _get_machine_id_v3())
                                   ^^^^^^^^^^^^^^^^^^^^
  File "/usr/local/lib/python3.12/site-packages/streamlit/runtime/metrics_util.py", line 173, in _get_machine_id_v3
    machine_id = f.read()
                 ^^^^^^^^
  File "<frozen codecs>", line 322, in decode
UnicodeDecodeError: 'utf-8' codec can't decode bytes in position 25-26: invalid continuation byte
Exception in callback AppSession._on_scriptrunner_event.<locals>.<lambda>() at /usr/local/lib/python3.12/site-packages/streamlit/runtime/app_session.py:519
handle: <Handle AppSession._on_scriptrunner_event.<locals>.<lambda>() at /usr/local/lib/python3.12/site-packages/streamlit/runtime/app_session.py:519>
Traceback (most recent call last):
  File "/usr/local/lib/python3.12/asyncio/events.py", line 88, in _run
    self._context.run(self._callback, *self._args)
  File "/usr/local/lib/python3.12/site-packages/streamlit/runtime/app_session.py", line 519, in <lambda>
    lambda: self._handle_scriptrunner_event_on_event_loop(
            ^^^^^^^^^^^^^^^^^^^^^^^^^^^^^^^^^^^^^^^^^^^^^^
  File "/usr/local/lib/python3.12/site-packages/streamlit/runtime/app_session.py", line 616, in _handle_scriptrunner_event_on_event_loop
    msg = self._create_new_session_message(
          ^^^^^^^^^^^^^^^^^^^^^^^^^^^^^^^^^
  File "/usr/local/lib/python3.12/site-packages/streamlit/runtime/app_session.py", line 750, in _create_new_session_message
    _populate_user_info_msg(imsg.user_info)
  File "/usr/local/lib/python3.12/site-packages/streamlit/runtime/app_session.py", line 1154, in _populate_user_info_msg
    inst = Installation.instance()
           ^^^^^^^^^^^^^^^^^^^^^^^
  File "/usr/local/lib/python3.12/site-packages/streamlit/runtime/metrics_util.py", line 228, in instance
    cls._instance = Installation()
                    ^^^^^^^^^^^^^^
  File "/usr/local/lib/python3.12/site-packages/streamlit/runtime/metrics_util.py", line 233, in __init__
    uuid.uuid5(uuid.NAMESPACE_DNS, _get_machine_id_v3())
                                   ^^^^^^^^^^^^^^^^^^^^
  File "/usr/local/lib/python3.12/site-packages/streamlit/runtime/metrics_util.py", line 173, in _get_machine_id_v3
    machine_id = f.read()
                 ^^^^^^^^
  File "<frozen codecs>", line 322, in decode
UnicodeDecodeError: 'utf-8' codec can't decode bytes in position 25-26: invalid continuation byte
Exception in callback AppSession._on_scriptrunner_event.<locals>.<lambda>() at /usr/local/lib/python3.12/site-packages/streamlit/runtime/app_session.py:519
handle: <Handle AppSession._on_scriptrunner_event.<locals>.<lambda>() at /usr/local/lib/python3.12/site-packages/streamlit/runtime/app_session.py:519>
Traceback (most recent call last):
  File "/usr/local/lib/python3.12/asyncio/events.py", line 88, in _run
    self._context.run(self._callback, *self._args)
  File "/usr/local/lib/python3.12/site-packages/streamlit/runtime/app_session.py", line 519, in <lambda>
    lambda: self._handle_scriptrunner_event_on_event_loop(
            ^^^^^^^^^^^^^^^^^^^^^^^^^^^^^^^^^^^^^^^^^^^^^^
  File "/usr/local/lib/python3.12/site-packages/streamlit/runtime/app_session.py", line 616, in _handle_scriptrunner_event_on_event_loop
    msg = self._create_new_session_message(
          ^^^^^^^^^^^^^^^^^^^^^^^^^^^^^^^^^
  File "/usr/local/lib/python3.12/site-packages/streamlit/runtime/app_session.py", line 750, in _create_new_session_message
    _populate_user_info_msg(imsg.user_info)
  File "/usr/local/lib/python3.12/site-packages/streamlit/runtime/app_session.py", line 1154, in _populate_user_info_msg
    inst = Installation.instance()
           ^^^^^^^^^^^^^^^^^^^^^^^
  File "/usr/local/lib/python3.12/site-packages/streamlit/runtime/metrics_util.py", line 228, in instance
    cls._instance = Installation()
                    ^^^^^^^^^^^^^^
  File "/usr/local/lib/python3.12/site-packages/streamlit/runtime/metrics_util.py", line 233, in __init__
    uuid.uuid5(uuid.NAMESPACE_DNS, _get_machine_id_v3())
                                   ^^^^^^^^^^^^^^^^^^^^
  File "/usr/local/lib/python3.12/site-packages/streamlit/runtime/metrics_util.py", line 173, in _get_machine_id_v3
    machine_id = f.read()
                 ^^^^^^^^
  File "<frozen codecs>", line 322, in decode
UnicodeDecodeError: 'utf-8' codec can't decode bytes in position 25-26: invalid continuation byte
Exception in callback AppSession._on_scriptrunner_event.<locals>.<lambda>() at /usr/local/lib/python3.12/site-packages/streamlit/runtime/app_session.py:519
handle: <Handle AppSession._on_scriptrunner_event.<locals>.<lambda>() at /usr/local/lib/python3.12/site-packages/streamlit/runtime/app_session.py:519>
Traceback (most recent call last):
  File "/usr/local/lib/python3.12/asyncio/events.py", line 88, in _run
    self._context.run(self._callback, *self._args)
  File "/usr/local/lib/python3.12/site-packages/streamlit/runtime/app_session.py", line 519, in <lambda>
    lambda: self._handle_scriptrunner_event_on_event_loop(
            ^^^^^^^^^^^^^^^^^^^^^^^^^^^^^^^^^^^^^^^^^^^^^^
  File "/usr/local/lib/python3.12/site-packages/streamlit/runtime/app_session.py", line 616, in _handle_scriptrunner_event_on_event_loop
    msg = self._create_new_session_message(
          ^^^^^^^^^^^^^^^^^^^^^^^^^^^^^^^^^
  File "/usr/local/lib/python3.12/site-packages/streamlit/runtime/app_session.py", line 750, in _create_new_session_message
    _populate_user_info_msg(imsg.user_info)
  File "/usr/local/lib/python3.12/site-packages/streamlit/runtime/app_session.py", line 1154, in _populate_user_info_msg
    inst = Installation.instance()
           ^^^^^^^^^^^^^^^^^^^^^^^
  File "/usr/local/lib/python3.12/site-packages/streamlit/runtime/metrics_util.py", line 228, in instance
    cls._instance = Installation()
                    ^^^^^^^^^^^^^^
  File "/usr/local/lib/python3.12/site-packages/streamlit/runtime/metrics_util.py", line 233, in __init__
    uuid.uuid5(uuid.NAMESPACE_DNS, _get_machine_id_v3())
                                   ^^^^^^^^^^^^^^^^^^^^
  File "/usr/local/lib/python3.12/site-packages/streamlit/runtime/metrics_util.py", line 173, in _get_machine_id_v3
    machine_id = f.read()
                 ^^^^^^^^
  File "<frozen codecs>", line 322, in decode
UnicodeDecodeError: 'utf-8' codec can't decode bytes in position 25-26: invalid continuation byte
Exception in callback AppSession._on_scriptrunner_event.<locals>.<lambda>() at /usr/local/lib/python3.12/site-packages/streamlit/runtime/app_session.py:519
handle: <Handle AppSession._on_scriptrunner_event.<locals>.<lambda>() at /usr/local/lib/python3.12/site-packages/streamlit/runtime/app_session.py:519>
Traceback (most recent call last):
  File "/usr/local/lib/python3.12/asyncio/events.py", line 88, in _run
    self._context.run(self._callback, *self._args)
  File "/usr/local/lib/python3.12/site-packages/streamlit/runtime/app_session.py", line 519, in <lambda>
    lambda: self._handle_scriptrunner_event_on_event_loop(
            ^^^^^^^^^^^^^^^^^^^^^^^^^^^^^^^^^^^^^^^^^^^^^^
  File "/usr/local/lib/python3.12/site-packages/streamlit/runtime/app_session.py", line 616, in _handle_scriptrunner_event_on_event_loop
    msg = self._create_new_session_message(
          ^^^^^^^^^^^^^^^^^^^^^^^^^^^^^^^^^
  File "/usr/local/lib/python3.12/site-packages/streamlit/runtime/app_session.py", line 750, in _create_new_session_message
    _populate_user_info_msg(imsg.user_info)
  File "/usr/local/lib/python3.12/site-packages/streamlit/runtime/app_session.py", line 1154, in _populate_user_info_msg
    inst = Installation.instance()
           ^^^^^^^^^^^^^^^^^^^^^^^
  File "/usr/local/lib/python3.12/site-packages/streamlit/runtime/metrics_util.py", line 228, in instance
    cls._instance = Installation()
                    ^^^^^^^^^^^^^^
  File "/usr/local/lib/python3.12/site-packages/streamlit/runtime/metrics_util.py", line 233, in __init__
    uuid.uuid5(uuid.NAMESPACE_DNS, _get_machine_id_v3())
                                   ^^^^^^^^^^^^^^^^^^^^
  File "/usr/local/lib/python3.12/site-packages/streamlit/runtime/metrics_util.py", line 173, in _get_machine_id_v3
    machine_id = f.read()
                 ^^^^^^^^
  File "<frozen codecs>", line 322, in decode
UnicodeDecodeError: 'utf-8' codec can't decode bytes in position 25-26: invalid continuation byte
Exception in callback AppSession._on_scriptrunner_event.<locals>.<lambda>() at /usr/local/lib/python3.12/site-packages/streamlit/runtime/app_session.py:519
handle: <Handle AppSession._on_scriptrunner_event.<locals>.<lambda>() at /usr/local/lib/python3.12/site-packages/streamlit/runtime/app_session.py:519>
Traceback (most recent call last):
  File "/usr/local/lib/python3.12/asyncio/events.py", line 88, in _run
    self._context.run(self._callback, *self._args)
  File "/usr/local/lib/python3.12/site-packages/streamlit/runtime/app_session.py", line 519, in <lambda>
    lambda: self._handle_scriptrunner_event_on_event_loop(
            ^^^^^^^^^^^^^^^^^^^^^^^^^^^^^^^^^^^^^^^^^^^^^^
  File "/usr/local/lib/python3.12/site-packages/streamlit/runtime/app_session.py", line 616, in _handle_scriptrunner_event_on_event_loop
    msg = self._create_new_session_message(
          ^^^^^^^^^^^^^^^^^^^^^^^^^^^^^^^^^
  File "/usr/local/lib/python3.12/site-packages/streamlit/runtime/app_session.py", line 750, in _create_new_session_message
    _populate_user_info_msg(imsg.user_info)
  File "/usr/local/lib/python3.12/site-packages/streamlit/runtime/app_session.py", line 1154, in _populate_user_info_msg
    inst = Installation.instance()
           ^^^^^^^^^^^^^^^^^^^^^^^
  File "/usr/local/lib/python3.12/site-packages/streamlit/runtime/metrics_util.py", line 228, in instance
    cls._instance = Installation()
                    ^^^^^^^^^^^^^^
  File "/usr/local/lib/python3.12/site-packages/streamlit/runtime/metrics_util.py", line 233, in __init__
    uuid.uuid5(uuid.NAMESPACE_DNS, _get_machine_id_v3())
                                   ^^^^^^^^^^^^^^^^^^^^
  File "/usr/local/lib/python3.12/site-packages/streamlit/runtime/metrics_util.py", line 173, in _get_machine_id_v3
    machine_id = f.read()
                 ^^^^^^^^
  File "<frozen codecs>", line 322, in decode
UnicodeDecodeError: 'utf-8' codec can't decode bytes in position 25-26: invalid continuation byte
Exception in callback AppSession._on_scriptrunner_event.<locals>.<lambda>() at /usr/local/lib/python3.12/site-packages/streamlit/runtime/app_session.py:519
handle: <Handle AppSession._on_scriptrunner_event.<locals>.<lambda>() at /usr/local/lib/python3.12/site-packages/streamlit/runtime/app_session.py:519>
Traceback (most recent call last):
  File "/usr/local/lib/python3.12/asyncio/events.py", line 88, in _run
    self._context.run(self._callback, *self._args)
  File "/usr/local/lib/python3.12/site-packages/streamlit/runtime/app_session.py", line 519, in <lambda>
    lambda: self._handle_scriptrunner_event_on_event_loop(
            ^^^^^^^^^^^^^^^^^^^^^^^^^^^^^^^^^^^^^^^^^^^^^^
  File "/usr/local/lib/python3.12/site-packages/streamlit/runtime/app_session.py", line 616, in _handle_scriptrunner_event_on_event_loop
    msg = self._create_new_session_message(
          ^^^^^^^^^^^^^^^^^^^^^^^^^^^^^^^^^
  File "/usr/local/lib/python3.12/site-packages/streamlit/runtime/app_session.py", line 750, in _create_new_session_message
    _populate_user_info_msg(imsg.user_info)
  File "/usr/local/lib/python3.12/site-packages/streamlit/runtime/app_session.py", line 1154, in _populate_user_info_msg
    inst = Installation.instance()
           ^^^^^^^^^^^^^^^^^^^^^^^
  File "/usr/local/lib/python3.12/site-packages/streamlit/runtime/metrics_util.py", line 228, in instance
    cls._instance = Installation()
                    ^^^^^^^^^^^^^^
  File "/usr/local/lib/python3.12/site-packages/streamlit/runtime/metrics_util.py", line 233, in __init__
    uuid.uuid5(uuid.NAMESPACE_DNS, _get_machine_id_v3())
                                   ^^^^^^^^^^^^^^^^^^^^
  File "/usr/local/lib/python3.12/site-packages/streamlit/runtime/metrics_util.py", line 173, in _get_machine_id_v3
    machine_id = f.read()
                 ^^^^^^^^
  File "<frozen codecs>", line 322, in decode
UnicodeDecodeError: 'utf-8' codec can't decode bytes in position 25-26: invalid continuation byte
Exception in callback AppSession._on_scriptrunner_event.<locals>.<lambda>() at /usr/local/lib/python3.12/site-packages/streamlit/runtime/app_session.py:519
handle: <Handle AppSession._on_scriptrunner_event.<locals>.<lambda>() at /usr/local/lib/python3.12/site-packages/streamlit/runtime/app_session.py:519>
Traceback (most recent call last):
  File "/usr/local/lib/python3.12/asyncio/events.py", line 88, in _run
    self._context.run(self._callback, *self._args)
  File "/usr/local/lib/python3.12/site-packages/streamlit/runtime/app_session.py", line 519, in <lambda>
    lambda: self._handle_scriptrunner_event_on_event_loop(
            ^^^^^^^^^^^^^^^^^^^^^^^^^^^^^^^^^^^^^^^^^^^^^^
  File "/usr/local/lib/python3.12/site-packages/streamlit/runtime/app_session.py", line 616, in _handle_scriptrunner_event_on_event_loop
    msg = self._create_new_session_message(
          ^^^^^^^^^^^^^^^^^^^^^^^^^^^^^^^^^
  File "/usr/local/lib/python3.12/site-packages/streamlit/runtime/app_session.py", line 750, in _create_new_session_message
    _populate_user_info_msg(imsg.user_info)
  File "/usr/local/lib/python3.12/site-packages/streamlit/runtime/app_session.py", line 1154, in _populate_user_info_msg
    inst = Installation.instance()
           ^^^^^^^^^^^^^^^^^^^^^^^
  File "/usr/local/lib/python3.12/site-packages/streamlit/runtime/metrics_util.py", line 228, in instance
    cls._instance = Installation()
                    ^^^^^^^^^^^^^^
  File "/usr/local/lib/python3.12/site-packages/streamlit/runtime/metrics_util.py", line 233, in __init__
    uuid.uuid5(uuid.NAMESPACE_DNS, _get_machine_id_v3())
                                   ^^^^^^^^^^^^^^^^^^^^
  File "/usr/local/lib/python3.12/site-packages/streamlit/runtime/metrics_util.py", line 173, in _get_machine_id_v3
    machine_id = f.read()
                 ^^^^^^^^
  File "<frozen codecs>", line 322, in decode
UnicodeDecodeError: 'utf-8' codec can't decode bytes in position 25-26: invalid continuation byte
Exception in callback AppSession._on_scriptrunner_event.<locals>.<lambda>() at /usr/local/lib/python3.12/site-packages/streamlit/runtime/app_session.py:519
handle: <Handle AppSession._on_scriptrunner_event.<locals>.<lambda>() at /usr/local/lib/python3.12/site-packages/streamlit/runtime/app_session.py:519>
Traceback (most recent call last):
  File "/usr/local/lib/python3.12/asyncio/events.py", line 88, in _run
    self._context.run(self._callback, *self._args)
  File "/usr/local/lib/python3.12/site-packages/streamlit/runtime/app_session.py", line 519, in <lambda>
    lambda: self._handle_scriptrunner_event_on_event_loop(
            ^^^^^^^^^^^^^^^^^^^^^^^^^^^^^^^^^^^^^^^^^^^^^^
  File "/usr/local/lib/python3.12/site-packages/streamlit/runtime/app_session.py", line 616, in _handle_scriptrunner_event_on_event_loop
    msg = self._create_new_session_message(
          ^^^^^^^^^^^^^^^^^^^^^^^^^^^^^^^^^
  File "/usr/local/lib/python3.12/site-packages/streamlit/runtime/app_session.py", line 750, in _create_new_session_message
    _populate_user_info_msg(imsg.user_info)
  File "/usr/local/lib/python3.12/site-packages/streamlit/runtime/app_session.py", line 1154, in _populate_user_info_msg
    inst = Installation.instance()
           ^^^^^^^^^^^^^^^^^^^^^^^
  File "/usr/local/lib/python3.12/site-packages/streamlit/runtime/metrics_util.py", line 228, in instance
    cls._instance = Installation()
                    ^^^^^^^^^^^^^^
  File "/usr/local/lib/python3.12/site-packages/streamlit/runtime/metrics_util.py", line 233, in __init__
    uuid.uuid5(uuid.NAMESPACE_DNS, _get_machine_id_v3())
                                   ^^^^^^^^^^^^^^^^^^^^
  File "/usr/local/lib/python3.12/site-packages/streamlit/runtime/metrics_util.py", line 173, in _get_machine_id_v3
    machine_id = f.read()
                 ^^^^^^^^
  File "<frozen codecs>", line 322, in decode
UnicodeDecodeError: 'utf-8' codec can't decode bytes in position 25-26: invalid continuation byte
Exception in callback AppSession._on_scriptrunner_event.<locals>.<lambda>() at /usr/local/lib/python3.12/site-packages/streamlit/runtime/app_session.py:519
handle: <Handle AppSession._on_scriptrunner_event.<locals>.<lambda>() at /usr/local/lib/python3.12/site-packages/streamlit/runtime/app_session.py:519>
Traceback (most recent call last):
  File "/usr/local/lib/python3.12/asyncio/events.py", line 88, in _run
    self._context.run(self._callback, *self._args)
  File "/usr/local/lib/python3.12/site-packages/streamlit/runtime/app_session.py", line 519, in <lambda>
    lambda: self._handle_scriptrunner_event_on_event_loop(
            ^^^^^^^^^^^^^^^^^^^^^^^^^^^^^^^^^^^^^^^^^^^^^^
  File "/usr/local/lib/python3.12/site-packages/streamlit/runtime/app_session.py", line 616, in _handle_scriptrunner_event_on_event_loop
    msg = self._create_new_session_message(
          ^^^^^^^^^^^^^^^^^^^^^^^^^^^^^^^^^
  File "/usr/local/lib/python3.12/site-packages/streamlit/runtime/app_session.py", line 750, in _create_new_session_message
    _populate_user_info_msg(imsg.user_info)
  File "/usr/local/lib/python3.12/site-packages/streamlit/runtime/app_session.py", line 1154, in _populate_user_info_msg
    inst = Installation.instance()
           ^^^^^^^^^^^^^^^^^^^^^^^
  File "/usr/local/lib/python3.12/site-packages/streamlit/runtime/metrics_util.py", line 228, in instance
    cls._instance = Installation()
                    ^^^^^^^^^^^^^^
  File "/usr/local/lib/python3.12/site-packages/streamlit/runtime/metrics_util.py", line 233, in __init__
    uuid.uuid5(uuid.NAMESPACE_DNS, _get_machine_id_v3())
                                   ^^^^^^^^^^^^^^^^^^^^
  File "/usr/local/lib/python3.12/site-packages/streamlit/runtime/metrics_util.py", line 173, in _get_machine_id_v3
    machine_id = f.read()
                 ^^^^^^^^
  File "<frozen codecs>", line 322, in decode
UnicodeDecodeError: 'utf-8' codec can't decode bytes in position 25-26: invalid continuation byte
Exception in callback AppSession._on_scriptrunner_event.<locals>.<lambda>() at /usr/local/lib/python3.12/site-packages/streamlit/runtime/app_session.py:519
handle: <Handle AppSession._on_scriptrunner_event.<locals>.<lambda>() at /usr/local/lib/python3.12/site-packages/streamlit/runtime/app_session.py:519>
Traceback (most recent call last):
  File "/usr/local/lib/python3.12/asyncio/events.py", line 88, in _run
    self._context.run(self._callback, *self._args)
  File "/usr/local/lib/python3.12/site-packages/streamlit/runtime/app_session.py", line 519, in <lambda>
    lambda: self._handle_scriptrunner_event_on_event_loop(
            ^^^^^^^^^^^^^^^^^^^^^^^^^^^^^^^^^^^^^^^^^^^^^^
  File "/usr/local/lib/python3.12/site-packages/streamlit/runtime/app_session.py", line 616, in _handle_scriptrunner_event_on_event_loop
    msg = self._create_new_session_message(
          ^^^^^^^^^^^^^^^^^^^^^^^^^^^^^^^^^
  File "/usr/local/lib/python3.12/site-packages/streamlit/runtime/app_session.py", line 750, in _create_new_session_message
    _populate_user_info_msg(imsg.user_info)
  File "/usr/local/lib/python3.12/site-packages/streamlit/runtime/app_session.py", line 1154, in _populate_user_info_msg
    inst = Installation.instance()
           ^^^^^^^^^^^^^^^^^^^^^^^
  File "/usr/local/lib/python3.12/site-packages/streamlit/runtime/metrics_util.py", line 228, in instance
    cls._instance = Installation()
                    ^^^^^^^^^^^^^^
  File "/usr/local/lib/python3.12/site-packages/streamlit/runtime/metrics_util.py", line 233, in __init__
    uuid.uuid5(uuid.NAMESPACE_DNS, _get_machine_id_v3())
                                   ^^^^^^^^^^^^^^^^^^^^
  File "/usr/local/lib/python3.12/site-packages/streamlit/runtime/metrics_util.py", line 173, in _get_machine_id_v3
    machine_id = f.read()
                 ^^^^^^^^
  File "<frozen codecs>", line 322, in decode
UnicodeDecodeError: 'utf-8' codec can't decode bytes in position 25-26: invalid continuation byte
Exception in callback AppSession._on_scriptrunner_event.<locals>.<lambda>() at /usr/local/lib/python3.12/site-packages/streamlit/runtime/app_session.py:519
handle: <Handle AppSession._on_scriptrunner_event.<locals>.<lambda>() at /usr/local/lib/python3.12/site-packages/streamlit/runtime/app_session.py:519>
Traceback (most recent call last):
  File "/usr/local/lib/python3.12/asyncio/events.py", line 88, in _run
    self._context.run(self._callback, *self._args)
  File "/usr/local/lib/python3.12/site-packages/streamlit/runtime/app_session.py", line 519, in <lambda>
    lambda: self._handle_scriptrunner_event_on_event_loop(
            ^^^^^^^^^^^^^^^^^^^^^^^^^^^^^^^^^^^^^^^^^^^^^^
  File "/usr/local/lib/python3.12/site-packages/streamlit/runtime/app_session.py", line 616, in _handle_scriptrunner_event_on_event_loop
    msg = self._create_new_session_message(
          ^^^^^^^^^^^^^^^^^^^^^^^^^^^^^^^^^
  File "/usr/local/lib/python3.12/site-packages/streamlit/runtime/app_session.py", line 750, in _create_new_session_message
    _populate_user_info_msg(imsg.user_info)
  File "/usr/local/lib/python3.12/site-packages/streamlit/runtime/app_session.py", line 1154, in _populate_user_info_msg
    inst = Installation.instance()
           ^^^^^^^^^^^^^^^^^^^^^^^
  File "/usr/local/lib/python3.12/site-packages/streamlit/runtime/metrics_util.py", line 228, in instance
    cls._instance = Installation()
                    ^^^^^^^^^^^^^^
  File "/usr/local/lib/python3.12/site-packages/streamlit/runtime/metrics_util.py", line 233, in __init__
    uuid.uuid5(uuid.NAMESPACE_DNS, _get_machine_id_v3())
                                   ^^^^^^^^^^^^^^^^^^^^
  File "/usr/local/lib/python3.12/site-packages/streamlit/runtime/metrics_util.py", line 173, in _get_machine_id_v3
    machine_id = f.read()
                 ^^^^^^^^
  File "<frozen codecs>", line 322, in decode
UnicodeDecodeError: 'utf-8' codec can't decode bytes in position 25-26: invalid continuation byte
Exception in callback AppSession._on_scriptrunner_event.<locals>.<lambda>() at /usr/local/lib/python3.12/site-packages/streamlit/runtime/app_session.py:519
handle: <Handle AppSession._on_scriptrunner_event.<locals>.<lambda>() at /usr/local/lib/python3.12/site-packages/streamlit/runtime/app_session.py:519>
Traceback (most recent call last):
  File "/usr/local/lib/python3.12/asyncio/events.py", line 88, in _run
    self._context.run(self._callback, *self._args)
  File "/usr/local/lib/python3.12/site-packages/streamlit/runtime/app_session.py", line 519, in <lambda>
    lambda: self._handle_scriptrunner_event_on_event_loop(
            ^^^^^^^^^^^^^^^^^^^^^^^^^^^^^^^^^^^^^^^^^^^^^^
  File "/usr/local/lib/python3.12/site-packages/streamlit/runtime/app_session.py", line 616, in _handle_scriptrunner_event_on_event_loop
    msg = self._create_new_session_message(
          ^^^^^^^^^^^^^^^^^^^^^^^^^^^^^^^^^
  File "/usr/local/lib/python3.12/site-packages/streamlit/runtime/app_session.py", line 750, in _create_new_session_message
    _populate_user_info_msg(imsg.user_info)
  File "/usr/local/lib/python3.12/site-packages/streamlit/runtime/app_session.py", line 1154, in _populate_user_info_msg
    inst = Installation.instance()
           ^^^^^^^^^^^^^^^^^^^^^^^
  File "/usr/local/lib/python3.12/site-packages/streamlit/runtime/metrics_util.py", line 228, in instance
    cls._instance = Installation()
                    ^^^^^^^^^^^^^^
  File "/usr/local/lib/python3.12/site-packages/streamlit/runtime/metrics_util.py", line 233, in __init__
    uuid.uuid5(uuid.NAMESPACE_DNS, _get_machine_id_v3())
                                   ^^^^^^^^^^^^^^^^^^^^
  File "/usr/local/lib/python3.12/site-packages/streamlit/runtime/metrics_util.py", line 173, in _get_machine_id_v3
    machine_id = f.read()
                 ^^^^^^^^
  File "<frozen codecs>", line 322, in decode
UnicodeDecodeError: 'utf-8' codec can't decode bytes in position 25-26: invalid continuation byte
Exception in callback AppSession._on_scriptrunner_event.<locals>.<lambda>() at /usr/local/lib/python3.12/site-packages/streamlit/runtime/app_session.py:519
handle: <Handle AppSession._on_scriptrunner_event.<locals>.<lambda>() at /usr/local/lib/python3.12/site-packages/streamlit/runtime/app_session.py:519>
Traceback (most recent call last):
  File "/usr/local/lib/python3.12/asyncio/events.py", line 88, in _run
    self._context.run(self._callback, *self._args)
  File "/usr/local/lib/python3.12/site-packages/streamlit/runtime/app_session.py", line 519, in <lambda>
    lambda: self._handle_scriptrunner_event_on_event_loop(
            ^^^^^^^^^^^^^^^^^^^^^^^^^^^^^^^^^^^^^^^^^^^^^^
  File "/usr/local/lib/python3.12/site-packages/streamlit/runtime/app_session.py", line 616, in _handle_scriptrunner_event_on_event_loop
    msg = self._create_new_session_message(
          ^^^^^^^^^^^^^^^^^^^^^^^^^^^^^^^^^
  File "/usr/local/lib/python3.12/site-packages/streamlit/runtime/app_session.py", line 750, in _create_new_session_message
    _populate_user_info_msg(imsg.user_info)
  File "/usr/local/lib/python3.12/site-packages/streamlit/runtime/app_session.py", line 1154, in _populate_user_info_msg
    inst = Installation.instance()
           ^^^^^^^^^^^^^^^^^^^^^^^
  File "/usr/local/lib/python3.12/site-packages/streamlit/runtime/metrics_util.py", line 228, in instance
    cls._instance = Installation()
                    ^^^^^^^^^^^^^^
  File "/usr/local/lib/python3.12/site-packages/streamlit/runtime/metrics_util.py", line 233, in __init__
    uuid.uuid5(uuid.NAMESPACE_DNS, _get_machine_id_v3())
                                   ^^^^^^^^^^^^^^^^^^^^
  File "/usr/local/lib/python3.12/site-packages/streamlit/runtime/metrics_util.py", line 173, in _get_machine_id_v3
    machine_id = f.read()
                 ^^^^^^^^
  File "<frozen codecs>", line 322, in decode
UnicodeDecodeError: 'utf-8' codec can't decode bytes in position 25-26: invalid continuation byte
Exception in callback AppSession._on_scriptrunner_event.<locals>.<lambda>() at /usr/local/lib/python3.12/site-packages/streamlit/runtime/app_session.py:519
handle: <Handle AppSession._on_scriptrunner_event.<locals>.<lambda>() at /usr/local/lib/python3.12/site-packages/streamlit/runtime/app_session.py:519>
Traceback (most recent call last):
  File "/usr/local/lib/python3.12/asyncio/events.py", line 88, in _run
    self._context.run(self._callback, *self._args)
  File "/usr/local/lib/python3.12/site-packages/streamlit/runtime/app_session.py", line 519, in <lambda>
    lambda: self._handle_scriptrunner_event_on_event_loop(
            ^^^^^^^^^^^^^^^^^^^^^^^^^^^^^^^^^^^^^^^^^^^^^^
  File "/usr/local/lib/python3.12/site-packages/streamlit/runtime/app_session.py", line 616, in _handle_scriptrunner_event_on_event_loop
    msg = self._create_new_session_message(
          ^^^^^^^^^^^^^^^^^^^^^^^^^^^^^^^^^
  File "/usr/local/lib/python3.12/site-packages/streamlit/runtime/app_session.py", line 750, in _create_new_session_message
    _populate_user_info_msg(imsg.user_info)
  File "/usr/local/lib/python3.12/site-packages/streamlit/runtime/app_session.py", line 1154, in _populate_user_info_msg
    inst = Installation.instance()
           ^^^^^^^^^^^^^^^^^^^^^^^
  File "/usr/local/lib/python3.12/site-packages/streamlit/runtime/metrics_util.py", line 228, in instance
    cls._instance = Installation()
                    ^^^^^^^^^^^^^^
  File "/usr/local/lib/python3.12/site-packages/streamlit/runtime/metrics_util.py", line 233, in __init__
    uuid.uuid5(uuid.NAMESPACE_DNS, _get_machine_id_v3())
                                   ^^^^^^^^^^^^^^^^^^^^
  File "/usr/local/lib/python3.12/site-packages/streamlit/runtime/metrics_util.py", line 173, in _get_machine_id_v3
    machine_id = f.read()
                 ^^^^^^^^
  File "<frozen codecs>", line 322, in decode
UnicodeDecodeError: 'utf-8' codec can't decode bytes in position 25-26: invalid continuation byte
Exception in callback AppSession._on_scriptrunner_event.<locals>.<lambda>() at /usr/local/lib/python3.12/site-packages/streamlit/runtime/app_session.py:519
handle: <Handle AppSession._on_scriptrunner_event.<locals>.<lambda>() at /usr/local/lib/python3.12/site-packages/streamlit/runtime/app_session.py:519>
Traceback (most recent call last):
  File "/usr/local/lib/python3.12/asyncio/events.py", line 88, in _run
    self._context.run(self._callback, *self._args)
  File "/usr/local/lib/python3.12/site-packages/streamlit/runtime/app_session.py", line 519, in <lambda>
    lambda: self._handle_scriptrunner_event_on_event_loop(
            ^^^^^^^^^^^^^^^^^^^^^^^^^^^^^^^^^^^^^^^^^^^^^^
  File "/usr/local/lib/python3.12/site-packages/streamlit/runtime/app_session.py", line 616, in _handle_scriptrunner_event_on_event_loop
    msg = self._create_new_session_message(
          ^^^^^^^^^^^^^^^^^^^^^^^^^^^^^^^^^
  File "/usr/local/lib/python3.12/site-packages/streamlit/runtime/app_session.py", line 750, in _create_new_session_message
    _populate_user_info_msg(imsg.user_info)
  File "/usr/local/lib/python3.12/site-packages/streamlit/runtime/app_session.py", line 1154, in _populate_user_info_msg
    inst = Installation.instance()
           ^^^^^^^^^^^^^^^^^^^^^^^
  File "/usr/local/lib/python3.12/site-packages/streamlit/runtime/metrics_util.py", line 228, in instance
    cls._instance = Installation()
                    ^^^^^^^^^^^^^^
  File "/usr/local/lib/python3.12/site-packages/streamlit/runtime/metrics_util.py", line 233, in __init__
    uuid.uuid5(uuid.NAMESPACE_DNS, _get_machine_id_v3())
                                   ^^^^^^^^^^^^^^^^^^^^
  File "/usr/local/lib/python3.12/site-packages/streamlit/runtime/metrics_util.py", line 173, in _get_machine_id_v3
    machine_id = f.read()
                 ^^^^^^^^
  File "<frozen codecs>", line 322, in decode
UnicodeDecodeError: 'utf-8' codec can't decode bytes in position 25-26: invalid continuation byte
Exception in callback AppSession._on_scriptrunner_event.<locals>.<lambda>() at /usr/local/lib/python3.12/site-packages/streamlit/runtime/app_session.py:519
handle: <Handle AppSession._on_scriptrunner_event.<locals>.<lambda>() at /usr/local/lib/python3.12/site-packages/streamlit/runtime/app_session.py:519>
Traceback (most recent call last):
  File "/usr/local/lib/python3.12/asyncio/events.py", line 88, in _run
    self._context.run(self._callback, *self._args)
  File "/usr/local/lib/python3.12/site-packages/streamlit/runtime/app_session.py", line 519, in <lambda>
    lambda: self._handle_scriptrunner_event_on_event_loop(
            ^^^^^^^^^^^^^^^^^^^^^^^^^^^^^^^^^^^^^^^^^^^^^^
  File "/usr/local/lib/python3.12/site-packages/streamlit/runtime/app_session.py", line 616, in _handle_scriptrunner_event_on_event_loop
    msg = self._create_new_session_message(
          ^^^^^^^^^^^^^^^^^^^^^^^^^^^^^^^^^
  File "/usr/local/lib/python3.12/site-packages/streamlit/runtime/app_session.py", line 750, in _create_new_session_message
    _populate_user_info_msg(imsg.user_info)
  File "/usr/local/lib/python3.12/site-packages/streamlit/runtime/app_session.py", line 1154, in _populate_user_info_msg
    inst = Installation.instance()
           ^^^^^^^^^^^^^^^^^^^^^^^
  File "/usr/local/lib/python3.12/site-packages/streamlit/runtime/metrics_util.py", line 228, in instance
    cls._instance = Installation()
                    ^^^^^^^^^^^^^^
  File "/usr/local/lib/python3.12/site-packages/streamlit/runtime/metrics_util.py", line 233, in __init__
    uuid.uuid5(uuid.NAMESPACE_DNS, _get_machine_id_v3())
                                   ^^^^^^^^^^^^^^^^^^^^
  File "/usr/local/lib/python3.12/site-packages/streamlit/runtime/metrics_util.py", line 173, in _get_machine_id_v3
    machine_id = f.read()
                 ^^^^^^^^
  File "<frozen codecs>", line 322, in decode
UnicodeDecodeError: 'utf-8' codec can't decode bytes in position 25-26: invalid continuation byte
