2025-09-12T19:17:17: /usr/local/bin/streamlit:2
2025-09-12T19:17:17: # -*- coding: utf-8 -*-
2025-09-12T19:17:17: ^
2025-09-12T19:17:17: 
2025-09-12T19:17:17: SyntaxError: Invalid or unexpected token
2025-09-12T19:17:17:     at wrapSafe (node:internal/modules/cjs/loader:1472:18)
2025-09-12T19:17:17:     at Module._compile (node:internal/modules/cjs/loader:1501:20)
2025-09-12T19:17:17:     at Module._extensions..js (node:internal/modules/cjs/loader:1613:10)
2025-09-12T19:17:17:     at Module.load (node:internal/modules/cjs/loader:1275:32)
2025-09-12T19:17:17:     at Module._load (node:internal/modules/cjs/loader:1096:12)
2025-09-12T19:17:17:     at Object.<anonymous> (/usr/lib/node_modules/pm2/lib/ProcessContainerFork.js:33:23)
2025-09-12T19:17:17:     at Module._compile (node:internal/modules/cjs/loader:1529:14)
2025-09-12T19:17:17:     at Module._extensions..js (node:internal/modules/cjs/loader:1613:10)
2025-09-12T19:17:17:     at Module.load (node:internal/modules/cjs/loader:1275:32)
2025-09-12T19:17:17:     at Module._load (node:internal/modules/cjs/loader:1096:12)
2025-09-12T19:17:17: /usr/local/bin/streamlit:2
2025-09-12T19:17:17: # -*- coding: utf-8 -*-
2025-09-12T19:17:17: ^
2025-09-12T19:17:17: 
2025-09-12T19:17:17: SyntaxError: Invalid or unexpected token
2025-09-12T19:17:17:     at wrapSafe (node:internal/modules/cjs/loader:1472:18)
2025-09-12T19:17:17:     at Module._compile (node:internal/modules/cjs/loader:1501:20)
2025-09-12T19:17:17:     at Module._extensions..js (node:internal/modules/cjs/loader:1613:10)
2025-09-12T19:17:17:     at Module.load (node:internal/modules/cjs/loader:1275:32)
2025-09-12T19:17:17:     at Module._load (node:internal/modules/cjs/loader:1096:12)
2025-09-12T19:17:17:     at Object.<anonymous> (/usr/lib/node_modules/pm2/lib/ProcessContainerFork.js:33:23)
2025-09-12T19:17:17:     at Module._compile (node:internal/modules/cjs/loader:1529:14)
2025-09-12T19:17:17:     at Module._extensions..js (node:internal/modules/cjs/loader:1613:10)
2025-09-12T19:17:17:     at Module.load (node:internal/modules/cjs/loader:1275:32)
2025-09-12T19:17:17:     at Module._load (node:internal/modules/cjs/loader:1096:12)
2025-09-12T19:17:17: /usr/local/bin/streamlit:2
2025-09-12T19:17:17: # -*- coding: utf-8 -*-
2025-09-12T19:17:17: ^
2025-09-12T19:17:17: 
2025-09-12T19:17:17: SyntaxError: Invalid or unexpected token
2025-09-12T19:17:17:     at wrapSafe (node:internal/modules/cjs/loader:1472:18)
2025-09-12T19:17:17:     at Module._compile (node:internal/modules/cjs/loader:1501:20)
2025-09-12T19:17:17:     at Module._extensions..js (node:internal/modules/cjs/loader:1613:10)
2025-09-12T19:17:17:     at Module.load (node:internal/modules/cjs/loader:1275:32)
2025-09-12T19:17:17:     at Module._load (node:internal/modules/cjs/loader:1096:12)
2025-09-12T19:17:17:     at Object.<anonymous> (/usr/lib/node_modules/pm2/lib/ProcessContainerFork.js:33:23)
2025-09-12T19:17:17:     at Module._compile (node:internal/modules/cjs/loader:1529:14)
2025-09-12T19:17:17:     at Module._extensions..js (node:internal/modules/cjs/loader:1613:10)
2025-09-12T19:17:17:     at Module.load (node:internal/modules/cjs/loader:1275:32)
2025-09-12T19:17:17:     at Module._load (node:internal/modules/cjs/loader:1096:12)
2025-09-12T19:17:17: /usr/local/bin/streamlit:2
2025-09-12T19:17:17: # -*- coding: utf-8 -*-
2025-09-12T19:17:17: ^
2025-09-12T19:17:17: 
2025-09-12T19:17:17: SyntaxError: Invalid or unexpected token
2025-09-12T19:17:17:     at wrapSafe (node:internal/modules/cjs/loader:1472:18)
2025-09-12T19:17:17:     at Module._compile (node:internal/modules/cjs/loader:1501:20)
2025-09-12T19:17:17:     at Module._extensions..js (node:internal/modules/cjs/loader:1613:10)
2025-09-12T19:17:17:     at Module.load (node:internal/modules/cjs/loader:1275:32)
2025-09-12T19:17:17:     at Module._load (node:internal/modules/cjs/loader:1096:12)
2025-09-12T19:17:17:     at Object.<anonymous> (/usr/lib/node_modules/pm2/lib/ProcessContainerFork.js:33:23)
2025-09-12T19:17:17:     at Module._compile (node:internal/modules/cjs/loader:1529:14)
2025-09-12T19:17:17:     at Module._extensions..js (node:internal/modules/cjs/loader:1613:10)
2025-09-12T19:17:17:     at Module.load (node:internal/modules/cjs/loader:1275:32)
2025-09-12T19:17:17:     at Module._load (node:internal/modules/cjs/loader:1096:12)
2025-09-12T19:17:17: /usr/local/bin/streamlit:2
2025-09-12T19:17:17: # -*- coding: utf-8 -*-
2025-09-12T19:17:17: ^
2025-09-12T19:17:17: 
2025-09-12T19:17:17: SyntaxError: Invalid or unexpected token
2025-09-12T19:17:17:     at wrapSafe (node:internal/modules/cjs/loader:1472:18)
2025-09-12T19:17:17:     at Module._compile (node:internal/modules/cjs/loader:1501:20)
2025-09-12T19:17:17:     at Module._extensions..js (node:internal/modules/cjs/loader:1613:10)
2025-09-12T19:17:17:     at Module.load (node:internal/modules/cjs/loader:1275:32)
2025-09-12T19:17:17:     at Module._load (node:internal/modules/cjs/loader:1096:12)
2025-09-12T19:17:17:     at Object.<anonymous> (/usr/lib/node_modules/pm2/lib/ProcessContainerFork.js:33:23)
2025-09-12T19:17:17:     at Module._compile (node:internal/modules/cjs/loader:1529:14)
2025-09-12T19:17:17:     at Module._extensions..js (node:internal/modules/cjs/loader:1613:10)
2025-09-12T19:17:17:     at Module.load (node:internal/modules/cjs/loader:1275:32)
2025-09-12T19:17:17:     at Module._load (node:internal/modules/cjs/loader:1096:12)
2025-09-12T19:17:17: /usr/local/bin/streamlit:2
2025-09-12T19:17:17: # -*- coding: utf-8 -*-
2025-09-12T19:17:17: ^
2025-09-12T19:17:17: 
2025-09-12T19:17:17: SyntaxError: Invalid or unexpected token
2025-09-12T19:17:17:     at wrapSafe (node:internal/modules/cjs/loader:1472:18)
2025-09-12T19:17:17:     at Module._compile (node:internal/modules/cjs/loader:1501:20)
2025-09-12T19:17:17:     at Module._extensions..js (node:internal/modules/cjs/loader:1613:10)
2025-09-12T19:17:17:     at Module.load (node:internal/modules/cjs/loader:1275:32)
2025-09-12T19:17:17:     at Module._load (node:internal/modules/cjs/loader:1096:12)
2025-09-12T19:17:17:     at Object.<anonymous> (/usr/lib/node_modules/pm2/lib/ProcessContainerFork.js:33:23)
2025-09-12T19:17:17:     at Module._compile (node:internal/modules/cjs/loader:1529:14)
2025-09-12T19:17:17:     at Module._extensions..js (node:internal/modules/cjs/loader:1613:10)
2025-09-12T19:17:17:     at Module.load (node:internal/modules/cjs/loader:1275:32)
2025-09-12T19:17:17:     at Module._load (node:internal/modules/cjs/loader:1096:12)
2025-09-12T19:17:18: /usr/local/bin/streamlit:2
2025-09-12T19:17:18: # -*- coding: utf-8 -*-
2025-09-12T19:17:18: ^
2025-09-12T19:17:18: 
2025-09-12T19:17:18: SyntaxError: Invalid or unexpected token
2025-09-12T19:17:18:     at wrapSafe (node:internal/modules/cjs/loader:1472:18)
2025-09-12T19:17:18:     at Module._compile (node:internal/modules/cjs/loader:1501:20)
2025-09-12T19:17:18:     at Module._extensions..js (node:internal/modules/cjs/loader:1613:10)
2025-09-12T19:17:18:     at Module.load (node:internal/modules/cjs/loader:1275:32)
2025-09-12T19:17:18:     at Module._load (node:internal/modules/cjs/loader:1096:12)
2025-09-12T19:17:18:     at Object.<anonymous> (/usr/lib/node_modules/pm2/lib/ProcessContainerFork.js:33:23)
2025-09-12T19:17:18:     at Module._compile (node:internal/modules/cjs/loader:1529:14)
2025-09-12T19:17:18:     at Module._extensions..js (node:internal/modules/cjs/loader:1613:10)
2025-09-12T19:17:18:     at Module.load (node:internal/modules/cjs/loader:1275:32)
2025-09-12T19:17:18:     at Module._load (node:internal/modules/cjs/loader:1096:12)
2025-09-12T19:17:18: /usr/local/bin/streamlit:2
2025-09-12T19:17:18: # -*- coding: utf-8 -*-
2025-09-12T19:17:18: ^
2025-09-12T19:17:18: 
2025-09-12T19:17:18: SyntaxError: Invalid or unexpected token
2025-09-12T19:17:18:     at wrapSafe (node:internal/modules/cjs/loader:1472:18)
2025-09-12T19:17:18:     at Module._compile (node:internal/modules/cjs/loader:1501:20)
2025-09-12T19:17:18:     at Module._extensions..js (node:internal/modules/cjs/loader:1613:10)
2025-09-12T19:17:18:     at Module.load (node:internal/modules/cjs/loader:1275:32)
2025-09-12T19:17:18:     at Module._load (node:internal/modules/cjs/loader:1096:12)
2025-09-12T19:17:18:     at Object.<anonymous> (/usr/lib/node_modules/pm2/lib/ProcessContainerFork.js:33:23)
2025-09-12T19:17:18:     at Module._compile (node:internal/modules/cjs/loader:1529:14)
2025-09-12T19:17:18:     at Module._extensions..js (node:internal/modules/cjs/loader:1613:10)
2025-09-12T19:17:18:     at Module.load (node:internal/modules/cjs/loader:1275:32)
2025-09-12T19:17:18:     at Module._load (node:internal/modules/cjs/loader:1096:12)
2025-09-12T19:17:18: /usr/local/bin/streamlit:2
2025-09-12T19:17:18: # -*- coding: utf-8 -*-
2025-09-12T19:17:18: ^
2025-09-12T19:17:18: 
2025-09-12T19:17:18: SyntaxError: Invalid or unexpected token
2025-09-12T19:17:18:     at wrapSafe (node:internal/modules/cjs/loader:1472:18)
2025-09-12T19:17:18:     at Module._compile (node:internal/modules/cjs/loader:1501:20)
2025-09-12T19:17:18:     at Module._extensions..js (node:internal/modules/cjs/loader:1613:10)
2025-09-12T19:17:18:     at Module.load (node:internal/modules/cjs/loader:1275:32)
2025-09-12T19:17:18:     at Module._load (node:internal/modules/cjs/loader:1096:12)
2025-09-12T19:17:18:     at Object.<anonymous> (/usr/lib/node_modules/pm2/lib/ProcessContainerFork.js:33:23)
2025-09-12T19:17:18:     at Module._compile (node:internal/modules/cjs/loader:1529:14)
2025-09-12T19:17:18:     at Module._extensions..js (node:internal/modules/cjs/loader:1613:10)
2025-09-12T19:17:18:     at Module.load (node:internal/modules/cjs/loader:1275:32)
2025-09-12T19:17:18:     at Module._load (node:internal/modules/cjs/loader:1096:12)
2025-09-12T19:17:18: /usr/local/bin/streamlit:2
2025-09-12T19:17:18: # -*- coding: utf-8 -*-
2025-09-12T19:17:18: ^
2025-09-12T19:17:18: 
2025-09-12T19:17:18: SyntaxError: Invalid or unexpected token
2025-09-12T19:17:18:     at wrapSafe (node:internal/modules/cjs/loader:1472:18)
2025-09-12T19:17:18:     at Module._compile (node:internal/modules/cjs/loader:1501:20)
2025-09-12T19:17:18:     at Module._extensions..js (node:internal/modules/cjs/loader:1613:10)
2025-09-12T19:17:18:     at Module.load (node:internal/modules/cjs/loader:1275:32)
2025-09-12T19:17:18:     at Module._load (node:internal/modules/cjs/loader:1096:12)
2025-09-12T19:17:18:     at Object.<anonymous> (/usr/lib/node_modules/pm2/lib/ProcessContainerFork.js:33:23)
2025-09-12T19:17:18:     at Module._compile (node:internal/modules/cjs/loader:1529:14)
2025-09-12T19:17:18:     at Module._extensions..js (node:internal/modules/cjs/loader:1613:10)
2025-09-12T19:17:18:     at Module.load (node:internal/modules/cjs/loader:1275:32)
2025-09-12T19:17:18:     at Module._load (node:internal/modules/cjs/loader:1096:12)
2025-09-12T19:17:18: /usr/local/bin/streamlit:2
2025-09-12T19:17:18: # -*- coding: utf-8 -*-
2025-09-12T19:17:18: ^
2025-09-12T19:17:18: 
2025-09-12T19:17:18: SyntaxError: Invalid or unexpected token
2025-09-12T19:17:18:     at wrapSafe (node:internal/modules/cjs/loader:1472:18)
2025-09-12T19:17:18:     at Module._compile (node:internal/modules/cjs/loader:1501:20)
2025-09-12T19:17:18:     at Module._extensions..js (node:internal/modules/cjs/loader:1613:10)
2025-09-12T19:17:18:     at Module.load (node:internal/modules/cjs/loader:1275:32)
2025-09-12T19:17:18:     at Module._load (node:internal/modules/cjs/loader:1096:12)
2025-09-12T19:17:18:     at Object.<anonymous> (/usr/lib/node_modules/pm2/lib/ProcessContainerFork.js:33:23)
2025-09-12T19:17:18:     at Module._compile (node:internal/modules/cjs/loader:1529:14)
2025-09-12T19:17:18:     at Module._extensions..js (node:internal/modules/cjs/loader:1613:10)
2025-09-12T19:17:18:     at Module.load (node:internal/modules/cjs/loader:1275:32)
2025-09-12T19:17:18:     at Module._load (node:internal/modules/cjs/loader:1096:12)
2025-09-12T19:17:18: /usr/local/bin/streamlit:2
2025-09-12T19:17:18: # -*- coding: utf-8 -*-
2025-09-12T19:17:18: ^
2025-09-12T19:17:18: 
2025-09-12T19:17:18: SyntaxError: Invalid or unexpected token
2025-09-12T19:17:18:     at wrapSafe (node:internal/modules/cjs/loader:1472:18)
2025-09-12T19:17:18:     at Module._compile (node:internal/modules/cjs/loader:1501:20)
2025-09-12T19:17:18:     at Module._extensions..js (node:internal/modules/cjs/loader:1613:10)
2025-09-12T19:17:18:     at Module.load (node:internal/modules/cjs/loader:1275:32)
2025-09-12T19:17:18:     at Module._load (node:internal/modules/cjs/loader:1096:12)
2025-09-12T19:17:18:     at Object.<anonymous> (/usr/lib/node_modules/pm2/lib/ProcessContainerFork.js:33:23)
2025-09-12T19:17:18:     at Module._compile (node:internal/modules/cjs/loader:1529:14)
2025-09-12T19:17:18:     at Module._extensions..js (node:internal/modules/cjs/loader:1613:10)
2025-09-12T19:17:18:     at Module.load (node:internal/modules/cjs/loader:1275:32)
2025-09-12T19:17:18:     at Module._load (node:internal/modules/cjs/loader:1096:12)
2025-09-12T19:17:19: /usr/local/bin/streamlit:2
2025-09-12T19:17:19: # -*- coding: utf-8 -*-
2025-09-12T19:17:19: ^
2025-09-12T19:17:19: 
2025-09-12T19:17:19: SyntaxError: Invalid or unexpected token
2025-09-12T19:17:19:     at wrapSafe (node:internal/modules/cjs/loader:1472:18)
2025-09-12T19:17:19:     at Module._compile (node:internal/modules/cjs/loader:1501:20)
2025-09-12T19:17:19:     at Module._extensions..js (node:internal/modules/cjs/loader:1613:10)
2025-09-12T19:17:19:     at Module.load (node:internal/modules/cjs/loader:1275:32)
2025-09-12T19:17:19:     at Module._load (node:internal/modules/cjs/loader:1096:12)
2025-09-12T19:17:19:     at Object.<anonymous> (/usr/lib/node_modules/pm2/lib/ProcessContainerFork.js:33:23)
2025-09-12T19:17:19:     at Module._compile (node:internal/modules/cjs/loader:1529:14)
2025-09-12T19:17:19:     at Module._extensions..js (node:internal/modules/cjs/loader:1613:10)
2025-09-12T19:17:19:     at Module.load (node:internal/modules/cjs/loader:1275:32)
2025-09-12T19:17:19:     at Module._load (node:internal/modules/cjs/loader:1096:12)
2025-09-12T19:17:19: /usr/local/bin/streamlit:2
2025-09-12T19:17:19: # -*- coding: utf-8 -*-
2025-09-12T19:17:19: ^
2025-09-12T19:17:19: 
2025-09-12T19:17:19: SyntaxError: Invalid or unexpected token
2025-09-12T19:17:19:     at wrapSafe (node:internal/modules/cjs/loader:1472:18)
2025-09-12T19:17:19:     at Module._compile (node:internal/modules/cjs/loader:1501:20)
2025-09-12T19:17:19:     at Module._extensions..js (node:internal/modules/cjs/loader:1613:10)
2025-09-12T19:17:19:     at Module.load (node:internal/modules/cjs/loader:1275:32)
2025-09-12T19:17:19:     at Module._load (node:internal/modules/cjs/loader:1096:12)
2025-09-12T19:17:19:     at Object.<anonymous> (/usr/lib/node_modules/pm2/lib/ProcessContainerFork.js:33:23)
2025-09-12T19:17:19:     at Module._compile (node:internal/modules/cjs/loader:1529:14)
2025-09-12T19:17:19:     at Module._extensions..js (node:internal/modules/cjs/loader:1613:10)
2025-09-12T19:17:19:     at Module.load (node:internal/modules/cjs/loader:1275:32)
2025-09-12T19:17:19:     at Module._load (node:internal/modules/cjs/loader:1096:12)
2025-09-12T19:17:19: /usr/local/bin/streamlit:2
2025-09-12T19:17:19: # -*- coding: utf-8 -*-
2025-09-12T19:17:19: ^
2025-09-12T19:17:19: 
2025-09-12T19:17:19: SyntaxError: Invalid or unexpected token
2025-09-12T19:17:19:     at wrapSafe (node:internal/modules/cjs/loader:1472:18)
2025-09-12T19:17:19:     at Module._compile (node:internal/modules/cjs/loader:1501:20)
2025-09-12T19:17:19:     at Module._extensions..js (node:internal/modules/cjs/loader:1613:10)
2025-09-12T19:17:19:     at Module.load (node:internal/modules/cjs/loader:1275:32)
2025-09-12T19:17:19:     at Module._load (node:internal/modules/cjs/loader:1096:12)
2025-09-12T19:17:19:     at Object.<anonymous> (/usr/lib/node_modules/pm2/lib/ProcessContainerFork.js:33:23)
2025-09-12T19:17:19:     at Module._compile (node:internal/modules/cjs/loader:1529:14)
2025-09-12T19:17:19:     at Module._extensions..js (node:internal/modules/cjs/loader:1613:10)
2025-09-12T19:17:19:     at Module.load (node:internal/modules/cjs/loader:1275:32)
2025-09-12T19:17:19:     at Module._load (node:internal/modules/cjs/loader:1096:12)
2025-09-12T19:17:19: /usr/local/bin/streamlit:2
2025-09-12T19:17:19: # -*- coding: utf-8 -*-
2025-09-12T19:17:19: ^
2025-09-12T19:17:19: 
2025-09-12T19:17:19: SyntaxError: Invalid or unexpected token
2025-09-12T19:17:19:     at wrapSafe (node:internal/modules/cjs/loader:1472:18)
2025-09-12T19:17:19:     at Module._compile (node:internal/modules/cjs/loader:1501:20)
2025-09-12T19:17:19:     at Module._extensions..js (node:internal/modules/cjs/loader:1613:10)
2025-09-12T19:17:19:     at Module.load (node:internal/modules/cjs/loader:1275:32)
2025-09-12T19:17:19:     at Module._load (node:internal/modules/cjs/loader:1096:12)
2025-09-12T19:17:19:     at Object.<anonymous> (/usr/lib/node_modules/pm2/lib/ProcessContainerFork.js:33:23)
2025-09-12T19:17:19:     at Module._compile (node:internal/modules/cjs/loader:1529:14)
2025-09-12T19:17:19:     at Module._extensions..js (node:internal/modules/cjs/loader:1613:10)
2025-09-12T19:17:19:     at Module.load (node:internal/modules/cjs/loader:1275:32)
2025-09-12T19:17:19:     at Module._load (node:internal/modules/cjs/loader:1096:12)
2025-09-12T19:17:40: 2025-09-12 19:17:40.204 Port 8501 is already in use
2025-09-12T19:17:40: 2025-09-12 19:17:40.963 Port 8501 is already in use
2025-09-12T19:17:41: 2025-09-12 19:17:41.690 Port 8501 is already in use
2025-09-12T19:17:42: 2025-09-12 19:17:42.435 Port 8501 is already in use
2025-09-12T19:17:43: 2025-09-12 19:17:43.168 Port 8501 is already in use
2025-09-12T19:17:43: 2025-09-12 19:17:43.933 Port 8501 is already in use
2025-09-12T19:17:44: 2025-09-12 19:17:44.719 Port 8501 is already in use
2025-09-12T19:17:45: 2025-09-12 19:17:45.472 Port 8501 is already in use
2025-09-12T19:17:46: 2025-09-12 19:17:46.232 Port 8501 is already in use
2025-09-12T19:17:46: 2025-09-12 19:17:46.979 Port 8501 is already in use
2025-09-12T19:17:47: 2025-09-12 19:17:47.775 Port 8501 is already in use
2025-09-12T19:17:48: 2025-09-12 19:17:48.554 Port 8501 is already in use
2025-09-12T19:17:49: 2025-09-12 19:17:49.268 Port 8501 is already in use
2025-09-12T19:17:49: 2025-09-12 19:17:49.992 Port 8501 is already in use
2025-09-12T19:17:50: 2025-09-12 19:17:50.761 Port 8501 is already in use
2025-09-12T19:17:51: 2025-09-12 19:17:51.520 Port 8501 is already in use
2025-09-12T19:18:06: 
2025-09-12T19:18:06:   You can now view your Streamlit app in your browser.
2025-09-12T19:18:06: 
2025-09-12T19:18:06:   URL: 
2025-09-12T19:18:06: http://0.0.0.0:8502
2025-09-12T19:18:06: 
2025-09-12T19:18:09: Exception in callback AppSession._on_scriptrunner_event.<locals>.<lambda>() at /usr/local/lib/python3.12/site-packages/streamlit/runtime/app_session.py:519
2025-09-12T19:18:09: handle: <Handle AppSession._on_scriptrunner_event.<locals>.<lambda>() at /usr/local/lib/python3.12/site-packages/streamlit/runtime/app_session.py:519>
2025-09-12T19:18:09: Traceback (most recent call last):
2025-09-12T19:18:09:   File "/usr/local/lib/python3.12/asyncio/events.py", line 88, in _run
2025-09-12T19:18:09:     self._context.run(self._callback, *self._args)
2025-09-12T19:18:09:   File "/usr/local/lib/python3.12/site-packages/streamlit/runtime/app_session.py", line 519, in <lambda>
2025-09-12T19:18:09:     lambda: self._handle_scriptrunner_event_on_event_loop(
2025-09-12T19:18:09:             ^^^^^^^^^^^^^^^^^^^^^^^^^^^^^^^^^^^^^^^^^^^^^^
2025-09-12T19:18:09:   File "/usr/local/lib/python3.12/site-packages/streamlit/runtime/app_session.py", line 616, in _handle_scriptrunner_event_on_event_loop
2025-09-12T19:18:09:     msg = self._create_new_session_message(
2025-09-12T19:18:09:           ^^^^^^^^^^^^^^^^^^^^^^^^^^^^^^^^^
2025-09-12T19:18:09:   File "/usr/local/lib/python3.12/site-packages/streamlit/runtime/app_session.py", line 750, in _create_new_session_message
2025-09-12T19:18:09:     _populate_user_info_msg(imsg.user_info)
2025-09-12T19:18:09:   File "/usr/local/lib/python3.12/site-packages/streamlit/runtime/app_session.py", line 1154, in _populate_user_info_msg
2025-09-12T19:18:09:     inst = Installation.instance()
2025-09-12T19:18:09:            ^^^^^^^^^^^^^^^^^^^^^^^
2025-09-12T19:18:09:   File "/usr/local/lib/python3.12/site-packages/streamlit/runtime/metrics_util.py", line 228, in instance
2025-09-12T19:18:09:     cls._instance = Installation()
2025-09-12T19:18:09:                     ^^^^^^^^^^^^^^
2025-09-12T19:18:09:   File "/usr/local/lib/python3.12/site-packages/streamlit/runtime/metrics_util.py", line 233, in __init__
2025-09-12T19:18:09:     uuid.uuid5(uuid.NAMESPACE_DNS, _get_machine_id_v3())
2025-09-12T19:18:09:                                    ^^^^^^^^^^^^^^^^^^^^
2025-09-12T19:18:09:   File "/usr/local/lib/python3.12/site-packages/streamlit/runtime/metrics_util.py", line 173, in _get_machine_id_v3
2025-09-12T19:18:09:     machine_id = f.read()
2025-09-12T19:18:09:                  ^^^^^^^^
2025-09-12T19:18:09:   File "<frozen codecs>", line 322, in decode
2025-09-12T19:18:09: UnicodeDecodeError: 'utf-8' codec can't decode bytes in position 25-26: invalid continuation byte
2025-09-12T19:18:17: Matplotlib is building the font cache; this may take a moment.
2025-09-12T19:21:37: Exception in callback AppSession._on_scriptrunner_event.<locals>.<lambda>() at /usr/local/lib/python3.12/site-packages/streamlit/runtime/app_session.py:519
2025-09-12T19:21:37: handle: <Handle AppSession._on_scriptrunner_event.<locals>.<lambda>() at /usr/local/lib/python3.12/site-packages/streamlit/runtime/app_session.py:519>
2025-09-12T19:21:37: Traceback (most recent call last):
2025-09-12T19:21:37:   File "/usr/local/lib/python3.12/asyncio/events.py", line 88, in _run
2025-09-12T19:21:37:     self._context.run(self._callback, *self._args)
2025-09-12T19:21:37:   File "/usr/local/lib/python3.12/site-packages/streamlit/runtime/app_session.py", line 519, in <lambda>
2025-09-12T19:21:37:     lambda: self._handle_scriptrunner_event_on_event_loop(
2025-09-12T19:21:37:             ^^^^^^^^^^^^^^^^^^^^^^^^^^^^^^^^^^^^^^^^^^^^^^
2025-09-12T19:21:37:   File "/usr/local/lib/python3.12/site-packages/streamlit/runtime/app_session.py", line 616, in _handle_scriptrunner_event_on_event_loop
2025-09-12T19:21:37:     msg = self._create_new_session_message(
2025-09-12T19:21:37:           ^^^^^^^^^^^^^^^^^^^^^^^^^^^^^^^^^
2025-09-12T19:21:37:   File "/usr/local/lib/python3.12/site-packages/streamlit/runtime/app_session.py", line 750, in _create_new_session_message
2025-09-12T19:21:37:     _populate_user_info_msg(imsg.user_info)
2025-09-12T19:21:37:   File "/usr/local/lib/python3.12/site-packages/streamlit/runtime/app_session.py", line 1154, in _populate_user_info_msg
2025-09-12T19:21:37:     inst = Installation.instance()
2025-09-12T19:21:37:            ^^^^^^^^^^^^^^^^^^^^^^^
2025-09-12T19:21:37:   File "/usr/local/lib/python3.12/site-packages/streamlit/runtime/metrics_util.py", line 228, in instance
2025-09-12T19:21:37:     cls._instance = Installation()
2025-09-12T19:21:37:                     ^^^^^^^^^^^^^^
2025-09-12T19:21:37:   File "/usr/local/lib/python3.12/site-packages/streamlit/runtime/metrics_util.py", line 233, in __init__
2025-09-12T19:21:37:     uuid.uuid5(uuid.NAMESPACE_DNS, _get_machine_id_v3())
2025-09-12T19:21:37:                                    ^^^^^^^^^^^^^^^^^^^^
2025-09-12T19:21:37:   File "/usr/local/lib/python3.12/site-packages/streamlit/runtime/metrics_util.py", line 173, in _get_machine_id_v3
2025-09-12T19:21:37:     machine_id = f.read()
2025-09-12T19:21:37:                  ^^^^^^^^
2025-09-12T19:21:37:   File "<frozen codecs>", line 322, in decode
2025-09-12T19:21:37: UnicodeDecodeError: 'utf-8' codec can't decode bytes in position 25-26: invalid continuation byte
2025-09-12T19:22:09: Exception in callback AppSession._on_scriptrunner_event.<locals>.<lambda>() at /usr/local/lib/python3.12/site-packages/streamlit/runtime/app_session.py:519
2025-09-12T19:22:09: handle: <Handle AppSession._on_scriptrunner_event.<locals>.<lambda>() at /usr/local/lib/python3.12/site-packages/streamlit/runtime/app_session.py:519>
2025-09-12T19:22:09: Traceback (most recent call last):
2025-09-12T19:22:09:   File "/usr/local/lib/python3.12/asyncio/events.py", line 88, in _run
2025-09-12T19:22:09:     self._context.run(self._callback, *self._args)
2025-09-12T19:22:09:   File "/usr/local/lib/python3.12/site-packages/streamlit/runtime/app_session.py", line 519, in <lambda>
2025-09-12T19:22:09:     lambda: self._handle_scriptrunner_event_on_event_loop(
2025-09-12T19:22:09:             ^^^^^^^^^^^^^^^^^^^^^^^^^^^^^^^^^^^^^^^^^^^^^^
2025-09-12T19:22:09:   File "/usr/local/lib/python3.12/site-packages/streamlit/runtime/app_session.py", line 616, in _handle_scriptrunner_event_on_event_loop
2025-09-12T19:22:09:     msg = self._create_new_session_message(
2025-09-12T19:22:09:           ^^^^^^^^^^^^^^^^^^^^^^^^^^^^^^^^^
2025-09-12T19:22:09:   File "/usr/local/lib/python3.12/site-packages/streamlit/runtime/app_session.py", line 750, in _create_new_session_message
2025-09-12T19:22:09:     _populate_user_info_msg(imsg.user_info)
2025-09-12T19:22:09:   File "/usr/local/lib/python3.12/site-packages/streamlit/runtime/app_session.py", line 1154, in _populate_user_info_msg
2025-09-12T19:22:09:     inst = Installation.instance()
2025-09-12T19:22:09:            ^^^^^^^^^^^^^^^^^^^^^^^
2025-09-12T19:22:09:   File "/usr/local/lib/python3.12/site-packages/streamlit/runtime/metrics_util.py", line 228, in instance
2025-09-12T19:22:09:     cls._instance = Installation()
2025-09-12T19:22:09:                     ^^^^^^^^^^^^^^
2025-09-12T19:22:09:   File "/usr/local/lib/python3.12/site-packages/streamlit/runtime/metrics_util.py", line 233, in __init__
2025-09-12T19:22:09:     uuid.uuid5(uuid.NAMESPACE_DNS, _get_machine_id_v3())
2025-09-12T19:22:09:                                    ^^^^^^^^^^^^^^^^^^^^
2025-09-12T19:22:09:   File "/usr/local/lib/python3.12/site-packages/streamlit/runtime/metrics_util.py", line 173, in _get_machine_id_v3
2025-09-12T19:22:09:     machine_id = f.read()
2025-09-12T19:22:09:                  ^^^^^^^^
2025-09-12T19:22:09:   File "<frozen codecs>", line 322, in decode
2025-09-12T19:22:09: UnicodeDecodeError: 'utf-8' codec can't decode bytes in position 25-26: invalid continuation byte
2025-09-12T19:22:09: Exception in callback AppSession._on_scriptrunner_event.<locals>.<lambda>() at /usr/local/lib/python3.12/site-packages/streamlit/runtime/app_session.py:519
2025-09-12T19:22:09: handle: <Handle AppSession._on_scriptrunner_event.<locals>.<lambda>() at /usr/local/lib/python3.12/site-packages/streamlit/runtime/app_session.py:519>
2025-09-12T19:22:09: Traceback (most recent call last):
2025-09-12T19:22:09:   File "/usr/local/lib/python3.12/asyncio/events.py", line 88, in _run
2025-09-12T19:22:09:     self._context.run(self._callback, *self._args)
2025-09-12T19:22:09:   File "/usr/local/lib/python3.12/site-packages/streamlit/runtime/app_session.py", line 519, in <lambda>
2025-09-12T19:22:09:     lambda: self._handle_scriptrunner_event_on_event_loop(
2025-09-12T19:22:09:             ^^^^^^^^^^^^^^^^^^^^^^^^^^^^^^^^^^^^^^^^^^^^^^
2025-09-12T19:22:09:   File "/usr/local/lib/python3.12/site-packages/streamlit/runtime/app_session.py", line 616, in _handle_scriptrunner_event_on_event_loop
2025-09-12T19:22:09:     msg = self._create_new_session_message(
2025-09-12T19:22:09:           ^^^^^^^^^^^^^^^^^^^^^^^^^^^^^^^^^
2025-09-12T19:22:09:   File "/usr/local/lib/python3.12/site-packages/streamlit/runtime/app_session.py", line 750, in _create_new_session_message
2025-09-12T19:22:09:     _populate_user_info_msg(imsg.user_info)
2025-09-12T19:22:09:   File "/usr/local/lib/python3.12/site-packages/streamlit/runtime/app_session.py", line 1154, in _populate_user_info_msg
2025-09-12T19:22:09:     inst = Installation.instance()
2025-09-12T19:22:09:            ^^^^^^^^^^^^^^^^^^^^^^^
2025-09-12T19:22:09:   File "/usr/local/lib/python3.12/site-packages/streamlit/runtime/metrics_util.py", line 228, in instance
2025-09-12T19:22:09:     cls._instance = Installation()
2025-09-12T19:22:09:                     ^^^^^^^^^^^^^^
2025-09-12T19:22:09:   File "/usr/local/lib/python3.12/site-packages/streamlit/runtime/metrics_util.py", line 233, in __init__
2025-09-12T19:22:09:     uuid.uuid5(uuid.NAMESPACE_DNS, _get_machine_id_v3())
2025-09-12T19:22:09:                                    ^^^^^^^^^^^^^^^^^^^^
2025-09-12T19:22:09:   File "/usr/local/lib/python3.12/site-packages/streamlit/runtime/metrics_util.py", line 173, in _get_machine_id_v3
2025-09-12T19:22:09:     machine_id = f.read()
2025-09-12T19:22:09:                  ^^^^^^^^
2025-09-12T19:22:09:   File "<frozen codecs>", line 322, in decode
2025-09-12T19:22:09: UnicodeDecodeError: 'utf-8' codec can't decode bytes in position 25-26: invalid continuation byte
2025-09-12T19:22:18: Exception in callback AppSession._on_scriptrunner_event.<locals>.<lambda>() at /usr/local/lib/python3.12/site-packages/streamlit/runtime/app_session.py:519
2025-09-12T19:22:18: handle: <Handle AppSession._on_scriptrunner_event.<locals>.<lambda>() at /usr/local/lib/python3.12/site-packages/streamlit/runtime/app_session.py:519>
2025-09-12T19:22:18: Traceback (most recent call last):
2025-09-12T19:22:18:   File "/usr/local/lib/python3.12/asyncio/events.py", line 88, in _run
2025-09-12T19:22:18:     self._context.run(self._callback, *self._args)
2025-09-12T19:22:18:   File "/usr/local/lib/python3.12/site-packages/streamlit/runtime/app_session.py", line 519, in <lambda>
2025-09-12T19:22:18:     lambda: self._handle_scriptrunner_event_on_event_loop(
2025-09-12T19:22:18:             ^^^^^^^^^^^^^^^^^^^^^^^^^^^^^^^^^^^^^^^^^^^^^^
2025-09-12T19:22:18:   File "/usr/local/lib/python3.12/site-packages/streamlit/runtime/app_session.py", line 616, in _handle_scriptrunner_event_on_event_loop
2025-09-12T19:22:18:     msg = self._create_new_session_message(
2025-09-12T19:22:18:           ^^^^^^^^^^^^^^^^^^^^^^^^^^^^^^^^^
2025-09-12T19:22:18:   File "/usr/local/lib/python3.12/site-packages/streamlit/runtime/app_session.py", line 750, in _create_new_session_message
2025-09-12T19:22:18:     _populate_user_info_msg(imsg.user_info)
2025-09-12T19:22:18:   File "/usr/local/lib/python3.12/site-packages/streamlit/runtime/app_session.py", line 1154, in _populate_user_info_msg
2025-09-12T19:22:18:     inst = Installation.instance()
2025-09-12T19:22:18:            ^^^^^^^^^^^^^^^^^^^^^^^
2025-09-12T19:22:18:   File "/usr/local/lib/python3.12/site-packages/streamlit/runtime/metrics_util.py", line 228, in instance
2025-09-12T19:22:18:     cls._instance = Installation()
2025-09-12T19:22:18:                     ^^^^^^^^^^^^^^
2025-09-12T19:22:18:   File "/usr/local/lib/python3.12/site-packages/streamlit/runtime/metrics_util.py", line 233, in __init__
2025-09-12T19:22:18:     uuid.uuid5(uuid.NAMESPACE_DNS, _get_machine_id_v3())
2025-09-12T19:22:18:                                    ^^^^^^^^^^^^^^^^^^^^
2025-09-12T19:22:18:   File "/usr/local/lib/python3.12/site-packages/streamlit/runtime/metrics_util.py", line 173, in _get_machine_id_v3
2025-09-12T19:22:18:     machine_id = f.read()
2025-09-12T19:22:18:                  ^^^^^^^^
2025-09-12T19:22:18:   File "<frozen codecs>", line 322, in decode
2025-09-12T19:22:18: UnicodeDecodeError: 'utf-8' codec can't decode bytes in position 25-26: invalid continuation byte
2025-09-12T19:22:18: Exception in callback AppSession._on_scriptrunner_event.<locals>.<lambda>() at /usr/local/lib/python3.12/site-packages/streamlit/runtime/app_session.py:519
2025-09-12T19:22:18: handle: <Handle AppSession._on_scriptrunner_event.<locals>.<lambda>() at /usr/local/lib/python3.12/site-packages/streamlit/runtime/app_session.py:519>
2025-09-12T19:22:18: Traceback (most recent call last):
2025-09-12T19:22:18:   File "/usr/local/lib/python3.12/asyncio/events.py", line 88, in _run
2025-09-12T19:22:18:     self._context.run(self._callback, *self._args)
2025-09-12T19:22:18:   File "/usr/local/lib/python3.12/site-packages/streamlit/runtime/app_session.py", line 519, in <lambda>
2025-09-12T19:22:18:     lambda: self._handle_scriptrunner_event_on_event_loop(
2025-09-12T19:22:18:             ^^^^^^^^^^^^^^^^^^^^^^^^^^^^^^^^^^^^^^^^^^^^^^
2025-09-12T19:22:18:   File "/usr/local/lib/python3.12/site-packages/streamlit/runtime/app_session.py", line 616, in _handle_scriptrunner_event_on_event_loop
2025-09-12T19:22:18:     msg = self._create_new_session_message(
2025-09-12T19:22:18:           ^^^^^^^^^^^^^^^^^^^^^^^^^^^^^^^^^
2025-09-12T19:22:18:   File "/usr/local/lib/python3.12/site-packages/streamlit/runtime/app_session.py", line 750, in _create_new_session_message
2025-09-12T19:22:18:     _populate_user_info_msg(imsg.user_info)
2025-09-12T19:22:18:   File "/usr/local/lib/python3.12/site-packages/streamlit/runtime/app_session.py", line 1154, in _populate_user_info_msg
2025-09-12T19:22:18:     inst = Installation.instance()
2025-09-12T19:22:18:            ^^^^^^^^^^^^^^^^^^^^^^^
2025-09-12T19:22:18:   File "/usr/local/lib/python3.12/site-packages/streamlit/runtime/metrics_util.py", line 228, in instance
2025-09-12T19:22:18:     cls._instance = Installation()
2025-09-12T19:22:18:                     ^^^^^^^^^^^^^^
2025-09-12T19:22:18:   File "/usr/local/lib/python3.12/site-packages/streamlit/runtime/metrics_util.py", line 233, in __init__
2025-09-12T19:22:18:     uuid.uuid5(uuid.NAMESPACE_DNS, _get_machine_id_v3())
2025-09-12T19:22:18:                                    ^^^^^^^^^^^^^^^^^^^^
2025-09-12T19:22:18:   File "/usr/local/lib/python3.12/site-packages/streamlit/runtime/metrics_util.py", line 173, in _get_machine_id_v3
2025-09-12T19:22:18:     machine_id = f.read()
2025-09-12T19:22:18:                  ^^^^^^^^
2025-09-12T19:22:18:   File "<frozen codecs>", line 322, in decode
2025-09-12T19:22:18: UnicodeDecodeError: 'utf-8' codec can't decode bytes in position 25-26: invalid continuation byte
2025-09-12T19:22:18: Exception in callback AppSession._on_scriptrunner_event.<locals>.<lambda>() at /usr/local/lib/python3.12/site-packages/streamlit/runtime/app_session.py:519
2025-09-12T19:22:18: handle: <Handle AppSession._on_scriptrunner_event.<locals>.<lambda>() at /usr/local/lib/python3.12/site-packages/streamlit/runtime/app_session.py:519>
2025-09-12T19:22:18: Traceback (most recent call last):
2025-09-12T19:22:18:   File "/usr/local/lib/python3.12/asyncio/events.py", line 88, in _run
2025-09-12T19:22:18:     self._context.run(self._callback, *self._args)
2025-09-12T19:22:18:   File "/usr/local/lib/python3.12/site-packages/streamlit/runtime/app_session.py", line 519, in <lambda>
2025-09-12T19:22:18:     lambda: self._handle_scriptrunner_event_on_event_loop(
2025-09-12T19:22:18:             ^^^^^^^^^^^^^^^^^^^^^^^^^^^^^^^^^^^^^^^^^^^^^^
2025-09-12T19:22:18:   File "/usr/local/lib/python3.12/site-packages/streamlit/runtime/app_session.py", line 616, in _handle_scriptrunner_event_on_event_loop
2025-09-12T19:22:18:     msg = self._create_new_session_message(
2025-09-12T19:22:18:           ^^^^^^^^^^^^^^^^^^^^^^^^^^^^^^^^^
2025-09-12T19:22:18:   File "/usr/local/lib/python3.12/site-packages/streamlit/runtime/app_session.py", line 750, in _create_new_session_message
2025-09-12T19:22:18:     _populate_user_info_msg(imsg.user_info)
2025-09-12T19:22:18:   File "/usr/local/lib/python3.12/site-packages/streamlit/runtime/app_session.py", line 1154, in _populate_user_info_msg
2025-09-12T19:22:18:     inst = Installation.instance()
2025-09-12T19:22:18:            ^^^^^^^^^^^^^^^^^^^^^^^
2025-09-12T19:22:18:   File "/usr/local/lib/python3.12/site-packages/streamlit/runtime/metrics_util.py", line 228, in instance
2025-09-12T19:22:18:     cls._instance = Installation()
2025-09-12T19:22:18:                     ^^^^^^^^^^^^^^
2025-09-12T19:22:18:   File "/usr/local/lib/python3.12/site-packages/streamlit/runtime/metrics_util.py", line 233, in __init__
2025-09-12T19:22:18:     uuid.uuid5(uuid.NAMESPACE_DNS, _get_machine_id_v3())
2025-09-12T19:22:18:                                    ^^^^^^^^^^^^^^^^^^^^
2025-09-12T19:22:18:   File "/usr/local/lib/python3.12/site-packages/streamlit/runtime/metrics_util.py", line 173, in _get_machine_id_v3
2025-09-12T19:22:18:     machine_id = f.read()
2025-09-12T19:22:18:                  ^^^^^^^^
2025-09-12T19:22:18:   File "<frozen codecs>", line 322, in decode
2025-09-12T19:22:18: UnicodeDecodeError: 'utf-8' codec can't decode bytes in position 25-26: invalid continuation byte
2025-09-12T19:22:18: Exception in callback AppSession._on_scriptrunner_event.<locals>.<lambda>() at /usr/local/lib/python3.12/site-packages/streamlit/runtime/app_session.py:519
2025-09-12T19:22:18: handle: <Handle AppSession._on_scriptrunner_event.<locals>.<lambda>() at /usr/local/lib/python3.12/site-packages/streamlit/runtime/app_session.py:519>
2025-09-12T19:22:18: Traceback (most recent call last):
2025-09-12T19:22:18:   File "/usr/local/lib/python3.12/asyncio/events.py", line 88, in _run
2025-09-12T19:22:18:     self._context.run(self._callback, *self._args)
2025-09-12T19:22:18:   File "/usr/local/lib/python3.12/site-packages/streamlit/runtime/app_session.py", line 519, in <lambda>
2025-09-12T19:22:18:     lambda: self._handle_scriptrunner_event_on_event_loop(
2025-09-12T19:22:18:             ^^^^^^^^^^^^^^^^^^^^^^^^^^^^^^^^^^^^^^^^^^^^^^
2025-09-12T19:22:18:   File "/usr/local/lib/python3.12/site-packages/streamlit/runtime/app_session.py", line 616, in _handle_scriptrunner_event_on_event_loop
2025-09-12T19:22:18:     msg = self._create_new_session_message(
2025-09-12T19:22:18:           ^^^^^^^^^^^^^^^^^^^^^^^^^^^^^^^^^
2025-09-12T19:22:18:   File "/usr/local/lib/python3.12/site-packages/streamlit/runtime/app_session.py", line 750, in _create_new_session_message
2025-09-12T19:22:18:     _populate_user_info_msg(imsg.user_info)
2025-09-12T19:22:18:   File "/usr/local/lib/python3.12/site-packages/streamlit/runtime/app_session.py", line 1154, in _populate_user_info_msg
2025-09-12T19:22:18:     inst = Installation.instance()
2025-09-12T19:22:18:            ^^^^^^^^^^^^^^^^^^^^^^^
2025-09-12T19:22:18:   File "/usr/local/lib/python3.12/site-packages/streamlit/runtime/metrics_util.py", line 228, in instance
2025-09-12T19:22:18:     cls._instance = Installation()
2025-09-12T19:22:18:                     ^^^^^^^^^^^^^^
2025-09-12T19:22:18:   File "/usr/local/lib/python3.12/site-packages/streamlit/runtime/metrics_util.py", line 233, in __init__
2025-09-12T19:22:18:     uuid.uuid5(uuid.NAMESPACE_DNS, _get_machine_id_v3())
2025-09-12T19:22:18:                                    ^^^^^^^^^^^^^^^^^^^^
2025-09-12T19:22:18:   File "/usr/local/lib/python3.12/site-packages/streamlit/runtime/metrics_util.py", line 173, in _get_machine_id_v3
2025-09-12T19:22:18:     machine_id = f.read()
2025-09-12T19:22:18:                  ^^^^^^^^
2025-09-12T19:22:18:   File "<frozen codecs>", line 322, in decode
2025-09-12T19:22:18: UnicodeDecodeError: 'utf-8' codec can't decode bytes in position 25-26: invalid continuation byte
2025-09-12T19:22:30: Exception in callback AppSession._on_scriptrunner_event.<locals>.<lambda>() at /usr/local/lib/python3.12/site-packages/streamlit/runtime/app_session.py:519
2025-09-12T19:22:30: handle: <Handle AppSession._on_scriptrunner_event.<locals>.<lambda>() at /usr/local/lib/python3.12/site-packages/streamlit/runtime/app_session.py:519>
2025-09-12T19:22:30: Traceback (most recent call last):
2025-09-12T19:22:30:   File "/usr/local/lib/python3.12/asyncio/events.py", line 88, in _run
2025-09-12T19:22:30:     self._context.run(self._callback, *self._args)
2025-09-12T19:22:30:   File "/usr/local/lib/python3.12/site-packages/streamlit/runtime/app_session.py", line 519, in <lambda>
2025-09-12T19:22:30:     lambda: self._handle_scriptrunner_event_on_event_loop(
2025-09-12T19:22:30:             ^^^^^^^^^^^^^^^^^^^^^^^^^^^^^^^^^^^^^^^^^^^^^^
2025-09-12T19:22:30:   File "/usr/local/lib/python3.12/site-packages/streamlit/runtime/app_session.py", line 616, in _handle_scriptrunner_event_on_event_loop
2025-09-12T19:22:30:     msg = self._create_new_session_message(
2025-09-12T19:22:30:           ^^^^^^^^^^^^^^^^^^^^^^^^^^^^^^^^^
2025-09-12T19:22:30:   File "/usr/local/lib/python3.12/site-packages/streamlit/runtime/app_session.py", line 750, in _create_new_session_message
2025-09-12T19:22:30:     _populate_user_info_msg(imsg.user_info)
2025-09-12T19:22:30:   File "/usr/local/lib/python3.12/site-packages/streamlit/runtime/app_session.py", line 1154, in _populate_user_info_msg
2025-09-12T19:22:30:     inst = Installation.instance()
2025-09-12T19:22:30:            ^^^^^^^^^^^^^^^^^^^^^^^
2025-09-12T19:22:30:   File "/usr/local/lib/python3.12/site-packages/streamlit/runtime/metrics_util.py", line 228, in instance
2025-09-12T19:22:30:     cls._instance = Installation()
2025-09-12T19:22:30:                     ^^^^^^^^^^^^^^
2025-09-12T19:22:30:   File "/usr/local/lib/python3.12/site-packages/streamlit/runtime/metrics_util.py", line 233, in __init__
2025-09-12T19:22:30:     uuid.uuid5(uuid.NAMESPACE_DNS, _get_machine_id_v3())
2025-09-12T19:22:30:                                    ^^^^^^^^^^^^^^^^^^^^
2025-09-12T19:22:30:   File "/usr/local/lib/python3.12/site-packages/streamlit/runtime/metrics_util.py", line 173, in _get_machine_id_v3
2025-09-12T19:22:30:     machine_id = f.read()
2025-09-12T19:22:30:                  ^^^^^^^^
2025-09-12T19:22:30:   File "<frozen codecs>", line 322, in decode
2025-09-12T19:22:30: UnicodeDecodeError: 'utf-8' codec can't decode bytes in position 25-26: invalid continuation byte
2025-09-12T19:22:33: Exception in callback AppSession._on_scriptrunner_event.<locals>.<lambda>() at /usr/local/lib/python3.12/site-packages/streamlit/runtime/app_session.py:519
2025-09-12T19:22:33: handle: <Handle AppSession._on_scriptrunner_event.<locals>.<lambda>() at /usr/local/lib/python3.12/site-packages/streamlit/runtime/app_session.py:519>
2025-09-12T19:22:33: Traceback (most recent call last):
2025-09-12T19:22:33:   File "/usr/local/lib/python3.12/asyncio/events.py", line 88, in _run
2025-09-12T19:22:33:     self._context.run(self._callback, *self._args)
2025-09-12T19:22:33:   File "/usr/local/lib/python3.12/site-packages/streamlit/runtime/app_session.py", line 519, in <lambda>
2025-09-12T19:22:33:     lambda: self._handle_scriptrunner_event_on_event_loop(
2025-09-12T19:22:33:             ^^^^^^^^^^^^^^^^^^^^^^^^^^^^^^^^^^^^^^^^^^^^^^
2025-09-12T19:22:33:   File "/usr/local/lib/python3.12/site-packages/streamlit/runtime/app_session.py", line 616, in _handle_scriptrunner_event_on_event_loop
2025-09-12T19:22:33:     msg = self._create_new_session_message(
2025-09-12T19:22:33:           ^^^^^^^^^^^^^^^^^^^^^^^^^^^^^^^^^
2025-09-12T19:22:33:   File "/usr/local/lib/python3.12/site-packages/streamlit/runtime/app_session.py", line 750, in _create_new_session_message
2025-09-12T19:22:33:     _populate_user_info_msg(imsg.user_info)
2025-09-12T19:22:33:   File "/usr/local/lib/python3.12/site-packages/streamlit/runtime/app_session.py", line 1154, in _populate_user_info_msg
2025-09-12T19:22:33:     inst = Installation.instance()
2025-09-12T19:22:33:            ^^^^^^^^^^^^^^^^^^^^^^^
2025-09-12T19:22:33:   File "/usr/local/lib/python3.12/site-packages/streamlit/runtime/metrics_util.py", line 228, in instance
2025-09-12T19:22:33:     cls._instance = Installation()
2025-09-12T19:22:33:                     ^^^^^^^^^^^^^^
2025-09-12T19:22:33:   File "/usr/local/lib/python3.12/site-packages/streamlit/runtime/metrics_util.py", line 233, in __init__
2025-09-12T19:22:33:     uuid.uuid5(uuid.NAMESPACE_DNS, _get_machine_id_v3())
2025-09-12T19:22:33:                                    ^^^^^^^^^^^^^^^^^^^^
2025-09-12T19:22:33:   File "/usr/local/lib/python3.12/site-packages/streamlit/runtime/metrics_util.py", line 173, in _get_machine_id_v3
2025-09-12T19:22:33:     machine_id = f.read()
2025-09-12T19:22:33:                  ^^^^^^^^
2025-09-12T19:22:33:   File "<frozen codecs>", line 322, in decode
2025-09-12T19:22:33: UnicodeDecodeError: 'utf-8' codec can't decode bytes in position 25-26: invalid continuation byte
2025-09-12T19:22:36: Exception in callback AppSession._on_scriptrunner_event.<locals>.<lambda>() at /usr/local/lib/python3.12/site-packages/streamlit/runtime/app_session.py:519
2025-09-12T19:22:36: handle: <Handle AppSession._on_scriptrunner_event.<locals>.<lambda>() at /usr/local/lib/python3.12/site-packages/streamlit/runtime/app_session.py:519>
2025-09-12T19:22:36: Traceback (most recent call last):
2025-09-12T19:22:36:   File "/usr/local/lib/python3.12/asyncio/events.py", line 88, in _run
2025-09-12T19:22:36:     self._context.run(self._callback, *self._args)
2025-09-12T19:22:36:   File "/usr/local/lib/python3.12/site-packages/streamlit/runtime/app_session.py", line 519, in <lambda>
2025-09-12T19:22:36:     lambda: self._handle_scriptrunner_event_on_event_loop(
2025-09-12T19:22:36:             ^^^^^^^^^^^^^^^^^^^^^^^^^^^^^^^^^^^^^^^^^^^^^^
2025-09-12T19:22:36:   File "/usr/local/lib/python3.12/site-packages/streamlit/runtime/app_session.py", line 616, in _handle_scriptrunner_event_on_event_loop
2025-09-12T19:22:36:     msg = self._create_new_session_message(
2025-09-12T19:22:36:           ^^^^^^^^^^^^^^^^^^^^^^^^^^^^^^^^^
2025-09-12T19:22:36:   File "/usr/local/lib/python3.12/site-packages/streamlit/runtime/app_session.py", line 750, in _create_new_session_message
2025-09-12T19:22:36:     _populate_user_info_msg(imsg.user_info)
2025-09-12T19:22:36:   File "/usr/local/lib/python3.12/site-packages/streamlit/runtime/app_session.py", line 1154, in _populate_user_info_msg
2025-09-12T19:22:36:     inst = Installation.instance()
2025-09-12T19:22:36:            ^^^^^^^^^^^^^^^^^^^^^^^
2025-09-12T19:22:36:   File "/usr/local/lib/python3.12/site-packages/streamlit/runtime/metrics_util.py", line 228, in instance
2025-09-12T19:22:36:     cls._instance = Installation()
2025-09-12T19:22:36:                     ^^^^^^^^^^^^^^
2025-09-12T19:22:36:   File "/usr/local/lib/python3.12/site-packages/streamlit/runtime/metrics_util.py", line 233, in __init__
2025-09-12T19:22:36:     uuid.uuid5(uuid.NAMESPACE_DNS, _get_machine_id_v3())
2025-09-12T19:22:36:                                    ^^^^^^^^^^^^^^^^^^^^
2025-09-12T19:22:36:   File "/usr/local/lib/python3.12/site-packages/streamlit/runtime/metrics_util.py", line 173, in _get_machine_id_v3
2025-09-12T19:22:36:     machine_id = f.read()
2025-09-12T19:22:36:                  ^^^^^^^^
2025-09-12T19:22:36:   File "<frozen codecs>", line 322, in decode
2025-09-12T19:22:36: UnicodeDecodeError: 'utf-8' codec can't decode bytes in position 25-26: invalid continuation byte
2025-09-12T19:22:46: Exception in callback AppSession._on_scriptrunner_event.<locals>.<lambda>() at /usr/local/lib/python3.12/site-packages/streamlit/runtime/app_session.py:519
2025-09-12T19:22:46: handle: <Handle AppSession._on_scriptrunner_event.<locals>.<lambda>() at /usr/local/lib/python3.12/site-packages/streamlit/runtime/app_session.py:519>
2025-09-12T19:22:46: Traceback (most recent call last):
2025-09-12T19:22:46:   File "/usr/local/lib/python3.12/asyncio/events.py", line 88, in _run
2025-09-12T19:22:46:     self._context.run(self._callback, *self._args)
2025-09-12T19:22:46:   File "/usr/local/lib/python3.12/site-packages/streamlit/runtime/app_session.py", line 519, in <lambda>
2025-09-12T19:22:46:     lambda: self._handle_scriptrunner_event_on_event_loop(
2025-09-12T19:22:46:             ^^^^^^^^^^^^^^^^^^^^^^^^^^^^^^^^^^^^^^^^^^^^^^
2025-09-12T19:22:46:   File "/usr/local/lib/python3.12/site-packages/streamlit/runtime/app_session.py", line 616, in _handle_scriptrunner_event_on_event_loop
2025-09-12T19:22:46:     msg = self._create_new_session_message(
2025-09-12T19:22:46:           ^^^^^^^^^^^^^^^^^^^^^^^^^^^^^^^^^
2025-09-12T19:22:46:   File "/usr/local/lib/python3.12/site-packages/streamlit/runtime/app_session.py", line 750, in _create_new_session_message
2025-09-12T19:22:46:     _populate_user_info_msg(imsg.user_info)
2025-09-12T19:22:46:   File "/usr/local/lib/python3.12/site-packages/streamlit/runtime/app_session.py", line 1154, in _populate_user_info_msg
2025-09-12T19:22:46:     inst = Installation.instance()
2025-09-12T19:22:46:            ^^^^^^^^^^^^^^^^^^^^^^^
2025-09-12T19:22:46:   File "/usr/local/lib/python3.12/site-packages/streamlit/runtime/metrics_util.py", line 228, in instance
2025-09-12T19:22:46:     cls._instance = Installation()
2025-09-12T19:22:46:                     ^^^^^^^^^^^^^^
2025-09-12T19:22:46:   File "/usr/local/lib/python3.12/site-packages/streamlit/runtime/metrics_util.py", line 233, in __init__
2025-09-12T19:22:46:     uuid.uuid5(uuid.NAMESPACE_DNS, _get_machine_id_v3())
2025-09-12T19:22:46:                                    ^^^^^^^^^^^^^^^^^^^^
2025-09-12T19:22:46:   File "/usr/local/lib/python3.12/site-packages/streamlit/runtime/metrics_util.py", line 173, in _get_machine_id_v3
2025-09-12T19:22:46:     machine_id = f.read()
2025-09-12T19:22:46:                  ^^^^^^^^
2025-09-12T19:22:46:   File "<frozen codecs>", line 322, in decode
2025-09-12T19:22:46: UnicodeDecodeError: 'utf-8' codec can't decode bytes in position 25-26: invalid continuation byte
2025-09-12T19:22:49: Exception in callback AppSession._on_scriptrunner_event.<locals>.<lambda>() at /usr/local/lib/python3.12/site-packages/streamlit/runtime/app_session.py:519
2025-09-12T19:22:49: handle: <Handle AppSession._on_scriptrunner_event.<locals>.<lambda>() at /usr/local/lib/python3.12/site-packages/streamlit/runtime/app_session.py:519>
2025-09-12T19:22:49: Traceback (most recent call last):
2025-09-12T19:22:49:   File "/usr/local/lib/python3.12/asyncio/events.py", line 88, in _run
2025-09-12T19:22:49:     self._context.run(self._callback, *self._args)
2025-09-12T19:22:49:   File "/usr/local/lib/python3.12/site-packages/streamlit/runtime/app_session.py", line 519, in <lambda>
2025-09-12T19:22:49:     lambda: self._handle_scriptrunner_event_on_event_loop(
2025-09-12T19:22:49:             ^^^^^^^^^^^^^^^^^^^^^^^^^^^^^^^^^^^^^^^^^^^^^^
2025-09-12T19:22:49:   File "/usr/local/lib/python3.12/site-packages/streamlit/runtime/app_session.py", line 616, in _handle_scriptrunner_event_on_event_loop
2025-09-12T19:22:49:     msg = self._create_new_session_message(
2025-09-12T19:22:49:           ^^^^^^^^^^^^^^^^^^^^^^^^^^^^^^^^^
2025-09-12T19:22:49:   File "/usr/local/lib/python3.12/site-packages/streamlit/runtime/app_session.py", line 750, in _create_new_session_message
2025-09-12T19:22:49:     _populate_user_info_msg(imsg.user_info)
2025-09-12T19:22:49:   File "/usr/local/lib/python3.12/site-packages/streamlit/runtime/app_session.py", line 1154, in _populate_user_info_msg
2025-09-12T19:22:49:     inst = Installation.instance()
2025-09-12T19:22:49:            ^^^^^^^^^^^^^^^^^^^^^^^
2025-09-12T19:22:49:   File "/usr/local/lib/python3.12/site-packages/streamlit/runtime/metrics_util.py", line 228, in instance
2025-09-12T19:22:49:     cls._instance = Installation()
2025-09-12T19:22:49:                     ^^^^^^^^^^^^^^
2025-09-12T19:22:49:   File "/usr/local/lib/python3.12/site-packages/streamlit/runtime/metrics_util.py", line 233, in __init__
2025-09-12T19:22:49:     uuid.uuid5(uuid.NAMESPACE_DNS, _get_machine_id_v3())
2025-09-12T19:22:49:                                    ^^^^^^^^^^^^^^^^^^^^
2025-09-12T19:22:49:   File "/usr/local/lib/python3.12/site-packages/streamlit/runtime/metrics_util.py", line 173, in _get_machine_id_v3
2025-09-12T19:22:49:     machine_id = f.read()
2025-09-12T19:22:49:                  ^^^^^^^^
2025-09-12T19:22:49:   File "<frozen codecs>", line 322, in decode
2025-09-12T19:22:49: UnicodeDecodeError: 'utf-8' codec can't decode bytes in position 25-26: invalid continuation byte
2025-09-12T19:22:54: Exception in callback AppSession._on_scriptrunner_event.<locals>.<lambda>() at /usr/local/lib/python3.12/site-packages/streamlit/runtime/app_session.py:519
2025-09-12T19:22:54: handle: <Handle AppSession._on_scriptrunner_event.<locals>.<lambda>() at /usr/local/lib/python3.12/site-packages/streamlit/runtime/app_session.py:519>
2025-09-12T19:22:54: Traceback (most recent call last):
2025-09-12T19:22:54:   File "/usr/local/lib/python3.12/asyncio/events.py", line 88, in _run
2025-09-12T19:22:54:     self._context.run(self._callback, *self._args)
2025-09-12T19:22:54:   File "/usr/local/lib/python3.12/site-packages/streamlit/runtime/app_session.py", line 519, in <lambda>
2025-09-12T19:22:54:     lambda: self._handle_scriptrunner_event_on_event_loop(
2025-09-12T19:22:54:             ^^^^^^^^^^^^^^^^^^^^^^^^^^^^^^^^^^^^^^^^^^^^^^
2025-09-12T19:22:54:   File "/usr/local/lib/python3.12/site-packages/streamlit/runtime/app_session.py", line 616, in _handle_scriptrunner_event_on_event_loop
2025-09-12T19:22:54:     msg = self._create_new_session_message(
2025-09-12T19:22:54:           ^^^^^^^^^^^^^^^^^^^^^^^^^^^^^^^^^
2025-09-12T19:22:54:   File "/usr/local/lib/python3.12/site-packages/streamlit/runtime/app_session.py", line 750, in _create_new_session_message
2025-09-12T19:22:54:     _populate_user_info_msg(imsg.user_info)
2025-09-12T19:22:54:   File "/usr/local/lib/python3.12/site-packages/streamlit/runtime/app_session.py", line 1154, in _populate_user_info_msg
2025-09-12T19:22:54:     inst = Installation.instance()
2025-09-12T19:22:54:            ^^^^^^^^^^^^^^^^^^^^^^^
2025-09-12T19:22:54:   File "/usr/local/lib/python3.12/site-packages/streamlit/runtime/metrics_util.py", line 228, in instance
2025-09-12T19:22:54:     cls._instance = Installation()
2025-09-12T19:22:54:                     ^^^^^^^^^^^^^^
2025-09-12T19:22:54:   File "/usr/local/lib/python3.12/site-packages/streamlit/runtime/metrics_util.py", line 233, in __init__
2025-09-12T19:22:54:     uuid.uuid5(uuid.NAMESPACE_DNS, _get_machine_id_v3())
2025-09-12T19:22:54:                                    ^^^^^^^^^^^^^^^^^^^^
2025-09-12T19:22:54:   File "/usr/local/lib/python3.12/site-packages/streamlit/runtime/metrics_util.py", line 173, in _get_machine_id_v3
2025-09-12T19:22:54:     machine_id = f.read()
2025-09-12T19:22:54:                  ^^^^^^^^
2025-09-12T19:22:54:   File "<frozen codecs>", line 322, in decode
2025-09-12T19:22:54: UnicodeDecodeError: 'utf-8' codec can't decode bytes in position 25-26: invalid continuation byte
2025-09-12T19:22:59: Exception in callback AppSession._on_scriptrunner_event.<locals>.<lambda>() at /usr/local/lib/python3.12/site-packages/streamlit/runtime/app_session.py:519
2025-09-12T19:22:59: handle: <Handle AppSession._on_scriptrunner_event.<locals>.<lambda>() at /usr/local/lib/python3.12/site-packages/streamlit/runtime/app_session.py:519>
2025-09-12T19:22:59: Traceback (most recent call last):
2025-09-12T19:22:59:   File "/usr/local/lib/python3.12/asyncio/events.py", line 88, in _run
2025-09-12T19:22:59:     self._context.run(self._callback, *self._args)
2025-09-12T19:22:59:   File "/usr/local/lib/python3.12/site-packages/streamlit/runtime/app_session.py", line 519, in <lambda>
2025-09-12T19:22:59:     lambda: self._handle_scriptrunner_event_on_event_loop(
2025-09-12T19:22:59:             ^^^^^^^^^^^^^^^^^^^^^^^^^^^^^^^^^^^^^^^^^^^^^^
2025-09-12T19:22:59:   File "/usr/local/lib/python3.12/site-packages/streamlit/runtime/app_session.py", line 616, in _handle_scriptrunner_event_on_event_loop
2025-09-12T19:22:59:     msg = self._create_new_session_message(
2025-09-12T19:22:59:           ^^^^^^^^^^^^^^^^^^^^^^^^^^^^^^^^^
2025-09-12T19:22:59:   File "/usr/local/lib/python3.12/site-packages/streamlit/runtime/app_session.py", line 750, in _create_new_session_message
2025-09-12T19:22:59:     _populate_user_info_msg(imsg.user_info)
2025-09-12T19:22:59:   File "/usr/local/lib/python3.12/site-packages/streamlit/runtime/app_session.py", line 1154, in _populate_user_info_msg
2025-09-12T19:22:59:     inst = Installation.instance()
2025-09-12T19:22:59:            ^^^^^^^^^^^^^^^^^^^^^^^
2025-09-12T19:22:59:   File "/usr/local/lib/python3.12/site-packages/streamlit/runtime/metrics_util.py", line 228, in instance
2025-09-12T19:22:59:     cls._instance = Installation()
2025-09-12T19:22:59:                     ^^^^^^^^^^^^^^
2025-09-12T19:22:59:   File "/usr/local/lib/python3.12/site-packages/streamlit/runtime/metrics_util.py", line 233, in __init__
2025-09-12T19:22:59:     uuid.uuid5(uuid.NAMESPACE_DNS, _get_machine_id_v3())
2025-09-12T19:22:59:                                    ^^^^^^^^^^^^^^^^^^^^
2025-09-12T19:22:59:   File "/usr/local/lib/python3.12/site-packages/streamlit/runtime/metrics_util.py", line 173, in _get_machine_id_v3
2025-09-12T19:22:59:     machine_id = f.read()
2025-09-12T19:22:59:                  ^^^^^^^^
2025-09-12T19:22:59:   File "<frozen codecs>", line 322, in decode
2025-09-12T19:22:59: UnicodeDecodeError: 'utf-8' codec can't decode bytes in position 25-26: invalid continuation byte
2025-09-12T19:23:03: Exception in callback AppSession._on_scriptrunner_event.<locals>.<lambda>() at /usr/local/lib/python3.12/site-packages/streamlit/runtime/app_session.py:519
2025-09-12T19:23:03: handle: <Handle AppSession._on_scriptrunner_event.<locals>.<lambda>() at /usr/local/lib/python3.12/site-packages/streamlit/runtime/app_session.py:519>
2025-09-12T19:23:03: Traceback (most recent call last):
2025-09-12T19:23:03:   File "/usr/local/lib/python3.12/asyncio/events.py", line 88, in _run
2025-09-12T19:23:03:     self._context.run(self._callback, *self._args)
2025-09-12T19:23:03:   File "/usr/local/lib/python3.12/site-packages/streamlit/runtime/app_session.py", line 519, in <lambda>
2025-09-12T19:23:03:     lambda: self._handle_scriptrunner_event_on_event_loop(
2025-09-12T19:23:03:             ^^^^^^^^^^^^^^^^^^^^^^^^^^^^^^^^^^^^^^^^^^^^^^
2025-09-12T19:23:03:   File "/usr/local/lib/python3.12/site-packages/streamlit/runtime/app_session.py", line 616, in _handle_scriptrunner_event_on_event_loop
2025-09-12T19:23:03:     msg = self._create_new_session_message(
2025-09-12T19:23:03:           ^^^^^^^^^^^^^^^^^^^^^^^^^^^^^^^^^
2025-09-12T19:23:03:   File "/usr/local/lib/python3.12/site-packages/streamlit/runtime/app_session.py", line 750, in _create_new_session_message
2025-09-12T19:23:03:     _populate_user_info_msg(imsg.user_info)
2025-09-12T19:23:03:   File "/usr/local/lib/python3.12/site-packages/streamlit/runtime/app_session.py", line 1154, in _populate_user_info_msg
2025-09-12T19:23:03:     inst = Installation.instance()
2025-09-12T19:23:03:            ^^^^^^^^^^^^^^^^^^^^^^^
2025-09-12T19:23:03:   File "/usr/local/lib/python3.12/site-packages/streamlit/runtime/metrics_util.py", line 228, in instance
2025-09-12T19:23:03:     cls._instance = Installation()
2025-09-12T19:23:03:                     ^^^^^^^^^^^^^^
2025-09-12T19:23:03:   File "/usr/local/lib/python3.12/site-packages/streamlit/runtime/metrics_util.py", line 233, in __init__
2025-09-12T19:23:03:     uuid.uuid5(uuid.NAMESPACE_DNS, _get_machine_id_v3())
2025-09-12T19:23:03:                                    ^^^^^^^^^^^^^^^^^^^^
2025-09-12T19:23:03:   File "/usr/local/lib/python3.12/site-packages/streamlit/runtime/metrics_util.py", line 173, in _get_machine_id_v3
2025-09-12T19:23:03:     machine_id = f.read()
2025-09-12T19:23:03:                  ^^^^^^^^
2025-09-12T19:23:03:   File "<frozen codecs>", line 322, in decode
2025-09-12T19:23:03: UnicodeDecodeError: 'utf-8' codec can't decode bytes in position 25-26: invalid continuation byte
2025-09-12T19:23:03: Exception in callback AppSession._on_scriptrunner_event.<locals>.<lambda>() at /usr/local/lib/python3.12/site-packages/streamlit/runtime/app_session.py:519
2025-09-12T19:23:03: handle: <Handle AppSession._on_scriptrunner_event.<locals>.<lambda>() at /usr/local/lib/python3.12/site-packages/streamlit/runtime/app_session.py:519>
2025-09-12T19:23:03: Traceback (most recent call last):
2025-09-12T19:23:03:   File "/usr/local/lib/python3.12/asyncio/events.py", line 88, in _run
2025-09-12T19:23:03:     self._context.run(self._callback, *self._args)
2025-09-12T19:23:03:   File "/usr/local/lib/python3.12/site-packages/streamlit/runtime/app_session.py", line 519, in <lambda>
2025-09-12T19:23:03:     lambda: self._handle_scriptrunner_event_on_event_loop(
2025-09-12T19:23:03:             ^^^^^^^^^^^^^^^^^^^^^^^^^^^^^^^^^^^^^^^^^^^^^^
2025-09-12T19:23:03:   File "/usr/local/lib/python3.12/site-packages/streamlit/runtime/app_session.py", line 616, in _handle_scriptrunner_event_on_event_loop
2025-09-12T19:23:03:     msg = self._create_new_session_message(
2025-09-12T19:23:03:           ^^^^^^^^^^^^^^^^^^^^^^^^^^^^^^^^^
2025-09-12T19:23:03:   File "/usr/local/lib/python3.12/site-packages/streamlit/runtime/app_session.py", line 750, in _create_new_session_message
2025-09-12T19:23:03:     _populate_user_info_msg(imsg.user_info)
2025-09-12T19:23:03:   File "/usr/local/lib/python3.12/site-packages/streamlit/runtime/app_session.py", line 1154, in _populate_user_info_msg
2025-09-12T19:23:03:     inst = Installation.instance()
2025-09-12T19:23:03:            ^^^^^^^^^^^^^^^^^^^^^^^
2025-09-12T19:23:03:   File "/usr/local/lib/python3.12/site-packages/streamlit/runtime/metrics_util.py", line 228, in instance
2025-09-12T19:23:03:     cls._instance = Installation()
2025-09-12T19:23:03:                     ^^^^^^^^^^^^^^
2025-09-12T19:23:03:   File "/usr/local/lib/python3.12/site-packages/streamlit/runtime/metrics_util.py", line 233, in __init__
2025-09-12T19:23:03:     uuid.uuid5(uuid.NAMESPACE_DNS, _get_machine_id_v3())
2025-09-12T19:23:03:                                    ^^^^^^^^^^^^^^^^^^^^
2025-09-12T19:23:03:   File "/usr/local/lib/python3.12/site-packages/streamlit/runtime/metrics_util.py", line 173, in _get_machine_id_v3
2025-09-12T19:23:03:     machine_id = f.read()
2025-09-12T19:23:03:                  ^^^^^^^^
2025-09-12T19:23:03:   File "<frozen codecs>", line 322, in decode
2025-09-12T19:23:03: UnicodeDecodeError: 'utf-8' codec can't decode bytes in position 25-26: invalid continuation byte
2025-09-12T19:23:03: 2025-09-12 19:23:03.778 Script compilation error
2025-09-12T19:23:03: Traceback (most recent call last):
2025-09-12T19:23:03:   File "/usr/local/lib/python3.12/site-packages/streamlit/runtime/scriptrunner/script_runner.py", line 571, in _run_script
2025-09-12T19:23:03:     code = self._script_cache.get_bytecode(script_path)
2025-09-12T19:23:03:            ^^^^^^^^^^^^^^^^^^^^^^^^^^^^^^^^^^^^^^^^^^^^
2025-09-12T19:23:03:   File "/usr/local/lib/python3.12/site-packages/streamlit/runtime/scriptrunner/script_cache.py", line 72, in get_bytecode
2025-09-12T19:23:03:     filebody = magic.add_magic(filebody, script_path)
2025-09-12T19:23:03:                ^^^^^^^^^^^^^^^^^^^^^^^^^^^^^^^^^^^^^^
2025-09-12T19:23:03:   File "/usr/local/lib/python3.12/site-packages/streamlit/runtime/scriptrunner/magic.py", line 45, in add_magic
2025-09-12T19:23:03:     tree = ast.parse(code, script_path, "exec")
2025-09-12T19:23:03:            ^^^^^^^^^^^^^^^^^^^^^^^^^^^^^^^^^^^^
2025-09-12T19:23:03:   File "/usr/local/lib/python3.12/ast.py", line 52, in parse
2025-09-12T19:23:03:     return compile(source, filename, mode, flags,
2025-09-12T19:23:03:            ^^^^^^^^^^^^^^^^^^^^^^^^^^^^^^^^^^^^^^
2025-09-12T19:23:03:   File "/home/user/webapp/enhanced_streamlit_app.py", line 465
2025-09-12T19:23:03:     st.markdown("Advanced NLP analysis of open-e
2025-09-12T19:23:03:                 ^
2025-09-12T19:23:03: SyntaxError: unterminated string literal (detected at line 465)
2025-09-12T19:23:08: Exception in callback AppSession._on_scriptrunner_event.<locals>.<lambda>() at /usr/local/lib/python3.12/site-packages/streamlit/runtime/app_session.py:519
2025-09-12T19:23:08: handle: <Handle AppSession._on_scriptrunner_event.<locals>.<lambda>() at /usr/local/lib/python3.12/site-packages/streamlit/runtime/app_session.py:519>
2025-09-12T19:23:08: Traceback (most recent call last):
2025-09-12T19:23:08:   File "/usr/local/lib/python3.12/asyncio/events.py", line 88, in _run
2025-09-12T19:23:08:     self._context.run(self._callback, *self._args)
2025-09-12T19:23:08:   File "/usr/local/lib/python3.12/site-packages/streamlit/runtime/app_session.py", line 519, in <lambda>
2025-09-12T19:23:08:     lambda: self._handle_scriptrunner_event_on_event_loop(
2025-09-12T19:23:08:             ^^^^^^^^^^^^^^^^^^^^^^^^^^^^^^^^^^^^^^^^^^^^^^
2025-09-12T19:23:08:   File "/usr/local/lib/python3.12/site-packages/streamlit/runtime/app_session.py", line 616, in _handle_scriptrunner_event_on_event_loop
2025-09-12T19:23:08:     msg = self._create_new_session_message(
2025-09-12T19:23:08:           ^^^^^^^^^^^^^^^^^^^^^^^^^^^^^^^^^
2025-09-12T19:23:08:   File "/usr/local/lib/python3.12/site-packages/streamlit/runtime/app_session.py", line 750, in _create_new_session_message
2025-09-12T19:23:08:     _populate_user_info_msg(imsg.user_info)
2025-09-12T19:23:08:   File "/usr/local/lib/python3.12/site-packages/streamlit/runtime/app_session.py", line 1154, in _populate_user_info_msg
2025-09-12T19:23:08:     inst = Installation.instance()
2025-09-12T19:23:08:            ^^^^^^^^^^^^^^^^^^^^^^^
2025-09-12T19:23:08:   File "/usr/local/lib/python3.12/site-packages/streamlit/runtime/metrics_util.py", line 228, in instance
2025-09-12T19:23:08:     cls._instance = Installation()
2025-09-12T19:23:08:                     ^^^^^^^^^^^^^^
2025-09-12T19:23:08:   File "/usr/local/lib/python3.12/site-packages/streamlit/runtime/metrics_util.py", line 233, in __init__
2025-09-12T19:23:08:     uuid.uuid5(uuid.NAMESPACE_DNS, _get_machine_id_v3())
2025-09-12T19:23:08:                                    ^^^^^^^^^^^^^^^^^^^^
2025-09-12T19:23:08:   File "/usr/local/lib/python3.12/site-packages/streamlit/runtime/metrics_util.py", line 173, in _get_machine_id_v3
2025-09-12T19:23:08:     machine_id = f.read()
2025-09-12T19:23:08:                  ^^^^^^^^
2025-09-12T19:23:08:   File "<frozen codecs>", line 322, in decode
2025-09-12T19:23:08: UnicodeDecodeError: 'utf-8' codec can't decode bytes in position 25-26: invalid continuation byte
2025-09-12T19:23:11: ✅ Imported ComprehensiveOSNProcessor
2025-09-12T19:23:11: ✅ Imported refined theme modules
2025-09-12T19:23:11: ✅ Applied refined light theme
2025-09-12T19:23:11: ✅ Applied refined black killer
2025-09-12T19:23:11: ✅ Imported ComprehensiveOSNProcessor
2025-09-12T19:23:11: ✅ Imported refined theme modules
2025-09-12T19:23:11: ✅ Applied refined light theme
2025-09-12T19:23:11: ✅ Applied refined black killer
2025-09-12T19:23:11: ✅ Imported ComprehensiveOSNProcessor
2025-09-12T19:23:11: ✅ Imported ComprehensiveOSNProcessor
2025-09-12T19:23:11: ✅ Imported refined theme modules
2025-09-12T19:23:11: ✅ Imported refined theme modules
2025-09-12T19:23:11: ✅ Applied refined light theme
2025-09-12T19:23:11: ✅ Applied refined black killer
2025-09-12T19:23:11: ✅ Applied refined light theme
2025-09-12T19:23:11: ✅ Applied refined black killer
2025-09-12T19:23:11: ✅ Imported ComprehensiveOSNProcessor
2025-09-12T19:23:11: ✅ Imported ComprehensiveOSNProcessor
2025-09-12T19:23:11: ✅ Imported ComprehensiveOSNProcessor
2025-09-12T19:23:11: ✅ Imported refined theme modules
2025-09-12T19:23:11: ✅ Imported refined theme modules
2025-09-12T19:23:11: ✅ Imported ComprehensiveOSNProcessor
2025-09-12T19:23:11: ✅ Imported refined theme modules
2025-09-12T19:23:11: ✅ Applied refined light theme
2025-09-12T19:23:11: ✅ Applied refined black killer
2025-09-12T19:23:11: ✅ Imported refined theme modules
2025-09-12T19:23:11: ✅ Applied refined light theme
2025-09-12T19:23:11: ✅ Applied refined black killer
2025-09-12T19:23:11: ✅ Imported ComprehensiveOSNProcessor
2025-09-12T19:23:11: ✅ Imported refined theme modules
2025-09-12T19:23:11: ✅ Applied refined light theme
2025-09-12T19:23:11: ✅ Applied refined black killer
2025-09-12T19:23:11: ✅ Imported ComprehensiveOSNProcessor
2025-09-12T19:23:11: ✅ Imported refined theme modules
2025-09-12T19:23:11: ✅ Applied refined light theme
2025-09-12T19:23:11: ✅ Applied refined black killer
2025-09-12T19:23:11: ✅ Imported ComprehensiveOSNProcessor
2025-09-12T19:23:11: ✅ Imported refined theme modules
2025-09-12T19:23:11: ✅ Applied refined light theme
2025-09-12T19:23:11: ✅ Applied refined black killer
2025-09-12T19:23:11: ✅ Imported ComprehensiveOSNProcessor
2025-09-12T19:23:11: ✅ Imported refined theme modules
2025-09-12T19:23:11: ✅ Applied refined light theme
2025-09-12T19:23:11: ✅ Applied refined black killer
2025-09-12T19:23:11: ✅ Imported ComprehensiveOSNProcessor
2025-09-12T19:23:11: ✅ Imported refined theme modules
2025-09-12T19:23:11: ✅ Applied refined light theme
2025-09-12T19:23:11: ✅ Applied refined black killer
2025-09-12T19:23:11: ✅ Imported ComprehensiveOSNProcessor
2025-09-12T19:23:11: ✅ Imported refined theme modules
2025-09-12T19:23:11: ✅ Applied refined light theme
2025-09-12T19:23:11: ✅ Applied refined black killer
2025-09-12T19:23:11: ✅ Imported ComprehensiveOSNProcessor
2025-09-12T19:23:11: ✅ Imported refined theme modules
2025-09-12T19:23:11: ✅ Applied refined light theme
2025-09-12T19:23:11: ✅ Applied refined black killer
2025-09-12T19:23:11: ✅ Imported ComprehensiveOSNProcessor
2025-09-12T19:23:11: ✅ Imported refined theme modules
2025-09-12T19:23:11: ✅ Applied refined light theme
2025-09-12T19:23:11: ✅ Applied refined black killer
2025-09-12T19:23:11: ✅ Imported ComprehensiveOSNProcessor
2025-09-12T19:23:11: ✅ Imported refined theme modules
2025-09-12T19:23:11: ✅ Applied refined light theme
2025-09-12T19:23:11: ✅ Applied refined black killer
2025-09-12T19:23:11:   Stopping...
2025-09-12T19:23:14: 
2025-09-12T19:23:14:   You can now view your Streamlit app in your browser.
2025-09-12T19:23:14: 
2025-09-12T19:23:14:   URL: 
2025-09-12T19:23:14: http://0.0.0.0:8502
2025-09-12T19:23:14: 
2025-09-12T19:23:14: Exception in callback AppSession._on_scriptrunner_event.<locals>.<lambda>() at /usr/local/lib/python3.12/site-packages/streamlit/runtime/app_session.py:519
2025-09-12T19:23:14: handle: <Handle AppSession._on_scriptrunner_event.<locals>.<lambda>() at /usr/local/lib/python3.12/site-packages/streamlit/runtime/app_session.py:519>
2025-09-12T19:23:14: Traceback (most recent call last):
2025-09-12T19:23:14:   File "/usr/local/lib/python3.12/asyncio/events.py", line 88, in _run
2025-09-12T19:23:14:     self._context.run(self._callback, *self._args)
2025-09-12T19:23:14:   File "/usr/local/lib/python3.12/site-packages/streamlit/runtime/app_session.py", line 519, in <lambda>
2025-09-12T19:23:14:     lambda: self._handle_scriptrunner_event_on_event_loop(
2025-09-12T19:23:14:             ^^^^^^^^^^^^^^^^^^^^^^^^^^^^^^^^^^^^^^^^^^^^^^
2025-09-12T19:23:14:   File "/usr/local/lib/python3.12/site-packages/streamlit/runtime/app_session.py", line 616, in _handle_scriptrunner_event_on_event_loop
2025-09-12T19:23:14:     msg = self._create_new_session_message(
2025-09-12T19:23:14:           ^^^^^^^^^^^^^^^^^^^^^^^^^^^^^^^^^
2025-09-12T19:23:14:   File "/usr/local/lib/python3.12/site-packages/streamlit/runtime/app_session.py", line 750, in _create_new_session_message
2025-09-12T19:23:14:     _populate_user_info_msg(imsg.user_info)
2025-09-12T19:23:14:   File "/usr/local/lib/python3.12/site-packages/streamlit/runtime/app_session.py", line 1154, in _populate_user_info_msg
2025-09-12T19:23:14:     inst = Installation.instance()
2025-09-12T19:23:14:            ^^^^^^^^^^^^^^^^^^^^^^^
2025-09-12T19:23:14:   File "/usr/local/lib/python3.12/site-packages/streamlit/runtime/metrics_util.py", line 228, in instance
2025-09-12T19:23:14:     cls._instance = Installation()
2025-09-12T19:23:14:                     ^^^^^^^^^^^^^^
2025-09-12T19:23:14:   File "/usr/local/lib/python3.12/site-packages/streamlit/runtime/metrics_util.py", line 233, in __init__
2025-09-12T19:23:14:     uuid.uuid5(uuid.NAMESPACE_DNS, _get_machine_id_v3())
2025-09-12T19:23:14:                                    ^^^^^^^^^^^^^^^^^^^^
2025-09-12T19:23:14:   File "/usr/local/lib/python3.12/site-packages/streamlit/runtime/metrics_util.py", line 173, in _get_machine_id_v3
2025-09-12T19:23:14:     machine_id = f.read()
2025-09-12T19:23:14:                  ^^^^^^^^
2025-09-12T19:23:14:   File "<frozen codecs>", line 322, in decode
2025-09-12T19:23:14: UnicodeDecodeError: 'utf-8' codec can't decode bytes in position 25-26: invalid continuation byte
2025-09-12T19:24:14: Exception in callback AppSession._on_scriptrunner_event.<locals>.<lambda>() at /usr/local/lib/python3.12/site-packages/streamlit/runtime/app_session.py:519
2025-09-12T19:24:14: handle: <Handle AppSession._on_scriptrunner_event.<locals>.<lambda>() at /usr/local/lib/python3.12/site-packages/streamlit/runtime/app_session.py:519>
2025-09-12T19:24:14: Traceback (most recent call last):
2025-09-12T19:24:14:   File "/usr/local/lib/python3.12/asyncio/events.py", line 88, in _run
2025-09-12T19:24:14:     self._context.run(self._callback, *self._args)
2025-09-12T19:24:14:   File "/usr/local/lib/python3.12/site-packages/streamlit/runtime/app_session.py", line 519, in <lambda>
2025-09-12T19:24:14:     lambda: self._handle_scriptrunner_event_on_event_loop(
2025-09-12T19:24:14:             ^^^^^^^^^^^^^^^^^^^^^^^^^^^^^^^^^^^^^^^^^^^^^^
2025-09-12T19:24:14:   File "/usr/local/lib/python3.12/site-packages/streamlit/runtime/app_session.py", line 616, in _handle_scriptrunner_event_on_event_loop
2025-09-12T19:24:14:     msg = self._create_new_session_message(
2025-09-12T19:24:14:           ^^^^^^^^^^^^^^^^^^^^^^^^^^^^^^^^^
2025-09-12T19:24:14:   File "/usr/local/lib/python3.12/site-packages/streamlit/runtime/app_session.py", line 750, in _create_new_session_message
2025-09-12T19:24:14:     _populate_user_info_msg(imsg.user_info)
2025-09-12T19:24:14:   File "/usr/local/lib/python3.12/site-packages/streamlit/runtime/app_session.py", line 1154, in _populate_user_info_msg
2025-09-12T19:24:14:     inst = Installation.instance()
2025-09-12T19:24:14:            ^^^^^^^^^^^^^^^^^^^^^^^
2025-09-12T19:24:14:   File "/usr/local/lib/python3.12/site-packages/streamlit/runtime/metrics_util.py", line 228, in instance
2025-09-12T19:24:14:     cls._instance = Installation()
2025-09-12T19:24:14:                     ^^^^^^^^^^^^^^
2025-09-12T19:24:14:   File "/usr/local/lib/python3.12/site-packages/streamlit/runtime/metrics_util.py", line 233, in __init__
2025-09-12T19:24:14:     uuid.uuid5(uuid.NAMESPACE_DNS, _get_machine_id_v3())
2025-09-12T19:24:14:                                    ^^^^^^^^^^^^^^^^^^^^
2025-09-12T19:24:14:   File "/usr/local/lib/python3.12/site-packages/streamlit/runtime/metrics_util.py", line 173, in _get_machine_id_v3
2025-09-12T19:24:14:     machine_id = f.read()
2025-09-12T19:24:14:                  ^^^^^^^^
2025-09-12T19:24:14:   File "<frozen codecs>", line 322, in decode
2025-09-12T19:24:14: UnicodeDecodeError: 'utf-8' codec can't decode bytes in position 25-26: invalid continuation byte
2025-09-12T19:24:20: Exception in callback AppSession._on_scriptrunner_event.<locals>.<lambda>() at /usr/local/lib/python3.12/site-packages/streamlit/runtime/app_session.py:519
2025-09-12T19:24:20: handle: <Handle AppSession._on_scriptrunner_event.<locals>.<lambda>() at /usr/local/lib/python3.12/site-packages/streamlit/runtime/app_session.py:519>
2025-09-12T19:24:20: Traceback (most recent call last):
2025-09-12T19:24:20:   File "/usr/local/lib/python3.12/asyncio/events.py", line 88, in _run
2025-09-12T19:24:20:     self._context.run(self._callback, *self._args)
2025-09-12T19:24:20:   File "/usr/local/lib/python3.12/site-packages/streamlit/runtime/app_session.py", line 519, in <lambda>
2025-09-12T19:24:20:     lambda: self._handle_scriptrunner_event_on_event_loop(
2025-09-12T19:24:20:             ^^^^^^^^^^^^^^^^^^^^^^^^^^^^^^^^^^^^^^^^^^^^^^
2025-09-12T19:24:20:   File "/usr/local/lib/python3.12/site-packages/streamlit/runtime/app_session.py", line 616, in _handle_scriptrunner_event_on_event_loop
2025-09-12T19:24:20:     msg = self._create_new_session_message(
2025-09-12T19:24:20:           ^^^^^^^^^^^^^^^^^^^^^^^^^^^^^^^^^
2025-09-12T19:24:20:   File "/usr/local/lib/python3.12/site-packages/streamlit/runtime/app_session.py", line 750, in _create_new_session_message
2025-09-12T19:24:20:     _populate_user_info_msg(imsg.user_info)
2025-09-12T19:24:20:   File "/usr/local/lib/python3.12/site-packages/streamlit/runtime/app_session.py", line 1154, in _populate_user_info_msg
2025-09-12T19:24:20:     inst = Installation.instance()
2025-09-12T19:24:20:            ^^^^^^^^^^^^^^^^^^^^^^^
2025-09-12T19:24:20:   File "/usr/local/lib/python3.12/site-packages/streamlit/runtime/metrics_util.py", line 228, in instance
2025-09-12T19:24:20:     cls._instance = Installation()
2025-09-12T19:24:20:                     ^^^^^^^^^^^^^^
2025-09-12T19:24:20:   File "/usr/local/lib/python3.12/site-packages/streamlit/runtime/metrics_util.py", line 233, in __init__
2025-09-12T19:24:20:     uuid.uuid5(uuid.NAMESPACE_DNS, _get_machine_id_v3())
2025-09-12T19:24:20:                                    ^^^^^^^^^^^^^^^^^^^^
2025-09-12T19:24:20:   File "/usr/local/lib/python3.12/site-packages/streamlit/runtime/metrics_util.py", line 173, in _get_machine_id_v3
2025-09-12T19:24:20:     machine_id = f.read()
2025-09-12T19:24:20:                  ^^^^^^^^
2025-09-12T19:24:20:   File "<frozen codecs>", line 322, in decode
2025-09-12T19:24:20: UnicodeDecodeError: 'utf-8' codec can't decode bytes in position 25-26: invalid continuation byte
2025-09-12T19:24:24: ✅ Imported ComprehensiveOSNProcessor
2025-09-12T19:24:24: ✅ Imported refined theme modules
2025-09-12T19:24:24: ✅ Applied refined light theme
2025-09-12T19:24:24: ✅ Applied refined black killer
2025-09-12T19:24:24: 🔄 Loading comprehensive survey data...
2025-09-12T19:24:24: 📊 Found sheets: ['Guests (UAE)', 'Guests Online (KSA)']
2025-09-12T19:24:24: 📋 Processing sheet: Guests (UAE)
2025-09-12T19:24:24: ❌ Error processing sheet Guests (UAE): 'DataFrame' object has no attribute 'dtype'
2025-09-12T19:24:24: ❌ Error in data processing: 'DataFrame' object has no attribute 'dtype'
2025-09-12T19:24:24: ✅ Imported ComprehensiveOSNProcessor
2025-09-12T19:24:24: ✅ Imported refined theme modules
2025-09-12T19:24:24: ✅ Applied refined light theme
2025-09-12T19:24:24: ✅ Applied refined black killer
2025-09-12T19:24:24: ✅ Imported ComprehensiveOSNProcessor
2025-09-12T19:24:24: ✅ Imported refined theme modules
2025-09-12T19:24:24: ✅ Applied refined light theme
2025-09-12T19:24:24: ✅ Applied refined black killer
2025-09-12T19:24:24:   Stopping...
2025-09-12T19:24:26: 
2025-09-12T19:24:26:   You can now view your Streamlit app in your browser.
2025-09-12T19:24:26: 
2025-09-12T19:24:26:   URL: http://0.0.0.0:8502
2025-09-12T19:24:26: 
2025-09-12T19:24:28: Exception in callback AppSession._on_scriptrunner_event.<locals>.<lambda>() at /usr/local/lib/python3.12/site-packages/streamlit/runtime/app_session.py:519
2025-09-12T19:24:28: handle: <Handle AppSession._on_scriptrunner_event.<locals>.<lambda>() at /usr/local/lib/python3.12/site-packages/streamlit/runtime/app_session.py:519>
2025-09-12T19:24:28: Traceback (most recent call last):
2025-09-12T19:24:28:   File "/usr/local/lib/python3.12/asyncio/events.py", line 88, in _run
2025-09-12T19:24:28:     self._context.run(self._callback, *self._args)
2025-09-12T19:24:28:   File "/usr/local/lib/python3.12/site-packages/streamlit/runtime/app_session.py", line 519, in <lambda>
2025-09-12T19:24:28:     lambda: self._handle_scriptrunner_event_on_event_loop(
2025-09-12T19:24:28:             ^^^^^^^^^^^^^^^^^^^^^^^^^^^^^^^^^^^^^^^^^^^^^^
2025-09-12T19:24:28:   File "/usr/local/lib/python3.12/site-packages/streamlit/runtime/app_session.py", line 616, in _handle_scriptrunner_event_on_event_loop
2025-09-12T19:24:28:     msg = self._create_new_session_message(
2025-09-12T19:24:28:           ^^^^^^^^^^^^^^^^^^^^^^^^^^^^^^^^^
2025-09-12T19:24:28:   File "/usr/local/lib/python3.12/site-packages/streamlit/runtime/app_session.py", line 750, in _create_new_session_message
2025-09-12T19:24:28:     _populate_user_info_msg(imsg.user_info)
2025-09-12T19:24:28:   File "/usr/local/lib/python3.12/site-packages/streamlit/runtime/app_session.py", line 1154, in _populate_user_info_msg
2025-09-12T19:24:28:     inst = Installation.instance()
2025-09-12T19:24:28:            ^^^^^^^^^^^^^^^^^^^^^^^
2025-09-12T19:24:28:   File "/usr/local/lib/python3.12/site-packages/streamlit/runtime/metrics_util.py", line 228, in instance
2025-09-12T19:24:28:     cls._instance = Installation()
2025-09-12T19:24:28:                     ^^^^^^^^^^^^^^
2025-09-12T19:24:28:   File "/usr/local/lib/python3.12/site-packages/streamlit/runtime/metrics_util.py", line 233, in __init__
2025-09-12T19:24:28:     uuid.uuid5(uuid.NAMESPACE_DNS, _get_machine_id_v3())
2025-09-12T19:24:28:                                    ^^^^^^^^^^^^^^^^^^^^
2025-09-12T19:24:28:   File "/usr/local/lib/python3.12/site-packages/streamlit/runtime/metrics_util.py", line 173, in _get_machine_id_v3
2025-09-12T19:24:28:     machine_id = f.read()
2025-09-12T19:24:28:                  ^^^^^^^^
2025-09-12T19:24:28:   File "<frozen codecs>", line 322, in decode
2025-09-12T19:24:28: UnicodeDecodeError: 'utf-8' codec can't decode bytes in position 25-26: invalid continuation byte
2025-09-12T19:25:02: Exception in callback AppSession._on_scriptrunner_event.<locals>.<lambda>() at /usr/local/lib/python3.12/site-packages/streamlit/runtime/app_session.py:519
2025-09-12T19:25:02: handle: <Handle AppSession._on_scriptrunner_event.<locals>.<lambda>() at /usr/local/lib/python3.12/site-packages/streamlit/runtime/app_session.py:519>
2025-09-12T19:25:02: Traceback (most recent call last):
2025-09-12T19:25:02:   File "/usr/local/lib/python3.12/asyncio/events.py", line 88, in _run
2025-09-12T19:25:02:     self._context.run(self._callback, *self._args)
2025-09-12T19:25:02:   File "/usr/local/lib/python3.12/site-packages/streamlit/runtime/app_session.py", line 519, in <lambda>
2025-09-12T19:25:02:     lambda: self._handle_scriptrunner_event_on_event_loop(
2025-09-12T19:25:02:             ^^^^^^^^^^^^^^^^^^^^^^^^^^^^^^^^^^^^^^^^^^^^^^
2025-09-12T19:25:02:   File "/usr/local/lib/python3.12/site-packages/streamlit/runtime/app_session.py", line 616, in _handle_scriptrunner_event_on_event_loop
2025-09-12T19:25:02:     msg = self._create_new_session_message(
2025-09-12T19:25:02:           ^^^^^^^^^^^^^^^^^^^^^^^^^^^^^^^^^
2025-09-12T19:25:02:   File "/usr/local/lib/python3.12/site-packages/streamlit/runtime/app_session.py", line 750, in _create_new_session_message
2025-09-12T19:25:02:     _populate_user_info_msg(imsg.user_info)
2025-09-12T19:25:02:   File "/usr/local/lib/python3.12/site-packages/streamlit/runtime/app_session.py", line 1154, in _populate_user_info_msg
2025-09-12T19:25:02:     inst = Installation.instance()
2025-09-12T19:25:02:            ^^^^^^^^^^^^^^^^^^^^^^^
2025-09-12T19:25:02:   File "/usr/local/lib/python3.12/site-packages/streamlit/runtime/metrics_util.py", line 228, in instance
2025-09-12T19:25:02:     cls._instance = Installation()
2025-09-12T19:25:02:                     ^^^^^^^^^^^^^^
2025-09-12T19:25:02:   File "/usr/local/lib/python3.12/site-packages/streamlit/runtime/metrics_util.py", line 233, in __init__
2025-09-12T19:25:02:     uuid.uuid5(uuid.NAMESPACE_DNS, _get_machine_id_v3())
2025-09-12T19:25:02:                                    ^^^^^^^^^^^^^^^^^^^^
2025-09-12T19:25:02:   File "/usr/local/lib/python3.12/site-packages/streamlit/runtime/metrics_util.py", line 173, in _get_machine_id_v3
2025-09-12T19:25:02:     machine_id = f.read()
2025-09-12T19:25:02:                  ^^^^^^^^
2025-09-12T19:25:02:   File "<frozen codecs>", line 322, in decode
2025-09-12T19:25:02: UnicodeDecodeError: 'utf-8' codec can't decode bytes in position 25-26: invalid continuation byte
2025-09-12T19:26:03: Exception in callback AppSession._on_scriptrunner_event.<locals>.<lambda>() at /usr/local/lib/python3.12/site-packages/streamlit/runtime/app_session.py:519
2025-09-12T19:26:03: handle: <Handle AppSession._on_scriptrunner_event.<locals>.<lambda>() at /usr/local/lib/python3.12/site-packages/streamlit/runtime/app_session.py:519>
2025-09-12T19:26:03: Traceback (most recent call last):
2025-09-12T19:26:03:   File "/usr/local/lib/python3.12/asyncio/events.py", line 88, in _run
2025-09-12T19:26:03:     self._context.run(self._callback, *self._args)
2025-09-12T19:26:03:   File "/usr/local/lib/python3.12/site-packages/streamlit/runtime/app_session.py", line 519, in <lambda>
2025-09-12T19:26:03:     lambda: self._handle_scriptrunner_event_on_event_loop(
2025-09-12T19:26:03:             ^^^^^^^^^^^^^^^^^^^^^^^^^^^^^^^^^^^^^^^^^^^^^^
2025-09-12T19:26:03:   File "/usr/local/lib/python3.12/site-packages/streamlit/runtime/app_session.py", line 616, in _handle_scriptrunner_event_on_event_loop
2025-09-12T19:26:03:     msg = self._create_new_session_message(
2025-09-12T19:26:03:           ^^^^^^^^^^^^^^^^^^^^^^^^^^^^^^^^^
2025-09-12T19:26:03:   File "/usr/local/lib/python3.12/site-packages/streamlit/runtime/app_session.py", line 750, in _create_new_session_message
2025-09-12T19:26:03:     _populate_user_info_msg(imsg.user_info)
2025-09-12T19:26:03:   File "/usr/local/lib/python3.12/site-packages/streamlit/runtime/app_session.py", line 1154, in _populate_user_info_msg
2025-09-12T19:26:03:     inst = Installation.instance()
2025-09-12T19:26:03:            ^^^^^^^^^^^^^^^^^^^^^^^
2025-09-12T19:26:03:   File "/usr/local/lib/python3.12/site-packages/streamlit/runtime/metrics_util.py", line 228, in instance
2025-09-12T19:26:03:     cls._instance = Installation()
2025-09-12T19:26:03:                     ^^^^^^^^^^^^^^
2025-09-12T19:26:03:   File "/usr/local/lib/python3.12/site-packages/streamlit/runtime/metrics_util.py", line 233, in __init__
2025-09-12T19:26:03:     uuid.uuid5(uuid.NAMESPACE_DNS, _get_machine_id_v3())
2025-09-12T19:26:03:                                    ^^^^^^^^^^^^^^^^^^^^
2025-09-12T19:26:03:   File "/usr/local/lib/python3.12/site-packages/streamlit/runtime/metrics_util.py", line 173, in _get_machine_id_v3
2025-09-12T19:26:03:     machine_id = f.read()
2025-09-12T19:26:03:                  ^^^^^^^^
2025-09-12T19:26:03:   File "<frozen codecs>", line 322, in decode
2025-09-12T19:26:03: UnicodeDecodeError: 'utf-8' codec can't decode bytes in position 25-26: invalid continuation byte
2025-09-12T19:26:37: Exception in callback AppSession._on_scriptrunner_event.<locals>.<lambda>() at /usr/local/lib/python3.12/site-packages/streamlit/runtime/app_session.py:519
2025-09-12T19:26:37: handle: <Handle AppSession._on_scriptrunner_event.<locals>.<lambda>() at /usr/local/lib/python3.12/site-packages/streamlit/runtime/app_session.py:519>
2025-09-12T19:26:37: Traceback (most recent call last):
2025-09-12T19:26:37:   File "/usr/local/lib/python3.12/asyncio/events.py", line 88, in _run
2025-09-12T19:26:37:     self._context.run(self._callback, *self._args)
2025-09-12T19:26:37:   File "/usr/local/lib/python3.12/site-packages/streamlit/runtime/app_session.py", line 519, in <lambda>
2025-09-12T19:26:37:     lambda: self._handle_scriptrunner_event_on_event_loop(
2025-09-12T19:26:37:             ^^^^^^^^^^^^^^^^^^^^^^^^^^^^^^^^^^^^^^^^^^^^^^
2025-09-12T19:26:37:   File "/usr/local/lib/python3.12/site-packages/streamlit/runtime/app_session.py", line 616, in _handle_scriptrunner_event_on_event_loop
2025-09-12T19:26:37:     msg = self._create_new_session_message(
2025-09-12T19:26:37:           ^^^^^^^^^^^^^^^^^^^^^^^^^^^^^^^^^
2025-09-12T19:26:37:   File "/usr/local/lib/python3.12/site-packages/streamlit/runtime/app_session.py", line 750, in _create_new_session_message
2025-09-12T19:26:37:     _populate_user_info_msg(imsg.user_info)
2025-09-12T19:26:37:   File "/usr/local/lib/python3.12/site-packages/streamlit/runtime/app_session.py", line 1154, in _populate_user_info_msg
2025-09-12T19:26:37:     inst = Installation.instance()
2025-09-12T19:26:37:            ^^^^^^^^^^^^^^^^^^^^^^^
2025-09-12T19:26:37:   File "/usr/local/lib/python3.12/site-packages/streamlit/runtime/metrics_util.py", line 228, in instance
2025-09-12T19:26:37:     cls._instance = Installation()
2025-09-12T19:26:37:                     ^^^^^^^^^^^^^^
2025-09-12T19:26:37:   File "/usr/local/lib/python3.12/site-packages/streamlit/runtime/metrics_util.py", line 233, in __init__
2025-09-12T19:26:37:     uuid.uuid5(uuid.NAMESPACE_DNS, _get_machine_id_v3())
2025-09-12T19:26:37:                                    ^^^^^^^^^^^^^^^^^^^^
2025-09-12T19:26:37:   File "/usr/local/lib/python3.12/site-packages/streamlit/runtime/metrics_util.py", line 173, in _get_machine_id_v3
2025-09-12T19:26:37:     machine_id = f.read()
2025-09-12T19:26:37:                  ^^^^^^^^
2025-09-12T19:26:37:   File "<frozen codecs>", line 322, in decode
2025-09-12T19:26:37: UnicodeDecodeError: 'utf-8' codec can't decode bytes in position 25-26: invalid continuation byte
2025-09-12T19:26:46: Exception in callback AppSession._on_scriptrunner_event.<locals>.<lambda>() at /usr/local/lib/python3.12/site-packages/streamlit/runtime/app_session.py:519
2025-09-12T19:26:46: handle: <Handle AppSession._on_scriptrunner_event.<locals>.<lambda>() at /usr/local/lib/python3.12/site-packages/streamlit/runtime/app_session.py:519>
2025-09-12T19:26:46: Traceback (most recent call last):
2025-09-12T19:26:46:   File "/usr/local/lib/python3.12/asyncio/events.py", line 88, in _run
2025-09-12T19:26:46:     self._context.run(self._callback, *self._args)
2025-09-12T19:26:46:   File "/usr/local/lib/python3.12/site-packages/streamlit/runtime/app_session.py", line 519, in <lambda>
2025-09-12T19:26:46:     lambda: self._handle_scriptrunner_event_on_event_loop(
2025-09-12T19:26:46:             ^^^^^^^^^^^^^^^^^^^^^^^^^^^^^^^^^^^^^^^^^^^^^^
2025-09-12T19:26:46:   File "/usr/local/lib/python3.12/site-packages/streamlit/runtime/app_session.py", line 616, in _handle_scriptrunner_event_on_event_loop
2025-09-12T19:26:46:     msg = self._create_new_session_message(
2025-09-12T19:26:46:           ^^^^^^^^^^^^^^^^^^^^^^^^^^^^^^^^^
2025-09-12T19:26:46:   File "/usr/local/lib/python3.12/site-packages/streamlit/runtime/app_session.py", line 750, in _create_new_session_message
2025-09-12T19:26:46:     _populate_user_info_msg(imsg.user_info)
2025-09-12T19:26:46:   File "/usr/local/lib/python3.12/site-packages/streamlit/runtime/app_session.py", line 1154, in _populate_user_info_msg
2025-09-12T19:26:46:     inst = Installation.instance()
2025-09-12T19:26:46:            ^^^^^^^^^^^^^^^^^^^^^^^
2025-09-12T19:26:46:   File "/usr/local/lib/python3.12/site-packages/streamlit/runtime/metrics_util.py", line 228, in instance
2025-09-12T19:26:46:     cls._instance = Installation()
2025-09-12T19:26:46:                     ^^^^^^^^^^^^^^
2025-09-12T19:26:46:   File "/usr/local/lib/python3.12/site-packages/streamlit/runtime/metrics_util.py", line 233, in __init__
2025-09-12T19:26:46:     uuid.uuid5(uuid.NAMESPACE_DNS, _get_machine_id_v3())
2025-09-12T19:26:46:                                    ^^^^^^^^^^^^^^^^^^^^
2025-09-12T19:26:46:   File "/usr/local/lib/python3.12/site-packages/streamlit/runtime/metrics_util.py", line 173, in _get_machine_id_v3
2025-09-12T19:26:46:     machine_id = f.read()
2025-09-12T19:26:46:                  ^^^^^^^^
2025-09-12T19:26:46:   File "<frozen codecs>", line 322, in decode
2025-09-12T19:26:46: UnicodeDecodeError: 'utf-8' codec can't decode bytes in position 25-26: invalid continuation byte
2025-09-12T19:26:55: Exception in callback AppSession._on_scriptrunner_event.<locals>.<lambda>() at /usr/local/lib/python3.12/site-packages/streamlit/runtime/app_session.py:519
2025-09-12T19:26:55: handle: <Handle AppSession._on_scriptrunner_event.<locals>.<lambda>() at /usr/local/lib/python3.12/site-packages/streamlit/runtime/app_session.py:519>
2025-09-12T19:26:55: Traceback (most recent call last):
2025-09-12T19:26:55:   File "/usr/local/lib/python3.12/asyncio/events.py", line 88, in _run
2025-09-12T19:26:55:     self._context.run(self._callback, *self._args)
2025-09-12T19:26:55:   File "/usr/local/lib/python3.12/site-packages/streamlit/runtime/app_session.py", line 519, in <lambda>
2025-09-12T19:26:55:     lambda: self._handle_scriptrunner_event_on_event_loop(
2025-09-12T19:26:55:             ^^^^^^^^^^^^^^^^^^^^^^^^^^^^^^^^^^^^^^^^^^^^^^
2025-09-12T19:26:55:   File "/usr/local/lib/python3.12/site-packages/streamlit/runtime/app_session.py", line 616, in _handle_scriptrunner_event_on_event_loop
2025-09-12T19:26:55:     msg = self._create_new_session_message(
2025-09-12T19:26:55:           ^^^^^^^^^^^^^^^^^^^^^^^^^^^^^^^^^
2025-09-12T19:26:55:   File "/usr/local/lib/python3.12/site-packages/streamlit/runtime/app_session.py", line 750, in _create_new_session_message
2025-09-12T19:26:55:     _populate_user_info_msg(imsg.user_info)
2025-09-12T19:26:55:   File "/usr/local/lib/python3.12/site-packages/streamlit/runtime/app_session.py", line 1154, in _populate_user_info_msg
2025-09-12T19:26:55:     inst = Installation.instance()
2025-09-12T19:26:55:            ^^^^^^^^^^^^^^^^^^^^^^^
2025-09-12T19:26:55:   File "/usr/local/lib/python3.12/site-packages/streamlit/runtime/metrics_util.py", line 228, in instance
2025-09-12T19:26:55:     cls._instance = Installation()
2025-09-12T19:26:55:                     ^^^^^^^^^^^^^^
2025-09-12T19:26:55:   File "/usr/local/lib/python3.12/site-packages/streamlit/runtime/metrics_util.py", line 233, in __init__
2025-09-12T19:26:55:     uuid.uuid5(uuid.NAMESPACE_DNS, _get_machine_id_v3())
2025-09-12T19:26:55:                                    ^^^^^^^^^^^^^^^^^^^^
2025-09-12T19:26:55:   File "/usr/local/lib/python3.12/site-packages/streamlit/runtime/metrics_util.py", line 173, in _get_machine_id_v3
2025-09-12T19:26:55:     machine_id = f.read()
2025-09-12T19:26:55:                  ^^^^^^^^
2025-09-12T19:26:55:   File "<frozen codecs>", line 322, in decode
2025-09-12T19:26:55: UnicodeDecodeError: 'utf-8' codec can't decode bytes in position 25-26: invalid continuation byte
2025-09-12T19:27:06: Exception in callback AppSession._on_scriptrunner_event.<locals>.<lambda>() at /usr/local/lib/python3.12/site-packages/streamlit/runtime/app_session.py:519
2025-09-12T19:27:06: handle: <Handle AppSession._on_scriptrunner_event.<locals>.<lambda>() at /usr/local/lib/python3.12/site-packages/streamlit/runtime/app_session.py:519>
2025-09-12T19:27:06: Traceback (most recent call last):
2025-09-12T19:27:06:   File "/usr/local/lib/python3.12/asyncio/events.py", line 88, in _run
2025-09-12T19:27:06:     self._context.run(self._callback, *self._args)
2025-09-12T19:27:06:   File "/usr/local/lib/python3.12/site-packages/streamlit/runtime/app_session.py", line 519, in <lambda>
2025-09-12T19:27:06:     lambda: self._handle_scriptrunner_event_on_event_loop(
2025-09-12T19:27:06:             ^^^^^^^^^^^^^^^^^^^^^^^^^^^^^^^^^^^^^^^^^^^^^^
2025-09-12T19:27:06:   File "/usr/local/lib/python3.12/site-packages/streamlit/runtime/app_session.py", line 616, in _handle_scriptrunner_event_on_event_loop
2025-09-12T19:27:06:     msg = self._create_new_session_message(
2025-09-12T19:27:06:           ^^^^^^^^^^^^^^^^^^^^^^^^^^^^^^^^^
2025-09-12T19:27:06:   File "/usr/local/lib/python3.12/site-packages/streamlit/runtime/app_session.py", line 750, in _create_new_session_message
2025-09-12T19:27:06:     _populate_user_info_msg(imsg.user_info)
2025-09-12T19:27:06:   File "/usr/local/lib/python3.12/site-packages/streamlit/runtime/app_session.py", line 1154, in _populate_user_info_msg
2025-09-12T19:27:06:     inst = Installation.instance()
2025-09-12T19:27:06:            ^^^^^^^^^^^^^^^^^^^^^^^
2025-09-12T19:27:06:   File "/usr/local/lib/python3.12/site-packages/streamlit/runtime/metrics_util.py", line 228, in instance
2025-09-12T19:27:06:     cls._instance = Installation()
2025-09-12T19:27:06:                     ^^^^^^^^^^^^^^
2025-09-12T19:27:06:   File "/usr/local/lib/python3.12/site-packages/streamlit/runtime/metrics_util.py", line 233, in __init__
2025-09-12T19:27:06:     uuid.uuid5(uuid.NAMESPACE_DNS, _get_machine_id_v3())
2025-09-12T19:27:06:                                    ^^^^^^^^^^^^^^^^^^^^
2025-09-12T19:27:06:   File "/usr/local/lib/python3.12/site-packages/streamlit/runtime/metrics_util.py", line 173, in _get_machine_id_v3
2025-09-12T19:27:06:     machine_id = f.read()
2025-09-12T19:27:06:                  ^^^^^^^^
2025-09-12T19:27:06:   File "<frozen codecs>", line 322, in decode
2025-09-12T19:27:06: UnicodeDecodeError: 'utf-8' codec can't decode bytes in position 25-26: invalid continuation byte
2025-09-12T19:27:06: Exception in callback AppSession._on_scriptrunner_event.<locals>.<lambda>() at /usr/local/lib/python3.12/site-packages/streamlit/runtime/app_session.py:519
2025-09-12T19:27:06: handle: <Handle AppSession._on_scriptrunner_event.<locals>.<lambda>() at /usr/local/lib/python3.12/site-packages/streamlit/runtime/app_session.py:519>
2025-09-12T19:27:06: Traceback (most recent call last):
2025-09-12T19:27:06:   File "/usr/local/lib/python3.12/asyncio/events.py", line 88, in _run
2025-09-12T19:27:06:     self._context.run(self._callback, *self._args)
2025-09-12T19:27:06:   File "/usr/local/lib/python3.12/site-packages/streamlit/runtime/app_session.py", line 519, in <lambda>
2025-09-12T19:27:06:     lambda: self._handle_scriptrunner_event_on_event_loop(
2025-09-12T19:27:06:             ^^^^^^^^^^^^^^^^^^^^^^^^^^^^^^^^^^^^^^^^^^^^^^
2025-09-12T19:27:06:   File "/usr/local/lib/python3.12/site-packages/streamlit/runtime/app_session.py", line 616, in _handle_scriptrunner_event_on_event_loop
2025-09-12T19:27:06:     msg = self._create_new_session_message(
2025-09-12T19:27:06:           ^^^^^^^^^^^^^^^^^^^^^^^^^^^^^^^^^
2025-09-12T19:27:06:   File "/usr/local/lib/python3.12/site-packages/streamlit/runtime/app_session.py", line 750, in _create_new_session_message
2025-09-12T19:27:06:     _populate_user_info_msg(imsg.user_info)
2025-09-12T19:27:06:   File "/usr/local/lib/python3.12/site-packages/streamlit/runtime/app_session.py", line 1154, in _populate_user_info_msg
2025-09-12T19:27:06:     inst = Installation.instance()
2025-09-12T19:27:06:            ^^^^^^^^^^^^^^^^^^^^^^^
2025-09-12T19:27:06:   File "/usr/local/lib/python3.12/site-packages/streamlit/runtime/metrics_util.py", line 228, in instance
2025-09-12T19:27:06:     cls._instance = Installation()
2025-09-12T19:27:06:                     ^^^^^^^^^^^^^^
2025-09-12T19:27:06:   File "/usr/local/lib/python3.12/site-packages/streamlit/runtime/metrics_util.py", line 233, in __init__
2025-09-12T19:27:06:     uuid.uuid5(uuid.NAMESPACE_DNS, _get_machine_id_v3())
2025-09-12T19:27:06:                                    ^^^^^^^^^^^^^^^^^^^^
2025-09-12T19:27:06:   File "/usr/local/lib/python3.12/site-packages/streamlit/runtime/metrics_util.py", line 173, in _get_machine_id_v3
2025-09-12T19:27:06:     machine_id = f.read()
2025-09-12T19:27:06:                  ^^^^^^^^
2025-09-12T19:27:06:   File "<frozen codecs>", line 322, in decode
2025-09-12T19:27:06: UnicodeDecodeError: 'utf-8' codec can't decode bytes in position 25-26: invalid continuation byte
2025-09-12T19:27:19: Exception in callback AppSession._on_scriptrunner_event.<locals>.<lambda>() at /usr/local/lib/python3.12/site-packages/streamlit/runtime/app_session.py:519
2025-09-12T19:27:19: handle: <Handle AppSession._on_scriptrunner_event.<locals>.<lambda>() at /usr/local/lib/python3.12/site-packages/streamlit/runtime/app_session.py:519>
2025-09-12T19:27:19: Traceback (most recent call last):
2025-09-12T19:27:19:   File "/usr/local/lib/python3.12/asyncio/events.py", line 88, in _run
2025-09-12T19:27:19:     self._context.run(self._callback, *self._args)
2025-09-12T19:27:19:   File "/usr/local/lib/python3.12/site-packages/streamlit/runtime/app_session.py", line 519, in <lambda>
2025-09-12T19:27:19:     lambda: self._handle_scriptrunner_event_on_event_loop(
2025-09-12T19:27:19:             ^^^^^^^^^^^^^^^^^^^^^^^^^^^^^^^^^^^^^^^^^^^^^^
2025-09-12T19:27:19:   File "/usr/local/lib/python3.12/site-packages/streamlit/runtime/app_session.py", line 616, in _handle_scriptrunner_event_on_event_loop
2025-09-12T19:27:19:     msg = self._create_new_session_message(
2025-09-12T19:27:19:           ^^^^^^^^^^^^^^^^^^^^^^^^^^^^^^^^^
2025-09-12T19:27:19:   File "/usr/local/lib/python3.12/site-packages/streamlit/runtime/app_session.py", line 750, in _create_new_session_message
2025-09-12T19:27:19:     _populate_user_info_msg(imsg.user_info)
2025-09-12T19:27:19:   File "/usr/local/lib/python3.12/site-packages/streamlit/runtime/app_session.py", line 1154, in _populate_user_info_msg
2025-09-12T19:27:19:     inst = Installation.instance()
2025-09-12T19:27:19:            ^^^^^^^^^^^^^^^^^^^^^^^
2025-09-12T19:27:19:   File "/usr/local/lib/python3.12/site-packages/streamlit/runtime/metrics_util.py", line 228, in instance
2025-09-12T19:27:19:     cls._instance = Installation()
2025-09-12T19:27:19:                     ^^^^^^^^^^^^^^
2025-09-12T19:27:19:   File "/usr/local/lib/python3.12/site-packages/streamlit/runtime/metrics_util.py", line 233, in __init__
2025-09-12T19:27:19:     uuid.uuid5(uuid.NAMESPACE_DNS, _get_machine_id_v3())
2025-09-12T19:27:19:                                    ^^^^^^^^^^^^^^^^^^^^
2025-09-12T19:27:19:   File "/usr/local/lib/python3.12/site-packages/streamlit/runtime/metrics_util.py", line 173, in _get_machine_id_v3
2025-09-12T19:27:19:     machine_id = f.read()
2025-09-12T19:27:19:                  ^^^^^^^^
2025-09-12T19:27:19:   File "<frozen codecs>", line 322, in decode
2025-09-12T19:27:19: UnicodeDecodeError: 'utf-8' codec can't decode bytes in position 25-26: invalid continuation byte
2025-09-12T19:27:19: Exception in callback AppSession._on_scriptrunner_event.<locals>.<lambda>() at /usr/local/lib/python3.12/site-packages/streamlit/runtime/app_session.py:519
2025-09-12T19:27:19: handle: <Handle AppSession._on_scriptrunner_event.<locals>.<lambda>() at /usr/local/lib/python3.12/site-packages/streamlit/runtime/app_session.py:519>
2025-09-12T19:27:19: Traceback (most recent call last):
2025-09-12T19:27:19:   File "/usr/local/lib/python3.12/asyncio/events.py", line 88, in _run
2025-09-12T19:27:19:     self._context.run(self._callback, *self._args)
2025-09-12T19:27:19:   File "/usr/local/lib/python3.12/site-packages/streamlit/runtime/app_session.py", line 519, in <lambda>
2025-09-12T19:27:19:     lambda: self._handle_scriptrunner_event_on_event_loop(
2025-09-12T19:27:19:             ^^^^^^^^^^^^^^^^^^^^^^^^^^^^^^^^^^^^^^^^^^^^^^
2025-09-12T19:27:19:   File "/usr/local/lib/python3.12/site-packages/streamlit/runtime/app_session.py", line 616, in _handle_scriptrunner_event_on_event_loop
2025-09-12T19:27:19:     msg = self._create_new_session_message(
2025-09-12T19:27:19:           ^^^^^^^^^^^^^^^^^^^^^^^^^^^^^^^^^
2025-09-12T19:27:19:   File "/usr/local/lib/python3.12/site-packages/streamlit/runtime/app_session.py", line 750, in _create_new_session_message
2025-09-12T19:27:19:     _populate_user_info_msg(imsg.user_info)
2025-09-12T19:27:19:   File "/usr/local/lib/python3.12/site-packages/streamlit/runtime/app_session.py", line 1154, in _populate_user_info_msg
2025-09-12T19:27:19:     inst = Installation.instance()
2025-09-12T19:27:19:            ^^^^^^^^^^^^^^^^^^^^^^^
2025-09-12T19:27:19:   File "/usr/local/lib/python3.12/site-packages/streamlit/runtime/metrics_util.py", line 228, in instance
2025-09-12T19:27:19:     cls._instance = Installation()
2025-09-12T19:27:19:                     ^^^^^^^^^^^^^^
2025-09-12T19:27:19:   File "/usr/local/lib/python3.12/site-packages/streamlit/runtime/metrics_util.py", line 233, in __init__
2025-09-12T19:27:19:     uuid.uuid5(uuid.NAMESPACE_DNS, _get_machine_id_v3())
2025-09-12T19:27:19:                                    ^^^^^^^^^^^^^^^^^^^^
2025-09-12T19:27:19:   File "/usr/local/lib/python3.12/site-packages/streamlit/runtime/metrics_util.py", line 173, in _get_machine_id_v3
2025-09-12T19:27:19:     machine_id = f.read()
2025-09-12T19:27:19:                  ^^^^^^^^
2025-09-12T19:27:19:   File "<frozen codecs>", line 322, in decode
2025-09-12T19:27:19: UnicodeDecodeError: 'utf-8' codec can't decode bytes in position 25-26: invalid continuation byte
2025-09-12T19:27:28: ✅ Imported ComprehensiveOSNProcessor
2025-09-12T19:27:28: ✅ Imported refined theme modules
2025-09-12T19:27:28: ✅ Applied refined light theme
2025-09-12T19:27:28: ✅ Applied refined black killer
2025-09-12T19:27:28: 🔄 Loading comprehensive survey data...
2025-09-12T19:27:28: 📊 Found sheets: ['Guests (UAE)', 'Guests Online (KSA)']
2025-09-12T19:27:28: 📋 Processing sheet: Guests (UAE)
2025-09-12T19:27:28: Warning: Could not process column 3: 'DataFrame' object has no attribute 'dtype'
2025-09-12T19:27:28: Warning: Could not process column 1: 'DataFrame' object has no attribute 'dtype'
2025-09-12T19:27:28: Warning: Could not process column 3: 'DataFrame' object has no attribute 'dtype'
2025-09-12T19:27:28: Warning: Could not process column 2: 'DataFrame' object has no attribute 'dtype'
2025-09-12T19:27:28: Warning: Could not process column 2: 'DataFrame' object has no attribute 'dtype'
2025-09-12T19:27:28: Warning: Could not process column 1: 'DataFrame' object has no attribute 'dtype'
2025-09-12T19:27:28: Warning: Could not handle missing values for column 3: 'DataFrame' object has no attribute 'dtype'
2025-09-12T19:27:28: Warning: Could not handle missing values for column 1: 'DataFrame' object has no attribute 'dtype'
2025-09-12T19:27:28: Warning: Could not handle missing values for column 3: 'DataFrame' object has no attribute 'dtype'
2025-09-12T19:27:28: Warning: Could not handle missing values for column 2: 'DataFrame' object has no attribute 'dtype'
2025-09-12T19:27:28: Warning: Could not handle missing values for column 2: 'DataFrame' object has no attribute 'dtype'
2025-09-12T19:27:28: Warning: Could not handle missing values for column 1: 'DataFrame' object has no attribute 'dtype'
2025-09-12T19:27:28: 📋 Processing sheet: Guests Online (KSA)
2025-09-12T19:27:28: Warning: Could not process column 3: 'DataFrame' object has no attribute 'dtype'
2025-09-12T19:27:28: Warning: Could not process column 3: 'DataFrame' object has no attribute 'dtype'
2025-09-12T19:27:28: Warning: Could not process column 2: 'DataFrame' object has no attribute 'dtype'
2025-09-12T19:27:28: Warning: Could not process column 2: 'DataFrame' object has no attribute 'dtype'
2025-09-12T19:27:28: Warning: Could not handle missing values for column 3: 'DataFrame' object has no attribute 'dtype'
2025-09-12T19:27:28: Warning: Could not handle missing values for column 3: 'DataFrame' object has no attribute 'dtype'
2025-09-12T19:27:28: Warning: Could not handle missing values for column 2: 'DataFrame' object has no attribute 'dtype'
2025-09-12T19:27:28: Warning: Could not handle missing values for column 2: 'DataFrame' object has no attribute 'dtype'
2025-09-12T19:27:28: ❌ Error in data processing: Reindexing only valid with uniquely valued Index objects
2025-09-12T19:27:28: ✅ Imported ComprehensiveOSNProcessor
2025-09-12T19:27:28: ✅ Imported refined theme modules
2025-09-12T19:27:28: ✅ Applied refined light theme
2025-09-12T19:27:28: ✅ Applied refined black killer
2025-09-12T19:27:28: ✅ Imported ComprehensiveOSNProcessor
2025-09-12T19:27:28: ✅ Imported refined theme modules
2025-09-12T19:27:28: ✅ Applied refined light theme
2025-09-12T19:27:28: ✅ Applied refined black killer
2025-09-12T19:27:28: ✅ Imported ComprehensiveOSNProcessor
2025-09-12T19:27:28: ✅ Imported refined theme modules
2025-09-12T19:27:28: ✅ Applied refined light theme
2025-09-12T19:27:28: ✅ Applied refined black killer
2025-09-12T19:27:28: ✅ Imported ComprehensiveOSNProcessor
2025-09-12T19:27:28: ✅ Imported refined theme modules
2025-09-12T19:27:28: ✅ Applied refined light theme
2025-09-12T19:27:28: ✅ Applied refined black killer
2025-09-12T19:27:28: ✅ Imported ComprehensiveOSNProcessor
2025-09-12T19:27:28: ✅ Imported refined theme modules
2025-09-12T19:27:28: ✅ Applied refined light theme
2025-09-12T19:27:28: ✅ Applied refined black killer
2025-09-12T19:27:28: ✅ Imported ComprehensiveOSNProcessor
2025-09-12T19:27:28: ✅ Imported ComprehensiveOSNProcessor
2025-09-12T19:27:28: ✅ Imported refined theme modules
2025-09-12T19:27:28: ✅ Imported refined theme modules
2025-09-12T19:27:28: ✅ Applied refined light theme
2025-09-12T19:27:28: ✅ Applied refined black killer
2025-09-12T19:27:28: ✅ Imported ComprehensiveOSNProcessor
2025-09-12T19:27:28: ✅ Imported refined theme modules
2025-09-12T19:27:28: ✅ Applied refined light theme
2025-09-12T19:27:28: ✅ Applied refined black killer
2025-09-12T19:27:28:   Stopping...
2025-09-12T19:27:30: 
2025-09-12T19:27:30:   You can now view your Streamlit app in your browser.
2025-09-12T19:27:30: 
2025-09-12T19:27:30:   URL: http://0.0.0.0:8502
2025-09-12T19:27:30: 
2025-09-12T19:27:32: Exception in callback AppSession._on_scriptrunner_event.<locals>.<lambda>() at /usr/local/lib/python3.12/site-packages/streamlit/runtime/app_session.py:519
2025-09-12T19:27:32: handle: <Handle AppSession._on_scriptrunner_event.<locals>.<lambda>() at /usr/local/lib/python3.12/site-packages/streamlit/runtime/app_session.py:519>
2025-09-12T19:27:32: Traceback (most recent call last):
2025-09-12T19:27:32:   File "/usr/local/lib/python3.12/asyncio/events.py", line 88, in _run
2025-09-12T19:27:32:     self._context.run(self._callback, *self._args)
2025-09-12T19:27:32:   File "/usr/local/lib/python3.12/site-packages/streamlit/runtime/app_session.py", line 519, in <lambda>
2025-09-12T19:27:32:     lambda: self._handle_scriptrunner_event_on_event_loop(
2025-09-12T19:27:32:             ^^^^^^^^^^^^^^^^^^^^^^^^^^^^^^^^^^^^^^^^^^^^^^
2025-09-12T19:27:32:   File "/usr/local/lib/python3.12/site-packages/streamlit/runtime/app_session.py", line 616, in _handle_scriptrunner_event_on_event_loop
2025-09-12T19:27:32:     msg = self._create_new_session_message(
2025-09-12T19:27:32:           ^^^^^^^^^^^^^^^^^^^^^^^^^^^^^^^^^
2025-09-12T19:27:32:   File "/usr/local/lib/python3.12/site-packages/streamlit/runtime/app_session.py", line 750, in _create_new_session_message
2025-09-12T19:27:32:     _populate_user_info_msg(imsg.user_info)
2025-09-12T19:27:32:   File "/usr/local/lib/python3.12/site-packages/streamlit/runtime/app_session.py", line 1154, in _populate_user_info_msg
2025-09-12T19:27:32:     inst = Installation.instance()
2025-09-12T19:27:32:            ^^^^^^^^^^^^^^^^^^^^^^^
2025-09-12T19:27:32:   File "/usr/local/lib/python3.12/site-packages/streamlit/runtime/metrics_util.py", line 228, in instance
2025-09-12T19:27:32:     cls._instance = Installation()
2025-09-12T19:27:32:                     ^^^^^^^^^^^^^^
2025-09-12T19:27:32:   File "/usr/local/lib/python3.12/site-packages/streamlit/runtime/metrics_util.py", line 233, in __init__
2025-09-12T19:27:32:     uuid.uuid5(uuid.NAMESPACE_DNS, _get_machine_id_v3())
2025-09-12T19:27:32:                                    ^^^^^^^^^^^^^^^^^^^^
2025-09-12T19:27:32:   File "/usr/local/lib/python3.12/site-packages/streamlit/runtime/metrics_util.py", line 173, in _get_machine_id_v3
2025-09-12T19:27:32:     machine_id = f.read()
2025-09-12T19:27:32:                  ^^^^^^^^
2025-09-12T19:27:32:   File "<frozen codecs>", line 322, in decode
2025-09-12T19:27:32: UnicodeDecodeError: 'utf-8' codec can't decode bytes in position 25-26: invalid continuation byte
2025-09-12T19:27:37: 2025-09-12 19:27:37.182 Please replace `use_container_width` with `width`.
2025-09-12T19:27:37: 
2025-09-12T19:27:37: `use_container_width` will be removed after 2025-12-31.
2025-09-12T19:27:37: 
2025-09-12T19:27:37: For `use_container_width=True`, use `width='stretch'`. For `use_container_width=False`, use `width='content'`.
2025-09-12T19:27:37: 2025-09-12 19:27:37.245 Please replace `use_container_width` with `width`.
2025-09-12T19:27:37: 
2025-09-12T19:27:37: `use_container_width` will be removed after 2025-12-31.
2025-09-12T19:27:37: 
2025-09-12T19:27:37: For `use_container_width=True`, use `width='stretch'`. For `use_container_width=False`, use `width='content'`.
2025-09-12T19:27:58: Exception in callback AppSession._on_scriptrunner_event.<locals>.<lambda>() at /usr/local/lib/python3.12/site-packages/streamlit/runtime/app_session.py:519
2025-09-12T19:27:58: handle: <Handle AppSession._on_scriptrunner_event.<locals>.<lambda>() at /usr/local/lib/python3.12/site-packages/streamlit/runtime/app_session.py:519>
2025-09-12T19:27:58: Traceback (most recent call last):
2025-09-12T19:27:58:   File "/usr/local/lib/python3.12/asyncio/events.py", line 88, in _run
2025-09-12T19:27:58:     self._context.run(self._callback, *self._args)
2025-09-12T19:27:58:   File "/usr/local/lib/python3.12/site-packages/streamlit/runtime/app_session.py", line 519, in <lambda>
2025-09-12T19:27:58:     lambda: self._handle_scriptrunner_event_on_event_loop(
2025-09-12T19:27:58:             ^^^^^^^^^^^^^^^^^^^^^^^^^^^^^^^^^^^^^^^^^^^^^^
2025-09-12T19:27:58:   File "/usr/local/lib/python3.12/site-packages/streamlit/runtime/app_session.py", line 616, in _handle_scriptrunner_event_on_event_loop
2025-09-12T19:27:58:     msg = self._create_new_session_message(
2025-09-12T19:27:58:           ^^^^^^^^^^^^^^^^^^^^^^^^^^^^^^^^^
2025-09-12T19:27:58:   File "/usr/local/lib/python3.12/site-packages/streamlit/runtime/app_session.py", line 750, in _create_new_session_message
2025-09-12T19:27:58:     _populate_user_info_msg(imsg.user_info)
2025-09-12T19:27:58:   File "/usr/local/lib/python3.12/site-packages/streamlit/runtime/app_session.py", line 1154, in _populate_user_info_msg
2025-09-12T19:27:58:     inst = Installation.instance()
2025-09-12T19:27:58:            ^^^^^^^^^^^^^^^^^^^^^^^
2025-09-12T19:27:58:   File "/usr/local/lib/python3.12/site-packages/streamlit/runtime/metrics_util.py", line 228, in instance
2025-09-12T19:27:58:     cls._instance = Installation()
2025-09-12T19:27:58:                     ^^^^^^^^^^^^^^
2025-09-12T19:27:58:   File "/usr/local/lib/python3.12/site-packages/streamlit/runtime/metrics_util.py", line 233, in __init__
2025-09-12T19:27:58:     uuid.uuid5(uuid.NAMESPACE_DNS, _get_machine_id_v3())
2025-09-12T19:27:58:                                    ^^^^^^^^^^^^^^^^^^^^
2025-09-12T19:27:58:   File "/usr/local/lib/python3.12/site-packages/streamlit/runtime/metrics_util.py", line 173, in _get_machine_id_v3
2025-09-12T19:27:58:     machine_id = f.read()
2025-09-12T19:27:58:                  ^^^^^^^^
2025-09-12T19:27:58:   File "<frozen codecs>", line 322, in decode
2025-09-12T19:27:58: UnicodeDecodeError: 'utf-8' codec can't decode bytes in position 25-26: invalid continuation byte
2025-09-12T19:27:59: 2025-09-12 19:27:59.143 Please replace `use_container_width` with `width`.
2025-09-12T19:27:59: 
2025-09-12T19:27:59: `use_container_width` will be removed after 2025-12-31.
2025-09-12T19:27:59: 
2025-09-12T19:27:59: For `use_container_width=True`, use `width='stretch'`. For `use_container_width=False`, use `width='content'`.
2025-09-12T19:27:59: 2025-09-12 19:27:59.154 Please replace `use_container_width` with `width`.
2025-09-12T19:27:59: 
2025-09-12T19:27:59: `use_container_width` will be removed after 2025-12-31.
2025-09-12T19:27:59: 
2025-09-12T19:27:59: For `use_container_width=True`, use `width='stretch'`. For `use_container_width=False`, use `width='content'`.
2025-09-12T19:30:39: Exception in callback AppSession._on_scriptrunner_event.<locals>.<lambda>() at /usr/local/lib/python3.12/site-packages/streamlit/runtime/app_session.py:519
2025-09-12T19:30:39: handle: <Handle AppSession._on_scriptrunner_event.<locals>.<lambda>() at /usr/local/lib/python3.12/site-packages/streamlit/runtime/app_session.py:519>
2025-09-12T19:30:39: Traceback (most recent call last):
2025-09-12T19:30:39:   File "/usr/local/lib/python3.12/asyncio/events.py", line 88, in _run
2025-09-12T19:30:39:     self._context.run(self._callback, *self._args)
2025-09-12T19:30:39:   File "/usr/local/lib/python3.12/site-packages/streamlit/runtime/app_session.py", line 519, in <lambda>
2025-09-12T19:30:39:     lambda: self._handle_scriptrunner_event_on_event_loop(
2025-09-12T19:30:39:             ^^^^^^^^^^^^^^^^^^^^^^^^^^^^^^^^^^^^^^^^^^^^^^
2025-09-12T19:30:39:   File "/usr/local/lib/python3.12/site-packages/streamlit/runtime/app_session.py", line 616, in _handle_scriptrunner_event_on_event_loop
2025-09-12T19:30:39:     msg = self._create_new_session_message(
2025-09-12T19:30:39:           ^^^^^^^^^^^^^^^^^^^^^^^^^^^^^^^^^
2025-09-12T19:30:39:   File "/usr/local/lib/python3.12/site-packages/streamlit/runtime/app_session.py", line 750, in _create_new_session_message
2025-09-12T19:30:39:     _populate_user_info_msg(imsg.user_info)
2025-09-12T19:30:39:   File "/usr/local/lib/python3.12/site-packages/streamlit/runtime/app_session.py", line 1154, in _populate_user_info_msg
2025-09-12T19:30:39:     inst = Installation.instance()
2025-09-12T19:30:39:            ^^^^^^^^^^^^^^^^^^^^^^^
2025-09-12T19:30:39:   File "/usr/local/lib/python3.12/site-packages/streamlit/runtime/metrics_util.py", line 228, in instance
2025-09-12T19:30:39:     cls._instance = Installation()
2025-09-12T19:30:39:                     ^^^^^^^^^^^^^^
2025-09-12T19:30:39:   File "/usr/local/lib/python3.12/site-packages/streamlit/runtime/metrics_util.py", line 233, in __init__
2025-09-12T19:30:39:     uuid.uuid5(uuid.NAMESPACE_DNS, _get_machine_id_v3())
2025-09-12T19:30:39:                                    ^^^^^^^^^^^^^^^^^^^^
2025-09-12T19:30:39:   File "/usr/local/lib/python3.12/site-packages/streamlit/runtime/metrics_util.py", line 173, in _get_machine_id_v3
2025-09-12T19:30:39:     machine_id = f.read()
2025-09-12T19:30:39:                  ^^^^^^^^
2025-09-12T19:30:39:   File "<frozen codecs>", line 322, in decode
2025-09-12T19:30:39: UnicodeDecodeError: 'utf-8' codec can't decode bytes in position 25-26: invalid continuation byte
2025-09-12T19:30:39: 2025-09-12 19:30:39.488 Please replace `use_container_width` with `width`.
2025-09-12T19:30:39: 
2025-09-12T19:30:39: `use_container_width` will be removed after 2025-12-31.
2025-09-12T19:30:39: 
2025-09-12T19:30:39: For `use_container_width=True`, use `width='stretch'`. For `use_container_width=False`, use `width='content'`.
2025-09-12T19:30:39: 2025-09-12 19:30:39.494 Please replace `use_container_width` with `width`.
2025-09-12T19:30:39: 
2025-09-12T19:30:39: `use_container_width` will be removed after 2025-12-31.
2025-09-12T19:30:39: 
2025-09-12T19:30:39: For `use_container_width=True`, use `width='stretch'`. For `use_container_width=False`, use `width='content'`.
2025-09-12T19:30:45: Exception in callback AppSession._on_scriptrunner_event.<locals>.<lambda>() at /usr/local/lib/python3.12/site-packages/streamlit/runtime/app_session.py:519
2025-09-12T19:30:45: handle: <Handle AppSession._on_scriptrunner_event.<locals>.<lambda>() at /usr/local/lib/python3.12/site-packages/streamlit/runtime/app_session.py:519>
2025-09-12T19:30:45: Traceback (most recent call last):
2025-09-12T19:30:45:   File "/usr/local/lib/python3.12/asyncio/events.py", line 88, in _run
2025-09-12T19:30:45:     self._context.run(self._callback, *self._args)
2025-09-12T19:30:45:   File "/usr/local/lib/python3.12/site-packages/streamlit/runtime/app_session.py", line 519, in <lambda>
2025-09-12T19:30:45:     lambda: self._handle_scriptrunner_event_on_event_loop(
2025-09-12T19:30:45:             ^^^^^^^^^^^^^^^^^^^^^^^^^^^^^^^^^^^^^^^^^^^^^^
2025-09-12T19:30:45:   File "/usr/local/lib/python3.12/site-packages/streamlit/runtime/app_session.py", line 616, in _handle_scriptrunner_event_on_event_loop
2025-09-12T19:30:45:     msg = self._create_new_session_message(
2025-09-12T19:30:45:           ^^^^^^^^^^^^^^^^^^^^^^^^^^^^^^^^^
2025-09-12T19:30:45:   File "/usr/local/lib/python3.12/site-packages/streamlit/runtime/app_session.py", line 750, in _create_new_session_message
2025-09-12T19:30:45:     _populate_user_info_msg(imsg.user_info)
2025-09-12T19:30:45:   File "/usr/local/lib/python3.12/site-packages/streamlit/runtime/app_session.py", line 1154, in _populate_user_info_msg
2025-09-12T19:30:45:     inst = Installation.instance()
2025-09-12T19:30:45:            ^^^^^^^^^^^^^^^^^^^^^^^
2025-09-12T19:30:45:   File "/usr/local/lib/python3.12/site-packages/streamlit/runtime/metrics_util.py", line 228, in instance
2025-09-12T19:30:45:     cls._instance = Installation()
2025-09-12T19:30:45:                     ^^^^^^^^^^^^^^
2025-09-12T19:30:45:   File "/usr/local/lib/python3.12/site-packages/streamlit/runtime/metrics_util.py", line 233, in __init__
2025-09-12T19:30:45:     uuid.uuid5(uuid.NAMESPACE_DNS, _get_machine_id_v3())
2025-09-12T19:30:45:                                    ^^^^^^^^^^^^^^^^^^^^
2025-09-12T19:30:45:   File "/usr/local/lib/python3.12/site-packages/streamlit/runtime/metrics_util.py", line 173, in _get_machine_id_v3
2025-09-12T19:30:45:     machine_id = f.read()
2025-09-12T19:30:45:                  ^^^^^^^^
2025-09-12T19:30:45:   File "<frozen codecs>", line 322, in decode
2025-09-12T19:30:45: UnicodeDecodeError: 'utf-8' codec can't decode bytes in position 25-26: invalid continuation byte
2025-09-12T19:30:45: Exception in callback AppSession._on_scriptrunner_event.<locals>.<lambda>() at /usr/local/lib/python3.12/site-packages/streamlit/runtime/app_session.py:519
2025-09-12T19:30:45: handle: <Handle AppSession._on_scriptrunner_event.<locals>.<lambda>() at /usr/local/lib/python3.12/site-packages/streamlit/runtime/app_session.py:519>
2025-09-12T19:30:45: Traceback (most recent call last):
2025-09-12T19:30:45:   File "/usr/local/lib/python3.12/asyncio/events.py", line 88, in _run
2025-09-12T19:30:45:     self._context.run(self._callback, *self._args)
2025-09-12T19:30:45:   File "/usr/local/lib/python3.12/site-packages/streamlit/runtime/app_session.py", line 519, in <lambda>
2025-09-12T19:30:45:     lambda: self._handle_scriptrunner_event_on_event_loop(
2025-09-12T19:30:45:             ^^^^^^^^^^^^^^^^^^^^^^^^^^^^^^^^^^^^^^^^^^^^^^
2025-09-12T19:30:45:   File "/usr/local/lib/python3.12/site-packages/streamlit/runtime/app_session.py", line 616, in _handle_scriptrunner_event_on_event_loop
2025-09-12T19:30:45:     msg = self._create_new_session_message(
2025-09-12T19:30:45:           ^^^^^^^^^^^^^^^^^^^^^^^^^^^^^^^^^
2025-09-12T19:30:45:   File "/usr/local/lib/python3.12/site-packages/streamlit/runtime/app_session.py", line 750, in _create_new_session_message
2025-09-12T19:30:45:     _populate_user_info_msg(imsg.user_info)
2025-09-12T19:30:45:   File "/usr/local/lib/python3.12/site-packages/streamlit/runtime/app_session.py", line 1154, in _populate_user_info_msg
2025-09-12T19:30:45:     inst = Installation.instance()
2025-09-12T19:30:45:            ^^^^^^^^^^^^^^^^^^^^^^^
2025-09-12T19:30:45:   File "/usr/local/lib/python3.12/site-packages/streamlit/runtime/metrics_util.py", line 228, in instance
2025-09-12T19:30:45:     cls._instance = Installation()
2025-09-12T19:30:45:                     ^^^^^^^^^^^^^^
2025-09-12T19:30:45:   File "/usr/local/lib/python3.12/site-packages/streamlit/runtime/metrics_util.py", line 233, in __init__
2025-09-12T19:30:45:     uuid.uuid5(uuid.NAMESPACE_DNS, _get_machine_id_v3())
2025-09-12T19:30:45:                                    ^^^^^^^^^^^^^^^^^^^^
2025-09-12T19:30:45:   File "/usr/local/lib/python3.12/site-packages/streamlit/runtime/metrics_util.py", line 173, in _get_machine_id_v3
2025-09-12T19:30:45:     machine_id = f.read()
2025-09-12T19:30:45:                  ^^^^^^^^
2025-09-12T19:30:45:   File "<frozen codecs>", line 322, in decode
2025-09-12T19:30:45: UnicodeDecodeError: 'utf-8' codec can't decode bytes in position 25-26: invalid continuation byte
2025-09-12T19:30:45: Exception in callback AppSession._on_scriptrunner_event.<locals>.<lambda>() at /usr/local/lib/python3.12/site-packages/streamlit/runtime/app_session.py:519
2025-09-12T19:30:45: handle: <Handle AppSession._on_scriptrunner_event.<locals>.<lambda>() at /usr/local/lib/python3.12/site-packages/streamlit/runtime/app_session.py:519>
2025-09-12T19:30:45: Traceback (most recent call last):
2025-09-12T19:30:45:   File "/usr/local/lib/python3.12/asyncio/events.py", line 88, in _run
2025-09-12T19:30:45:     self._context.run(self._callback, *self._args)
2025-09-12T19:30:45:   File "/usr/local/lib/python3.12/site-packages/streamlit/runtime/app_session.py", line 519, in <lambda>
2025-09-12T19:30:45:     lambda: self._handle_scriptrunner_event_on_event_loop(
2025-09-12T19:30:45:             ^^^^^^^^^^^^^^^^^^^^^^^^^^^^^^^^^^^^^^^^^^^^^^
2025-09-12T19:30:45:   File "/usr/local/lib/python3.12/site-packages/streamlit/runtime/app_session.py", line 616, in _handle_scriptrunner_event_on_event_loop
2025-09-12T19:30:45:     msg = self._create_new_session_message(
2025-09-12T19:30:45:           ^^^^^^^^^^^^^^^^^^^^^^^^^^^^^^^^^
2025-09-12T19:30:45:   File "/usr/local/lib/python3.12/site-packages/streamlit/runtime/app_session.py", line 750, in _create_new_session_message
2025-09-12T19:30:45:     _populate_user_info_msg(imsg.user_info)
2025-09-12T19:30:45:   File "/usr/local/lib/python3.12/site-packages/streamlit/runtime/app_session.py", line 1154, in _populate_user_info_msg
2025-09-12T19:30:45:     inst = Installation.instance()
2025-09-12T19:30:45:            ^^^^^^^^^^^^^^^^^^^^^^^
2025-09-12T19:30:45:   File "/usr/local/lib/python3.12/site-packages/streamlit/runtime/metrics_util.py", line 228, in instance
2025-09-12T19:30:45:     cls._instance = Installation()
2025-09-12T19:30:45:                     ^^^^^^^^^^^^^^
2025-09-12T19:30:45:   File "/usr/local/lib/python3.12/site-packages/streamlit/runtime/metrics_util.py", line 233, in __init__
2025-09-12T19:30:45:     uuid.uuid5(uuid.NAMESPACE_DNS, _get_machine_id_v3())
2025-09-12T19:30:45:                                    ^^^^^^^^^^^^^^^^^^^^
2025-09-12T19:30:45:   File "/usr/local/lib/python3.12/site-packages/streamlit/runtime/metrics_util.py", line 173, in _get_machine_id_v3
2025-09-12T19:30:45:     machine_id = f.read()
2025-09-12T19:30:45:                  ^^^^^^^^
2025-09-12T19:30:45:   File "<frozen codecs>", line 322, in decode
2025-09-12T19:30:45: UnicodeDecodeError: 'utf-8' codec can't decode bytes in position 25-26: invalid continuation byte
2025-09-12T19:30:45: Exception in callback AppSession._on_scriptrunner_event.<locals>.<lambda>() at /usr/local/lib/python3.12/site-packages/streamlit/runtime/app_session.py:519
2025-09-12T19:30:45: handle: <Handle AppSession._on_scriptrunner_event.<locals>.<lambda>() at /usr/local/lib/python3.12/site-packages/streamlit/runtime/app_session.py:519>
2025-09-12T19:30:45: Traceback (most recent call last):
2025-09-12T19:30:45:   File "/usr/local/lib/python3.12/asyncio/events.py", line 88, in _run
2025-09-12T19:30:45:     self._context.run(self._callback, *self._args)
2025-09-12T19:30:45:   File "/usr/local/lib/python3.12/site-packages/streamlit/runtime/app_session.py", line 519, in <lambda>
2025-09-12T19:30:45:     lambda: self._handle_scriptrunner_event_on_event_loop(
2025-09-12T19:30:45:             ^^^^^^^^^^^^^^^^^^^^^^^^^^^^^^^^^^^^^^^^^^^^^^
2025-09-12T19:30:45:   File "/usr/local/lib/python3.12/site-packages/streamlit/runtime/app_session.py", line 616, in _handle_scriptrunner_event_on_event_loop
2025-09-12T19:30:45:     msg = self._create_new_session_message(
2025-09-12T19:30:45:           ^^^^^^^^^^^^^^^^^^^^^^^^^^^^^^^^^
2025-09-12T19:30:45:   File "/usr/local/lib/python3.12/site-packages/streamlit/runtime/app_session.py", line 750, in _create_new_session_message
2025-09-12T19:30:45:     _populate_user_info_msg(imsg.user_info)
2025-09-12T19:30:45:   File "/usr/local/lib/python3.12/site-packages/streamlit/runtime/app_session.py", line 1154, in _populate_user_info_msg
2025-09-12T19:30:45:     inst = Installation.instance()
2025-09-12T19:30:45:            ^^^^^^^^^^^^^^^^^^^^^^^
2025-09-12T19:30:45:   File "/usr/local/lib/python3.12/site-packages/streamlit/runtime/metrics_util.py", line 228, in instance
2025-09-12T19:30:45:     cls._instance = Installation()
2025-09-12T19:30:45:                     ^^^^^^^^^^^^^^
2025-09-12T19:30:45:   File "/usr/local/lib/python3.12/site-packages/streamlit/runtime/metrics_util.py", line 233, in __init__
2025-09-12T19:30:45:     uuid.uuid5(uuid.NAMESPACE_DNS, _get_machine_id_v3())
2025-09-12T19:30:45:                                    ^^^^^^^^^^^^^^^^^^^^
2025-09-12T19:30:45:   File "/usr/local/lib/python3.12/site-packages/streamlit/runtime/metrics_util.py", line 173, in _get_machine_id_v3
2025-09-12T19:30:45:     machine_id = f.read()
2025-09-12T19:30:45:                  ^^^^^^^^
2025-09-12T19:30:45:   File "<frozen codecs>", line 322, in decode
2025-09-12T19:30:45: UnicodeDecodeError: 'utf-8' codec can't decode bytes in position 25-26: invalid continuation byte
2025-09-12T19:30:46: 2025-09-12 19:30:46.359 Please replace `use_container_width` with `width`.
2025-09-12T19:30:46: 
2025-09-12T19:30:46: `use_container_width` will be removed after 2025-12-31.
2025-09-12T19:30:46: 
2025-09-12T19:30:46: For `use_container_width=True`, use `width='stretch'`. For `use_container_width=False`, use `width='content'`.
2025-09-12T19:30:46: 2025-09-12 19:30:46.364 Please replace `use_container_width` with `width`.
2025-09-12T19:30:46: 
2025-09-12T19:30:46: `use_container_width` will be removed after 2025-12-31.
2025-09-12T19:30:46: 
2025-09-12T19:30:46: For `use_container_width=True`, use `width='stretch'`. For `use_container_width=False`, use `width='content'`.
2025-09-12T19:30:46: 2025-09-12 19:30:46.636 Please replace `use_container_width` with `width`.
2025-09-12T19:30:46: 
2025-09-12T19:30:46: `use_container_width` will be removed after 2025-12-31.
2025-09-12T19:30:46: 
2025-09-12T19:30:46: For `use_container_width=True`, use `width='stretch'`. For `use_container_width=False`, use `width='content'`.
2025-09-12T19:30:46: 2025-09-12 19:30:46.652 Please replace `use_container_width` with `width`.
2025-09-12T19:30:46: 
2025-09-12T19:30:46: `use_container_width` will be removed after 2025-12-31.
2025-09-12T19:30:46: 
2025-09-12T19:30:46: For `use_container_width=True`, use `width='stretch'`. For `use_container_width=False`, use `width='content'`.
2025-09-12T19:30:47: ✅ Imported ComprehensiveOSNProcessor
2025-09-12T19:30:47: ✅ Imported refined theme modules
2025-09-12T19:30:47: ✅ Applied refined light theme
2025-09-12T19:30:47: ✅ Applied refined black killer
2025-09-12T19:30:47: 🔄 Loading comprehensive survey data...
2025-09-12T19:30:47: 📊 Found sheets: ['Guests (UAE)', 'Guests Online (KSA)']
2025-09-12T19:30:47: 📋 Processing sheet: Guests (UAE)
2025-09-12T19:30:47: 📋 Processing sheet: Guests Online (KSA)
2025-09-12T19:30:47: ✅ Combined data: 394 total responses
2025-09-12T19:30:47: ✅ Comprehensive data processing complete! Processed 2 sheets.
2025-09-12T19:30:47: ✅ Imported ComprehensiveOSNProcessor
2025-09-12T19:30:47: ✅ Imported refined theme modules
2025-09-12T19:30:47: ✅ Applied refined light theme
2025-09-12T19:30:47: ✅ Applied refined black killer
2025-09-12T19:30:47: ✅ Imported ComprehensiveOSNProcessor
2025-09-12T19:30:47: ✅ Imported refined theme modules
2025-09-12T19:30:47: ✅ Applied refined light theme
2025-09-12T19:30:47: ✅ Applied refined black killer
2025-09-12T19:30:47: ✅ Imported ComprehensiveOSNProcessor
2025-09-12T19:30:47: ✅ Imported refined theme modules
2025-09-12T19:30:47: ✅ Imported ComprehensiveOSNProcessor
2025-09-12T19:30:47: ✅ Imported refined theme modules
2025-09-12T19:30:47: ✅ Applied refined light theme
2025-09-12T19:30:47: ✅ Applied refined black killer
2025-09-12T19:30:47: ✅ Imported ComprehensiveOSNProcessor
2025-09-12T19:30:47: ✅ Imported refined theme modules
2025-09-12T19:30:47: ✅ Applied refined light theme
2025-09-12T19:30:47: ✅ Applied refined black killer
2025-09-12T19:30:47: [31m──[0m[31m────────────────────────[0m[31m [0m[1;31mTraceback [0m[1;2;31m(most recent call last)[0m[31m [0m[31m─────────────────────────[0m[31m──[0m
2025-09-12T19:30:47: [31m [0m [2m/usr/local/lib/python3.12/site-packages/streamlit/runtime/scriptrunner/[0m[1mexec_code.py[0m: [31m [0m
2025-09-12T19:30:47: [31m [0m 128 in exec_func_with_error_handling                                                 [31m [0m
2025-09-12T19:30:47: [31m [0m                                                                                      [31m [0m
2025-09-12T19:30:47: [31m [0m [2m/usr/local/lib/python3.12/site-packages/streamlit/runtime/scriptrunner/[0m[1mscript_runner[0m [31m [0m
2025-09-12T19:30:47: [31m [0m [1m.py[0m:669 in code_to_exec                                                              [31m [0m
2025-09-12T19:30:47: [31m [0m                                                                                      [31m [0m
2025-09-12T19:30:47: [31m [0m [2m/home/user/webapp/[0m[1menhanced_streamlit_app.py[0m:29 in <module>                           [31m [0m
2025-09-12T19:30:47: [31m [0m                                                                                      [31m [0m
2025-09-12T19:30:47: [31m [0m   [2m 26 [0m                                                                               [31m [0m
2025-09-12T19:30:47: [31m [0m   [2m 27 [0m[2m# Import enhanced data processor[0m                                               [31m [0m
2025-09-12T19:30:47: [31m [0m   [2m 28 [0m[94mtry[0m:                                                                           [31m [0m
2025-09-12T19:30:47: [31m [0m [31m❱ [0m 29 [2m│   [0m[94mfrom[0m[90m [0m[4;96mcomprehensive_data_processor[0m[90m [0m[94mimport[0m ComprehensiveOSNProcessor         [31m [0m
2025-09-12T19:30:47: [31m [0m   [2m 30 [0m[2m│   [0m[96mprint[0m([33m"[0m[33m✅ Imported ComprehensiveOSNProcessor[0m[33m"[0m)                             [31m [0m
2025-09-12T19:30:47: [31m [0m   [2m 31 [0m[1;4;94mexcept[0m[1;4m [0m[1;4;96mImportError[0m[1;4m [0m[1;4;94mas[0m[1;4m e:[0m                                                       [31m [0m
2025-09-12T19:30:47: [31m [0m   [2m 32 [0m[2m│   [0m[1;4mst.error([0m[1;4;33mf[0m[1;4;33m"[0m[1;4;33mCould not import ComprehensiveOSNProcessor: [0m[1;4;33m{[0m[1;4me[0m[1;4;33m}[0m[1;4;33m"[0m[1;4m)[0m               [31m [0m
2025-09-12T19:30:47: [31m [0m in _find_and_load:1360                                                               [31m [0m
2025-09-12T19:30:47: [31m [0m in _find_and_load_unlocked:1331                                                      [31m [0m
2025-09-12T19:30:47: [31m [0m in _load_unlocked:946                                                                [31m [0m
2025-09-12T19:30:47: [31m────────────────────────────────────────────────────────────────────────────────────────[0m
2025-09-12T19:30:47: [1;91mKeyError: [0m[32m'comprehensive_data_processor'[0m
2025-09-12T19:31:03: Exception in callback AppSession._on_scriptrunner_event.<locals>.<lambda>() at /usr/local/lib/python3.12/site-packages/streamlit/runtime/app_session.py:519
2025-09-12T19:31:03: handle: <Handle AppSession._on_scriptrunner_event.<locals>.<lambda>() at /usr/local/lib/python3.12/site-packages/streamlit/runtime/app_session.py:519>
2025-09-12T19:31:03: Traceback (most recent call last):
2025-09-12T19:31:03:   File "/usr/local/lib/python3.12/asyncio/events.py", line 88, in _run
2025-09-12T19:31:03:     self._context.run(self._callback, *self._args)
2025-09-12T19:31:03:   File "/usr/local/lib/python3.12/site-packages/streamlit/runtime/app_session.py", line 519, in <lambda>
2025-09-12T19:31:03:     lambda: self._handle_scriptrunner_event_on_event_loop(
2025-09-12T19:31:03:             ^^^^^^^^^^^^^^^^^^^^^^^^^^^^^^^^^^^^^^^^^^^^^^
2025-09-12T19:31:03:   File "/usr/local/lib/python3.12/site-packages/streamlit/runtime/app_session.py", line 616, in _handle_scriptrunner_event_on_event_loop
2025-09-12T19:31:03:     msg = self._create_new_session_message(
2025-09-12T19:31:03:           ^^^^^^^^^^^^^^^^^^^^^^^^^^^^^^^^^
2025-09-12T19:31:03:   File "/usr/local/lib/python3.12/site-packages/streamlit/runtime/app_session.py", line 750, in _create_new_session_message
2025-09-12T19:31:03:     _populate_user_info_msg(imsg.user_info)
2025-09-12T19:31:03:   File "/usr/local/lib/python3.12/site-packages/streamlit/runtime/app_session.py", line 1154, in _populate_user_info_msg
2025-09-12T19:31:03:     inst = Installation.instance()
2025-09-12T19:31:03:            ^^^^^^^^^^^^^^^^^^^^^^^
2025-09-12T19:31:03:   File "/usr/local/lib/python3.12/site-packages/streamlit/runtime/metrics_util.py", line 228, in instance
2025-09-12T19:31:03:     cls._instance = Installation()
2025-09-12T19:31:03:                     ^^^^^^^^^^^^^^
2025-09-12T19:31:03:   File "/usr/local/lib/python3.12/site-packages/streamlit/runtime/metrics_util.py", line 233, in __init__
2025-09-12T19:31:03:     uuid.uuid5(uuid.NAMESPACE_DNS, _get_machine_id_v3())
2025-09-12T19:31:03:                                    ^^^^^^^^^^^^^^^^^^^^
2025-09-12T19:31:03:   File "/usr/local/lib/python3.12/site-packages/streamlit/runtime/metrics_util.py", line 173, in _get_machine_id_v3
2025-09-12T19:31:03:     machine_id = f.read()
2025-09-12T19:31:03:                  ^^^^^^^^
2025-09-12T19:31:03:   File "<frozen codecs>", line 322, in decode
2025-09-12T19:31:03: UnicodeDecodeError: 'utf-8' codec can't decode bytes in position 25-26: invalid continuation byte
2025-09-12T19:31:03: Exception in callback AppSession._on_scriptrunner_event.<locals>.<lambda>() at /usr/local/lib/python3.12/site-packages/streamlit/runtime/app_session.py:519
2025-09-12T19:31:03: handle: <Handle AppSession._on_scriptrunner_event.<locals>.<lambda>() at /usr/local/lib/python3.12/site-packages/streamlit/runtime/app_session.py:519>
2025-09-12T19:31:03: Traceback (most recent call last):
2025-09-12T19:31:03:   File "/usr/local/lib/python3.12/asyncio/events.py", line 88, in _run
2025-09-12T19:31:03:     self._context.run(self._callback, *self._args)
2025-09-12T19:31:03:   File "/usr/local/lib/python3.12/site-packages/streamlit/runtime/app_session.py", line 519, in <lambda>
2025-09-12T19:31:03:     lambda: self._handle_scriptrunner_event_on_event_loop(
2025-09-12T19:31:03:             ^^^^^^^^^^^^^^^^^^^^^^^^^^^^^^^^^^^^^^^^^^^^^^
2025-09-12T19:31:03:   File "/usr/local/lib/python3.12/site-packages/streamlit/runtime/app_session.py", line 616, in _handle_scriptrunner_event_on_event_loop
2025-09-12T19:31:03:     msg = self._create_new_session_message(
2025-09-12T19:31:03:           ^^^^^^^^^^^^^^^^^^^^^^^^^^^^^^^^^
2025-09-12T19:31:03:   File "/usr/local/lib/python3.12/site-packages/streamlit/runtime/app_session.py", line 750, in _create_new_session_message
2025-09-12T19:31:03:     _populate_user_info_msg(imsg.user_info)
2025-09-12T19:31:03:   File "/usr/local/lib/python3.12/site-packages/streamlit/runtime/app_session.py", line 1154, in _populate_user_info_msg
2025-09-12T19:31:03:     inst = Installation.instance()
2025-09-12T19:31:03:            ^^^^^^^^^^^^^^^^^^^^^^^
2025-09-12T19:31:03:   File "/usr/local/lib/python3.12/site-packages/streamlit/runtime/metrics_util.py", line 228, in instance
2025-09-12T19:31:03:     cls._instance = Installation()
2025-09-12T19:31:03:                     ^^^^^^^^^^^^^^
2025-09-12T19:31:03:   File "/usr/local/lib/python3.12/site-packages/streamlit/runtime/metrics_util.py", line 233, in __init__
2025-09-12T19:31:03:     uuid.uuid5(uuid.NAMESPACE_DNS, _get_machine_id_v3())
2025-09-12T19:31:03:                                    ^^^^^^^^^^^^^^^^^^^^
2025-09-12T19:31:03:   File "/usr/local/lib/python3.12/site-packages/streamlit/runtime/metrics_util.py", line 173, in _get_machine_id_v3
2025-09-12T19:31:03:     machine_id = f.read()
2025-09-12T19:31:03:                  ^^^^^^^^
2025-09-12T19:31:03:   File "<frozen codecs>", line 322, in decode
2025-09-12T19:31:03: UnicodeDecodeError: 'utf-8' codec can't decode bytes in position 25-26: invalid continuation byte
2025-09-12T19:31:03: Exception in callback AppSession._on_scriptrunner_event.<locals>.<lambda>() at /usr/local/lib/python3.12/site-packages/streamlit/runtime/app_session.py:519
2025-09-12T19:31:03: handle: <Handle AppSession._on_scriptrunner_event.<locals>.<lambda>() at /usr/local/lib/python3.12/site-packages/streamlit/runtime/app_session.py:519>
2025-09-12T19:31:03: Traceback (most recent call last):
2025-09-12T19:31:03:   File "/usr/local/lib/python3.12/asyncio/events.py", line 88, in _run
2025-09-12T19:31:03:     self._context.run(self._callback, *self._args)
2025-09-12T19:31:03:   File "/usr/local/lib/python3.12/site-packages/streamlit/runtime/app_session.py", line 519, in <lambda>
2025-09-12T19:31:03:     lambda: self._handle_scriptrunner_event_on_event_loop(
2025-09-12T19:31:03:             ^^^^^^^^^^^^^^^^^^^^^^^^^^^^^^^^^^^^^^^^^^^^^^
2025-09-12T19:31:03:   File "/usr/local/lib/python3.12/site-packages/streamlit/runtime/app_session.py", line 616, in _handle_scriptrunner_event_on_event_loop
2025-09-12T19:31:03:     msg = self._create_new_session_message(
2025-09-12T19:31:03:           ^^^^^^^^^^^^^^^^^^^^^^^^^^^^^^^^^
2025-09-12T19:31:03:   File "/usr/local/lib/python3.12/site-packages/streamlit/runtime/app_session.py", line 750, in _create_new_session_message
2025-09-12T19:31:03:     _populate_user_info_msg(imsg.user_info)
2025-09-12T19:31:03:   File "/usr/local/lib/python3.12/site-packages/streamlit/runtime/app_session.py", line 1154, in _populate_user_info_msg
2025-09-12T19:31:03:     inst = Installation.instance()
2025-09-12T19:31:03:            ^^^^^^^^^^^^^^^^^^^^^^^
2025-09-12T19:31:03:   File "/usr/local/lib/python3.12/site-packages/streamlit/runtime/metrics_util.py", line 228, in instance
2025-09-12T19:31:03:     cls._instance = Installation()
2025-09-12T19:31:03:                     ^^^^^^^^^^^^^^
2025-09-12T19:31:03:   File "/usr/local/lib/python3.12/site-packages/streamlit/runtime/metrics_util.py", line 233, in __init__
2025-09-12T19:31:03:     uuid.uuid5(uuid.NAMESPACE_DNS, _get_machine_id_v3())
2025-09-12T19:31:03:                                    ^^^^^^^^^^^^^^^^^^^^
2025-09-12T19:31:03:   File "/usr/local/lib/python3.12/site-packages/streamlit/runtime/metrics_util.py", line 173, in _get_machine_id_v3
2025-09-12T19:31:03:     machine_id = f.read()
2025-09-12T19:31:03:                  ^^^^^^^^
2025-09-12T19:31:03:   File "<frozen codecs>", line 322, in decode
2025-09-12T19:31:03: UnicodeDecodeError: 'utf-8' codec can't decode bytes in position 25-26: invalid continuation byte
2025-09-12T19:31:03: [31m──[0m[31m────────────────────────[0m[31m [0m[1;31mTraceback [0m[1;2;31m(most recent call last)[0m[31m [0m[31m─────────────────────────[0m[31m──[0m
2025-09-12T19:31:03: [31m [0m [2m/usr/local/lib/python3.12/site-packages/streamlit/runtime/scriptrunner/[0m[1mexec_code.py[0m: [31m [0m
2025-09-12T19:31:03: [31m [0m 128 in exec_func_with_error_handling                                                 [31m [0m
2025-09-12T19:31:03: [31m [0m                                                                                      [31m [0m
2025-09-12T19:31:03: [31m [0m [2m/usr/local/lib/python3.12/site-packages/streamlit/runtime/scriptrunner/[0m[1mscript_runner[0m [31m [0m
2025-09-12T19:31:03: [31m [0m [1m.py[0m:669 in code_to_exec                                                              [31m [0m
2025-09-12T19:31:03: [31m [0m                                                                                      [31m [0m
2025-09-12T19:31:03: [31m [0m [2m/home/user/webapp/[0m[1menhanced_streamlit_app.py[0m:29 in <module>                           [31m [0m
2025-09-12T19:31:03: [31m [0m                                                                                      [31m [0m
2025-09-12T19:31:03: [31m [0m   [2m 26 [0m                                                                               [31m [0m
2025-09-12T19:31:03: [31m [0m   [2m 27 [0m[2m# Import enhanced data processor[0m                                               [31m [0m
2025-09-12T19:31:03: [31m [0m   [2m 28 [0m[94mtry[0m:                                                                           [31m [0m
2025-09-12T19:31:03: [31m [0m [31m❱ [0m 29 [2m│   [0m[94mfrom[0m[90m [0m[4;96mcomprehensive_data_processor[0m[90m [0m[94mimport[0m ComprehensiveOSNProcessor         [31m [0m
2025-09-12T19:31:03: [31m [0m   [2m 30 [0m[2m│   [0m[96mprint[0m([33m"[0m[33m✅ Imported ComprehensiveOSNProcessor[0m[33m"[0m)                             [31m [0m
2025-09-12T19:31:03: [31m [0m   [2m 31 [0m[1;4;94mexcept[0m[1;4m [0m[1;4;96mImportError[0m[1;4m [0m[1;4;94mas[0m[1;4m e:[0m                                                       [31m [0m
2025-09-12T19:31:03: [31m [0m   [2m 32 [0m[2m│   [0m[1;4mst.error([0m[1;4;33mf[0m[1;4;33m"[0m[1;4;33mCould not import ComprehensiveOSNProcessor: [0m[1;4;33m{[0m[1;4me[0m[1;4;33m}[0m[1;4;33m"[0m[1;4m)[0m               [31m [0m
2025-09-12T19:31:03: [31m [0m in _find_and_load:1360                                                               [31m [0m
2025-09-12T19:31:03: [31m [0m in _find_and_load_unlocked:1331                                                      [31m [0m
2025-09-12T19:31:03: [31m [0m in _load_unlocked:946                                                                [31m [0m
2025-09-12T19:31:03: [31m────────────────────────────────────────────────────────────────────────────────────────[0m
2025-09-12T19:31:03: [1;91mKeyError: [0m[32m'comprehensive_data_processor'[0m
2025-09-12T19:31:04: Exception in callback AppSession._on_scriptrunner_event.<locals>.<lambda>() at /usr/local/lib/python3.12/site-packages/streamlit/runtime/app_session.py:519
2025-09-12T19:31:04: handle: <Handle AppSession._on_scriptrunner_event.<locals>.<lambda>() at /usr/local/lib/python3.12/site-packages/streamlit/runtime/app_session.py:519>
2025-09-12T19:31:04: Traceback (most recent call last):
2025-09-12T19:31:04:   File "/usr/local/lib/python3.12/asyncio/events.py", line 88, in _run
2025-09-12T19:31:04:     self._context.run(self._callback, *self._args)
2025-09-12T19:31:04:   File "/usr/local/lib/python3.12/site-packages/streamlit/runtime/app_session.py", line 519, in <lambda>
2025-09-12T19:31:04:     lambda: self._handle_scriptrunner_event_on_event_loop(
2025-09-12T19:31:04:             ^^^^^^^^^^^^^^^^^^^^^^^^^^^^^^^^^^^^^^^^^^^^^^
2025-09-12T19:31:04:   File "/usr/local/lib/python3.12/site-packages/streamlit/runtime/app_session.py", line 616, in _handle_scriptrunner_event_on_event_loop
2025-09-12T19:31:04:     msg = self._create_new_session_message(
2025-09-12T19:31:04:           ^^^^^^^^^^^^^^^^^^^^^^^^^^^^^^^^^
2025-09-12T19:31:04:   File "/usr/local/lib/python3.12/site-packages/streamlit/runtime/app_session.py", line 750, in _create_new_session_message
2025-09-12T19:31:04:     _populate_user_info_msg(imsg.user_info)
2025-09-12T19:31:04:   File "/usr/local/lib/python3.12/site-packages/streamlit/runtime/app_session.py", line 1154, in _populate_user_info_msg
2025-09-12T19:31:04:     inst = Installation.instance()
2025-09-12T19:31:04:            ^^^^^^^^^^^^^^^^^^^^^^^
2025-09-12T19:31:04:   File "/usr/local/lib/python3.12/site-packages/streamlit/runtime/metrics_util.py", line 228, in instance
2025-09-12T19:31:04:     cls._instance = Installation()
2025-09-12T19:31:04:                     ^^^^^^^^^^^^^^
2025-09-12T19:31:04:   File "/usr/local/lib/python3.12/site-packages/streamlit/runtime/metrics_util.py", line 233, in __init__
2025-09-12T19:31:04:     uuid.uuid5(uuid.NAMESPACE_DNS, _get_machine_id_v3())
2025-09-12T19:31:04:                                    ^^^^^^^^^^^^^^^^^^^^
2025-09-12T19:31:04:   File "/usr/local/lib/python3.12/site-packages/streamlit/runtime/metrics_util.py", line 173, in _get_machine_id_v3
2025-09-12T19:31:04:     machine_id = f.read()
2025-09-12T19:31:04:                  ^^^^^^^^
2025-09-12T19:31:04:   File "<frozen codecs>", line 322, in decode
2025-09-12T19:31:04: UnicodeDecodeError: 'utf-8' codec can't decode bytes in position 25-26: invalid continuation byte
2025-09-12T19:31:04: 2025-09-12 19:31:04.755 Please replace `use_container_width` with `width`.
2025-09-12T19:31:04: 
2025-09-12T19:31:04: `use_container_width` will be removed after 2025-12-31.
2025-09-12T19:31:04: 
2025-09-12T19:31:04: For `use_container_width=True`, use `width='stretch'`. For `use_container_width=False`, use `width='content'`.
2025-09-12T19:31:04: 2025-09-12 19:31:04.762 Please replace `use_container_width` with `width`.
2025-09-12T19:31:04: 
2025-09-12T19:31:04: `use_container_width` will be removed after 2025-12-31.
2025-09-12T19:31:04: 
2025-09-12T19:31:04: For `use_container_width=True`, use `width='stretch'`. For `use_container_width=False`, use `width='content'`.
2025-09-12T19:31:04: 2025-09-12 19:31:04.822 Please replace `use_container_width` with `width`.
2025-09-12T19:31:04: 
2025-09-12T19:31:04: `use_container_width` will be removed after 2025-12-31.
2025-09-12T19:31:04: 
2025-09-12T19:31:04: For `use_container_width=True`, use `width='stretch'`. For `use_container_width=False`, use `width='content'`.
2025-09-12T19:31:04: 2025-09-12 19:31:04.830 Please replace `use_container_width` with `width`.
2025-09-12T19:31:04: 
2025-09-12T19:31:04: `use_container_width` will be removed after 2025-12-31.
2025-09-12T19:31:04: 
2025-09-12T19:31:04: For `use_container_width=True`, use `width='stretch'`. For `use_container_width=False`, use `width='content'`.
2025-09-12T19:31:24: Exception in callback AppSession._on_scriptrunner_event.<locals>.<lambda>() at /usr/local/lib/python3.12/site-packages/streamlit/runtime/app_session.py:519
2025-09-12T19:31:24: handle: <Handle AppSession._on_scriptrunner_event.<locals>.<lambda>() at /usr/local/lib/python3.12/site-packages/streamlit/runtime/app_session.py:519>
2025-09-12T19:31:24: Traceback (most recent call last):
2025-09-12T19:31:24:   File "/usr/local/lib/python3.12/asyncio/events.py", line 88, in _run
2025-09-12T19:31:24:     self._context.run(self._callback, *self._args)
2025-09-12T19:31:24:   File "/usr/local/lib/python3.12/site-packages/streamlit/runtime/app_session.py", line 519, in <lambda>
2025-09-12T19:31:24:     lambda: self._handle_scriptrunner_event_on_event_loop(
2025-09-12T19:31:24:             ^^^^^^^^^^^^^^^^^^^^^^^^^^^^^^^^^^^^^^^^^^^^^^
2025-09-12T19:31:24:   File "/usr/local/lib/python3.12/site-packages/streamlit/runtime/app_session.py", line 616, in _handle_scriptrunner_event_on_event_loop
2025-09-12T19:31:24:     msg = self._create_new_session_message(
2025-09-12T19:31:24:           ^^^^^^^^^^^^^^^^^^^^^^^^^^^^^^^^^
2025-09-12T19:31:24:   File "/usr/local/lib/python3.12/site-packages/streamlit/runtime/app_session.py", line 750, in _create_new_session_message
2025-09-12T19:31:24:     _populate_user_info_msg(imsg.user_info)
2025-09-12T19:31:24:   File "/usr/local/lib/python3.12/site-packages/streamlit/runtime/app_session.py", line 1154, in _populate_user_info_msg
2025-09-12T19:31:24:     inst = Installation.instance()
2025-09-12T19:31:24:            ^^^^^^^^^^^^^^^^^^^^^^^
2025-09-12T19:31:24:   File "/usr/local/lib/python3.12/site-packages/streamlit/runtime/metrics_util.py", line 228, in instance
2025-09-12T19:31:24:     cls._instance = Installation()
2025-09-12T19:31:24:                     ^^^^^^^^^^^^^^
2025-09-12T19:31:24:   File "/usr/local/lib/python3.12/site-packages/streamlit/runtime/metrics_util.py", line 233, in __init__
2025-09-12T19:31:24:     uuid.uuid5(uuid.NAMESPACE_DNS, _get_machine_id_v3())
2025-09-12T19:31:24:                                    ^^^^^^^^^^^^^^^^^^^^
2025-09-12T19:31:24:   File "/usr/local/lib/python3.12/site-packages/streamlit/runtime/metrics_util.py", line 173, in _get_machine_id_v3
2025-09-12T19:31:24:     machine_id = f.read()
2025-09-12T19:31:24:                  ^^^^^^^^
2025-09-12T19:31:24:   File "<frozen codecs>", line 322, in decode
2025-09-12T19:31:24: UnicodeDecodeError: 'utf-8' codec can't decode bytes in position 25-26: invalid continuation byte
2025-09-12T19:31:24: Exception in callback AppSession._on_scriptrunner_event.<locals>.<lambda>() at /usr/local/lib/python3.12/site-packages/streamlit/runtime/app_session.py:519
2025-09-12T19:31:24: handle: <Handle AppSession._on_scriptrunner_event.<locals>.<lambda>() at /usr/local/lib/python3.12/site-packages/streamlit/runtime/app_session.py:519>
2025-09-12T19:31:24: Traceback (most recent call last):
2025-09-12T19:31:24:   File "/usr/local/lib/python3.12/asyncio/events.py", line 88, in _run
2025-09-12T19:31:24:     self._context.run(self._callback, *self._args)
2025-09-12T19:31:24:   File "/usr/local/lib/python3.12/site-packages/streamlit/runtime/app_session.py", line 519, in <lambda>
2025-09-12T19:31:24:     lambda: self._handle_scriptrunner_event_on_event_loop(
2025-09-12T19:31:24:             ^^^^^^^^^^^^^^^^^^^^^^^^^^^^^^^^^^^^^^^^^^^^^^
2025-09-12T19:31:24:   File "/usr/local/lib/python3.12/site-packages/streamlit/runtime/app_session.py", line 616, in _handle_scriptrunner_event_on_event_loop
2025-09-12T19:31:24:     msg = self._create_new_session_message(
2025-09-12T19:31:24:           ^^^^^^^^^^^^^^^^^^^^^^^^^^^^^^^^^
2025-09-12T19:31:24:   File "/usr/local/lib/python3.12/site-packages/streamlit/runtime/app_session.py", line 750, in _create_new_session_message
2025-09-12T19:31:24:     _populate_user_info_msg(imsg.user_info)
2025-09-12T19:31:24:   File "/usr/local/lib/python3.12/site-packages/streamlit/runtime/app_session.py", line 1154, in _populate_user_info_msg
2025-09-12T19:31:24:     inst = Installation.instance()
2025-09-12T19:31:24:            ^^^^^^^^^^^^^^^^^^^^^^^
2025-09-12T19:31:24:   File "/usr/local/lib/python3.12/site-packages/streamlit/runtime/metrics_util.py", line 228, in instance
2025-09-12T19:31:24:     cls._instance = Installation()
2025-09-12T19:31:24:                     ^^^^^^^^^^^^^^
2025-09-12T19:31:24:   File "/usr/local/lib/python3.12/site-packages/streamlit/runtime/metrics_util.py", line 233, in __init__
2025-09-12T19:31:24:     uuid.uuid5(uuid.NAMESPACE_DNS, _get_machine_id_v3())
2025-09-12T19:31:24:                                    ^^^^^^^^^^^^^^^^^^^^
2025-09-12T19:31:24:   File "/usr/local/lib/python3.12/site-packages/streamlit/runtime/metrics_util.py", line 173, in _get_machine_id_v3
2025-09-12T19:31:24:     machine_id = f.read()
2025-09-12T19:31:24:                  ^^^^^^^^
2025-09-12T19:31:24:   File "<frozen codecs>", line 322, in decode
2025-09-12T19:31:24: UnicodeDecodeError: 'utf-8' codec can't decode bytes in position 25-26: invalid continuation byte
2025-09-12T19:31:24: Exception in callback AppSession._on_scriptrunner_event.<locals>.<lambda>() at /usr/local/lib/python3.12/site-packages/streamlit/runtime/app_session.py:519
2025-09-12T19:31:24: handle: <Handle AppSession._on_scriptrunner_event.<locals>.<lambda>() at /usr/local/lib/python3.12/site-packages/streamlit/runtime/app_session.py:519>
2025-09-12T19:31:24: Traceback (most recent call last):
2025-09-12T19:31:24:   File "/usr/local/lib/python3.12/asyncio/events.py", line 88, in _run
2025-09-12T19:31:24:     self._context.run(self._callback, *self._args)
2025-09-12T19:31:24:   File "/usr/local/lib/python3.12/site-packages/streamlit/runtime/app_session.py", line 519, in <lambda>
2025-09-12T19:31:24:     lambda: self._handle_scriptrunner_event_on_event_loop(
2025-09-12T19:31:24:             ^^^^^^^^^^^^^^^^^^^^^^^^^^^^^^^^^^^^^^^^^^^^^^
2025-09-12T19:31:24:   File "/usr/local/lib/python3.12/site-packages/streamlit/runtime/app_session.py", line 616, in _handle_scriptrunner_event_on_event_loop
2025-09-12T19:31:24:     msg = self._create_new_session_message(
2025-09-12T19:31:24:           ^^^^^^^^^^^^^^^^^^^^^^^^^^^^^^^^^
2025-09-12T19:31:24:   File "/usr/local/lib/python3.12/site-packages/streamlit/runtime/app_session.py", line 750, in _create_new_session_message
2025-09-12T19:31:24:     _populate_user_info_msg(imsg.user_info)
2025-09-12T19:31:24:   File "/usr/local/lib/python3.12/site-packages/streamlit/runtime/app_session.py", line 1154, in _populate_user_info_msg
2025-09-12T19:31:24:     inst = Installation.instance()
2025-09-12T19:31:24:            ^^^^^^^^^^^^^^^^^^^^^^^
2025-09-12T19:31:24:   File "/usr/local/lib/python3.12/site-packages/streamlit/runtime/metrics_util.py", line 228, in instance
2025-09-12T19:31:24:     cls._instance = Installation()
2025-09-12T19:31:24:                     ^^^^^^^^^^^^^^
2025-09-12T19:31:24:   File "/usr/local/lib/python3.12/site-packages/streamlit/runtime/metrics_util.py", line 233, in __init__
2025-09-12T19:31:24:     uuid.uuid5(uuid.NAMESPACE_DNS, _get_machine_id_v3())
2025-09-12T19:31:24:                                    ^^^^^^^^^^^^^^^^^^^^
2025-09-12T19:31:24:   File "/usr/local/lib/python3.12/site-packages/streamlit/runtime/metrics_util.py", line 173, in _get_machine_id_v3
2025-09-12T19:31:24:     machine_id = f.read()
2025-09-12T19:31:24:                  ^^^^^^^^
2025-09-12T19:31:24:   File "<frozen codecs>", line 322, in decode
2025-09-12T19:31:24: UnicodeDecodeError: 'utf-8' codec can't decode bytes in position 25-26: invalid continuation byte
2025-09-12T19:31:25: ✅ Imported ComprehensiveOSNProcessor
2025-09-12T19:31:25: ✅ Imported refined theme modules
2025-09-12T19:31:25: ✅ Imported ComprehensiveOSNProcessor
2025-09-12T19:31:25: ✅ Imported refined theme modules
2025-09-12T19:31:25: ✅ Applied refined light theme
2025-09-12T19:31:25: ✅ Applied refined black killer
2025-09-12T19:31:25: ✅ Imported ComprehensiveOSNProcessor
2025-09-12T19:31:25: ✅ Imported refined theme modules
2025-09-12T19:31:25: ✅ Applied refined light theme
2025-09-12T19:31:25: ✅ Applied refined black killer
2025-09-12T19:31:25: [31m──[0m[31m────────────────────────[0m[31m [0m[1;31mTraceback [0m[1;2;31m(most recent call last)[0m[31m [0m[31m─────────────────────────[0m[31m──[0m
2025-09-12T19:31:25: [31m [0m [2m/usr/local/lib/python3.12/site-packages/streamlit/runtime/scriptrunner/[0m[1mexec_code.py[0m: [31m [0m
2025-09-12T19:31:25: [31m [0m 128 in exec_func_with_error_handling                                                 [31m [0m
2025-09-12T19:31:25: [31m [0m                                                                                      [31m [0m
2025-09-12T19:31:25: [31m [0m [2m/usr/local/lib/python3.12/site-packages/streamlit/runtime/scriptrunner/[0m[1mscript_runner[0m [31m [0m
2025-09-12T19:31:25: [31m [0m [1m.py[0m:669 in code_to_exec                                                              [31m [0m
2025-09-12T19:31:25: [31m [0m                                                                                      [31m [0m
2025-09-12T19:31:25: [31m [0m [2m/home/user/webapp/[0m[1menhanced_streamlit_app.py[0m:29 in <module>                           [31m [0m
2025-09-12T19:31:25: [31m [0m                                                                                      [31m [0m
2025-09-12T19:31:25: [31m [0m   [2m 26 [0m                                                                               [31m [0m
2025-09-12T19:31:25: [31m [0m   [2m 27 [0m[2m# Import enhanced data processor[0m                                               [31m [0m
2025-09-12T19:31:25: [31m [0m   [2m 28 [0m[94mtry[0m:                                                                           [31m [0m
2025-09-12T19:31:25: [31m [0m [31m❱ [0m 29 [2m│   [0m[94mfrom[0m[90m [0m[4;96mcomprehensive_data_processor[0m[90m [0m[94mimport[0m ComprehensiveOSNProcessor         [31m [0m
2025-09-12T19:31:25: [31m [0m   [2m 30 [0m[2m│   [0m[96mprint[0m([33m"[0m[33m✅ Imported ComprehensiveOSNProcessor[0m[33m"[0m)                             [31m [0m
2025-09-12T19:31:25: [31m [0m   [2m 31 [0m[1;4;94mexcept[0m[1;4m [0m[1;4;96mImportError[0m[1;4m [0m[1;4;94mas[0m[1;4m e:[0m                                                       [31m [0m
2025-09-12T19:31:25: [31m [0m   [2m 32 [0m[2m│   [0m[1;4mst.error([0m[1;4;33mf[0m[1;4;33m"[0m[1;4;33mCould not import ComprehensiveOSNProcessor: [0m[1;4;33m{[0m[1;4me[0m[1;4;33m}[0m[1;4;33m"[0m[1;4m)[0m               [31m [0m
2025-09-12T19:31:25: [31m [0m in _find_and_load:1360                                                               [31m [0m
2025-09-12T19:31:25: [31m [0m in _find_and_load_unlocked:1331                                                      [31m [0m
2025-09-12T19:31:25: [31m [0m in _load_unlocked:946                                                                [31m [0m
2025-09-12T19:31:25: [31m────────────────────────────────────────────────────────────────────────────────────────[0m
2025-09-12T19:31:25: [1;91mKeyError: [0m[32m'comprehensive_data_processor'[0m
2025-09-12T19:31:25: Exception in callback AppSession._on_scriptrunner_event.<locals>.<lambda>() at /usr/local/lib/python3.12/site-packages/streamlit/runtime/app_session.py:519
2025-09-12T19:31:25: handle: <Handle AppSession._on_scriptrunner_event.<locals>.<lambda>() at /usr/local/lib/python3.12/site-packages/streamlit/runtime/app_session.py:519>
2025-09-12T19:31:25: Traceback (most recent call last):
2025-09-12T19:31:25:   File "/usr/local/lib/python3.12/asyncio/events.py", line 88, in _run
2025-09-12T19:31:25:     self._context.run(self._callback, *self._args)
2025-09-12T19:31:25:   File "/usr/local/lib/python3.12/site-packages/streamlit/runtime/app_session.py", line 519, in <lambda>
2025-09-12T19:31:25:     lambda: self._handle_scriptrunner_event_on_event_loop(
2025-09-12T19:31:25:             ^^^^^^^^^^^^^^^^^^^^^^^^^^^^^^^^^^^^^^^^^^^^^^
2025-09-12T19:31:25:   File "/usr/local/lib/python3.12/site-packages/streamlit/runtime/app_session.py", line 616, in _handle_scriptrunner_event_on_event_loop
2025-09-12T19:31:25:     msg = self._create_new_session_message(
2025-09-12T19:31:25:           ^^^^^^^^^^^^^^^^^^^^^^^^^^^^^^^^^
2025-09-12T19:31:25:   File "/usr/local/lib/python3.12/site-packages/streamlit/runtime/app_session.py", line 750, in _create_new_session_message
2025-09-12T19:31:25:     _populate_user_info_msg(imsg.user_info)
2025-09-12T19:31:25:   File "/usr/local/lib/python3.12/site-packages/streamlit/runtime/app_session.py", line 1154, in _populate_user_info_msg
2025-09-12T19:31:25:     inst = Installation.instance()
2025-09-12T19:31:25:            ^^^^^^^^^^^^^^^^^^^^^^^
2025-09-12T19:31:25:   File "/usr/local/lib/python3.12/site-packages/streamlit/runtime/metrics_util.py", line 228, in instance
2025-09-12T19:31:25:     cls._instance = Installation()
2025-09-12T19:31:25:                     ^^^^^^^^^^^^^^
2025-09-12T19:31:25:   File "/usr/local/lib/python3.12/site-packages/streamlit/runtime/metrics_util.py", line 233, in __init__
2025-09-12T19:31:25:     uuid.uuid5(uuid.NAMESPACE_DNS, _get_machine_id_v3())
2025-09-12T19:31:25:                                    ^^^^^^^^^^^^^^^^^^^^
2025-09-12T19:31:25:   File "/usr/local/lib/python3.12/site-packages/streamlit/runtime/metrics_util.py", line 173, in _get_machine_id_v3
2025-09-12T19:31:25:     machine_id = f.read()
2025-09-12T19:31:25:                  ^^^^^^^^
2025-09-12T19:31:25:   File "<frozen codecs>", line 322, in decode
2025-09-12T19:31:25: UnicodeDecodeError: 'utf-8' codec can't decode bytes in position 25-26: invalid continuation byte
2025-09-12T19:31:25: Exception in callback AppSession._on_scriptrunner_event.<locals>.<lambda>() at /usr/local/lib/python3.12/site-packages/streamlit/runtime/app_session.py:519
2025-09-12T19:31:25: handle: <Handle AppSession._on_scriptrunner_event.<locals>.<lambda>() at /usr/local/lib/python3.12/site-packages/streamlit/runtime/app_session.py:519>
2025-09-12T19:31:25: Traceback (most recent call last):
2025-09-12T19:31:25:   File "/usr/local/lib/python3.12/asyncio/events.py", line 88, in _run
2025-09-12T19:31:25:     self._context.run(self._callback, *self._args)
2025-09-12T19:31:25:   File "/usr/local/lib/python3.12/site-packages/streamlit/runtime/app_session.py", line 519, in <lambda>
2025-09-12T19:31:25:     lambda: self._handle_scriptrunner_event_on_event_loop(
2025-09-12T19:31:25:             ^^^^^^^^^^^^^^^^^^^^^^^^^^^^^^^^^^^^^^^^^^^^^^
2025-09-12T19:31:25:   File "/usr/local/lib/python3.12/site-packages/streamlit/runtime/app_session.py", line 616, in _handle_scriptrunner_event_on_event_loop
2025-09-12T19:31:25:     msg = self._create_new_session_message(
2025-09-12T19:31:25:           ^^^^^^^^^^^^^^^^^^^^^^^^^^^^^^^^^
2025-09-12T19:31:25:   File "/usr/local/lib/python3.12/site-packages/streamlit/runtime/app_session.py", line 750, in _create_new_session_message
2025-09-12T19:31:25:     _populate_user_info_msg(imsg.user_info)
2025-09-12T19:31:25:   File "/usr/local/lib/python3.12/site-packages/streamlit/runtime/app_session.py", line 1154, in _populate_user_info_msg
2025-09-12T19:31:25:     inst = Installation.instance()
2025-09-12T19:31:25:            ^^^^^^^^^^^^^^^^^^^^^^^
2025-09-12T19:31:25:   File "/usr/local/lib/python3.12/site-packages/streamlit/runtime/metrics_util.py", line 228, in instance
2025-09-12T19:31:25:     cls._instance = Installation()
2025-09-12T19:31:25:                     ^^^^^^^^^^^^^^
2025-09-12T19:31:25:   File "/usr/local/lib/python3.12/site-packages/streamlit/runtime/metrics_util.py", line 233, in __init__
2025-09-12T19:31:25:     uuid.uuid5(uuid.NAMESPACE_DNS, _get_machine_id_v3())
2025-09-12T19:31:25:                                    ^^^^^^^^^^^^^^^^^^^^
2025-09-12T19:31:25:   File "/usr/local/lib/python3.12/site-packages/streamlit/runtime/metrics_util.py", line 173, in _get_machine_id_v3
2025-09-12T19:31:25:     machine_id = f.read()
2025-09-12T19:31:25:                  ^^^^^^^^
2025-09-12T19:31:25:   File "<frozen codecs>", line 322, in decode
2025-09-12T19:31:25: UnicodeDecodeError: 'utf-8' codec can't decode bytes in position 25-26: invalid continuation byte
2025-09-12T19:31:25: Exception in callback AppSession._on_scriptrunner_event.<locals>.<lambda>() at /usr/local/lib/python3.12/site-packages/streamlit/runtime/app_session.py:519
2025-09-12T19:31:25: handle: <Handle AppSession._on_scriptrunner_event.<locals>.<lambda>() at /usr/local/lib/python3.12/site-packages/streamlit/runtime/app_session.py:519>
2025-09-12T19:31:25: Traceback (most recent call last):
2025-09-12T19:31:25:   File "/usr/local/lib/python3.12/asyncio/events.py", line 88, in _run
2025-09-12T19:31:25:     self._context.run(self._callback, *self._args)
2025-09-12T19:31:25:   File "/usr/local/lib/python3.12/site-packages/streamlit/runtime/app_session.py", line 519, in <lambda>
2025-09-12T19:31:25:     lambda: self._handle_scriptrunner_event_on_event_loop(
2025-09-12T19:31:25:             ^^^^^^^^^^^^^^^^^^^^^^^^^^^^^^^^^^^^^^^^^^^^^^
2025-09-12T19:31:25:   File "/usr/local/lib/python3.12/site-packages/streamlit/runtime/app_session.py", line 616, in _handle_scriptrunner_event_on_event_loop
2025-09-12T19:31:25:     msg = self._create_new_session_message(
2025-09-12T19:31:25:           ^^^^^^^^^^^^^^^^^^^^^^^^^^^^^^^^^
2025-09-12T19:31:25:   File "/usr/local/lib/python3.12/site-packages/streamlit/runtime/app_session.py", line 750, in _create_new_session_message
2025-09-12T19:31:25:     _populate_user_info_msg(imsg.user_info)
2025-09-12T19:31:25:   File "/usr/local/lib/python3.12/site-packages/streamlit/runtime/app_session.py", line 1154, in _populate_user_info_msg
2025-09-12T19:31:25:     inst = Installation.instance()
2025-09-12T19:31:25:            ^^^^^^^^^^^^^^^^^^^^^^^
2025-09-12T19:31:25:   File "/usr/local/lib/python3.12/site-packages/streamlit/runtime/metrics_util.py", line 228, in instance
2025-09-12T19:31:25:     cls._instance = Installation()
2025-09-12T19:31:25:                     ^^^^^^^^^^^^^^
2025-09-12T19:31:25:   File "/usr/local/lib/python3.12/site-packages/streamlit/runtime/metrics_util.py", line 233, in __init__
2025-09-12T19:31:25:     uuid.uuid5(uuid.NAMESPACE_DNS, _get_machine_id_v3())
2025-09-12T19:31:25:                                    ^^^^^^^^^^^^^^^^^^^^
2025-09-12T19:31:25:   File "/usr/local/lib/python3.12/site-packages/streamlit/runtime/metrics_util.py", line 173, in _get_machine_id_v3
2025-09-12T19:31:25:     machine_id = f.read()
2025-09-12T19:31:25:                  ^^^^^^^^
2025-09-12T19:31:25:   File "<frozen codecs>", line 322, in decode
2025-09-12T19:31:25: UnicodeDecodeError: 'utf-8' codec can't decode bytes in position 25-26: invalid continuation byte
2025-09-12T19:31:26: 2025-09-12 19:31:26.457 Please replace `use_container_width` with `width`.
2025-09-12T19:31:26: 
2025-09-12T19:31:26: `use_container_width` will be removed after 2025-12-31.
2025-09-12T19:31:26: 
2025-09-12T19:31:26: For `use_container_width=True`, use `width='stretch'`. For `use_container_width=False`, use `width='content'`.
2025-09-12T19:31:26: 2025-09-12 19:31:26.481 Please replace `use_container_width` with `width`.
2025-09-12T19:31:26: 
2025-09-12T19:31:26: `use_container_width` will be removed after 2025-12-31.
2025-09-12T19:31:26: 
2025-09-12T19:31:26: For `use_container_width=True`, use `width='stretch'`. For `use_container_width=False`, use `width='content'`.
2025-09-12T19:31:26: 2025-09-12 19:31:26.767 Please replace `use_container_width` with `width`.
2025-09-12T19:31:26: 
2025-09-12T19:31:26: `use_container_width` will be removed after 2025-12-31.
2025-09-12T19:31:26: 
2025-09-12T19:31:26: For `use_container_width=True`, use `width='stretch'`. For `use_container_width=False`, use `width='content'`.
2025-09-12T19:31:26: 2025-09-12 19:31:26.774 Please replace `use_container_width` with `width`.
2025-09-12T19:31:26: 
2025-09-12T19:31:26: `use_container_width` will be removed after 2025-12-31.
2025-09-12T19:31:26: 
2025-09-12T19:31:26: For `use_container_width=True`, use `width='stretch'`. For `use_container_width=False`, use `width='content'`.
2025-09-12T19:31:34: Exception in callback AppSession._on_scriptrunner_event.<locals>.<lambda>() at /usr/local/lib/python3.12/site-packages/streamlit/runtime/app_session.py:519
2025-09-12T19:31:34: handle: <Handle AppSession._on_scriptrunner_event.<locals>.<lambda>() at /usr/local/lib/python3.12/site-packages/streamlit/runtime/app_session.py:519>
2025-09-12T19:31:34: Traceback (most recent call last):
2025-09-12T19:31:34:   File "/usr/local/lib/python3.12/asyncio/events.py", line 88, in _run
2025-09-12T19:31:34:     self._context.run(self._callback, *self._args)
2025-09-12T19:31:34:   File "/usr/local/lib/python3.12/site-packages/streamlit/runtime/app_session.py", line 519, in <lambda>
2025-09-12T19:31:34:     lambda: self._handle_scriptrunner_event_on_event_loop(
2025-09-12T19:31:34:             ^^^^^^^^^^^^^^^^^^^^^^^^^^^^^^^^^^^^^^^^^^^^^^
2025-09-12T19:31:34:   File "/usr/local/lib/python3.12/site-packages/streamlit/runtime/app_session.py", line 616, in _handle_scriptrunner_event_on_event_loop
2025-09-12T19:31:34:     msg = self._create_new_session_message(
2025-09-12T19:31:34:           ^^^^^^^^^^^^^^^^^^^^^^^^^^^^^^^^^
2025-09-12T19:31:34:   File "/usr/local/lib/python3.12/site-packages/streamlit/runtime/app_session.py", line 750, in _create_new_session_message
2025-09-12T19:31:34:     _populate_user_info_msg(imsg.user_info)
2025-09-12T19:31:34:   File "/usr/local/lib/python3.12/site-packages/streamlit/runtime/app_session.py", line 1154, in _populate_user_info_msg
2025-09-12T19:31:34:     inst = Installation.instance()
2025-09-12T19:31:34:            ^^^^^^^^^^^^^^^^^^^^^^^
2025-09-12T19:31:34:   File "/usr/local/lib/python3.12/site-packages/streamlit/runtime/metrics_util.py", line 228, in instance
2025-09-12T19:31:34:     cls._instance = Installation()
2025-09-12T19:31:34:                     ^^^^^^^^^^^^^^
2025-09-12T19:31:34:   File "/usr/local/lib/python3.12/site-packages/streamlit/runtime/metrics_util.py", line 233, in __init__
2025-09-12T19:31:34:     uuid.uuid5(uuid.NAMESPACE_DNS, _get_machine_id_v3())
2025-09-12T19:31:34:                                    ^^^^^^^^^^^^^^^^^^^^
2025-09-12T19:31:34:   File "/usr/local/lib/python3.12/site-packages/streamlit/runtime/metrics_util.py", line 173, in _get_machine_id_v3
2025-09-12T19:31:34:     machine_id = f.read()
2025-09-12T19:31:34:                  ^^^^^^^^
2025-09-12T19:31:34:   File "<frozen codecs>", line 322, in decode
2025-09-12T19:31:34: UnicodeDecodeError: 'utf-8' codec can't decode bytes in position 25-26: invalid continuation byte
2025-09-12T19:31:34: Exception in callback AppSession._on_scriptrunner_event.<locals>.<lambda>() at /usr/local/lib/python3.12/site-packages/streamlit/runtime/app_session.py:519
2025-09-12T19:31:34: handle: <Handle AppSession._on_scriptrunner_event.<locals>.<lambda>() at /usr/local/lib/python3.12/site-packages/streamlit/runtime/app_session.py:519>
2025-09-12T19:31:34: Traceback (most recent call last):
2025-09-12T19:31:34:   File "/usr/local/lib/python3.12/asyncio/events.py", line 88, in _run
2025-09-12T19:31:34:     self._context.run(self._callback, *self._args)
2025-09-12T19:31:34:   File "/usr/local/lib/python3.12/site-packages/streamlit/runtime/app_session.py", line 519, in <lambda>
2025-09-12T19:31:34:     lambda: self._handle_scriptrunner_event_on_event_loop(
2025-09-12T19:31:34:             ^^^^^^^^^^^^^^^^^^^^^^^^^^^^^^^^^^^^^^^^^^^^^^
2025-09-12T19:31:34:   File "/usr/local/lib/python3.12/site-packages/streamlit/runtime/app_session.py", line 616, in _handle_scriptrunner_event_on_event_loop
2025-09-12T19:31:34:     msg = self._create_new_session_message(
2025-09-12T19:31:34:           ^^^^^^^^^^^^^^^^^^^^^^^^^^^^^^^^^
2025-09-12T19:31:34:   File "/usr/local/lib/python3.12/site-packages/streamlit/runtime/app_session.py", line 750, in _create_new_session_message
2025-09-12T19:31:34:     _populate_user_info_msg(imsg.user_info)
2025-09-12T19:31:34:   File "/usr/local/lib/python3.12/site-packages/streamlit/runtime/app_session.py", line 1154, in _populate_user_info_msg
2025-09-12T19:31:34:     inst = Installation.instance()
2025-09-12T19:31:34:            ^^^^^^^^^^^^^^^^^^^^^^^
2025-09-12T19:31:34:   File "/usr/local/lib/python3.12/site-packages/streamlit/runtime/metrics_util.py", line 228, in instance
2025-09-12T19:31:34:     cls._instance = Installation()
2025-09-12T19:31:34:                     ^^^^^^^^^^^^^^
2025-09-12T19:31:34:   File "/usr/local/lib/python3.12/site-packages/streamlit/runtime/metrics_util.py", line 233, in __init__
2025-09-12T19:31:34:     uuid.uuid5(uuid.NAMESPACE_DNS, _get_machine_id_v3())
2025-09-12T19:31:34:                                    ^^^^^^^^^^^^^^^^^^^^
2025-09-12T19:31:34:   File "/usr/local/lib/python3.12/site-packages/streamlit/runtime/metrics_util.py", line 173, in _get_machine_id_v3
2025-09-12T19:31:34:     machine_id = f.read()
2025-09-12T19:31:34:                  ^^^^^^^^
2025-09-12T19:31:34:   File "<frozen codecs>", line 322, in decode
2025-09-12T19:31:34: UnicodeDecodeError: 'utf-8' codec can't decode bytes in position 25-26: invalid continuation byte
2025-09-12T19:31:34: Exception in callback AppSession._on_scriptrunner_event.<locals>.<lambda>() at /usr/local/lib/python3.12/site-packages/streamlit/runtime/app_session.py:519
2025-09-12T19:31:34: handle: <Handle AppSession._on_scriptrunner_event.<locals>.<lambda>() at /usr/local/lib/python3.12/site-packages/streamlit/runtime/app_session.py:519>
2025-09-12T19:31:34: Traceback (most recent call last):
2025-09-12T19:31:34:   File "/usr/local/lib/python3.12/asyncio/events.py", line 88, in _run
2025-09-12T19:31:34:     self._context.run(self._callback, *self._args)
2025-09-12T19:31:34:   File "/usr/local/lib/python3.12/site-packages/streamlit/runtime/app_session.py", line 519, in <lambda>
2025-09-12T19:31:34:     lambda: self._handle_scriptrunner_event_on_event_loop(
2025-09-12T19:31:34:             ^^^^^^^^^^^^^^^^^^^^^^^^^^^^^^^^^^^^^^^^^^^^^^
2025-09-12T19:31:34:   File "/usr/local/lib/python3.12/site-packages/streamlit/runtime/app_session.py", line 616, in _handle_scriptrunner_event_on_event_loop
2025-09-12T19:31:34:     msg = self._create_new_session_message(
2025-09-12T19:31:34:           ^^^^^^^^^^^^^^^^^^^^^^^^^^^^^^^^^
2025-09-12T19:31:34:   File "/usr/local/lib/python3.12/site-packages/streamlit/runtime/app_session.py", line 750, in _create_new_session_message
2025-09-12T19:31:34:     _populate_user_info_msg(imsg.user_info)
2025-09-12T19:31:34:   File "/usr/local/lib/python3.12/site-packages/streamlit/runtime/app_session.py", line 1154, in _populate_user_info_msg
2025-09-12T19:31:34:     inst = Installation.instance()
2025-09-12T19:31:34:            ^^^^^^^^^^^^^^^^^^^^^^^
2025-09-12T19:31:34:   File "/usr/local/lib/python3.12/site-packages/streamlit/runtime/metrics_util.py", line 228, in instance
2025-09-12T19:31:34:     cls._instance = Installation()
2025-09-12T19:31:34:                     ^^^^^^^^^^^^^^
2025-09-12T19:31:34:   File "/usr/local/lib/python3.12/site-packages/streamlit/runtime/metrics_util.py", line 233, in __init__
2025-09-12T19:31:34:     uuid.uuid5(uuid.NAMESPACE_DNS, _get_machine_id_v3())
2025-09-12T19:31:34:                                    ^^^^^^^^^^^^^^^^^^^^
2025-09-12T19:31:34:   File "/usr/local/lib/python3.12/site-packages/streamlit/runtime/metrics_util.py", line 173, in _get_machine_id_v3
2025-09-12T19:31:34:     machine_id = f.read()
2025-09-12T19:31:34:                  ^^^^^^^^
2025-09-12T19:31:34:   File "<frozen codecs>", line 322, in decode
2025-09-12T19:31:34: UnicodeDecodeError: 'utf-8' codec can't decode bytes in position 25-26: invalid continuation byte
2025-09-12T19:31:34: ✅ Imported ComprehensiveOSNProcessor
2025-09-12T19:31:34: ✅ Imported refined theme modules
2025-09-12T19:31:34: ✅ Applied refined light theme
2025-09-12T19:31:34: ✅ Applied refined black killer
2025-09-12T19:31:34: ✅ Imported ComprehensiveOSNProcessor
2025-09-12T19:31:34: ✅ Imported ComprehensiveOSNProcessor
2025-09-12T19:31:34: ✅ Imported refined theme modules
2025-09-12T19:31:34: ✅ Imported refined theme modules
2025-09-12T19:31:34: ✅ Applied refined light theme
2025-09-12T19:31:34: ✅ Applied refined black killer
2025-09-12T19:31:34: ✅ Imported ComprehensiveOSNProcessor
2025-09-12T19:31:34: ✅ Imported refined theme modules
2025-09-12T19:31:34: ✅ Applied refined light theme
2025-09-12T19:31:34: ✅ Applied refined black killer
2025-09-12T19:31:34: [31m──[0m[31m────────────────────────[0m[31m [0m[1;31mTraceback [0m[1;2;31m(most recent call last)[0m[31m [0m[31m─────────────────────────[0m[31m──[0m
2025-09-12T19:31:34: [31m [0m [2m/usr/local/lib/python3.12/site-packages/streamlit/runtime/scriptrunner/[0m[1mexec_code.py[0m: [31m [0m
2025-09-12T19:31:34: [31m [0m 128 in exec_func_with_error_handling                                                 [31m [0m
2025-09-12T19:31:34: [31m [0m                                                                                      [31m [0m
2025-09-12T19:31:34: [31m [0m [2m/usr/local/lib/python3.12/site-packages/streamlit/runtime/scriptrunner/[0m[1mscript_runner[0m [31m [0m
2025-09-12T19:31:34: [31m [0m [1m.py[0m:669 in code_to_exec                                                              [31m [0m
2025-09-12T19:31:34: [31m [0m                                                                                      [31m [0m
2025-09-12T19:31:34: [31m [0m [2m/home/user/webapp/[0m[1menhanced_streamlit_app.py[0m:29 in <module>                           [31m [0m
2025-09-12T19:31:34: [31m [0m                                                                                      [31m [0m
2025-09-12T19:31:34: [31m [0m   [2m 26 [0m                                                                               [31m [0m
2025-09-12T19:31:34: [31m [0m   [2m 27 [0m[2m# Import enhanced data processor[0m                                               [31m [0m
2025-09-12T19:31:34: [31m [0m   [2m 28 [0m[94mtry[0m:                                                                           [31m [0m
2025-09-12T19:31:34: [31m [0m [31m❱ [0m 29 [2m│   [0m[94mfrom[0m[90m [0m[4;96mcomprehensive_data_processor[0m[90m [0m[94mimport[0m ComprehensiveOSNProcessor         [31m [0m
2025-09-12T19:31:34: [31m [0m   [2m 30 [0m[2m│   [0m[96mprint[0m([33m"[0m[33m✅ Imported ComprehensiveOSNProcessor[0m[33m"[0m)                             [31m [0m
2025-09-12T19:31:34: [31m [0m   [2m 31 [0m[1;4;94mexcept[0m[1;4m [0m[1;4;96mImportError[0m[1;4m [0m[1;4;94mas[0m[1;4m e:[0m                                                       [31m [0m
2025-09-12T19:31:34: [31m [0m   [2m 32 [0m[2m│   [0m[1;4mst.error([0m[1;4;33mf[0m[1;4;33m"[0m[1;4;33mCould not import ComprehensiveOSNProcessor: [0m[1;4;33m{[0m[1;4me[0m[1;4;33m}[0m[1;4;33m"[0m[1;4m)[0m               [31m [0m
2025-09-12T19:31:34: [31m [0m in _find_and_load:1360                                                               [31m [0m
2025-09-12T19:31:34: [31m [0m in _find_and_load_unlocked:1331                                                      [31m [0m
2025-09-12T19:31:34: [31m [0m in _load_unlocked:946                                                                [31m [0m
2025-09-12T19:31:34: [31m────────────────────────────────────────────────────────────────────────────────────────[0m
2025-09-12T19:31:34: [1;91mKeyError: [0m[32m'comprehensive_data_processor'[0m
2025-09-12T19:31:35: Exception in callback AppSession._on_scriptrunner_event.<locals>.<lambda>() at /usr/local/lib/python3.12/site-packages/streamlit/runtime/app_session.py:519
2025-09-12T19:31:35: handle: <Handle AppSession._on_scriptrunner_event.<locals>.<lambda>() at /usr/local/lib/python3.12/site-packages/streamlit/runtime/app_session.py:519>
2025-09-12T19:31:35: Traceback (most recent call last):
2025-09-12T19:31:35:   File "/usr/local/lib/python3.12/asyncio/events.py", line 88, in _run
2025-09-12T19:31:35:     self._context.run(self._callback, *self._args)
2025-09-12T19:31:35:   File "/usr/local/lib/python3.12/site-packages/streamlit/runtime/app_session.py", line 519, in <lambda>
2025-09-12T19:31:35:     lambda: self._handle_scriptrunner_event_on_event_loop(
2025-09-12T19:31:35:             ^^^^^^^^^^^^^^^^^^^^^^^^^^^^^^^^^^^^^^^^^^^^^^
2025-09-12T19:31:35:   File "/usr/local/lib/python3.12/site-packages/streamlit/runtime/app_session.py", line 616, in _handle_scriptrunner_event_on_event_loop
2025-09-12T19:31:35:     msg = self._create_new_session_message(
2025-09-12T19:31:35:           ^^^^^^^^^^^^^^^^^^^^^^^^^^^^^^^^^
2025-09-12T19:31:35:   File "/usr/local/lib/python3.12/site-packages/streamlit/runtime/app_session.py", line 750, in _create_new_session_message
2025-09-12T19:31:35:     _populate_user_info_msg(imsg.user_info)
2025-09-12T19:31:35:   File "/usr/local/lib/python3.12/site-packages/streamlit/runtime/app_session.py", line 1154, in _populate_user_info_msg
2025-09-12T19:31:35:     inst = Installation.instance()
2025-09-12T19:31:35:            ^^^^^^^^^^^^^^^^^^^^^^^
2025-09-12T19:31:35:   File "/usr/local/lib/python3.12/site-packages/streamlit/runtime/metrics_util.py", line 228, in instance
2025-09-12T19:31:35:     cls._instance = Installation()
2025-09-12T19:31:35:                     ^^^^^^^^^^^^^^
2025-09-12T19:31:35:   File "/usr/local/lib/python3.12/site-packages/streamlit/runtime/metrics_util.py", line 233, in __init__
2025-09-12T19:31:35:     uuid.uuid5(uuid.NAMESPACE_DNS, _get_machine_id_v3())
2025-09-12T19:31:35:                                    ^^^^^^^^^^^^^^^^^^^^
2025-09-12T19:31:35:   File "/usr/local/lib/python3.12/site-packages/streamlit/runtime/metrics_util.py", line 173, in _get_machine_id_v3
2025-09-12T19:31:35:     machine_id = f.read()
2025-09-12T19:31:35:                  ^^^^^^^^
2025-09-12T19:31:35:   File "<frozen codecs>", line 322, in decode
2025-09-12T19:31:35: UnicodeDecodeError: 'utf-8' codec can't decode bytes in position 25-26: invalid continuation byte
2025-09-12T19:31:35: 2025-09-12 19:31:35.456 Please replace `use_container_width` with `width`.
2025-09-12T19:31:35: 
2025-09-12T19:31:35: `use_container_width` will be removed after 2025-12-31.
2025-09-12T19:31:35: 
2025-09-12T19:31:35: For `use_container_width=True`, use `width='stretch'`. For `use_container_width=False`, use `width='content'`.
2025-09-12T19:31:35: 2025-09-12 19:31:35.467 Please replace `use_container_width` with `width`.
2025-09-12T19:31:35: 
2025-09-12T19:31:35: `use_container_width` will be removed after 2025-12-31.
2025-09-12T19:31:35: 
2025-09-12T19:31:35: For `use_container_width=True`, use `width='stretch'`. For `use_container_width=False`, use `width='content'`.
2025-09-12T19:31:35: 2025-09-12 19:31:35.764 Please replace `use_container_width` with `width`.
2025-09-12T19:31:35: 
2025-09-12T19:31:35: `use_container_width` will be removed after 2025-12-31.
2025-09-12T19:31:35: 
2025-09-12T19:31:35: For `use_container_width=True`, use `width='stretch'`. For `use_container_width=False`, use `width='content'`.
2025-09-12T19:31:35: 2025-09-12 19:31:35.772 Please replace `use_container_width` with `width`.
2025-09-12T19:31:35: 
2025-09-12T19:31:35: `use_container_width` will be removed after 2025-12-31.
2025-09-12T19:31:35: 
2025-09-12T19:31:35: For `use_container_width=True`, use `width='stretch'`. For `use_container_width=False`, use `width='content'`.
2025-09-12T19:31:43: Exception in callback AppSession._on_scriptrunner_event.<locals>.<lambda>() at /usr/local/lib/python3.12/site-packages/streamlit/runtime/app_session.py:519
2025-09-12T19:31:43: handle: <Handle AppSession._on_scriptrunner_event.<locals>.<lambda>() at /usr/local/lib/python3.12/site-packages/streamlit/runtime/app_session.py:519>
2025-09-12T19:31:43: Traceback (most recent call last):
2025-09-12T19:31:43:   File "/usr/local/lib/python3.12/asyncio/events.py", line 88, in _run
2025-09-12T19:31:43:     self._context.run(self._callback, *self._args)
2025-09-12T19:31:43:   File "/usr/local/lib/python3.12/site-packages/streamlit/runtime/app_session.py", line 519, in <lambda>
2025-09-12T19:31:43:     lambda: self._handle_scriptrunner_event_on_event_loop(
2025-09-12T19:31:43:             ^^^^^^^^^^^^^^^^^^^^^^^^^^^^^^^^^^^^^^^^^^^^^^
2025-09-12T19:31:43:   File "/usr/local/lib/python3.12/site-packages/streamlit/runtime/app_session.py", line 616, in _handle_scriptrunner_event_on_event_loop
2025-09-12T19:31:43:     msg = self._create_new_session_message(
2025-09-12T19:31:43:           ^^^^^^^^^^^^^^^^^^^^^^^^^^^^^^^^^
2025-09-12T19:31:43:   File "/usr/local/lib/python3.12/site-packages/streamlit/runtime/app_session.py", line 750, in _create_new_session_message
2025-09-12T19:31:43:     _populate_user_info_msg(imsg.user_info)
2025-09-12T19:31:43:   File "/usr/local/lib/python3.12/site-packages/streamlit/runtime/app_session.py", line 1154, in _populate_user_info_msg
2025-09-12T19:31:43:     inst = Installation.instance()
2025-09-12T19:31:43:            ^^^^^^^^^^^^^^^^^^^^^^^
2025-09-12T19:31:43:   File "/usr/local/lib/python3.12/site-packages/streamlit/runtime/metrics_util.py", line 228, in instance
2025-09-12T19:31:43:     cls._instance = Installation()
2025-09-12T19:31:43:                     ^^^^^^^^^^^^^^
2025-09-12T19:31:43:   File "/usr/local/lib/python3.12/site-packages/streamlit/runtime/metrics_util.py", line 233, in __init__
2025-09-12T19:31:43:     uuid.uuid5(uuid.NAMESPACE_DNS, _get_machine_id_v3())
2025-09-12T19:31:43:                                    ^^^^^^^^^^^^^^^^^^^^
2025-09-12T19:31:43:   File "/usr/local/lib/python3.12/site-packages/streamlit/runtime/metrics_util.py", line 173, in _get_machine_id_v3
2025-09-12T19:31:43:     machine_id = f.read()
2025-09-12T19:31:43:                  ^^^^^^^^
2025-09-12T19:31:43:   File "<frozen codecs>", line 322, in decode
2025-09-12T19:31:43: UnicodeDecodeError: 'utf-8' codec can't decode bytes in position 25-26: invalid continuation byte
2025-09-12T19:31:43: Exception in callback AppSession._on_scriptrunner_event.<locals>.<lambda>() at /usr/local/lib/python3.12/site-packages/streamlit/runtime/app_session.py:519
2025-09-12T19:31:43: handle: <Handle AppSession._on_scriptrunner_event.<locals>.<lambda>() at /usr/local/lib/python3.12/site-packages/streamlit/runtime/app_session.py:519>
2025-09-12T19:31:43: Traceback (most recent call last):
2025-09-12T19:31:43:   File "/usr/local/lib/python3.12/asyncio/events.py", line 88, in _run
2025-09-12T19:31:43:     self._context.run(self._callback, *self._args)
2025-09-12T19:31:43:   File "/usr/local/lib/python3.12/site-packages/streamlit/runtime/app_session.py", line 519, in <lambda>
2025-09-12T19:31:43:     lambda: self._handle_scriptrunner_event_on_event_loop(
2025-09-12T19:31:43:             ^^^^^^^^^^^^^^^^^^^^^^^^^^^^^^^^^^^^^^^^^^^^^^
2025-09-12T19:31:43:   File "/usr/local/lib/python3.12/site-packages/streamlit/runtime/app_session.py", line 616, in _handle_scriptrunner_event_on_event_loop
2025-09-12T19:31:43:     msg = self._create_new_session_message(
2025-09-12T19:31:43:           ^^^^^^^^^^^^^^^^^^^^^^^^^^^^^^^^^
2025-09-12T19:31:43:   File "/usr/local/lib/python3.12/site-packages/streamlit/runtime/app_session.py", line 750, in _create_new_session_message
2025-09-12T19:31:43:     _populate_user_info_msg(imsg.user_info)
2025-09-12T19:31:43:   File "/usr/local/lib/python3.12/site-packages/streamlit/runtime/app_session.py", line 1154, in _populate_user_info_msg
2025-09-12T19:31:43:     inst = Installation.instance()
2025-09-12T19:31:43:            ^^^^^^^^^^^^^^^^^^^^^^^
2025-09-12T19:31:43:   File "/usr/local/lib/python3.12/site-packages/streamlit/runtime/metrics_util.py", line 228, in instance
2025-09-12T19:31:43:     cls._instance = Installation()
2025-09-12T19:31:43:                     ^^^^^^^^^^^^^^
2025-09-12T19:31:43:   File "/usr/local/lib/python3.12/site-packages/streamlit/runtime/metrics_util.py", line 233, in __init__
2025-09-12T19:31:43:     uuid.uuid5(uuid.NAMESPACE_DNS, _get_machine_id_v3())
2025-09-12T19:31:43:                                    ^^^^^^^^^^^^^^^^^^^^
2025-09-12T19:31:43:   File "/usr/local/lib/python3.12/site-packages/streamlit/runtime/metrics_util.py", line 173, in _get_machine_id_v3
2025-09-12T19:31:43:     machine_id = f.read()
2025-09-12T19:31:43:                  ^^^^^^^^
2025-09-12T19:31:43:   File "<frozen codecs>", line 322, in decode
2025-09-12T19:31:43: UnicodeDecodeError: 'utf-8' codec can't decode bytes in position 25-26: invalid continuation byte
2025-09-12T19:31:43: Exception in callback AppSession._on_scriptrunner_event.<locals>.<lambda>() at /usr/local/lib/python3.12/site-packages/streamlit/runtime/app_session.py:519
2025-09-12T19:31:43: handle: <Handle AppSession._on_scriptrunner_event.<locals>.<lambda>() at /usr/local/lib/python3.12/site-packages/streamlit/runtime/app_session.py:519>
2025-09-12T19:31:43: Traceback (most recent call last):
2025-09-12T19:31:43:   File "/usr/local/lib/python3.12/asyncio/events.py", line 88, in _run
2025-09-12T19:31:43:     self._context.run(self._callback, *self._args)
2025-09-12T19:31:43:   File "/usr/local/lib/python3.12/site-packages/streamlit/runtime/app_session.py", line 519, in <lambda>
2025-09-12T19:31:43:     lambda: self._handle_scriptrunner_event_on_event_loop(
2025-09-12T19:31:43:             ^^^^^^^^^^^^^^^^^^^^^^^^^^^^^^^^^^^^^^^^^^^^^^
2025-09-12T19:31:43:   File "/usr/local/lib/python3.12/site-packages/streamlit/runtime/app_session.py", line 616, in _handle_scriptrunner_event_on_event_loop
2025-09-12T19:31:43:     msg = self._create_new_session_message(
2025-09-12T19:31:43:           ^^^^^^^^^^^^^^^^^^^^^^^^^^^^^^^^^
2025-09-12T19:31:43:   File "/usr/local/lib/python3.12/site-packages/streamlit/runtime/app_session.py", line 750, in _create_new_session_message
2025-09-12T19:31:43:     _populate_user_info_msg(imsg.user_info)
2025-09-12T19:31:43:   File "/usr/local/lib/python3.12/site-packages/streamlit/runtime/app_session.py", line 1154, in _populate_user_info_msg
2025-09-12T19:31:43:     inst = Installation.instance()
2025-09-12T19:31:43:            ^^^^^^^^^^^^^^^^^^^^^^^
2025-09-12T19:31:43:   File "/usr/local/lib/python3.12/site-packages/streamlit/runtime/metrics_util.py", line 228, in instance
2025-09-12T19:31:43:     cls._instance = Installation()
2025-09-12T19:31:43:                     ^^^^^^^^^^^^^^
2025-09-12T19:31:43:   File "/usr/local/lib/python3.12/site-packages/streamlit/runtime/metrics_util.py", line 233, in __init__
2025-09-12T19:31:43:     uuid.uuid5(uuid.NAMESPACE_DNS, _get_machine_id_v3())
2025-09-12T19:31:43:                                    ^^^^^^^^^^^^^^^^^^^^
2025-09-12T19:31:43:   File "/usr/local/lib/python3.12/site-packages/streamlit/runtime/metrics_util.py", line 173, in _get_machine_id_v3
2025-09-12T19:31:43:     machine_id = f.read()
2025-09-12T19:31:43:                  ^^^^^^^^
2025-09-12T19:31:43:   File "<frozen codecs>", line 322, in decode
2025-09-12T19:31:43: UnicodeDecodeError: 'utf-8' codec can't decode bytes in position 25-26: invalid continuation byte
2025-09-12T19:31:43: Exception in callback AppSession._on_scriptrunner_event.<locals>.<lambda>() at /usr/local/lib/python3.12/site-packages/streamlit/runtime/app_session.py:519
2025-09-12T19:31:43: handle: <Handle AppSession._on_scriptrunner_event.<locals>.<lambda>() at /usr/local/lib/python3.12/site-packages/streamlit/runtime/app_session.py:519>
2025-09-12T19:31:43: Traceback (most recent call last):
2025-09-12T19:31:43:   File "/usr/local/lib/python3.12/asyncio/events.py", line 88, in _run
2025-09-12T19:31:43:     self._context.run(self._callback, *self._args)
2025-09-12T19:31:43:   File "/usr/local/lib/python3.12/site-packages/streamlit/runtime/app_session.py", line 519, in <lambda>
2025-09-12T19:31:43:     lambda: self._handle_scriptrunner_event_on_event_loop(
2025-09-12T19:31:43:             ^^^^^^^^^^^^^^^^^^^^^^^^^^^^^^^^^^^^^^^^^^^^^^
2025-09-12T19:31:43:   File "/usr/local/lib/python3.12/site-packages/streamlit/runtime/app_session.py", line 616, in _handle_scriptrunner_event_on_event_loop
2025-09-12T19:31:43:     msg = self._create_new_session_message(
2025-09-12T19:31:43:           ^^^^^^^^^^^^^^^^^^^^^^^^^^^^^^^^^
2025-09-12T19:31:43:   File "/usr/local/lib/python3.12/site-packages/streamlit/runtime/app_session.py", line 750, in _create_new_session_message
2025-09-12T19:31:43:     _populate_user_info_msg(imsg.user_info)
2025-09-12T19:31:43:   File "/usr/local/lib/python3.12/site-packages/streamlit/runtime/app_session.py", line 1154, in _populate_user_info_msg
2025-09-12T19:31:43:     inst = Installation.instance()
2025-09-12T19:31:43:            ^^^^^^^^^^^^^^^^^^^^^^^
2025-09-12T19:31:43:   File "/usr/local/lib/python3.12/site-packages/streamlit/runtime/metrics_util.py", line 228, in instance
2025-09-12T19:31:43:     cls._instance = Installation()
2025-09-12T19:31:43:                     ^^^^^^^^^^^^^^
2025-09-12T19:31:43:   File "/usr/local/lib/python3.12/site-packages/streamlit/runtime/metrics_util.py", line 233, in __init__
2025-09-12T19:31:43:     uuid.uuid5(uuid.NAMESPACE_DNS, _get_machine_id_v3())
2025-09-12T19:31:43:                                    ^^^^^^^^^^^^^^^^^^^^
2025-09-12T19:31:43:   File "/usr/local/lib/python3.12/site-packages/streamlit/runtime/metrics_util.py", line 173, in _get_machine_id_v3
2025-09-12T19:31:43:     machine_id = f.read()
2025-09-12T19:31:43:                  ^^^^^^^^
2025-09-12T19:31:43:   File "<frozen codecs>", line 322, in decode
2025-09-12T19:31:43: UnicodeDecodeError: 'utf-8' codec can't decode bytes in position 25-26: invalid continuation byte
2025-09-12T19:31:44: ✅ Imported ComprehensiveOSNProcessor
2025-09-12T19:31:44: ✅ Imported ComprehensiveOSNProcessor
2025-09-12T19:31:44: ✅ Imported refined theme modules
2025-09-12T19:31:44: ✅ Imported refined theme modules
2025-09-12T19:31:44: ✅ Applied refined light theme
2025-09-12T19:31:44: ✅ Applied refined black killer
2025-09-12T19:31:44: ✅ Applied refined light theme
2025-09-12T19:31:44: ✅ Applied refined black killer
2025-09-12T19:31:44: ✅ Imported ComprehensiveOSNProcessor
2025-09-12T19:31:44: ✅ Imported refined theme modules
2025-09-12T19:31:44: [31m──[0m[31m────────────────────────[0m[31m [0m[1;31mTraceback [0m[1;2;31m(most recent call last)[0m[31m [0m[31m─────────────────────────[0m[31m──[0m
2025-09-12T19:31:44: [31m [0m [2m/usr/local/lib/python3.12/site-packages/streamlit/runtime/scriptrunner/[0m[1mexec_code.py[0m: [31m [0m
2025-09-12T19:31:44: [31m [0m 128 in exec_func_with_error_handling                                                 [31m [0m
2025-09-12T19:31:44: [31m [0m                                                                                      [31m [0m
2025-09-12T19:31:44: [31m [0m [2m/usr/local/lib/python3.12/site-packages/streamlit/runtime/scriptrunner/[0m[1mscript_runner[0m [31m [0m
2025-09-12T19:31:44: [31m [0m [1m.py[0m:669 in code_to_exec                                                              [31m [0m
2025-09-12T19:31:44: [31m [0m                                                                                      [31m [0m
2025-09-12T19:31:44: [31m [0m [2m/home/user/webapp/[0m[1menhanced_streamlit_app.py[0m:29 in <module>                           [31m [0m
2025-09-12T19:31:44: [31m [0m                                                                                      [31m [0m
2025-09-12T19:31:44: [31m [0m   [2m 26 [0m                                                                               [31m [0m
2025-09-12T19:31:44: [31m [0m   [2m 27 [0m[2m# Import enhanced data processor[0m                                               [31m [0m
2025-09-12T19:31:44: [31m [0m   [2m 28 [0m[94mtry[0m:                                                                           [31m [0m
2025-09-12T19:31:44: [31m [0m [31m❱ [0m 29 [2m│   [0m[94mfrom[0m[90m [0m[4;96mcomprehensive_data_processor[0m[90m [0m[94mimport[0m ComprehensiveOSNProcessor         [31m [0m
2025-09-12T19:31:44: [31m [0m   [2m 30 [0m[2m│   [0m[96mprint[0m([33m"[0m[33m✅ Imported ComprehensiveOSNProcessor[0m[33m"[0m)                             [31m [0m
2025-09-12T19:31:44: [31m [0m   [2m 31 [0m[1;4;94mexcept[0m[1;4m [0m[1;4;96mImportError[0m[1;4m [0m[1;4;94mas[0m[1;4m e:[0m                                                       [31m [0m
2025-09-12T19:31:44: [31m [0m   [2m 32 [0m[2m│   [0m[1;4mst.error([0m[1;4;33mf[0m[1;4;33m"[0m[1;4;33mCould not import ComprehensiveOSNProcessor: [0m[1;4;33m{[0m[1;4me[0m[1;4;33m}[0m[1;4;33m"[0m[1;4m)[0m               [31m [0m
2025-09-12T19:31:44: [31m [0m in _find_and_load:1360                                                               [31m [0m
2025-09-12T19:31:44: [31m [0m in _find_and_load_unlocked:1331                                                      [31m [0m
2025-09-12T19:31:44: [31m [0m in _load_unlocked:946                                                                [31m [0m
2025-09-12T19:31:44: [31m────────────────────────────────────────────────────────────────────────────────────────[0m
2025-09-12T19:31:44: [1;91mKeyError: [0m[32m'comprehensive_data_processor'[0m
2025-09-12T19:31:44: 2025-09-12 19:31:44.905 Please replace `use_container_width` with `width`.
2025-09-12T19:31:44: 
2025-09-12T19:31:44: `use_container_width` will be removed after 2025-12-31.
2025-09-12T19:31:44: 
2025-09-12T19:31:44: For `use_container_width=True`, use `width='stretch'`. For `use_container_width=False`, use `width='content'`.
2025-09-12T19:31:44: 2025-09-12 19:31:44.914 Please replace `use_container_width` with `width`.
2025-09-12T19:31:44: 
2025-09-12T19:31:44: `use_container_width` will be removed after 2025-12-31.
2025-09-12T19:31:44: 
2025-09-12T19:31:44: For `use_container_width=True`, use `width='stretch'`. For `use_container_width=False`, use `width='content'`.
2025-09-12T19:31:45: 2025-09-12 19:31:45.177 Please replace `use_container_width` with `width`.
2025-09-12T19:31:45: 
2025-09-12T19:31:45: `use_container_width` will be removed after 2025-12-31.
2025-09-12T19:31:45: 
2025-09-12T19:31:45: For `use_container_width=True`, use `width='stretch'`. For `use_container_width=False`, use `width='content'`.
2025-09-12T19:31:45: 2025-09-12 19:31:45.185 Please replace `use_container_width` with `width`.
2025-09-12T19:31:45: 
2025-09-12T19:31:45: `use_container_width` will be removed after 2025-12-31.
2025-09-12T19:31:45: 
2025-09-12T19:31:45: For `use_container_width=True`, use `width='stretch'`. For `use_container_width=False`, use `width='content'`.
2025-09-12T19:32:04: Exception in callback AppSession._on_scriptrunner_event.<locals>.<lambda>() at /usr/local/lib/python3.12/site-packages/streamlit/runtime/app_session.py:519
2025-09-12T19:32:04: handle: <Handle AppSession._on_scriptrunner_event.<locals>.<lambda>() at /usr/local/lib/python3.12/site-packages/streamlit/runtime/app_session.py:519>
2025-09-12T19:32:04: Traceback (most recent call last):
2025-09-12T19:32:04:   File "/usr/local/lib/python3.12/asyncio/events.py", line 88, in _run
2025-09-12T19:32:04:     self._context.run(self._callback, *self._args)
2025-09-12T19:32:04:   File "/usr/local/lib/python3.12/site-packages/streamlit/runtime/app_session.py", line 519, in <lambda>
2025-09-12T19:32:04:     lambda: self._handle_scriptrunner_event_on_event_loop(
2025-09-12T19:32:04:             ^^^^^^^^^^^^^^^^^^^^^^^^^^^^^^^^^^^^^^^^^^^^^^
2025-09-12T19:32:04:   File "/usr/local/lib/python3.12/site-packages/streamlit/runtime/app_session.py", line 616, in _handle_scriptrunner_event_on_event_loop
2025-09-12T19:32:04:     msg = self._create_new_session_message(
2025-09-12T19:32:04:           ^^^^^^^^^^^^^^^^^^^^^^^^^^^^^^^^^
2025-09-12T19:32:04:   File "/usr/local/lib/python3.12/site-packages/streamlit/runtime/app_session.py", line 750, in _create_new_session_message
2025-09-12T19:32:04:     _populate_user_info_msg(imsg.user_info)
2025-09-12T19:32:04:   File "/usr/local/lib/python3.12/site-packages/streamlit/runtime/app_session.py", line 1154, in _populate_user_info_msg
2025-09-12T19:32:04:     inst = Installation.instance()
2025-09-12T19:32:04:            ^^^^^^^^^^^^^^^^^^^^^^^
2025-09-12T19:32:04:   File "/usr/local/lib/python3.12/site-packages/streamlit/runtime/metrics_util.py", line 228, in instance
2025-09-12T19:32:04:     cls._instance = Installation()
2025-09-12T19:32:04:                     ^^^^^^^^^^^^^^
2025-09-12T19:32:04:   File "/usr/local/lib/python3.12/site-packages/streamlit/runtime/metrics_util.py", line 233, in __init__
2025-09-12T19:32:04:     uuid.uuid5(uuid.NAMESPACE_DNS, _get_machine_id_v3())
2025-09-12T19:32:04:                                    ^^^^^^^^^^^^^^^^^^^^
2025-09-12T19:32:04:   File "/usr/local/lib/python3.12/site-packages/streamlit/runtime/metrics_util.py", line 173, in _get_machine_id_v3
2025-09-12T19:32:04:     machine_id = f.read()
2025-09-12T19:32:04:                  ^^^^^^^^
2025-09-12T19:32:04:   File "<frozen codecs>", line 322, in decode
2025-09-12T19:32:04: UnicodeDecodeError: 'utf-8' codec can't decode bytes in position 25-26: invalid continuation byte
2025-09-12T19:32:04: Exception in callback AppSession._on_scriptrunner_event.<locals>.<lambda>() at /usr/local/lib/python3.12/site-packages/streamlit/runtime/app_session.py:519
2025-09-12T19:32:04: handle: <Handle AppSession._on_scriptrunner_event.<locals>.<lambda>() at /usr/local/lib/python3.12/site-packages/streamlit/runtime/app_session.py:519>
2025-09-12T19:32:04: Traceback (most recent call last):
2025-09-12T19:32:04:   File "/usr/local/lib/python3.12/asyncio/events.py", line 88, in _run
2025-09-12T19:32:04:     self._context.run(self._callback, *self._args)
2025-09-12T19:32:04:   File "/usr/local/lib/python3.12/site-packages/streamlit/runtime/app_session.py", line 519, in <lambda>
2025-09-12T19:32:04:     lambda: self._handle_scriptrunner_event_on_event_loop(
2025-09-12T19:32:04:             ^^^^^^^^^^^^^^^^^^^^^^^^^^^^^^^^^^^^^^^^^^^^^^
2025-09-12T19:32:04:   File "/usr/local/lib/python3.12/site-packages/streamlit/runtime/app_session.py", line 616, in _handle_scriptrunner_event_on_event_loop
2025-09-12T19:32:04:     msg = self._create_new_session_message(
2025-09-12T19:32:04:           ^^^^^^^^^^^^^^^^^^^^^^^^^^^^^^^^^
2025-09-12T19:32:04:   File "/usr/local/lib/python3.12/site-packages/streamlit/runtime/app_session.py", line 750, in _create_new_session_message
2025-09-12T19:32:04:     _populate_user_info_msg(imsg.user_info)
2025-09-12T19:32:04:   File "/usr/local/lib/python3.12/site-packages/streamlit/runtime/app_session.py", line 1154, in _populate_user_info_msg
2025-09-12T19:32:04:     inst = Installation.instance()
2025-09-12T19:32:04:            ^^^^^^^^^^^^^^^^^^^^^^^
2025-09-12T19:32:04:   File "/usr/local/lib/python3.12/site-packages/streamlit/runtime/metrics_util.py", line 228, in instance
2025-09-12T19:32:04:     cls._instance = Installation()
2025-09-12T19:32:04:                     ^^^^^^^^^^^^^^
2025-09-12T19:32:04:   File "/usr/local/lib/python3.12/site-packages/streamlit/runtime/metrics_util.py", line 233, in __init__
2025-09-12T19:32:04:     uuid.uuid5(uuid.NAMESPACE_DNS, _get_machine_id_v3())
2025-09-12T19:32:04:                                    ^^^^^^^^^^^^^^^^^^^^
2025-09-12T19:32:04:   File "/usr/local/lib/python3.12/site-packages/streamlit/runtime/metrics_util.py", line 173, in _get_machine_id_v3
2025-09-12T19:32:04:     machine_id = f.read()
2025-09-12T19:32:04:                  ^^^^^^^^
2025-09-12T19:32:04:   File "<frozen codecs>", line 322, in decode
2025-09-12T19:32:04: UnicodeDecodeError: 'utf-8' codec can't decode bytes in position 25-26: invalid continuation byte
2025-09-12T19:32:04: Exception in callback AppSession._on_scriptrunner_event.<locals>.<lambda>() at /usr/local/lib/python3.12/site-packages/streamlit/runtime/app_session.py:519
2025-09-12T19:32:04: handle: <Handle AppSession._on_scriptrunner_event.<locals>.<lambda>() at /usr/local/lib/python3.12/site-packages/streamlit/runtime/app_session.py:519>
2025-09-12T19:32:04: Traceback (most recent call last):
2025-09-12T19:32:04:   File "/usr/local/lib/python3.12/asyncio/events.py", line 88, in _run
2025-09-12T19:32:04:     self._context.run(self._callback, *self._args)
2025-09-12T19:32:04:   File "/usr/local/lib/python3.12/site-packages/streamlit/runtime/app_session.py", line 519, in <lambda>
2025-09-12T19:32:04:     lambda: self._handle_scriptrunner_event_on_event_loop(
2025-09-12T19:32:04:             ^^^^^^^^^^^^^^^^^^^^^^^^^^^^^^^^^^^^^^^^^^^^^^
2025-09-12T19:32:04:   File "/usr/local/lib/python3.12/site-packages/streamlit/runtime/app_session.py", line 616, in _handle_scriptrunner_event_on_event_loop
2025-09-12T19:32:04:     msg = self._create_new_session_message(
2025-09-12T19:32:04:           ^^^^^^^^^^^^^^^^^^^^^^^^^^^^^^^^^
2025-09-12T19:32:04:   File "/usr/local/lib/python3.12/site-packages/streamlit/runtime/app_session.py", line 750, in _create_new_session_message
2025-09-12T19:32:04:     _populate_user_info_msg(imsg.user_info)
2025-09-12T19:32:04:   File "/usr/local/lib/python3.12/site-packages/streamlit/runtime/app_session.py", line 1154, in _populate_user_info_msg
2025-09-12T19:32:04:     inst = Installation.instance()
2025-09-12T19:32:04:            ^^^^^^^^^^^^^^^^^^^^^^^
2025-09-12T19:32:04:   File "/usr/local/lib/python3.12/site-packages/streamlit/runtime/metrics_util.py", line 228, in instance
2025-09-12T19:32:04:     cls._instance = Installation()
2025-09-12T19:32:04:                     ^^^^^^^^^^^^^^
2025-09-12T19:32:04:   File "/usr/local/lib/python3.12/site-packages/streamlit/runtime/metrics_util.py", line 233, in __init__
2025-09-12T19:32:04:     uuid.uuid5(uuid.NAMESPACE_DNS, _get_machine_id_v3())
2025-09-12T19:32:04:                                    ^^^^^^^^^^^^^^^^^^^^
2025-09-12T19:32:04:   File "/usr/local/lib/python3.12/site-packages/streamlit/runtime/metrics_util.py", line 173, in _get_machine_id_v3
2025-09-12T19:32:04:     machine_id = f.read()
2025-09-12T19:32:04:                  ^^^^^^^^
2025-09-12T19:32:04:   File "<frozen codecs>", line 322, in decode
2025-09-12T19:32:04: UnicodeDecodeError: 'utf-8' codec can't decode bytes in position 25-26: invalid continuation byte
2025-09-12T19:32:04: Exception in callback AppSession._on_scriptrunner_event.<locals>.<lambda>() at /usr/local/lib/python3.12/site-packages/streamlit/runtime/app_session.py:519
2025-09-12T19:32:04: handle: <Handle AppSession._on_scriptrunner_event.<locals>.<lambda>() at /usr/local/lib/python3.12/site-packages/streamlit/runtime/app_session.py:519>
2025-09-12T19:32:04: Traceback (most recent call last):
2025-09-12T19:32:04:   File "/usr/local/lib/python3.12/asyncio/events.py", line 88, in _run
2025-09-12T19:32:04:     self._context.run(self._callback, *self._args)
2025-09-12T19:32:04:   File "/usr/local/lib/python3.12/site-packages/streamlit/runtime/app_session.py", line 519, in <lambda>
2025-09-12T19:32:04:     lambda: self._handle_scriptrunner_event_on_event_loop(
2025-09-12T19:32:04:             ^^^^^^^^^^^^^^^^^^^^^^^^^^^^^^^^^^^^^^^^^^^^^^
2025-09-12T19:32:04:   File "/usr/local/lib/python3.12/site-packages/streamlit/runtime/app_session.py", line 616, in _handle_scriptrunner_event_on_event_loop
2025-09-12T19:32:04:     msg = self._create_new_session_message(
2025-09-12T19:32:04:           ^^^^^^^^^^^^^^^^^^^^^^^^^^^^^^^^^
2025-09-12T19:32:04:   File "/usr/local/lib/python3.12/site-packages/streamlit/runtime/app_session.py", line 750, in _create_new_session_message
2025-09-12T19:32:04:     _populate_user_info_msg(imsg.user_info)
2025-09-12T19:32:04:   File "/usr/local/lib/python3.12/site-packages/streamlit/runtime/app_session.py", line 1154, in _populate_user_info_msg
2025-09-12T19:32:04:     inst = Installation.instance()
2025-09-12T19:32:04:            ^^^^^^^^^^^^^^^^^^^^^^^
2025-09-12T19:32:04:   File "/usr/local/lib/python3.12/site-packages/streamlit/runtime/metrics_util.py", line 228, in instance
2025-09-12T19:32:04:     cls._instance = Installation()
2025-09-12T19:32:04:                     ^^^^^^^^^^^^^^
2025-09-12T19:32:04:   File "/usr/local/lib/python3.12/site-packages/streamlit/runtime/metrics_util.py", line 233, in __init__
2025-09-12T19:32:04:     uuid.uuid5(uuid.NAMESPACE_DNS, _get_machine_id_v3())
2025-09-12T19:32:04:                                    ^^^^^^^^^^^^^^^^^^^^
2025-09-12T19:32:04:   File "/usr/local/lib/python3.12/site-packages/streamlit/runtime/metrics_util.py", line 173, in _get_machine_id_v3
2025-09-12T19:32:04:     machine_id = f.read()
2025-09-12T19:32:04:                  ^^^^^^^^
2025-09-12T19:32:04:   File "<frozen codecs>", line 322, in decode
2025-09-12T19:32:04: UnicodeDecodeError: 'utf-8' codec can't decode bytes in position 25-26: invalid continuation byte
2025-09-12T19:32:05: 2025-09-12 19:32:05.626 Please replace `use_container_width` with `width`.
2025-09-12T19:32:05: 
2025-09-12T19:32:05: `use_container_width` will be removed after 2025-12-31.
2025-09-12T19:32:05: 
2025-09-12T19:32:05: For `use_container_width=True`, use `width='stretch'`. For `use_container_width=False`, use `width='content'`.
2025-09-12T19:32:05: 2025-09-12 19:32:05.637 Please replace `use_container_width` with `width`.
2025-09-12T19:32:05: 
2025-09-12T19:32:05: `use_container_width` will be removed after 2025-12-31.
2025-09-12T19:32:05: 
2025-09-12T19:32:05: For `use_container_width=True`, use `width='stretch'`. For `use_container_width=False`, use `width='content'`.
2025-09-12T19:32:05: 2025-09-12 19:32:05.927 Please replace `use_container_width` with `width`.
2025-09-12T19:32:05: 
2025-09-12T19:32:05: `use_container_width` will be removed after 2025-12-31.
2025-09-12T19:32:05: 
2025-09-12T19:32:05: For `use_container_width=True`, use `width='stretch'`. For `use_container_width=False`, use `width='content'`.
2025-09-12T19:32:05: 2025-09-12 19:32:05.933 Please replace `use_container_width` with `width`.
2025-09-12T19:32:05: 
2025-09-12T19:32:05: `use_container_width` will be removed after 2025-12-31.
2025-09-12T19:32:05: 
2025-09-12T19:32:05: For `use_container_width=True`, use `width='stretch'`. For `use_container_width=False`, use `width='content'`.
2025-09-12T19:32:09: ✅ Imported ComprehensiveOSNProcessor
2025-09-12T19:32:09: ✅ Imported refined theme modules
2025-09-12T19:32:09: ✅ Applied refined light theme
2025-09-12T19:32:09: ✅ Applied refined black killer
2025-09-12T19:32:09: ✅ Imported ComprehensiveOSNProcessor
2025-09-12T19:32:09: ✅ Imported refined theme modules
2025-09-12T19:32:09: ✅ Applied refined light theme
2025-09-12T19:32:09: ✅ Applied refined black killer
2025-09-12T19:32:09: ✅ Imported ComprehensiveOSNProcessor
2025-09-12T19:32:09: ✅ Imported ComprehensiveOSNProcessor
2025-09-12T19:32:09: ✅ Imported refined theme modules
2025-09-12T19:32:09: ✅ Imported refined theme modules
2025-09-12T19:32:09: ✅ Imported ComprehensiveOSNProcessor
2025-09-12T19:32:09: ✅ Imported refined theme modules
2025-09-12T19:32:09: ✅ Applied refined light theme
2025-09-12T19:32:09: ✅ Applied refined black killer
2025-09-12T19:32:09: ✅ Imported ComprehensiveOSNProcessor
2025-09-12T19:32:09: ✅ Imported refined theme modules
2025-09-12T19:32:09: ✅ Applied refined light theme
2025-09-12T19:32:09: ✅ Applied refined black killer
2025-09-12T19:32:09:   Stopping...
2025-09-12T19:32:10: 
2025-09-12T19:32:10:   You can now view your Streamlit app in your browser.
2025-09-12T19:32:10: 
2025-09-12T19:32:10:   URL: http://0.0.0.0:8502
2025-09-12T19:32:10: 
2025-09-12T19:32:11: Exception in callback AppSession._on_scriptrunner_event.<locals>.<lambda>() at /usr/local/lib/python3.12/site-packages/streamlit/runtime/app_session.py:519
2025-09-12T19:32:11: handle: <Handle AppSession._on_scriptrunner_event.<locals>.<lambda>() at /usr/local/lib/python3.12/site-packages/streamlit/runtime/app_session.py:519>
2025-09-12T19:32:11: Traceback (most recent call last):
2025-09-12T19:32:11:   File "/usr/local/lib/python3.12/asyncio/events.py", line 88, in _run
2025-09-12T19:32:11:     self._context.run(self._callback, *self._args)
2025-09-12T19:32:11:   File "/usr/local/lib/python3.12/site-packages/streamlit/runtime/app_session.py", line 519, in <lambda>
2025-09-12T19:32:11:     lambda: self._handle_scriptrunner_event_on_event_loop(
2025-09-12T19:32:11:             ^^^^^^^^^^^^^^^^^^^^^^^^^^^^^^^^^^^^^^^^^^^^^^
2025-09-12T19:32:11:   File "/usr/local/lib/python3.12/site-packages/streamlit/runtime/app_session.py", line 616, in _handle_scriptrunner_event_on_event_loop
2025-09-12T19:32:11:     msg = self._create_new_session_message(
2025-09-12T19:32:11:           ^^^^^^^^^^^^^^^^^^^^^^^^^^^^^^^^^
2025-09-12T19:32:11:   File "/usr/local/lib/python3.12/site-packages/streamlit/runtime/app_session.py", line 750, in _create_new_session_message
2025-09-12T19:32:11:     _populate_user_info_msg(imsg.user_info)
2025-09-12T19:32:11:   File "/usr/local/lib/python3.12/site-packages/streamlit/runtime/app_session.py", line 1154, in _populate_user_info_msg
2025-09-12T19:32:11:     inst = Installation.instance()
2025-09-12T19:32:11:            ^^^^^^^^^^^^^^^^^^^^^^^
2025-09-12T19:32:11:   File "/usr/local/lib/python3.12/site-packages/streamlit/runtime/metrics_util.py", line 228, in instance
2025-09-12T19:32:11:     cls._instance = Installation()
2025-09-12T19:32:11:                     ^^^^^^^^^^^^^^
2025-09-12T19:32:11:   File "/usr/local/lib/python3.12/site-packages/streamlit/runtime/metrics_util.py", line 233, in __init__
2025-09-12T19:32:11:     uuid.uuid5(uuid.NAMESPACE_DNS, _get_machine_id_v3())
2025-09-12T19:32:11:                                    ^^^^^^^^^^^^^^^^^^^^
2025-09-12T19:32:11:   File "/usr/local/lib/python3.12/site-packages/streamlit/runtime/metrics_util.py", line 173, in _get_machine_id_v3
2025-09-12T19:32:11:     machine_id = f.read()
2025-09-12T19:32:11:                  ^^^^^^^^
2025-09-12T19:32:11:   File "<frozen codecs>", line 322, in decode
2025-09-12T19:32:11: UnicodeDecodeError: 'utf-8' codec can't decode bytes in position 25-26: invalid continuation byte
2025-09-12T19:32:11: Exception in callback AppSession._on_scriptrunner_event.<locals>.<lambda>() at /usr/local/lib/python3.12/site-packages/streamlit/runtime/app_session.py:519
2025-09-12T19:32:11: handle: <Handle AppSession._on_scriptrunner_event.<locals>.<lambda>() at /usr/local/lib/python3.12/site-packages/streamlit/runtime/app_session.py:519>
2025-09-12T19:32:11: Traceback (most recent call last):
2025-09-12T19:32:11:   File "/usr/local/lib/python3.12/asyncio/events.py", line 88, in _run
2025-09-12T19:32:11:     self._context.run(self._callback, *self._args)
2025-09-12T19:32:11:   File "/usr/local/lib/python3.12/site-packages/streamlit/runtime/app_session.py", line 519, in <lambda>
2025-09-12T19:32:11:     lambda: self._handle_scriptrunner_event_on_event_loop(
2025-09-12T19:32:11:             ^^^^^^^^^^^^^^^^^^^^^^^^^^^^^^^^^^^^^^^^^^^^^^
2025-09-12T19:32:11:   File "/usr/local/lib/python3.12/site-packages/streamlit/runtime/app_session.py", line 616, in _handle_scriptrunner_event_on_event_loop
2025-09-12T19:32:11:     msg = self._create_new_session_message(
2025-09-12T19:32:11:           ^^^^^^^^^^^^^^^^^^^^^^^^^^^^^^^^^
2025-09-12T19:32:11:   File "/usr/local/lib/python3.12/site-packages/streamlit/runtime/app_session.py", line 750, in _create_new_session_message
2025-09-12T19:32:11:     _populate_user_info_msg(imsg.user_info)
2025-09-12T19:32:11:   File "/usr/local/lib/python3.12/site-packages/streamlit/runtime/app_session.py", line 1154, in _populate_user_info_msg
2025-09-12T19:32:11:     inst = Installation.instance()
2025-09-12T19:32:11:            ^^^^^^^^^^^^^^^^^^^^^^^
2025-09-12T19:32:11:   File "/usr/local/lib/python3.12/site-packages/streamlit/runtime/metrics_util.py", line 228, in instance
2025-09-12T19:32:11:     cls._instance = Installation()
2025-09-12T19:32:11:                     ^^^^^^^^^^^^^^
2025-09-12T19:32:11:   File "/usr/local/lib/python3.12/site-packages/streamlit/runtime/metrics_util.py", line 233, in __init__
2025-09-12T19:32:11:     uuid.uuid5(uuid.NAMESPACE_DNS, _get_machine_id_v3())
2025-09-12T19:32:11:                                    ^^^^^^^^^^^^^^^^^^^^
2025-09-12T19:32:11:   File "/usr/local/lib/python3.12/site-packages/streamlit/runtime/metrics_util.py", line 173, in _get_machine_id_v3
2025-09-12T19:32:11:     machine_id = f.read()
2025-09-12T19:32:11:                  ^^^^^^^^
2025-09-12T19:32:11:   File "<frozen codecs>", line 322, in decode
2025-09-12T19:32:11: UnicodeDecodeError: 'utf-8' codec can't decode bytes in position 25-26: invalid continuation byte
2025-09-12T19:32:16: 2025-09-12 19:32:16.490 Please replace `use_container_width` with `width`.
2025-09-12T19:32:16: 
2025-09-12T19:32:16: `use_container_width` will be removed after 2025-12-31.
2025-09-12T19:32:16: 
2025-09-12T19:32:16: For `use_container_width=True`, use `width='stretch'`. For `use_container_width=False`, use `width='content'`.
2025-09-12T19:32:16: 2025-09-12 19:32:16.506 Please replace `use_container_width` with `width`.
2025-09-12T19:32:16: 
2025-09-12T19:32:16: `use_container_width` will be removed after 2025-12-31.
2025-09-12T19:32:16: 
2025-09-12T19:32:16: For `use_container_width=True`, use `width='stretch'`. For `use_container_width=False`, use `width='content'`.
2025-09-12T19:32:17: 2025-09-12 19:32:17.372 Please replace `use_container_width` with `width`.
2025-09-12T19:32:17: 
2025-09-12T19:32:17: `use_container_width` will be removed after 2025-12-31.
2025-09-12T19:32:17: 
2025-09-12T19:32:17: For `use_container_width=True`, use `width='stretch'`. For `use_container_width=False`, use `width='content'`.
2025-09-12T19:32:17: 2025-09-12 19:32:17.379 Please replace `use_container_width` with `width`.
2025-09-12T19:32:17: 
2025-09-12T19:32:17: `use_container_width` will be removed after 2025-12-31.
2025-09-12T19:32:17: 
2025-09-12T19:32:17: For `use_container_width=True`, use `width='stretch'`. For `use_container_width=False`, use `width='content'`.
2025-09-12T19:33:08: Exception in callback AppSession._on_scriptrunner_event.<locals>.<lambda>() at /usr/local/lib/python3.12/site-packages/streamlit/runtime/app_session.py:519
2025-09-12T19:33:08: handle: <Handle AppSession._on_scriptrunner_event.<locals>.<lambda>() at /usr/local/lib/python3.12/site-packages/streamlit/runtime/app_session.py:519>
2025-09-12T19:33:08: Traceback (most recent call last):
2025-09-12T19:33:08:   File "/usr/local/lib/python3.12/asyncio/events.py", line 88, in _run
2025-09-12T19:33:08:     self._context.run(self._callback, *self._args)
2025-09-12T19:33:08:   File "/usr/local/lib/python3.12/site-packages/streamlit/runtime/app_session.py", line 519, in <lambda>
2025-09-12T19:33:08:     lambda: self._handle_scriptrunner_event_on_event_loop(
2025-09-12T19:33:08:             ^^^^^^^^^^^^^^^^^^^^^^^^^^^^^^^^^^^^^^^^^^^^^^
2025-09-12T19:33:08:   File "/usr/local/lib/python3.12/site-packages/streamlit/runtime/app_session.py", line 616, in _handle_scriptrunner_event_on_event_loop
2025-09-12T19:33:08:     msg = self._create_new_session_message(
2025-09-12T19:33:08:           ^^^^^^^^^^^^^^^^^^^^^^^^^^^^^^^^^
2025-09-12T19:33:08:   File "/usr/local/lib/python3.12/site-packages/streamlit/runtime/app_session.py", line 750, in _create_new_session_message
2025-09-12T19:33:08:     _populate_user_info_msg(imsg.user_info)
2025-09-12T19:33:08:   File "/usr/local/lib/python3.12/site-packages/streamlit/runtime/app_session.py", line 1154, in _populate_user_info_msg
2025-09-12T19:33:08:     inst = Installation.instance()
2025-09-12T19:33:08:            ^^^^^^^^^^^^^^^^^^^^^^^
2025-09-12T19:33:08:   File "/usr/local/lib/python3.12/site-packages/streamlit/runtime/metrics_util.py", line 228, in instance
2025-09-12T19:33:08:     cls._instance = Installation()
2025-09-12T19:33:08:                     ^^^^^^^^^^^^^^
2025-09-12T19:33:08:   File "/usr/local/lib/python3.12/site-packages/streamlit/runtime/metrics_util.py", line 233, in __init__
2025-09-12T19:33:08:     uuid.uuid5(uuid.NAMESPACE_DNS, _get_machine_id_v3())
2025-09-12T19:33:08:                                    ^^^^^^^^^^^^^^^^^^^^
2025-09-12T19:33:08:   File "/usr/local/lib/python3.12/site-packages/streamlit/runtime/metrics_util.py", line 173, in _get_machine_id_v3
2025-09-12T19:33:08:     machine_id = f.read()
2025-09-12T19:33:08:                  ^^^^^^^^
2025-09-12T19:33:08:   File "<frozen codecs>", line 322, in decode
2025-09-12T19:33:08: UnicodeDecodeError: 'utf-8' codec can't decode bytes in position 25-26: invalid continuation byte
2025-09-12T19:33:08: 2025-09-12 19:33:08.532 Please replace `use_container_width` with `width`.
2025-09-12T19:33:08: 
2025-09-12T19:33:08: `use_container_width` will be removed after 2025-12-31.
2025-09-12T19:33:08: 
2025-09-12T19:33:08: For `use_container_width=True`, use `width='stretch'`. For `use_container_width=False`, use `width='content'`.
2025-09-12T19:33:08: 2025-09-12 19:33:08.548 Please replace `use_container_width` with `width`.
2025-09-12T19:33:08: 
2025-09-12T19:33:08: `use_container_width` will be removed after 2025-12-31.
2025-09-12T19:33:08: 
2025-09-12T19:33:08: For `use_container_width=True`, use `width='stretch'`. For `use_container_width=False`, use `width='content'`.
2025-09-12T19:34:56: Exception in callback AppSession._on_scriptrunner_event.<locals>.<lambda>() at /usr/local/lib/python3.12/site-packages/streamlit/runtime/app_session.py:519
2025-09-12T19:34:56: handle: <Handle AppSession._on_scriptrunner_event.<locals>.<lambda>() at /usr/local/lib/python3.12/site-packages/streamlit/runtime/app_session.py:519>
2025-09-12T19:34:56: Traceback (most recent call last):
2025-09-12T19:34:56:   File "/usr/local/lib/python3.12/asyncio/events.py", line 88, in _run
2025-09-12T19:34:56:     self._context.run(self._callback, *self._args)
2025-09-12T19:34:56:   File "/usr/local/lib/python3.12/site-packages/streamlit/runtime/app_session.py", line 519, in <lambda>
2025-09-12T19:34:56:     lambda: self._handle_scriptrunner_event_on_event_loop(
2025-09-12T19:34:56:             ^^^^^^^^^^^^^^^^^^^^^^^^^^^^^^^^^^^^^^^^^^^^^^
2025-09-12T19:34:56:   File "/usr/local/lib/python3.12/site-packages/streamlit/runtime/app_session.py", line 616, in _handle_scriptrunner_event_on_event_loop
2025-09-12T19:34:56:     msg = self._create_new_session_message(
2025-09-12T19:34:56:           ^^^^^^^^^^^^^^^^^^^^^^^^^^^^^^^^^
2025-09-12T19:34:56:   File "/usr/local/lib/python3.12/site-packages/streamlit/runtime/app_session.py", line 750, in _create_new_session_message
2025-09-12T19:34:56:     _populate_user_info_msg(imsg.user_info)
2025-09-12T19:34:56:   File "/usr/local/lib/python3.12/site-packages/streamlit/runtime/app_session.py", line 1154, in _populate_user_info_msg
2025-09-12T19:34:56:     inst = Installation.instance()
2025-09-12T19:34:56:            ^^^^^^^^^^^^^^^^^^^^^^^
2025-09-12T19:34:56:   File "/usr/local/lib/python3.12/site-packages/streamlit/runtime/metrics_util.py", line 228, in instance
2025-09-12T19:34:56:     cls._instance = Installation()
2025-09-12T19:34:56:                     ^^^^^^^^^^^^^^
2025-09-12T19:34:56:   File "/usr/local/lib/python3.12/site-packages/streamlit/runtime/metrics_util.py", line 233, in __init__
2025-09-12T19:34:56:     uuid.uuid5(uuid.NAMESPACE_DNS, _get_machine_id_v3())
2025-09-12T19:34:56:                                    ^^^^^^^^^^^^^^^^^^^^
2025-09-12T19:34:56:   File "/usr/local/lib/python3.12/site-packages/streamlit/runtime/metrics_util.py", line 173, in _get_machine_id_v3
2025-09-12T19:34:56:     machine_id = f.read()
2025-09-12T19:34:56:                  ^^^^^^^^
2025-09-12T19:34:56:   File "<frozen codecs>", line 322, in decode
2025-09-12T19:34:56: UnicodeDecodeError: 'utf-8' codec can't decode bytes in position 25-26: invalid continuation byte
2025-09-12T19:34:56: Exception in callback AppSession._on_scriptrunner_event.<locals>.<lambda>() at /usr/local/lib/python3.12/site-packages/streamlit/runtime/app_session.py:519
2025-09-12T19:34:56: handle: <Handle AppSession._on_scriptrunner_event.<locals>.<lambda>() at /usr/local/lib/python3.12/site-packages/streamlit/runtime/app_session.py:519>
2025-09-12T19:34:56: Traceback (most recent call last):
2025-09-12T19:34:56:   File "/usr/local/lib/python3.12/asyncio/events.py", line 88, in _run
2025-09-12T19:34:56:     self._context.run(self._callback, *self._args)
2025-09-12T19:34:56:   File "/usr/local/lib/python3.12/site-packages/streamlit/runtime/app_session.py", line 519, in <lambda>
2025-09-12T19:34:56:     lambda: self._handle_scriptrunner_event_on_event_loop(
2025-09-12T19:34:56:             ^^^^^^^^^^^^^^^^^^^^^^^^^^^^^^^^^^^^^^^^^^^^^^
2025-09-12T19:34:56:   File "/usr/local/lib/python3.12/site-packages/streamlit/runtime/app_session.py", line 616, in _handle_scriptrunner_event_on_event_loop
2025-09-12T19:34:56:     msg = self._create_new_session_message(
2025-09-12T19:34:56:           ^^^^^^^^^^^^^^^^^^^^^^^^^^^^^^^^^
2025-09-12T19:34:56:   File "/usr/local/lib/python3.12/site-packages/streamlit/runtime/app_session.py", line 750, in _create_new_session_message
2025-09-12T19:34:56:     _populate_user_info_msg(imsg.user_info)
2025-09-12T19:34:56:   File "/usr/local/lib/python3.12/site-packages/streamlit/runtime/app_session.py", line 1154, in _populate_user_info_msg
2025-09-12T19:34:56:     inst = Installation.instance()
2025-09-12T19:34:56:            ^^^^^^^^^^^^^^^^^^^^^^^
2025-09-12T19:34:56:   File "/usr/local/lib/python3.12/site-packages/streamlit/runtime/metrics_util.py", line 228, in instance
2025-09-12T19:34:56:     cls._instance = Installation()
2025-09-12T19:34:56:                     ^^^^^^^^^^^^^^
2025-09-12T19:34:56:   File "/usr/local/lib/python3.12/site-packages/streamlit/runtime/metrics_util.py", line 233, in __init__
2025-09-12T19:34:56:     uuid.uuid5(uuid.NAMESPACE_DNS, _get_machine_id_v3())
2025-09-12T19:34:56:                                    ^^^^^^^^^^^^^^^^^^^^
2025-09-12T19:34:56:   File "/usr/local/lib/python3.12/site-packages/streamlit/runtime/metrics_util.py", line 173, in _get_machine_id_v3
2025-09-12T19:34:56:     machine_id = f.read()
2025-09-12T19:34:56:                  ^^^^^^^^
2025-09-12T19:34:56:   File "<frozen codecs>", line 322, in decode
2025-09-12T19:34:56: UnicodeDecodeError: 'utf-8' codec can't decode bytes in position 25-26: invalid continuation byte
2025-09-12T19:34:56: Exception in callback AppSession._on_scriptrunner_event.<locals>.<lambda>() at /usr/local/lib/python3.12/site-packages/streamlit/runtime/app_session.py:519
2025-09-12T19:34:56: handle: <Handle AppSession._on_scriptrunner_event.<locals>.<lambda>() at /usr/local/lib/python3.12/site-packages/streamlit/runtime/app_session.py:519>
2025-09-12T19:34:56: Traceback (most recent call last):
2025-09-12T19:34:56:   File "/usr/local/lib/python3.12/asyncio/events.py", line 88, in _run
2025-09-12T19:34:56:     self._context.run(self._callback, *self._args)
2025-09-12T19:34:56:   File "/usr/local/lib/python3.12/site-packages/streamlit/runtime/app_session.py", line 519, in <lambda>
2025-09-12T19:34:56:     lambda: self._handle_scriptrunner_event_on_event_loop(
2025-09-12T19:34:56:             ^^^^^^^^^^^^^^^^^^^^^^^^^^^^^^^^^^^^^^^^^^^^^^
2025-09-12T19:34:56:   File "/usr/local/lib/python3.12/site-packages/streamlit/runtime/app_session.py", line 616, in _handle_scriptrunner_event_on_event_loop
2025-09-12T19:34:56:     msg = self._create_new_session_message(
2025-09-12T19:34:56:           ^^^^^^^^^^^^^^^^^^^^^^^^^^^^^^^^^
2025-09-12T19:34:56:   File "/usr/local/lib/python3.12/site-packages/streamlit/runtime/app_session.py", line 750, in _create_new_session_message
2025-09-12T19:34:56:     _populate_user_info_msg(imsg.user_info)
2025-09-12T19:34:56:   File "/usr/local/lib/python3.12/site-packages/streamlit/runtime/app_session.py", line 1154, in _populate_user_info_msg
2025-09-12T19:34:56:     inst = Installation.instance()
2025-09-12T19:34:56:            ^^^^^^^^^^^^^^^^^^^^^^^
2025-09-12T19:34:56:   File "/usr/local/lib/python3.12/site-packages/streamlit/runtime/metrics_util.py", line 228, in instance
2025-09-12T19:34:56:     cls._instance = Installation()
2025-09-12T19:34:56:                     ^^^^^^^^^^^^^^
2025-09-12T19:34:56:   File "/usr/local/lib/python3.12/site-packages/streamlit/runtime/metrics_util.py", line 233, in __init__
2025-09-12T19:34:56:     uuid.uuid5(uuid.NAMESPACE_DNS, _get_machine_id_v3())
2025-09-12T19:34:56:                                    ^^^^^^^^^^^^^^^^^^^^
2025-09-12T19:34:56:   File "/usr/local/lib/python3.12/site-packages/streamlit/runtime/metrics_util.py", line 173, in _get_machine_id_v3
2025-09-12T19:34:56:     machine_id = f.read()
2025-09-12T19:34:56:                  ^^^^^^^^
2025-09-12T19:34:56:   File "<frozen codecs>", line 322, in decode
2025-09-12T19:34:56: UnicodeDecodeError: 'utf-8' codec can't decode bytes in position 25-26: invalid continuation byte
2025-09-12T19:34:56: Exception in callback AppSession._on_scriptrunner_event.<locals>.<lambda>() at /usr/local/lib/python3.12/site-packages/streamlit/runtime/app_session.py:519
2025-09-12T19:34:56: handle: <Handle AppSession._on_scriptrunner_event.<locals>.<lambda>() at /usr/local/lib/python3.12/site-packages/streamlit/runtime/app_session.py:519>
2025-09-12T19:34:56: Traceback (most recent call last):
2025-09-12T19:34:56:   File "/usr/local/lib/python3.12/asyncio/events.py", line 88, in _run
2025-09-12T19:34:56:     self._context.run(self._callback, *self._args)
2025-09-12T19:34:56:   File "/usr/local/lib/python3.12/site-packages/streamlit/runtime/app_session.py", line 519, in <lambda>
2025-09-12T19:34:56:     lambda: self._handle_scriptrunner_event_on_event_loop(
2025-09-12T19:34:56:             ^^^^^^^^^^^^^^^^^^^^^^^^^^^^^^^^^^^^^^^^^^^^^^
2025-09-12T19:34:56:   File "/usr/local/lib/python3.12/site-packages/streamlit/runtime/app_session.py", line 616, in _handle_scriptrunner_event_on_event_loop
2025-09-12T19:34:56:     msg = self._create_new_session_message(
2025-09-12T19:34:56:           ^^^^^^^^^^^^^^^^^^^^^^^^^^^^^^^^^
2025-09-12T19:34:56:   File "/usr/local/lib/python3.12/site-packages/streamlit/runtime/app_session.py", line 750, in _create_new_session_message
2025-09-12T19:34:56:     _populate_user_info_msg(imsg.user_info)
2025-09-12T19:34:56:   File "/usr/local/lib/python3.12/site-packages/streamlit/runtime/app_session.py", line 1154, in _populate_user_info_msg
2025-09-12T19:34:56:     inst = Installation.instance()
2025-09-12T19:34:56:            ^^^^^^^^^^^^^^^^^^^^^^^
2025-09-12T19:34:56:   File "/usr/local/lib/python3.12/site-packages/streamlit/runtime/metrics_util.py", line 228, in instance
2025-09-12T19:34:56:     cls._instance = Installation()
2025-09-12T19:34:56:                     ^^^^^^^^^^^^^^
2025-09-12T19:34:56:   File "/usr/local/lib/python3.12/site-packages/streamlit/runtime/metrics_util.py", line 233, in __init__
2025-09-12T19:34:56:     uuid.uuid5(uuid.NAMESPACE_DNS, _get_machine_id_v3())
2025-09-12T19:34:56:                                    ^^^^^^^^^^^^^^^^^^^^
2025-09-12T19:34:56:   File "/usr/local/lib/python3.12/site-packages/streamlit/runtime/metrics_util.py", line 173, in _get_machine_id_v3
2025-09-12T19:34:56:     machine_id = f.read()
2025-09-12T19:34:56:                  ^^^^^^^^
2025-09-12T19:34:56:   File "<frozen codecs>", line 322, in decode
2025-09-12T19:34:56: UnicodeDecodeError: 'utf-8' codec can't decode bytes in position 25-26: invalid continuation byte
2025-09-12T19:34:56: 2025-09-12 19:34:56.997 Please replace `use_container_width` with `width`.
2025-09-12T19:34:56: 
2025-09-12T19:34:56: `use_container_width` will be removed after 2025-12-31.
2025-09-12T19:34:56: 
2025-09-12T19:34:56: For `use_container_width=True`, use `width='stretch'`. For `use_container_width=False`, use `width='content'`.
2025-09-12T19:34:57: 2025-09-12 19:34:57.005 Please replace `use_container_width` with `width`.
2025-09-12T19:34:57: 
2025-09-12T19:34:57: `use_container_width` will be removed after 2025-12-31.
2025-09-12T19:34:57: 
2025-09-12T19:34:57: For `use_container_width=True`, use `width='stretch'`. For `use_container_width=False`, use `width='content'`.
2025-09-12T19:34:57: 2025-09-12 19:34:57.009 Please replace `use_container_width` with `width`.
2025-09-12T19:34:57: 
2025-09-12T19:34:57: `use_container_width` will be removed after 2025-12-31.
2025-09-12T19:34:57: 
2025-09-12T19:34:57: For `use_container_width=True`, use `width='stretch'`. For `use_container_width=False`, use `width='content'`.
2025-09-12T19:34:57: 2025-09-12 19:34:57.011 Please replace `use_container_width` with `width`.
2025-09-12T19:34:57: 
2025-09-12T19:34:57: `use_container_width` will be removed after 2025-12-31.
2025-09-12T19:34:57: 
2025-09-12T19:34:57: For `use_container_width=True`, use `width='stretch'`. For `use_container_width=False`, use `width='content'`.
2025-09-12T19:35:34: ✅ Imported ComprehensiveOSNProcessor
2025-09-12T19:35:34: ✅ Imported ComprehensiveOSNProcessor
2025-09-12T19:35:34: ✅ Imported refined theme modules
2025-09-12T19:35:34: ✅ Imported refined theme modules
2025-09-12T19:35:34: ✅ Applied refined light theme
2025-09-12T19:35:34: ✅ Applied refined black killer
2025-09-12T19:35:34: 🔄 Loading comprehensive survey data...
2025-09-12T19:35:34: 📊 Found sheets: ['Guests (UAE)', 'Guests Online (KSA)']
2025-09-12T19:35:34: 📋 Processing sheet: Guests (UAE)
2025-09-12T19:35:34: 🔍 Original data shape: (197, 45)
2025-09-12T19:35:34: 🔍 After removing empty columns: (197, 44)
2025-09-12T19:35:34: 🔍 After removing completely empty rows: (197, 44)
2025-09-12T19:35:34: ⚠️ Warning: Only 197 rows available, expected 200
2025-09-12T19:35:34: ✅ Final cleaned data shape: (197, 44)
2025-09-12T19:35:34: ✅ UAE data: 197 responses (target: 200)
2025-09-12T19:35:34: 📋 Processing sheet: Guests Online (KSA)
2025-09-12T19:35:34: 🔍 Original data shape: (197, 45)
2025-09-12T19:35:34: 🔍 After removing empty columns: (197, 45)
2025-09-12T19:35:34: 🔍 After removing completely empty rows: (197, 45)
2025-09-12T19:35:34: ⚠️ Warning: Only 197 rows available, expected 200
2025-09-12T19:35:34: ✅ Final cleaned data shape: (197, 45)
2025-09-12T19:35:34: ✅ KSA data: 197 responses (target: 200)
2025-09-12T19:35:34: ⚠️ UAE data has 197 rows, adjusting to 200...
2025-09-12T19:35:34: ⚠️ KSA data has 197 rows, adjusting to 200...
2025-09-12T19:35:34: ✅ Combined data: EXACTLY 400 total responses (UAE: 200, KSA: 200)
2025-09-12T19:35:34: ❌ Error in data processing: Can only use .str accessor with string values!
2025-09-12T19:35:34: Creating sample data for demonstration...
2025-09-12T19:35:34: 📝 Creating sample survey data with EXACTLY 400 responses...
2025-09-12T19:35:34: ✅ UAE data: 200 responses
2025-09-12T19:35:34: ✅ KSA data: 200 responses
2025-09-12T19:35:34: ✅ Combined data: 400 responses
2025-09-12T19:35:34: ✅ Sample data created successfully with EXACTLY 400 responses!
2025-09-12T19:35:34: ✅ Applied refined light theme
2025-09-12T19:35:34: ✅ Applied refined black killer
2025-09-12T19:35:34: ✅ Imported ComprehensiveOSNProcessor
2025-09-12T19:35:34: ✅ Imported refined theme modules
2025-09-12T19:35:34: ✅ Applied refined light theme
2025-09-12T19:35:34: ✅ Applied refined black killer
2025-09-12T19:35:34: ✅ Imported ComprehensiveOSNProcessor
2025-09-12T19:35:34: ✅ Imported ComprehensiveOSNProcessor
2025-09-12T19:35:34: ✅ Imported refined theme modules
2025-09-12T19:35:34: ✅ Imported refined theme modules
2025-09-12T19:35:34: ✅ Imported ComprehensiveOSNProcessor
2025-09-12T19:35:34: ✅ Imported refined theme modules
2025-09-12T19:35:34: ✅ Applied refined light theme
2025-09-12T19:35:34: ✅ Applied refined black killer
2025-09-12T19:35:34: ✅ Imported ComprehensiveOSNProcessor
2025-09-12T19:35:34: ✅ Imported refined theme modules
2025-09-12T19:35:34: ✅ Applied refined light theme
2025-09-12T19:35:34: ✅ Applied refined black killer
2025-09-12T19:35:34:   Stopping...
2025-09-12T19:35:36: 
2025-09-12T19:35:36:   You can now view your Streamlit app in your browser.
2025-09-12T19:35:36: 
2025-09-12T19:35:36:   URL: http://0.0.0.0:8502
2025-09-12T19:35:36: 
