2025-09-12T19:17:17: /usr/local/bin/streamlit:2
2025-09-12T19:17:17: # -*- coding: utf-8 -*-
2025-09-12T19:17:17: ^
2025-09-12T19:17:17: 
2025-09-12T19:17:17: SyntaxError: Invalid or unexpected token
2025-09-12T19:17:17:     at wrapSafe (node:internal/modules/cjs/loader:1472:18)
2025-09-12T19:17:17:     at Module._compile (node:internal/modules/cjs/loader:1501:20)
2025-09-12T19:17:17:     at Module._extensions..js (node:internal/modules/cjs/loader:1613:10)
2025-09-12T19:17:17:     at Module.load (node:internal/modules/cjs/loader:1275:32)
2025-09-12T19:17:17:     at Module._load (node:internal/modules/cjs/loader:1096:12)
2025-09-12T19:17:17:     at Object.<anonymous> (/usr/lib/node_modules/pm2/lib/ProcessContainerFork.js:33:23)
2025-09-12T19:17:17:     at Module._compile (node:internal/modules/cjs/loader:1529:14)
2025-09-12T19:17:17:     at Module._extensions..js (node:internal/modules/cjs/loader:1613:10)
2025-09-12T19:17:17:     at Module.load (node:internal/modules/cjs/loader:1275:32)
2025-09-12T19:17:17:     at Module._load (node:internal/modules/cjs/loader:1096:12)
2025-09-12T19:17:17: /usr/local/bin/streamlit:2
2025-09-12T19:17:17: # -*- coding: utf-8 -*-
2025-09-12T19:17:17: ^
2025-09-12T19:17:17: 
2025-09-12T19:17:17: SyntaxError: Invalid or unexpected token
2025-09-12T19:17:17:     at wrapSafe (node:internal/modules/cjs/loader:1472:18)
2025-09-12T19:17:17:     at Module._compile (node:internal/modules/cjs/loader:1501:20)
2025-09-12T19:17:17:     at Module._extensions..js (node:internal/modules/cjs/loader:1613:10)
2025-09-12T19:17:17:     at Module.load (node:internal/modules/cjs/loader:1275:32)
2025-09-12T19:17:17:     at Module._load (node:internal/modules/cjs/loader:1096:12)
2025-09-12T19:17:17:     at Object.<anonymous> (/usr/lib/node_modules/pm2/lib/ProcessContainerFork.js:33:23)
2025-09-12T19:17:17:     at Module._compile (node:internal/modules/cjs/loader:1529:14)
2025-09-12T19:17:17:     at Module._extensions..js (node:internal/modules/cjs/loader:1613:10)
2025-09-12T19:17:17:     at Module.load (node:internal/modules/cjs/loader:1275:32)
2025-09-12T19:17:17:     at Module._load (node:internal/modules/cjs/loader:1096:12)
2025-09-12T19:17:17: /usr/local/bin/streamlit:2
2025-09-12T19:17:17: # -*- coding: utf-8 -*-
2025-09-12T19:17:17: ^
2025-09-12T19:17:17: 
2025-09-12T19:17:17: SyntaxError: Invalid or unexpected token
2025-09-12T19:17:17:     at wrapSafe (node:internal/modules/cjs/loader:1472:18)
2025-09-12T19:17:17:     at Module._compile (node:internal/modules/cjs/loader:1501:20)
2025-09-12T19:17:17:     at Module._extensions..js (node:internal/modules/cjs/loader:1613:10)
2025-09-12T19:17:17:     at Module.load (node:internal/modules/cjs/loader:1275:32)
2025-09-12T19:17:17:     at Module._load (node:internal/modules/cjs/loader:1096:12)
2025-09-12T19:17:17:     at Object.<anonymous> (/usr/lib/node_modules/pm2/lib/ProcessContainerFork.js:33:23)
2025-09-12T19:17:17:     at Module._compile (node:internal/modules/cjs/loader:1529:14)
2025-09-12T19:17:17:     at Module._extensions..js (node:internal/modules/cjs/loader:1613:10)
2025-09-12T19:17:17:     at Module.load (node:internal/modules/cjs/loader:1275:32)
2025-09-12T19:17:17:     at Module._load (node:internal/modules/cjs/loader:1096:12)
2025-09-12T19:17:17: /usr/local/bin/streamlit:2
2025-09-12T19:17:17: # -*- coding: utf-8 -*-
2025-09-12T19:17:17: ^
2025-09-12T19:17:17: 
2025-09-12T19:17:17: SyntaxError: Invalid or unexpected token
2025-09-12T19:17:17:     at wrapSafe (node:internal/modules/cjs/loader:1472:18)
2025-09-12T19:17:17:     at Module._compile (node:internal/modules/cjs/loader:1501:20)
2025-09-12T19:17:17:     at Module._extensions..js (node:internal/modules/cjs/loader:1613:10)
2025-09-12T19:17:17:     at Module.load (node:internal/modules/cjs/loader:1275:32)
2025-09-12T19:17:17:     at Module._load (node:internal/modules/cjs/loader:1096:12)
2025-09-12T19:17:17:     at Object.<anonymous> (/usr/lib/node_modules/pm2/lib/ProcessContainerFork.js:33:23)
2025-09-12T19:17:17:     at Module._compile (node:internal/modules/cjs/loader:1529:14)
2025-09-12T19:17:17:     at Module._extensions..js (node:internal/modules/cjs/loader:1613:10)
2025-09-12T19:17:17:     at Module.load (node:internal/modules/cjs/loader:1275:32)
2025-09-12T19:17:17:     at Module._load (node:internal/modules/cjs/loader:1096:12)
2025-09-12T19:17:17: /usr/local/bin/streamlit:2
2025-09-12T19:17:17: # -*- coding: utf-8 -*-
2025-09-12T19:17:17: ^
2025-09-12T19:17:17: 
2025-09-12T19:17:17: SyntaxError: Invalid or unexpected token
2025-09-12T19:17:17:     at wrapSafe (node:internal/modules/cjs/loader:1472:18)
2025-09-12T19:17:17:     at Module._compile (node:internal/modules/cjs/loader:1501:20)
2025-09-12T19:17:17:     at Module._extensions..js (node:internal/modules/cjs/loader:1613:10)
2025-09-12T19:17:17:     at Module.load (node:internal/modules/cjs/loader:1275:32)
2025-09-12T19:17:17:     at Module._load (node:internal/modules/cjs/loader:1096:12)
2025-09-12T19:17:17:     at Object.<anonymous> (/usr/lib/node_modules/pm2/lib/ProcessContainerFork.js:33:23)
2025-09-12T19:17:17:     at Module._compile (node:internal/modules/cjs/loader:1529:14)
2025-09-12T19:17:17:     at Module._extensions..js (node:internal/modules/cjs/loader:1613:10)
2025-09-12T19:17:17:     at Module.load (node:internal/modules/cjs/loader:1275:32)
2025-09-12T19:17:17:     at Module._load (node:internal/modules/cjs/loader:1096:12)
2025-09-12T19:17:17: /usr/local/bin/streamlit:2
2025-09-12T19:17:17: # -*- coding: utf-8 -*-
2025-09-12T19:17:17: ^
2025-09-12T19:17:17: 
2025-09-12T19:17:17: SyntaxError: Invalid or unexpected token
2025-09-12T19:17:17:     at wrapSafe (node:internal/modules/cjs/loader:1472:18)
2025-09-12T19:17:17:     at Module._compile (node:internal/modules/cjs/loader:1501:20)
2025-09-12T19:17:17:     at Module._extensions..js (node:internal/modules/cjs/loader:1613:10)
2025-09-12T19:17:17:     at Module.load (node:internal/modules/cjs/loader:1275:32)
2025-09-12T19:17:17:     at Module._load (node:internal/modules/cjs/loader:1096:12)
2025-09-12T19:17:17:     at Object.<anonymous> (/usr/lib/node_modules/pm2/lib/ProcessContainerFork.js:33:23)
2025-09-12T19:17:17:     at Module._compile (node:internal/modules/cjs/loader:1529:14)
2025-09-12T19:17:17:     at Module._extensions..js (node:internal/modules/cjs/loader:1613:10)
2025-09-12T19:17:17:     at Module.load (node:internal/modules/cjs/loader:1275:32)
2025-09-12T19:17:17:     at Module._load (node:internal/modules/cjs/loader:1096:12)
2025-09-12T19:17:18: /usr/local/bin/streamlit:2
2025-09-12T19:17:18: # -*- coding: utf-8 -*-
2025-09-12T19:17:18: ^
2025-09-12T19:17:18: 
2025-09-12T19:17:18: SyntaxError: Invalid or unexpected token
2025-09-12T19:17:18:     at wrapSafe (node:internal/modules/cjs/loader:1472:18)
2025-09-12T19:17:18:     at Module._compile (node:internal/modules/cjs/loader:1501:20)
2025-09-12T19:17:18:     at Module._extensions..js (node:internal/modules/cjs/loader:1613:10)
2025-09-12T19:17:18:     at Module.load (node:internal/modules/cjs/loader:1275:32)
2025-09-12T19:17:18:     at Module._load (node:internal/modules/cjs/loader:1096:12)
2025-09-12T19:17:18:     at Object.<anonymous> (/usr/lib/node_modules/pm2/lib/ProcessContainerFork.js:33:23)
2025-09-12T19:17:18:     at Module._compile (node:internal/modules/cjs/loader:1529:14)
2025-09-12T19:17:18:     at Module._extensions..js (node:internal/modules/cjs/loader:1613:10)
2025-09-12T19:17:18:     at Module.load (node:internal/modules/cjs/loader:1275:32)
2025-09-12T19:17:18:     at Module._load (node:internal/modules/cjs/loader:1096:12)
2025-09-12T19:17:18: /usr/local/bin/streamlit:2
2025-09-12T19:17:18: # -*- coding: utf-8 -*-
2025-09-12T19:17:18: ^
2025-09-12T19:17:18: 
2025-09-12T19:17:18: SyntaxError: Invalid or unexpected token
2025-09-12T19:17:18:     at wrapSafe (node:internal/modules/cjs/loader:1472:18)
2025-09-12T19:17:18:     at Module._compile (node:internal/modules/cjs/loader:1501:20)
2025-09-12T19:17:18:     at Module._extensions..js (node:internal/modules/cjs/loader:1613:10)
2025-09-12T19:17:18:     at Module.load (node:internal/modules/cjs/loader:1275:32)
2025-09-12T19:17:18:     at Module._load (node:internal/modules/cjs/loader:1096:12)
2025-09-12T19:17:18:     at Object.<anonymous> (/usr/lib/node_modules/pm2/lib/ProcessContainerFork.js:33:23)
2025-09-12T19:17:18:     at Module._compile (node:internal/modules/cjs/loader:1529:14)
2025-09-12T19:17:18:     at Module._extensions..js (node:internal/modules/cjs/loader:1613:10)
2025-09-12T19:17:18:     at Module.load (node:internal/modules/cjs/loader:1275:32)
2025-09-12T19:17:18:     at Module._load (node:internal/modules/cjs/loader:1096:12)
2025-09-12T19:17:18: /usr/local/bin/streamlit:2
2025-09-12T19:17:18: # -*- coding: utf-8 -*-
2025-09-12T19:17:18: ^
2025-09-12T19:17:18: 
2025-09-12T19:17:18: SyntaxError: Invalid or unexpected token
2025-09-12T19:17:18:     at wrapSafe (node:internal/modules/cjs/loader:1472:18)
2025-09-12T19:17:18:     at Module._compile (node:internal/modules/cjs/loader:1501:20)
2025-09-12T19:17:18:     at Module._extensions..js (node:internal/modules/cjs/loader:1613:10)
2025-09-12T19:17:18:     at Module.load (node:internal/modules/cjs/loader:1275:32)
2025-09-12T19:17:18:     at Module._load (node:internal/modules/cjs/loader:1096:12)
2025-09-12T19:17:18:     at Object.<anonymous> (/usr/lib/node_modules/pm2/lib/ProcessContainerFork.js:33:23)
2025-09-12T19:17:18:     at Module._compile (node:internal/modules/cjs/loader:1529:14)
2025-09-12T19:17:18:     at Module._extensions..js (node:internal/modules/cjs/loader:1613:10)
2025-09-12T19:17:18:     at Module.load (node:internal/modules/cjs/loader:1275:32)
2025-09-12T19:17:18:     at Module._load (node:internal/modules/cjs/loader:1096:12)
2025-09-12T19:17:18: /usr/local/bin/streamlit:2
2025-09-12T19:17:18: # -*- coding: utf-8 -*-
2025-09-12T19:17:18: ^
2025-09-12T19:17:18: 
2025-09-12T19:17:18: SyntaxError: Invalid or unexpected token
2025-09-12T19:17:18:     at wrapSafe (node:internal/modules/cjs/loader:1472:18)
2025-09-12T19:17:18:     at Module._compile (node:internal/modules/cjs/loader:1501:20)
2025-09-12T19:17:18:     at Module._extensions..js (node:internal/modules/cjs/loader:1613:10)
2025-09-12T19:17:18:     at Module.load (node:internal/modules/cjs/loader:1275:32)
2025-09-12T19:17:18:     at Module._load (node:internal/modules/cjs/loader:1096:12)
2025-09-12T19:17:18:     at Object.<anonymous> (/usr/lib/node_modules/pm2/lib/ProcessContainerFork.js:33:23)
2025-09-12T19:17:18:     at Module._compile (node:internal/modules/cjs/loader:1529:14)
2025-09-12T19:17:18:     at Module._extensions..js (node:internal/modules/cjs/loader:1613:10)
2025-09-12T19:17:18:     at Module.load (node:internal/modules/cjs/loader:1275:32)
2025-09-12T19:17:18:     at Module._load (node:internal/modules/cjs/loader:1096:12)
2025-09-12T19:17:18: /usr/local/bin/streamlit:2
2025-09-12T19:17:18: # -*- coding: utf-8 -*-
2025-09-12T19:17:18: ^
2025-09-12T19:17:18: 
2025-09-12T19:17:18: SyntaxError: Invalid or unexpected token
2025-09-12T19:17:18:     at wrapSafe (node:internal/modules/cjs/loader:1472:18)
2025-09-12T19:17:18:     at Module._compile (node:internal/modules/cjs/loader:1501:20)
2025-09-12T19:17:18:     at Module._extensions..js (node:internal/modules/cjs/loader:1613:10)
2025-09-12T19:17:18:     at Module.load (node:internal/modules/cjs/loader:1275:32)
2025-09-12T19:17:18:     at Module._load (node:internal/modules/cjs/loader:1096:12)
2025-09-12T19:17:18:     at Object.<anonymous> (/usr/lib/node_modules/pm2/lib/ProcessContainerFork.js:33:23)
2025-09-12T19:17:18:     at Module._compile (node:internal/modules/cjs/loader:1529:14)
2025-09-12T19:17:18:     at Module._extensions..js (node:internal/modules/cjs/loader:1613:10)
2025-09-12T19:17:18:     at Module.load (node:internal/modules/cjs/loader:1275:32)
2025-09-12T19:17:18:     at Module._load (node:internal/modules/cjs/loader:1096:12)
2025-09-12T19:17:18: /usr/local/bin/streamlit:2
2025-09-12T19:17:18: # -*- coding: utf-8 -*-
2025-09-12T19:17:18: ^
2025-09-12T19:17:18: 
2025-09-12T19:17:18: SyntaxError: Invalid or unexpected token
2025-09-12T19:17:18:     at wrapSafe (node:internal/modules/cjs/loader:1472:18)
2025-09-12T19:17:18:     at Module._compile (node:internal/modules/cjs/loader:1501:20)
2025-09-12T19:17:18:     at Module._extensions..js (node:internal/modules/cjs/loader:1613:10)
2025-09-12T19:17:18:     at Module.load (node:internal/modules/cjs/loader:1275:32)
2025-09-12T19:17:18:     at Module._load (node:internal/modules/cjs/loader:1096:12)
2025-09-12T19:17:18:     at Object.<anonymous> (/usr/lib/node_modules/pm2/lib/ProcessContainerFork.js:33:23)
2025-09-12T19:17:18:     at Module._compile (node:internal/modules/cjs/loader:1529:14)
2025-09-12T19:17:18:     at Module._extensions..js (node:internal/modules/cjs/loader:1613:10)
2025-09-12T19:17:18:     at Module.load (node:internal/modules/cjs/loader:1275:32)
2025-09-12T19:17:18:     at Module._load (node:internal/modules/cjs/loader:1096:12)
2025-09-12T19:17:19: /usr/local/bin/streamlit:2
2025-09-12T19:17:19: # -*- coding: utf-8 -*-
2025-09-12T19:17:19: ^
2025-09-12T19:17:19: 
2025-09-12T19:17:19: SyntaxError: Invalid or unexpected token
2025-09-12T19:17:19:     at wrapSafe (node:internal/modules/cjs/loader:1472:18)
2025-09-12T19:17:19:     at Module._compile (node:internal/modules/cjs/loader:1501:20)
2025-09-12T19:17:19:     at Module._extensions..js (node:internal/modules/cjs/loader:1613:10)
2025-09-12T19:17:19:     at Module.load (node:internal/modules/cjs/loader:1275:32)
2025-09-12T19:17:19:     at Module._load (node:internal/modules/cjs/loader:1096:12)
2025-09-12T19:17:19:     at Object.<anonymous> (/usr/lib/node_modules/pm2/lib/ProcessContainerFork.js:33:23)
2025-09-12T19:17:19:     at Module._compile (node:internal/modules/cjs/loader:1529:14)
2025-09-12T19:17:19:     at Module._extensions..js (node:internal/modules/cjs/loader:1613:10)
2025-09-12T19:17:19:     at Module.load (node:internal/modules/cjs/loader:1275:32)
2025-09-12T19:17:19:     at Module._load (node:internal/modules/cjs/loader:1096:12)
2025-09-12T19:17:19: /usr/local/bin/streamlit:2
2025-09-12T19:17:19: # -*- coding: utf-8 -*-
2025-09-12T19:17:19: ^
2025-09-12T19:17:19: 
2025-09-12T19:17:19: SyntaxError: Invalid or unexpected token
2025-09-12T19:17:19:     at wrapSafe (node:internal/modules/cjs/loader:1472:18)
2025-09-12T19:17:19:     at Module._compile (node:internal/modules/cjs/loader:1501:20)
2025-09-12T19:17:19:     at Module._extensions..js (node:internal/modules/cjs/loader:1613:10)
2025-09-12T19:17:19:     at Module.load (node:internal/modules/cjs/loader:1275:32)
2025-09-12T19:17:19:     at Module._load (node:internal/modules/cjs/loader:1096:12)
2025-09-12T19:17:19:     at Object.<anonymous> (/usr/lib/node_modules/pm2/lib/ProcessContainerFork.js:33:23)
2025-09-12T19:17:19:     at Module._compile (node:internal/modules/cjs/loader:1529:14)
2025-09-12T19:17:19:     at Module._extensions..js (node:internal/modules/cjs/loader:1613:10)
2025-09-12T19:17:19:     at Module.load (node:internal/modules/cjs/loader:1275:32)
2025-09-12T19:17:19:     at Module._load (node:internal/modules/cjs/loader:1096:12)
2025-09-12T19:17:19: /usr/local/bin/streamlit:2
2025-09-12T19:17:19: # -*- coding: utf-8 -*-
2025-09-12T19:17:19: ^
2025-09-12T19:17:19: 
2025-09-12T19:17:19: SyntaxError: Invalid or unexpected token
2025-09-12T19:17:19:     at wrapSafe (node:internal/modules/cjs/loader:1472:18)
2025-09-12T19:17:19:     at Module._compile (node:internal/modules/cjs/loader:1501:20)
2025-09-12T19:17:19:     at Module._extensions..js (node:internal/modules/cjs/loader:1613:10)
2025-09-12T19:17:19:     at Module.load (node:internal/modules/cjs/loader:1275:32)
2025-09-12T19:17:19:     at Module._load (node:internal/modules/cjs/loader:1096:12)
2025-09-12T19:17:19:     at Object.<anonymous> (/usr/lib/node_modules/pm2/lib/ProcessContainerFork.js:33:23)
2025-09-12T19:17:19:     at Module._compile (node:internal/modules/cjs/loader:1529:14)
2025-09-12T19:17:19:     at Module._extensions..js (node:internal/modules/cjs/loader:1613:10)
2025-09-12T19:17:19:     at Module.load (node:internal/modules/cjs/loader:1275:32)
2025-09-12T19:17:19:     at Module._load (node:internal/modules/cjs/loader:1096:12)
2025-09-12T19:17:19: /usr/local/bin/streamlit:2
2025-09-12T19:17:19: # -*- coding: utf-8 -*-
2025-09-12T19:17:19: ^
2025-09-12T19:17:19: 
2025-09-12T19:17:19: SyntaxError: Invalid or unexpected token
2025-09-12T19:17:19:     at wrapSafe (node:internal/modules/cjs/loader:1472:18)
2025-09-12T19:17:19:     at Module._compile (node:internal/modules/cjs/loader:1501:20)
2025-09-12T19:17:19:     at Module._extensions..js (node:internal/modules/cjs/loader:1613:10)
2025-09-12T19:17:19:     at Module.load (node:internal/modules/cjs/loader:1275:32)
2025-09-12T19:17:19:     at Module._load (node:internal/modules/cjs/loader:1096:12)
2025-09-12T19:17:19:     at Object.<anonymous> (/usr/lib/node_modules/pm2/lib/ProcessContainerFork.js:33:23)
2025-09-12T19:17:19:     at Module._compile (node:internal/modules/cjs/loader:1529:14)
2025-09-12T19:17:19:     at Module._extensions..js (node:internal/modules/cjs/loader:1613:10)
2025-09-12T19:17:19:     at Module.load (node:internal/modules/cjs/loader:1275:32)
2025-09-12T19:17:19:     at Module._load (node:internal/modules/cjs/loader:1096:12)
2025-09-12T19:17:40: 2025-09-12 19:17:40.204 Port 8501 is already in use
2025-09-12T19:17:40: 2025-09-12 19:17:40.963 Port 8501 is already in use
2025-09-12T19:17:41: 2025-09-12 19:17:41.690 Port 8501 is already in use
2025-09-12T19:17:42: 2025-09-12 19:17:42.435 Port 8501 is already in use
2025-09-12T19:17:43: 2025-09-12 19:17:43.168 Port 8501 is already in use
2025-09-12T19:17:43: 2025-09-12 19:17:43.933 Port 8501 is already in use
2025-09-12T19:17:44: 2025-09-12 19:17:44.719 Port 8501 is already in use
2025-09-12T19:17:45: 2025-09-12 19:17:45.472 Port 8501 is already in use
2025-09-12T19:17:46: 2025-09-12 19:17:46.232 Port 8501 is already in use
2025-09-12T19:17:46: 2025-09-12 19:17:46.979 Port 8501 is already in use
2025-09-12T19:17:47: 2025-09-12 19:17:47.775 Port 8501 is already in use
2025-09-12T19:17:48: 2025-09-12 19:17:48.554 Port 8501 is already in use
2025-09-12T19:17:49: 2025-09-12 19:17:49.268 Port 8501 is already in use
2025-09-12T19:17:49: 2025-09-12 19:17:49.992 Port 8501 is already in use
2025-09-12T19:17:50: 2025-09-12 19:17:50.761 Port 8501 is already in use
2025-09-12T19:17:51: 2025-09-12 19:17:51.520 Port 8501 is already in use
2025-09-12T19:18:09: Exception in callback AppSession._on_scriptrunner_event.<locals>.<lambda>() at /usr/local/lib/python3.12/site-packages/streamlit/runtime/app_session.py:519
2025-09-12T19:18:09: handle: <Handle AppSession._on_scriptrunner_event.<locals>.<lambda>() at /usr/local/lib/python3.12/site-packages/streamlit/runtime/app_session.py:519>
2025-09-12T19:18:09: Traceback (most recent call last):
2025-09-12T19:18:09:   File "/usr/local/lib/python3.12/asyncio/events.py", line 88, in _run
2025-09-12T19:18:09:     self._context.run(self._callback, *self._args)
2025-09-12T19:18:09:   File "/usr/local/lib/python3.12/site-packages/streamlit/runtime/app_session.py", line 519, in <lambda>
2025-09-12T19:18:09:     lambda: self._handle_scriptrunner_event_on_event_loop(
2025-09-12T19:18:09:             ^^^^^^^^^^^^^^^^^^^^^^^^^^^^^^^^^^^^^^^^^^^^^^
2025-09-12T19:18:09:   File "/usr/local/lib/python3.12/site-packages/streamlit/runtime/app_session.py", line 616, in _handle_scriptrunner_event_on_event_loop
2025-09-12T19:18:09:     msg = self._create_new_session_message(
2025-09-12T19:18:09:           ^^^^^^^^^^^^^^^^^^^^^^^^^^^^^^^^^
2025-09-12T19:18:09:   File "/usr/local/lib/python3.12/site-packages/streamlit/runtime/app_session.py", line 750, in _create_new_session_message
2025-09-12T19:18:09:     _populate_user_info_msg(imsg.user_info)
2025-09-12T19:18:09:   File "/usr/local/lib/python3.12/site-packages/streamlit/runtime/app_session.py", line 1154, in _populate_user_info_msg
2025-09-12T19:18:09:     inst = Installation.instance()
2025-09-12T19:18:09:            ^^^^^^^^^^^^^^^^^^^^^^^
2025-09-12T19:18:09:   File "/usr/local/lib/python3.12/site-packages/streamlit/runtime/metrics_util.py", line 228, in instance
2025-09-12T19:18:09:     cls._instance = Installation()
2025-09-12T19:18:09:                     ^^^^^^^^^^^^^^
2025-09-12T19:18:09:   File "/usr/local/lib/python3.12/site-packages/streamlit/runtime/metrics_util.py", line 233, in __init__
2025-09-12T19:18:09:     uuid.uuid5(uuid.NAMESPACE_DNS, _get_machine_id_v3())
2025-09-12T19:18:09:                                    ^^^^^^^^^^^^^^^^^^^^
2025-09-12T19:18:09:   File "/usr/local/lib/python3.12/site-packages/streamlit/runtime/metrics_util.py", line 173, in _get_machine_id_v3
2025-09-12T19:18:09:     machine_id = f.read()
2025-09-12T19:18:09:                  ^^^^^^^^
2025-09-12T19:18:09:   File "<frozen codecs>", line 322, in decode
2025-09-12T19:18:09: UnicodeDecodeError: 'utf-8' codec can't decode bytes in position 25-26: invalid continuation byte
2025-09-12T19:18:17: Matplotlib is building the font cache; this may take a moment.
2025-09-12T19:21:37: Exception in callback AppSession._on_scriptrunner_event.<locals>.<lambda>() at /usr/local/lib/python3.12/site-packages/streamlit/runtime/app_session.py:519
2025-09-12T19:21:37: handle: <Handle AppSession._on_scriptrunner_event.<locals>.<lambda>() at /usr/local/lib/python3.12/site-packages/streamlit/runtime/app_session.py:519>
2025-09-12T19:21:37: Traceback (most recent call last):
2025-09-12T19:21:37:   File "/usr/local/lib/python3.12/asyncio/events.py", line 88, in _run
2025-09-12T19:21:37:     self._context.run(self._callback, *self._args)
2025-09-12T19:21:37:   File "/usr/local/lib/python3.12/site-packages/streamlit/runtime/app_session.py", line 519, in <lambda>
2025-09-12T19:21:37:     lambda: self._handle_scriptrunner_event_on_event_loop(
2025-09-12T19:21:37:             ^^^^^^^^^^^^^^^^^^^^^^^^^^^^^^^^^^^^^^^^^^^^^^
2025-09-12T19:21:37:   File "/usr/local/lib/python3.12/site-packages/streamlit/runtime/app_session.py", line 616, in _handle_scriptrunner_event_on_event_loop
2025-09-12T19:21:37:     msg = self._create_new_session_message(
2025-09-12T19:21:37:           ^^^^^^^^^^^^^^^^^^^^^^^^^^^^^^^^^
2025-09-12T19:21:37:   File "/usr/local/lib/python3.12/site-packages/streamlit/runtime/app_session.py", line 750, in _create_new_session_message
2025-09-12T19:21:37:     _populate_user_info_msg(imsg.user_info)
2025-09-12T19:21:37:   File "/usr/local/lib/python3.12/site-packages/streamlit/runtime/app_session.py", line 1154, in _populate_user_info_msg
2025-09-12T19:21:37:     inst = Installation.instance()
2025-09-12T19:21:37:            ^^^^^^^^^^^^^^^^^^^^^^^
2025-09-12T19:21:37:   File "/usr/local/lib/python3.12/site-packages/streamlit/runtime/metrics_util.py", line 228, in instance
2025-09-12T19:21:37:     cls._instance = Installation()
2025-09-12T19:21:37:                     ^^^^^^^^^^^^^^
2025-09-12T19:21:37:   File "/usr/local/lib/python3.12/site-packages/streamlit/runtime/metrics_util.py", line 233, in __init__
2025-09-12T19:21:37:     uuid.uuid5(uuid.NAMESPACE_DNS, _get_machine_id_v3())
2025-09-12T19:21:37:                                    ^^^^^^^^^^^^^^^^^^^^
2025-09-12T19:21:37:   File "/usr/local/lib/python3.12/site-packages/streamlit/runtime/metrics_util.py", line 173, in _get_machine_id_v3
2025-09-12T19:21:37:     machine_id = f.read()
2025-09-12T19:21:37:                  ^^^^^^^^
2025-09-12T19:21:37:   File "<frozen codecs>", line 322, in decode
2025-09-12T19:21:37: UnicodeDecodeError: 'utf-8' codec can't decode bytes in position 25-26: invalid continuation byte
2025-09-12T19:22:09: Exception in callback AppSession._on_scriptrunner_event.<locals>.<lambda>() at /usr/local/lib/python3.12/site-packages/streamlit/runtime/app_session.py:519
2025-09-12T19:22:09: handle: <Handle AppSession._on_scriptrunner_event.<locals>.<lambda>() at /usr/local/lib/python3.12/site-packages/streamlit/runtime/app_session.py:519>
2025-09-12T19:22:09: Traceback (most recent call last):
2025-09-12T19:22:09:   File "/usr/local/lib/python3.12/asyncio/events.py", line 88, in _run
2025-09-12T19:22:09:     self._context.run(self._callback, *self._args)
2025-09-12T19:22:09:   File "/usr/local/lib/python3.12/site-packages/streamlit/runtime/app_session.py", line 519, in <lambda>
2025-09-12T19:22:09:     lambda: self._handle_scriptrunner_event_on_event_loop(
2025-09-12T19:22:09:             ^^^^^^^^^^^^^^^^^^^^^^^^^^^^^^^^^^^^^^^^^^^^^^
2025-09-12T19:22:09:   File "/usr/local/lib/python3.12/site-packages/streamlit/runtime/app_session.py", line 616, in _handle_scriptrunner_event_on_event_loop
2025-09-12T19:22:09:     msg = self._create_new_session_message(
2025-09-12T19:22:09:           ^^^^^^^^^^^^^^^^^^^^^^^^^^^^^^^^^
2025-09-12T19:22:09:   File "/usr/local/lib/python3.12/site-packages/streamlit/runtime/app_session.py", line 750, in _create_new_session_message
2025-09-12T19:22:09:     _populate_user_info_msg(imsg.user_info)
2025-09-12T19:22:09:   File "/usr/local/lib/python3.12/site-packages/streamlit/runtime/app_session.py", line 1154, in _populate_user_info_msg
2025-09-12T19:22:09:     inst = Installation.instance()
2025-09-12T19:22:09:            ^^^^^^^^^^^^^^^^^^^^^^^
2025-09-12T19:22:09:   File "/usr/local/lib/python3.12/site-packages/streamlit/runtime/metrics_util.py", line 228, in instance
2025-09-12T19:22:09:     cls._instance = Installation()
2025-09-12T19:22:09:                     ^^^^^^^^^^^^^^
2025-09-12T19:22:09:   File "/usr/local/lib/python3.12/site-packages/streamlit/runtime/metrics_util.py", line 233, in __init__
2025-09-12T19:22:09:     uuid.uuid5(uuid.NAMESPACE_DNS, _get_machine_id_v3())
2025-09-12T19:22:09:                                    ^^^^^^^^^^^^^^^^^^^^
2025-09-12T19:22:09:   File "/usr/local/lib/python3.12/site-packages/streamlit/runtime/metrics_util.py", line 173, in _get_machine_id_v3
2025-09-12T19:22:09:     machine_id = f.read()
2025-09-12T19:22:09:                  ^^^^^^^^
2025-09-12T19:22:09:   File "<frozen codecs>", line 322, in decode
2025-09-12T19:22:09: UnicodeDecodeError: 'utf-8' codec can't decode bytes in position 25-26: invalid continuation byte
2025-09-12T19:22:09: Exception in callback AppSession._on_scriptrunner_event.<locals>.<lambda>() at /usr/local/lib/python3.12/site-packages/streamlit/runtime/app_session.py:519
2025-09-12T19:22:09: handle: <Handle AppSession._on_scriptrunner_event.<locals>.<lambda>() at /usr/local/lib/python3.12/site-packages/streamlit/runtime/app_session.py:519>
2025-09-12T19:22:09: Traceback (most recent call last):
2025-09-12T19:22:09:   File "/usr/local/lib/python3.12/asyncio/events.py", line 88, in _run
2025-09-12T19:22:09:     self._context.run(self._callback, *self._args)
2025-09-12T19:22:09:   File "/usr/local/lib/python3.12/site-packages/streamlit/runtime/app_session.py", line 519, in <lambda>
2025-09-12T19:22:09:     lambda: self._handle_scriptrunner_event_on_event_loop(
2025-09-12T19:22:09:             ^^^^^^^^^^^^^^^^^^^^^^^^^^^^^^^^^^^^^^^^^^^^^^
2025-09-12T19:22:09:   File "/usr/local/lib/python3.12/site-packages/streamlit/runtime/app_session.py", line 616, in _handle_scriptrunner_event_on_event_loop
2025-09-12T19:22:09:     msg = self._create_new_session_message(
2025-09-12T19:22:09:           ^^^^^^^^^^^^^^^^^^^^^^^^^^^^^^^^^
2025-09-12T19:22:09:   File "/usr/local/lib/python3.12/site-packages/streamlit/runtime/app_session.py", line 750, in _create_new_session_message
2025-09-12T19:22:09:     _populate_user_info_msg(imsg.user_info)
2025-09-12T19:22:09:   File "/usr/local/lib/python3.12/site-packages/streamlit/runtime/app_session.py", line 1154, in _populate_user_info_msg
2025-09-12T19:22:09:     inst = Installation.instance()
2025-09-12T19:22:09:            ^^^^^^^^^^^^^^^^^^^^^^^
2025-09-12T19:22:09:   File "/usr/local/lib/python3.12/site-packages/streamlit/runtime/metrics_util.py", line 228, in instance
2025-09-12T19:22:09:     cls._instance = Installation()
2025-09-12T19:22:09:                     ^^^^^^^^^^^^^^
2025-09-12T19:22:09:   File "/usr/local/lib/python3.12/site-packages/streamlit/runtime/metrics_util.py", line 233, in __init__
2025-09-12T19:22:09:     uuid.uuid5(uuid.NAMESPACE_DNS, _get_machine_id_v3())
2025-09-12T19:22:09:                                    ^^^^^^^^^^^^^^^^^^^^
2025-09-12T19:22:09:   File "/usr/local/lib/python3.12/site-packages/streamlit/runtime/metrics_util.py", line 173, in _get_machine_id_v3
2025-09-12T19:22:09:     machine_id = f.read()
2025-09-12T19:22:09:                  ^^^^^^^^
2025-09-12T19:22:09:   File "<frozen codecs>", line 322, in decode
2025-09-12T19:22:09: UnicodeDecodeError: 'utf-8' codec can't decode bytes in position 25-26: invalid continuation byte
2025-09-12T19:22:18: Exception in callback AppSession._on_scriptrunner_event.<locals>.<lambda>() at /usr/local/lib/python3.12/site-packages/streamlit/runtime/app_session.py:519
2025-09-12T19:22:18: handle: <Handle AppSession._on_scriptrunner_event.<locals>.<lambda>() at /usr/local/lib/python3.12/site-packages/streamlit/runtime/app_session.py:519>
2025-09-12T19:22:18: Traceback (most recent call last):
2025-09-12T19:22:18:   File "/usr/local/lib/python3.12/asyncio/events.py", line 88, in _run
2025-09-12T19:22:18:     self._context.run(self._callback, *self._args)
2025-09-12T19:22:18:   File "/usr/local/lib/python3.12/site-packages/streamlit/runtime/app_session.py", line 519, in <lambda>
2025-09-12T19:22:18:     lambda: self._handle_scriptrunner_event_on_event_loop(
2025-09-12T19:22:18:             ^^^^^^^^^^^^^^^^^^^^^^^^^^^^^^^^^^^^^^^^^^^^^^
2025-09-12T19:22:18:   File "/usr/local/lib/python3.12/site-packages/streamlit/runtime/app_session.py", line 616, in _handle_scriptrunner_event_on_event_loop
2025-09-12T19:22:18:     msg = self._create_new_session_message(
2025-09-12T19:22:18:           ^^^^^^^^^^^^^^^^^^^^^^^^^^^^^^^^^
2025-09-12T19:22:18:   File "/usr/local/lib/python3.12/site-packages/streamlit/runtime/app_session.py", line 750, in _create_new_session_message
2025-09-12T19:22:18:     _populate_user_info_msg(imsg.user_info)
2025-09-12T19:22:18:   File "/usr/local/lib/python3.12/site-packages/streamlit/runtime/app_session.py", line 1154, in _populate_user_info_msg
2025-09-12T19:22:18:     inst = Installation.instance()
2025-09-12T19:22:18:            ^^^^^^^^^^^^^^^^^^^^^^^
2025-09-12T19:22:18:   File "/usr/local/lib/python3.12/site-packages/streamlit/runtime/metrics_util.py", line 228, in instance
2025-09-12T19:22:18:     cls._instance = Installation()
2025-09-12T19:22:18:                     ^^^^^^^^^^^^^^
2025-09-12T19:22:18:   File "/usr/local/lib/python3.12/site-packages/streamlit/runtime/metrics_util.py", line 233, in __init__
2025-09-12T19:22:18:     uuid.uuid5(uuid.NAMESPACE_DNS, _get_machine_id_v3())
2025-09-12T19:22:18:                                    ^^^^^^^^^^^^^^^^^^^^
2025-09-12T19:22:18:   File "/usr/local/lib/python3.12/site-packages/streamlit/runtime/metrics_util.py", line 173, in _get_machine_id_v3
2025-09-12T19:22:18:     machine_id = f.read()
2025-09-12T19:22:18:                  ^^^^^^^^
2025-09-12T19:22:18:   File "<frozen codecs>", line 322, in decode
2025-09-12T19:22:18: UnicodeDecodeError: 'utf-8' codec can't decode bytes in position 25-26: invalid continuation byte
2025-09-12T19:22:18: Exception in callback AppSession._on_scriptrunner_event.<locals>.<lambda>() at /usr/local/lib/python3.12/site-packages/streamlit/runtime/app_session.py:519
2025-09-12T19:22:18: handle: <Handle AppSession._on_scriptrunner_event.<locals>.<lambda>() at /usr/local/lib/python3.12/site-packages/streamlit/runtime/app_session.py:519>
2025-09-12T19:22:18: Traceback (most recent call last):
2025-09-12T19:22:18:   File "/usr/local/lib/python3.12/asyncio/events.py", line 88, in _run
2025-09-12T19:22:18:     self._context.run(self._callback, *self._args)
2025-09-12T19:22:18:   File "/usr/local/lib/python3.12/site-packages/streamlit/runtime/app_session.py", line 519, in <lambda>
2025-09-12T19:22:18:     lambda: self._handle_scriptrunner_event_on_event_loop(
2025-09-12T19:22:18:             ^^^^^^^^^^^^^^^^^^^^^^^^^^^^^^^^^^^^^^^^^^^^^^
2025-09-12T19:22:18:   File "/usr/local/lib/python3.12/site-packages/streamlit/runtime/app_session.py", line 616, in _handle_scriptrunner_event_on_event_loop
2025-09-12T19:22:18:     msg = self._create_new_session_message(
2025-09-12T19:22:18:           ^^^^^^^^^^^^^^^^^^^^^^^^^^^^^^^^^
2025-09-12T19:22:18:   File "/usr/local/lib/python3.12/site-packages/streamlit/runtime/app_session.py", line 750, in _create_new_session_message
2025-09-12T19:22:18:     _populate_user_info_msg(imsg.user_info)
2025-09-12T19:22:18:   File "/usr/local/lib/python3.12/site-packages/streamlit/runtime/app_session.py", line 1154, in _populate_user_info_msg
2025-09-12T19:22:18:     inst = Installation.instance()
2025-09-12T19:22:18:            ^^^^^^^^^^^^^^^^^^^^^^^
2025-09-12T19:22:18:   File "/usr/local/lib/python3.12/site-packages/streamlit/runtime/metrics_util.py", line 228, in instance
2025-09-12T19:22:18:     cls._instance = Installation()
2025-09-12T19:22:18:                     ^^^^^^^^^^^^^^
2025-09-12T19:22:18:   File "/usr/local/lib/python3.12/site-packages/streamlit/runtime/metrics_util.py", line 233, in __init__
2025-09-12T19:22:18:     uuid.uuid5(uuid.NAMESPACE_DNS, _get_machine_id_v3())
2025-09-12T19:22:18:                                    ^^^^^^^^^^^^^^^^^^^^
2025-09-12T19:22:18:   File "/usr/local/lib/python3.12/site-packages/streamlit/runtime/metrics_util.py", line 173, in _get_machine_id_v3
2025-09-12T19:22:18:     machine_id = f.read()
2025-09-12T19:22:18:                  ^^^^^^^^
2025-09-12T19:22:18:   File "<frozen codecs>", line 322, in decode
2025-09-12T19:22:18: UnicodeDecodeError: 'utf-8' codec can't decode bytes in position 25-26: invalid continuation byte
2025-09-12T19:22:18: Exception in callback AppSession._on_scriptrunner_event.<locals>.<lambda>() at /usr/local/lib/python3.12/site-packages/streamlit/runtime/app_session.py:519
2025-09-12T19:22:18: handle: <Handle AppSession._on_scriptrunner_event.<locals>.<lambda>() at /usr/local/lib/python3.12/site-packages/streamlit/runtime/app_session.py:519>
2025-09-12T19:22:18: Traceback (most recent call last):
2025-09-12T19:22:18:   File "/usr/local/lib/python3.12/asyncio/events.py", line 88, in _run
2025-09-12T19:22:18:     self._context.run(self._callback, *self._args)
2025-09-12T19:22:18:   File "/usr/local/lib/python3.12/site-packages/streamlit/runtime/app_session.py", line 519, in <lambda>
2025-09-12T19:22:18:     lambda: self._handle_scriptrunner_event_on_event_loop(
2025-09-12T19:22:18:             ^^^^^^^^^^^^^^^^^^^^^^^^^^^^^^^^^^^^^^^^^^^^^^
2025-09-12T19:22:18:   File "/usr/local/lib/python3.12/site-packages/streamlit/runtime/app_session.py", line 616, in _handle_scriptrunner_event_on_event_loop
2025-09-12T19:22:18:     msg = self._create_new_session_message(
2025-09-12T19:22:18:           ^^^^^^^^^^^^^^^^^^^^^^^^^^^^^^^^^
2025-09-12T19:22:18:   File "/usr/local/lib/python3.12/site-packages/streamlit/runtime/app_session.py", line 750, in _create_new_session_message
2025-09-12T19:22:18:     _populate_user_info_msg(imsg.user_info)
2025-09-12T19:22:18:   File "/usr/local/lib/python3.12/site-packages/streamlit/runtime/app_session.py", line 1154, in _populate_user_info_msg
2025-09-12T19:22:18:     inst = Installation.instance()
2025-09-12T19:22:18:            ^^^^^^^^^^^^^^^^^^^^^^^
2025-09-12T19:22:18:   File "/usr/local/lib/python3.12/site-packages/streamlit/runtime/metrics_util.py", line 228, in instance
2025-09-12T19:22:18:     cls._instance = Installation()
2025-09-12T19:22:18:                     ^^^^^^^^^^^^^^
2025-09-12T19:22:18:   File "/usr/local/lib/python3.12/site-packages/streamlit/runtime/metrics_util.py", line 233, in __init__
2025-09-12T19:22:18:     uuid.uuid5(uuid.NAMESPACE_DNS, _get_machine_id_v3())
2025-09-12T19:22:18:                                    ^^^^^^^^^^^^^^^^^^^^
2025-09-12T19:22:18:   File "/usr/local/lib/python3.12/site-packages/streamlit/runtime/metrics_util.py", line 173, in _get_machine_id_v3
2025-09-12T19:22:18:     machine_id = f.read()
2025-09-12T19:22:18:                  ^^^^^^^^
2025-09-12T19:22:18:   File "<frozen codecs>", line 322, in decode
2025-09-12T19:22:18: UnicodeDecodeError: 'utf-8' codec can't decode bytes in position 25-26: invalid continuation byte
2025-09-12T19:22:18: Exception in callback AppSession._on_scriptrunner_event.<locals>.<lambda>() at /usr/local/lib/python3.12/site-packages/streamlit/runtime/app_session.py:519
2025-09-12T19:22:18: handle: <Handle AppSession._on_scriptrunner_event.<locals>.<lambda>() at /usr/local/lib/python3.12/site-packages/streamlit/runtime/app_session.py:519>
2025-09-12T19:22:18: Traceback (most recent call last):
2025-09-12T19:22:18:   File "/usr/local/lib/python3.12/asyncio/events.py", line 88, in _run
2025-09-12T19:22:18:     self._context.run(self._callback, *self._args)
2025-09-12T19:22:18:   File "/usr/local/lib/python3.12/site-packages/streamlit/runtime/app_session.py", line 519, in <lambda>
2025-09-12T19:22:18:     lambda: self._handle_scriptrunner_event_on_event_loop(
2025-09-12T19:22:18:             ^^^^^^^^^^^^^^^^^^^^^^^^^^^^^^^^^^^^^^^^^^^^^^
2025-09-12T19:22:18:   File "/usr/local/lib/python3.12/site-packages/streamlit/runtime/app_session.py", line 616, in _handle_scriptrunner_event_on_event_loop
2025-09-12T19:22:18:     msg = self._create_new_session_message(
2025-09-12T19:22:18:           ^^^^^^^^^^^^^^^^^^^^^^^^^^^^^^^^^
2025-09-12T19:22:18:   File "/usr/local/lib/python3.12/site-packages/streamlit/runtime/app_session.py", line 750, in _create_new_session_message
2025-09-12T19:22:18:     _populate_user_info_msg(imsg.user_info)
2025-09-12T19:22:18:   File "/usr/local/lib/python3.12/site-packages/streamlit/runtime/app_session.py", line 1154, in _populate_user_info_msg
2025-09-12T19:22:18:     inst = Installation.instance()
2025-09-12T19:22:18:            ^^^^^^^^^^^^^^^^^^^^^^^
2025-09-12T19:22:18:   File "/usr/local/lib/python3.12/site-packages/streamlit/runtime/metrics_util.py", line 228, in instance
2025-09-12T19:22:18:     cls._instance = Installation()
2025-09-12T19:22:18:                     ^^^^^^^^^^^^^^
2025-09-12T19:22:18:   File "/usr/local/lib/python3.12/site-packages/streamlit/runtime/metrics_util.py", line 233, in __init__
2025-09-12T19:22:18:     uuid.uuid5(uuid.NAMESPACE_DNS, _get_machine_id_v3())
2025-09-12T19:22:18:                                    ^^^^^^^^^^^^^^^^^^^^
2025-09-12T19:22:18:   File "/usr/local/lib/python3.12/site-packages/streamlit/runtime/metrics_util.py", line 173, in _get_machine_id_v3
2025-09-12T19:22:18:     machine_id = f.read()
2025-09-12T19:22:18:                  ^^^^^^^^
2025-09-12T19:22:18:   File "<frozen codecs>", line 322, in decode
2025-09-12T19:22:18: UnicodeDecodeError: 'utf-8' codec can't decode bytes in position 25-26: invalid continuation byte
2025-09-12T19:22:30: Exception in callback AppSession._on_scriptrunner_event.<locals>.<lambda>() at /usr/local/lib/python3.12/site-packages/streamlit/runtime/app_session.py:519
2025-09-12T19:22:30: handle: <Handle AppSession._on_scriptrunner_event.<locals>.<lambda>() at /usr/local/lib/python3.12/site-packages/streamlit/runtime/app_session.py:519>
2025-09-12T19:22:30: Traceback (most recent call last):
2025-09-12T19:22:30:   File "/usr/local/lib/python3.12/asyncio/events.py", line 88, in _run
2025-09-12T19:22:30:     self._context.run(self._callback, *self._args)
2025-09-12T19:22:30:   File "/usr/local/lib/python3.12/site-packages/streamlit/runtime/app_session.py", line 519, in <lambda>
2025-09-12T19:22:30:     lambda: self._handle_scriptrunner_event_on_event_loop(
2025-09-12T19:22:30:             ^^^^^^^^^^^^^^^^^^^^^^^^^^^^^^^^^^^^^^^^^^^^^^
2025-09-12T19:22:30:   File "/usr/local/lib/python3.12/site-packages/streamlit/runtime/app_session.py", line 616, in _handle_scriptrunner_event_on_event_loop
2025-09-12T19:22:30:     msg = self._create_new_session_message(
2025-09-12T19:22:30:           ^^^^^^^^^^^^^^^^^^^^^^^^^^^^^^^^^
2025-09-12T19:22:30:   File "/usr/local/lib/python3.12/site-packages/streamlit/runtime/app_session.py", line 750, in _create_new_session_message
2025-09-12T19:22:30:     _populate_user_info_msg(imsg.user_info)
2025-09-12T19:22:30:   File "/usr/local/lib/python3.12/site-packages/streamlit/runtime/app_session.py", line 1154, in _populate_user_info_msg
2025-09-12T19:22:30:     inst = Installation.instance()
2025-09-12T19:22:30:            ^^^^^^^^^^^^^^^^^^^^^^^
2025-09-12T19:22:30:   File "/usr/local/lib/python3.12/site-packages/streamlit/runtime/metrics_util.py", line 228, in instance
2025-09-12T19:22:30:     cls._instance = Installation()
2025-09-12T19:22:30:                     ^^^^^^^^^^^^^^
2025-09-12T19:22:30:   File "/usr/local/lib/python3.12/site-packages/streamlit/runtime/metrics_util.py", line 233, in __init__
2025-09-12T19:22:30:     uuid.uuid5(uuid.NAMESPACE_DNS, _get_machine_id_v3())
2025-09-12T19:22:30:                                    ^^^^^^^^^^^^^^^^^^^^
2025-09-12T19:22:30:   File "/usr/local/lib/python3.12/site-packages/streamlit/runtime/metrics_util.py", line 173, in _get_machine_id_v3
2025-09-12T19:22:30:     machine_id = f.read()
2025-09-12T19:22:30:                  ^^^^^^^^
2025-09-12T19:22:30:   File "<frozen codecs>", line 322, in decode
2025-09-12T19:22:30: UnicodeDecodeError: 'utf-8' codec can't decode bytes in position 25-26: invalid continuation byte
2025-09-12T19:22:33: Exception in callback AppSession._on_scriptrunner_event.<locals>.<lambda>() at /usr/local/lib/python3.12/site-packages/streamlit/runtime/app_session.py:519
2025-09-12T19:22:33: handle: <Handle AppSession._on_scriptrunner_event.<locals>.<lambda>() at /usr/local/lib/python3.12/site-packages/streamlit/runtime/app_session.py:519>
2025-09-12T19:22:33: Traceback (most recent call last):
2025-09-12T19:22:33:   File "/usr/local/lib/python3.12/asyncio/events.py", line 88, in _run
2025-09-12T19:22:33:     self._context.run(self._callback, *self._args)
2025-09-12T19:22:33:   File "/usr/local/lib/python3.12/site-packages/streamlit/runtime/app_session.py", line 519, in <lambda>
2025-09-12T19:22:33:     lambda: self._handle_scriptrunner_event_on_event_loop(
2025-09-12T19:22:33:             ^^^^^^^^^^^^^^^^^^^^^^^^^^^^^^^^^^^^^^^^^^^^^^
2025-09-12T19:22:33:   File "/usr/local/lib/python3.12/site-packages/streamlit/runtime/app_session.py", line 616, in _handle_scriptrunner_event_on_event_loop
2025-09-12T19:22:33:     msg = self._create_new_session_message(
2025-09-12T19:22:33:           ^^^^^^^^^^^^^^^^^^^^^^^^^^^^^^^^^
2025-09-12T19:22:33:   File "/usr/local/lib/python3.12/site-packages/streamlit/runtime/app_session.py", line 750, in _create_new_session_message
2025-09-12T19:22:33:     _populate_user_info_msg(imsg.user_info)
2025-09-12T19:22:33:   File "/usr/local/lib/python3.12/site-packages/streamlit/runtime/app_session.py", line 1154, in _populate_user_info_msg
2025-09-12T19:22:33:     inst = Installation.instance()
2025-09-12T19:22:33:            ^^^^^^^^^^^^^^^^^^^^^^^
2025-09-12T19:22:33:   File "/usr/local/lib/python3.12/site-packages/streamlit/runtime/metrics_util.py", line 228, in instance
2025-09-12T19:22:33:     cls._instance = Installation()
2025-09-12T19:22:33:                     ^^^^^^^^^^^^^^
2025-09-12T19:22:33:   File "/usr/local/lib/python3.12/site-packages/streamlit/runtime/metrics_util.py", line 233, in __init__
2025-09-12T19:22:33:     uuid.uuid5(uuid.NAMESPACE_DNS, _get_machine_id_v3())
2025-09-12T19:22:33:                                    ^^^^^^^^^^^^^^^^^^^^
2025-09-12T19:22:33:   File "/usr/local/lib/python3.12/site-packages/streamlit/runtime/metrics_util.py", line 173, in _get_machine_id_v3
2025-09-12T19:22:33:     machine_id = f.read()
2025-09-12T19:22:33:                  ^^^^^^^^
2025-09-12T19:22:33:   File "<frozen codecs>", line 322, in decode
2025-09-12T19:22:33: UnicodeDecodeError: 'utf-8' codec can't decode bytes in position 25-26: invalid continuation byte
2025-09-12T19:22:36: Exception in callback AppSession._on_scriptrunner_event.<locals>.<lambda>() at /usr/local/lib/python3.12/site-packages/streamlit/runtime/app_session.py:519
2025-09-12T19:22:36: handle: <Handle AppSession._on_scriptrunner_event.<locals>.<lambda>() at /usr/local/lib/python3.12/site-packages/streamlit/runtime/app_session.py:519>
2025-09-12T19:22:36: Traceback (most recent call last):
2025-09-12T19:22:36:   File "/usr/local/lib/python3.12/asyncio/events.py", line 88, in _run
2025-09-12T19:22:36:     self._context.run(self._callback, *self._args)
2025-09-12T19:22:36:   File "/usr/local/lib/python3.12/site-packages/streamlit/runtime/app_session.py", line 519, in <lambda>
2025-09-12T19:22:36:     lambda: self._handle_scriptrunner_event_on_event_loop(
2025-09-12T19:22:36:             ^^^^^^^^^^^^^^^^^^^^^^^^^^^^^^^^^^^^^^^^^^^^^^
2025-09-12T19:22:36:   File "/usr/local/lib/python3.12/site-packages/streamlit/runtime/app_session.py", line 616, in _handle_scriptrunner_event_on_event_loop
2025-09-12T19:22:36:     msg = self._create_new_session_message(
2025-09-12T19:22:36:           ^^^^^^^^^^^^^^^^^^^^^^^^^^^^^^^^^
2025-09-12T19:22:36:   File "/usr/local/lib/python3.12/site-packages/streamlit/runtime/app_session.py", line 750, in _create_new_session_message
2025-09-12T19:22:36:     _populate_user_info_msg(imsg.user_info)
2025-09-12T19:22:36:   File "/usr/local/lib/python3.12/site-packages/streamlit/runtime/app_session.py", line 1154, in _populate_user_info_msg
2025-09-12T19:22:36:     inst = Installation.instance()
2025-09-12T19:22:36:            ^^^^^^^^^^^^^^^^^^^^^^^
2025-09-12T19:22:36:   File "/usr/local/lib/python3.12/site-packages/streamlit/runtime/metrics_util.py", line 228, in instance
2025-09-12T19:22:36:     cls._instance = Installation()
2025-09-12T19:22:36:                     ^^^^^^^^^^^^^^
2025-09-12T19:22:36:   File "/usr/local/lib/python3.12/site-packages/streamlit/runtime/metrics_util.py", line 233, in __init__
2025-09-12T19:22:36:     uuid.uuid5(uuid.NAMESPACE_DNS, _get_machine_id_v3())
2025-09-12T19:22:36:                                    ^^^^^^^^^^^^^^^^^^^^
2025-09-12T19:22:36:   File "/usr/local/lib/python3.12/site-packages/streamlit/runtime/metrics_util.py", line 173, in _get_machine_id_v3
2025-09-12T19:22:36:     machine_id = f.read()
2025-09-12T19:22:36:                  ^^^^^^^^
2025-09-12T19:22:36:   File "<frozen codecs>", line 322, in decode
2025-09-12T19:22:36: UnicodeDecodeError: 'utf-8' codec can't decode bytes in position 25-26: invalid continuation byte
2025-09-12T19:22:46: Exception in callback AppSession._on_scriptrunner_event.<locals>.<lambda>() at /usr/local/lib/python3.12/site-packages/streamlit/runtime/app_session.py:519
2025-09-12T19:22:46: handle: <Handle AppSession._on_scriptrunner_event.<locals>.<lambda>() at /usr/local/lib/python3.12/site-packages/streamlit/runtime/app_session.py:519>
2025-09-12T19:22:46: Traceback (most recent call last):
2025-09-12T19:22:46:   File "/usr/local/lib/python3.12/asyncio/events.py", line 88, in _run
2025-09-12T19:22:46:     self._context.run(self._callback, *self._args)
2025-09-12T19:22:46:   File "/usr/local/lib/python3.12/site-packages/streamlit/runtime/app_session.py", line 519, in <lambda>
2025-09-12T19:22:46:     lambda: self._handle_scriptrunner_event_on_event_loop(
2025-09-12T19:22:46:             ^^^^^^^^^^^^^^^^^^^^^^^^^^^^^^^^^^^^^^^^^^^^^^
2025-09-12T19:22:46:   File "/usr/local/lib/python3.12/site-packages/streamlit/runtime/app_session.py", line 616, in _handle_scriptrunner_event_on_event_loop
2025-09-12T19:22:46:     msg = self._create_new_session_message(
2025-09-12T19:22:46:           ^^^^^^^^^^^^^^^^^^^^^^^^^^^^^^^^^
2025-09-12T19:22:46:   File "/usr/local/lib/python3.12/site-packages/streamlit/runtime/app_session.py", line 750, in _create_new_session_message
2025-09-12T19:22:46:     _populate_user_info_msg(imsg.user_info)
2025-09-12T19:22:46:   File "/usr/local/lib/python3.12/site-packages/streamlit/runtime/app_session.py", line 1154, in _populate_user_info_msg
2025-09-12T19:22:46:     inst = Installation.instance()
2025-09-12T19:22:46:            ^^^^^^^^^^^^^^^^^^^^^^^
2025-09-12T19:22:46:   File "/usr/local/lib/python3.12/site-packages/streamlit/runtime/metrics_util.py", line 228, in instance
2025-09-12T19:22:46:     cls._instance = Installation()
2025-09-12T19:22:46:                     ^^^^^^^^^^^^^^
2025-09-12T19:22:46:   File "/usr/local/lib/python3.12/site-packages/streamlit/runtime/metrics_util.py", line 233, in __init__
2025-09-12T19:22:46:     uuid.uuid5(uuid.NAMESPACE_DNS, _get_machine_id_v3())
2025-09-12T19:22:46:                                    ^^^^^^^^^^^^^^^^^^^^
2025-09-12T19:22:46:   File "/usr/local/lib/python3.12/site-packages/streamlit/runtime/metrics_util.py", line 173, in _get_machine_id_v3
2025-09-12T19:22:46:     machine_id = f.read()
2025-09-12T19:22:46:                  ^^^^^^^^
2025-09-12T19:22:46:   File "<frozen codecs>", line 322, in decode
2025-09-12T19:22:46: UnicodeDecodeError: 'utf-8' codec can't decode bytes in position 25-26: invalid continuation byte
2025-09-12T19:22:49: Exception in callback AppSession._on_scriptrunner_event.<locals>.<lambda>() at /usr/local/lib/python3.12/site-packages/streamlit/runtime/app_session.py:519
2025-09-12T19:22:49: handle: <Handle AppSession._on_scriptrunner_event.<locals>.<lambda>() at /usr/local/lib/python3.12/site-packages/streamlit/runtime/app_session.py:519>
2025-09-12T19:22:49: Traceback (most recent call last):
2025-09-12T19:22:49:   File "/usr/local/lib/python3.12/asyncio/events.py", line 88, in _run
2025-09-12T19:22:49:     self._context.run(self._callback, *self._args)
2025-09-12T19:22:49:   File "/usr/local/lib/python3.12/site-packages/streamlit/runtime/app_session.py", line 519, in <lambda>
2025-09-12T19:22:49:     lambda: self._handle_scriptrunner_event_on_event_loop(
2025-09-12T19:22:49:             ^^^^^^^^^^^^^^^^^^^^^^^^^^^^^^^^^^^^^^^^^^^^^^
2025-09-12T19:22:49:   File "/usr/local/lib/python3.12/site-packages/streamlit/runtime/app_session.py", line 616, in _handle_scriptrunner_event_on_event_loop
2025-09-12T19:22:49:     msg = self._create_new_session_message(
2025-09-12T19:22:49:           ^^^^^^^^^^^^^^^^^^^^^^^^^^^^^^^^^
2025-09-12T19:22:49:   File "/usr/local/lib/python3.12/site-packages/streamlit/runtime/app_session.py", line 750, in _create_new_session_message
2025-09-12T19:22:49:     _populate_user_info_msg(imsg.user_info)
2025-09-12T19:22:49:   File "/usr/local/lib/python3.12/site-packages/streamlit/runtime/app_session.py", line 1154, in _populate_user_info_msg
2025-09-12T19:22:49:     inst = Installation.instance()
2025-09-12T19:22:49:            ^^^^^^^^^^^^^^^^^^^^^^^
2025-09-12T19:22:49:   File "/usr/local/lib/python3.12/site-packages/streamlit/runtime/metrics_util.py", line 228, in instance
2025-09-12T19:22:49:     cls._instance = Installation()
2025-09-12T19:22:49:                     ^^^^^^^^^^^^^^
2025-09-12T19:22:49:   File "/usr/local/lib/python3.12/site-packages/streamlit/runtime/metrics_util.py", line 233, in __init__
2025-09-12T19:22:49:     uuid.uuid5(uuid.NAMESPACE_DNS, _get_machine_id_v3())
2025-09-12T19:22:49:                                    ^^^^^^^^^^^^^^^^^^^^
2025-09-12T19:22:49:   File "/usr/local/lib/python3.12/site-packages/streamlit/runtime/metrics_util.py", line 173, in _get_machine_id_v3
2025-09-12T19:22:49:     machine_id = f.read()
2025-09-12T19:22:49:                  ^^^^^^^^
2025-09-12T19:22:49:   File "<frozen codecs>", line 322, in decode
2025-09-12T19:22:49: UnicodeDecodeError: 'utf-8' codec can't decode bytes in position 25-26: invalid continuation byte
2025-09-12T19:22:54: Exception in callback AppSession._on_scriptrunner_event.<locals>.<lambda>() at /usr/local/lib/python3.12/site-packages/streamlit/runtime/app_session.py:519
2025-09-12T19:22:54: handle: <Handle AppSession._on_scriptrunner_event.<locals>.<lambda>() at /usr/local/lib/python3.12/site-packages/streamlit/runtime/app_session.py:519>
2025-09-12T19:22:54: Traceback (most recent call last):
2025-09-12T19:22:54:   File "/usr/local/lib/python3.12/asyncio/events.py", line 88, in _run
2025-09-12T19:22:54:     self._context.run(self._callback, *self._args)
2025-09-12T19:22:54:   File "/usr/local/lib/python3.12/site-packages/streamlit/runtime/app_session.py", line 519, in <lambda>
2025-09-12T19:22:54:     lambda: self._handle_scriptrunner_event_on_event_loop(
2025-09-12T19:22:54:             ^^^^^^^^^^^^^^^^^^^^^^^^^^^^^^^^^^^^^^^^^^^^^^
2025-09-12T19:22:54:   File "/usr/local/lib/python3.12/site-packages/streamlit/runtime/app_session.py", line 616, in _handle_scriptrunner_event_on_event_loop
2025-09-12T19:22:54:     msg = self._create_new_session_message(
2025-09-12T19:22:54:           ^^^^^^^^^^^^^^^^^^^^^^^^^^^^^^^^^
2025-09-12T19:22:54:   File "/usr/local/lib/python3.12/site-packages/streamlit/runtime/app_session.py", line 750, in _create_new_session_message
2025-09-12T19:22:54:     _populate_user_info_msg(imsg.user_info)
2025-09-12T19:22:54:   File "/usr/local/lib/python3.12/site-packages/streamlit/runtime/app_session.py", line 1154, in _populate_user_info_msg
2025-09-12T19:22:54:     inst = Installation.instance()
2025-09-12T19:22:54:            ^^^^^^^^^^^^^^^^^^^^^^^
2025-09-12T19:22:54:   File "/usr/local/lib/python3.12/site-packages/streamlit/runtime/metrics_util.py", line 228, in instance
2025-09-12T19:22:54:     cls._instance = Installation()
2025-09-12T19:22:54:                     ^^^^^^^^^^^^^^
2025-09-12T19:22:54:   File "/usr/local/lib/python3.12/site-packages/streamlit/runtime/metrics_util.py", line 233, in __init__
2025-09-12T19:22:54:     uuid.uuid5(uuid.NAMESPACE_DNS, _get_machine_id_v3())
2025-09-12T19:22:54:                                    ^^^^^^^^^^^^^^^^^^^^
2025-09-12T19:22:54:   File "/usr/local/lib/python3.12/site-packages/streamlit/runtime/metrics_util.py", line 173, in _get_machine_id_v3
2025-09-12T19:22:54:     machine_id = f.read()
2025-09-12T19:22:54:                  ^^^^^^^^
2025-09-12T19:22:54:   File "<frozen codecs>", line 322, in decode
2025-09-12T19:22:54: UnicodeDecodeError: 'utf-8' codec can't decode bytes in position 25-26: invalid continuation byte
2025-09-12T19:22:59: Exception in callback AppSession._on_scriptrunner_event.<locals>.<lambda>() at /usr/local/lib/python3.12/site-packages/streamlit/runtime/app_session.py:519
2025-09-12T19:22:59: handle: <Handle AppSession._on_scriptrunner_event.<locals>.<lambda>() at /usr/local/lib/python3.12/site-packages/streamlit/runtime/app_session.py:519>
2025-09-12T19:22:59: Traceback (most recent call last):
2025-09-12T19:22:59:   File "/usr/local/lib/python3.12/asyncio/events.py", line 88, in _run
2025-09-12T19:22:59:     self._context.run(self._callback, *self._args)
2025-09-12T19:22:59:   File "/usr/local/lib/python3.12/site-packages/streamlit/runtime/app_session.py", line 519, in <lambda>
2025-09-12T19:22:59:     lambda: self._handle_scriptrunner_event_on_event_loop(
2025-09-12T19:22:59:             ^^^^^^^^^^^^^^^^^^^^^^^^^^^^^^^^^^^^^^^^^^^^^^
2025-09-12T19:22:59:   File "/usr/local/lib/python3.12/site-packages/streamlit/runtime/app_session.py", line 616, in _handle_scriptrunner_event_on_event_loop
2025-09-12T19:22:59:     msg = self._create_new_session_message(
2025-09-12T19:22:59:           ^^^^^^^^^^^^^^^^^^^^^^^^^^^^^^^^^
2025-09-12T19:22:59:   File "/usr/local/lib/python3.12/site-packages/streamlit/runtime/app_session.py", line 750, in _create_new_session_message
2025-09-12T19:22:59:     _populate_user_info_msg(imsg.user_info)
2025-09-12T19:22:59:   File "/usr/local/lib/python3.12/site-packages/streamlit/runtime/app_session.py", line 1154, in _populate_user_info_msg
2025-09-12T19:22:59:     inst = Installation.instance()
2025-09-12T19:22:59:            ^^^^^^^^^^^^^^^^^^^^^^^
2025-09-12T19:22:59:   File "/usr/local/lib/python3.12/site-packages/streamlit/runtime/metrics_util.py", line 228, in instance
2025-09-12T19:22:59:     cls._instance = Installation()
2025-09-12T19:22:59:                     ^^^^^^^^^^^^^^
2025-09-12T19:22:59:   File "/usr/local/lib/python3.12/site-packages/streamlit/runtime/metrics_util.py", line 233, in __init__
2025-09-12T19:22:59:     uuid.uuid5(uuid.NAMESPACE_DNS, _get_machine_id_v3())
2025-09-12T19:22:59:                                    ^^^^^^^^^^^^^^^^^^^^
2025-09-12T19:22:59:   File "/usr/local/lib/python3.12/site-packages/streamlit/runtime/metrics_util.py", line 173, in _get_machine_id_v3
2025-09-12T19:22:59:     machine_id = f.read()
2025-09-12T19:22:59:                  ^^^^^^^^
2025-09-12T19:22:59:   File "<frozen codecs>", line 322, in decode
2025-09-12T19:22:59: UnicodeDecodeError: 'utf-8' codec can't decode bytes in position 25-26: invalid continuation byte
2025-09-12T19:23:03: Exception in callback AppSession._on_scriptrunner_event.<locals>.<lambda>() at /usr/local/lib/python3.12/site-packages/streamlit/runtime/app_session.py:519
2025-09-12T19:23:03: handle: <Handle AppSession._on_scriptrunner_event.<locals>.<lambda>() at /usr/local/lib/python3.12/site-packages/streamlit/runtime/app_session.py:519>
2025-09-12T19:23:03: Traceback (most recent call last):
2025-09-12T19:23:03:   File "/usr/local/lib/python3.12/asyncio/events.py", line 88, in _run
2025-09-12T19:23:03:     self._context.run(self._callback, *self._args)
2025-09-12T19:23:03:   File "/usr/local/lib/python3.12/site-packages/streamlit/runtime/app_session.py", line 519, in <lambda>
2025-09-12T19:23:03:     lambda: self._handle_scriptrunner_event_on_event_loop(
2025-09-12T19:23:03:             ^^^^^^^^^^^^^^^^^^^^^^^^^^^^^^^^^^^^^^^^^^^^^^
2025-09-12T19:23:03:   File "/usr/local/lib/python3.12/site-packages/streamlit/runtime/app_session.py", line 616, in _handle_scriptrunner_event_on_event_loop
2025-09-12T19:23:03:     msg = self._create_new_session_message(
2025-09-12T19:23:03:           ^^^^^^^^^^^^^^^^^^^^^^^^^^^^^^^^^
2025-09-12T19:23:03:   File "/usr/local/lib/python3.12/site-packages/streamlit/runtime/app_session.py", line 750, in _create_new_session_message
2025-09-12T19:23:03:     _populate_user_info_msg(imsg.user_info)
2025-09-12T19:23:03:   File "/usr/local/lib/python3.12/site-packages/streamlit/runtime/app_session.py", line 1154, in _populate_user_info_msg
2025-09-12T19:23:03:     inst = Installation.instance()
2025-09-12T19:23:03:            ^^^^^^^^^^^^^^^^^^^^^^^
2025-09-12T19:23:03:   File "/usr/local/lib/python3.12/site-packages/streamlit/runtime/metrics_util.py", line 228, in instance
2025-09-12T19:23:03:     cls._instance = Installation()
2025-09-12T19:23:03:                     ^^^^^^^^^^^^^^
2025-09-12T19:23:03:   File "/usr/local/lib/python3.12/site-packages/streamlit/runtime/metrics_util.py", line 233, in __init__
2025-09-12T19:23:03:     uuid.uuid5(uuid.NAMESPACE_DNS, _get_machine_id_v3())
2025-09-12T19:23:03:                                    ^^^^^^^^^^^^^^^^^^^^
2025-09-12T19:23:03:   File "/usr/local/lib/python3.12/site-packages/streamlit/runtime/metrics_util.py", line 173, in _get_machine_id_v3
2025-09-12T19:23:03:     machine_id = f.read()
2025-09-12T19:23:03:                  ^^^^^^^^
2025-09-12T19:23:03:   File "<frozen codecs>", line 322, in decode
2025-09-12T19:23:03: UnicodeDecodeError: 'utf-8' codec can't decode bytes in position 25-26: invalid continuation byte
2025-09-12T19:23:03: Exception in callback AppSession._on_scriptrunner_event.<locals>.<lambda>() at /usr/local/lib/python3.12/site-packages/streamlit/runtime/app_session.py:519
2025-09-12T19:23:03: handle: <Handle AppSession._on_scriptrunner_event.<locals>.<lambda>() at /usr/local/lib/python3.12/site-packages/streamlit/runtime/app_session.py:519>
2025-09-12T19:23:03: Traceback (most recent call last):
2025-09-12T19:23:03:   File "/usr/local/lib/python3.12/asyncio/events.py", line 88, in _run
2025-09-12T19:23:03:     self._context.run(self._callback, *self._args)
2025-09-12T19:23:03:   File "/usr/local/lib/python3.12/site-packages/streamlit/runtime/app_session.py", line 519, in <lambda>
2025-09-12T19:23:03:     lambda: self._handle_scriptrunner_event_on_event_loop(
2025-09-12T19:23:03:             ^^^^^^^^^^^^^^^^^^^^^^^^^^^^^^^^^^^^^^^^^^^^^^
2025-09-12T19:23:03:   File "/usr/local/lib/python3.12/site-packages/streamlit/runtime/app_session.py", line 616, in _handle_scriptrunner_event_on_event_loop
2025-09-12T19:23:03:     msg = self._create_new_session_message(
2025-09-12T19:23:03:           ^^^^^^^^^^^^^^^^^^^^^^^^^^^^^^^^^
2025-09-12T19:23:03:   File "/usr/local/lib/python3.12/site-packages/streamlit/runtime/app_session.py", line 750, in _create_new_session_message
2025-09-12T19:23:03:     _populate_user_info_msg(imsg.user_info)
2025-09-12T19:23:03:   File "/usr/local/lib/python3.12/site-packages/streamlit/runtime/app_session.py", line 1154, in _populate_user_info_msg
2025-09-12T19:23:03:     inst = Installation.instance()
2025-09-12T19:23:03:            ^^^^^^^^^^^^^^^^^^^^^^^
2025-09-12T19:23:03:   File "/usr/local/lib/python3.12/site-packages/streamlit/runtime/metrics_util.py", line 228, in instance
2025-09-12T19:23:03:     cls._instance = Installation()
2025-09-12T19:23:03:                     ^^^^^^^^^^^^^^
2025-09-12T19:23:03:   File "/usr/local/lib/python3.12/site-packages/streamlit/runtime/metrics_util.py", line 233, in __init__
2025-09-12T19:23:03:     uuid.uuid5(uuid.NAMESPACE_DNS, _get_machine_id_v3())
2025-09-12T19:23:03:                                    ^^^^^^^^^^^^^^^^^^^^
2025-09-12T19:23:03:   File "/usr/local/lib/python3.12/site-packages/streamlit/runtime/metrics_util.py", line 173, in _get_machine_id_v3
2025-09-12T19:23:03:     machine_id = f.read()
2025-09-12T19:23:03:                  ^^^^^^^^
2025-09-12T19:23:03:   File "<frozen codecs>", line 322, in decode
2025-09-12T19:23:03: UnicodeDecodeError: 'utf-8' codec can't decode bytes in position 25-26: invalid continuation byte
2025-09-12T19:23:03: 2025-09-12 19:23:03.778 Script compilation error
2025-09-12T19:23:03: Traceback (most recent call last):
2025-09-12T19:23:03:   File "/usr/local/lib/python3.12/site-packages/streamlit/runtime/scriptrunner/script_runner.py", line 571, in _run_script
2025-09-12T19:23:03:     code = self._script_cache.get_bytecode(script_path)
2025-09-12T19:23:03:            ^^^^^^^^^^^^^^^^^^^^^^^^^^^^^^^^^^^^^^^^^^^^
2025-09-12T19:23:03:   File "/usr/local/lib/python3.12/site-packages/streamlit/runtime/scriptrunner/script_cache.py", line 72, in get_bytecode
2025-09-12T19:23:03:     filebody = magic.add_magic(filebody, script_path)
2025-09-12T19:23:03:                ^^^^^^^^^^^^^^^^^^^^^^^^^^^^^^^^^^^^^^
2025-09-12T19:23:03:   File "/usr/local/lib/python3.12/site-packages/streamlit/runtime/scriptrunner/magic.py", line 45, in add_magic
2025-09-12T19:23:03:     tree = ast.parse(code, script_path, "exec")
2025-09-12T19:23:03:            ^^^^^^^^^^^^^^^^^^^^^^^^^^^^^^^^^^^^
2025-09-12T19:23:03:   File "/usr/local/lib/python3.12/ast.py", line 52, in parse
2025-09-12T19:23:03:     return compile(source, filename, mode, flags,
2025-09-12T19:23:03:            ^^^^^^^^^^^^^^^^^^^^^^^^^^^^^^^^^^^^^^
2025-09-12T19:23:03:   File "/home/user/webapp/enhanced_streamlit_app.py", line 465
2025-09-12T19:23:03:     st.markdown("Advanced NLP analysis of open-e
2025-09-12T19:23:03:                 ^
2025-09-12T19:23:03: SyntaxError: unterminated string literal (detected at line 465)
2025-09-12T19:23:08: Exception in callback AppSession._on_scriptrunner_event.<locals>.<lambda>() at /usr/local/lib/python3.12/site-packages/streamlit/runtime/app_session.py:519
2025-09-12T19:23:08: handle: <Handle AppSession._on_scriptrunner_event.<locals>.<lambda>() at /usr/local/lib/python3.12/site-packages/streamlit/runtime/app_session.py:519>
2025-09-12T19:23:08: Traceback (most recent call last):
2025-09-12T19:23:08:   File "/usr/local/lib/python3.12/asyncio/events.py", line 88, in _run
2025-09-12T19:23:08:     self._context.run(self._callback, *self._args)
2025-09-12T19:23:08:   File "/usr/local/lib/python3.12/site-packages/streamlit/runtime/app_session.py", line 519, in <lambda>
2025-09-12T19:23:08:     lambda: self._handle_scriptrunner_event_on_event_loop(
2025-09-12T19:23:08:             ^^^^^^^^^^^^^^^^^^^^^^^^^^^^^^^^^^^^^^^^^^^^^^
2025-09-12T19:23:08:   File "/usr/local/lib/python3.12/site-packages/streamlit/runtime/app_session.py", line 616, in _handle_scriptrunner_event_on_event_loop
2025-09-12T19:23:08:     msg = self._create_new_session_message(
2025-09-12T19:23:08:           ^^^^^^^^^^^^^^^^^^^^^^^^^^^^^^^^^
2025-09-12T19:23:08:   File "/usr/local/lib/python3.12/site-packages/streamlit/runtime/app_session.py", line 750, in _create_new_session_message
2025-09-12T19:23:08:     _populate_user_info_msg(imsg.user_info)
2025-09-12T19:23:08:   File "/usr/local/lib/python3.12/site-packages/streamlit/runtime/app_session.py", line 1154, in _populate_user_info_msg
2025-09-12T19:23:08:     inst = Installation.instance()
2025-09-12T19:23:08:            ^^^^^^^^^^^^^^^^^^^^^^^
2025-09-12T19:23:08:   File "/usr/local/lib/python3.12/site-packages/streamlit/runtime/metrics_util.py", line 228, in instance
2025-09-12T19:23:08:     cls._instance = Installation()
2025-09-12T19:23:08:                     ^^^^^^^^^^^^^^
2025-09-12T19:23:08:   File "/usr/local/lib/python3.12/site-packages/streamlit/runtime/metrics_util.py", line 233, in __init__
2025-09-12T19:23:08:     uuid.uuid5(uuid.NAMESPACE_DNS, _get_machine_id_v3())
2025-09-12T19:23:08:                                    ^^^^^^^^^^^^^^^^^^^^
2025-09-12T19:23:08:   File "/usr/local/lib/python3.12/site-packages/streamlit/runtime/metrics_util.py", line 173, in _get_machine_id_v3
2025-09-12T19:23:08:     machine_id = f.read()
2025-09-12T19:23:08:                  ^^^^^^^^
2025-09-12T19:23:08:   File "<frozen codecs>", line 322, in decode
2025-09-12T19:23:08: UnicodeDecodeError: 'utf-8' codec can't decode bytes in position 25-26: invalid continuation byte
2025-09-12T19:23:14: Exception in callback AppSession._on_scriptrunner_event.<locals>.<lambda>() at /usr/local/lib/python3.12/site-packages/streamlit/runtime/app_session.py:519
2025-09-12T19:23:14: handle: <Handle AppSession._on_scriptrunner_event.<locals>.<lambda>() at /usr/local/lib/python3.12/site-packages/streamlit/runtime/app_session.py:519>
2025-09-12T19:23:14: Traceback (most recent call last):
2025-09-12T19:23:14:   File "/usr/local/lib/python3.12/asyncio/events.py", line 88, in _run
2025-09-12T19:23:14:     self._context.run(self._callback, *self._args)
2025-09-12T19:23:14:   File "/usr/local/lib/python3.12/site-packages/streamlit/runtime/app_session.py", line 519, in <lambda>
2025-09-12T19:23:14:     lambda: self._handle_scriptrunner_event_on_event_loop(
2025-09-12T19:23:14:             ^^^^^^^^^^^^^^^^^^^^^^^^^^^^^^^^^^^^^^^^^^^^^^
2025-09-12T19:23:14:   File "/usr/local/lib/python3.12/site-packages/streamlit/runtime/app_session.py", line 616, in _handle_scriptrunner_event_on_event_loop
2025-09-12T19:23:14:     msg = self._create_new_session_message(
2025-09-12T19:23:14:           ^^^^^^^^^^^^^^^^^^^^^^^^^^^^^^^^^
2025-09-12T19:23:14:   File "/usr/local/lib/python3.12/site-packages/streamlit/runtime/app_session.py", line 750, in _create_new_session_message
2025-09-12T19:23:14:     _populate_user_info_msg(imsg.user_info)
2025-09-12T19:23:14:   File "/usr/local/lib/python3.12/site-packages/streamlit/runtime/app_session.py", line 1154, in _populate_user_info_msg
2025-09-12T19:23:14:     inst = Installation.instance()
2025-09-12T19:23:14:            ^^^^^^^^^^^^^^^^^^^^^^^
2025-09-12T19:23:14:   File "/usr/local/lib/python3.12/site-packages/streamlit/runtime/metrics_util.py", line 228, in instance
2025-09-12T19:23:14:     cls._instance = Installation()
2025-09-12T19:23:14:                     ^^^^^^^^^^^^^^
2025-09-12T19:23:14:   File "/usr/local/lib/python3.12/site-packages/streamlit/runtime/metrics_util.py", line 233, in __init__
2025-09-12T19:23:14:     uuid.uuid5(uuid.NAMESPACE_DNS, _get_machine_id_v3())
2025-09-12T19:23:14:                                    ^^^^^^^^^^^^^^^^^^^^
2025-09-12T19:23:14:   File "/usr/local/lib/python3.12/site-packages/streamlit/runtime/metrics_util.py", line 173, in _get_machine_id_v3
2025-09-12T19:23:14:     machine_id = f.read()
2025-09-12T19:23:14:                  ^^^^^^^^
2025-09-12T19:23:14:   File "<frozen codecs>", line 322, in decode
2025-09-12T19:23:14: UnicodeDecodeError: 'utf-8' codec can't decode bytes in position 25-26: invalid continuation byte
2025-09-12T19:24:14: Exception in callback AppSession._on_scriptrunner_event.<locals>.<lambda>() at /usr/local/lib/python3.12/site-packages/streamlit/runtime/app_session.py:519
2025-09-12T19:24:14: handle: <Handle AppSession._on_scriptrunner_event.<locals>.<lambda>() at /usr/local/lib/python3.12/site-packages/streamlit/runtime/app_session.py:519>
2025-09-12T19:24:14: Traceback (most recent call last):
2025-09-12T19:24:14:   File "/usr/local/lib/python3.12/asyncio/events.py", line 88, in _run
2025-09-12T19:24:14:     self._context.run(self._callback, *self._args)
2025-09-12T19:24:14:   File "/usr/local/lib/python3.12/site-packages/streamlit/runtime/app_session.py", line 519, in <lambda>
2025-09-12T19:24:14:     lambda: self._handle_scriptrunner_event_on_event_loop(
2025-09-12T19:24:14:             ^^^^^^^^^^^^^^^^^^^^^^^^^^^^^^^^^^^^^^^^^^^^^^
2025-09-12T19:24:14:   File "/usr/local/lib/python3.12/site-packages/streamlit/runtime/app_session.py", line 616, in _handle_scriptrunner_event_on_event_loop
2025-09-12T19:24:14:     msg = self._create_new_session_message(
2025-09-12T19:24:14:           ^^^^^^^^^^^^^^^^^^^^^^^^^^^^^^^^^
2025-09-12T19:24:14:   File "/usr/local/lib/python3.12/site-packages/streamlit/runtime/app_session.py", line 750, in _create_new_session_message
2025-09-12T19:24:14:     _populate_user_info_msg(imsg.user_info)
2025-09-12T19:24:14:   File "/usr/local/lib/python3.12/site-packages/streamlit/runtime/app_session.py", line 1154, in _populate_user_info_msg
2025-09-12T19:24:14:     inst = Installation.instance()
2025-09-12T19:24:14:            ^^^^^^^^^^^^^^^^^^^^^^^
2025-09-12T19:24:14:   File "/usr/local/lib/python3.12/site-packages/streamlit/runtime/metrics_util.py", line 228, in instance
2025-09-12T19:24:14:     cls._instance = Installation()
2025-09-12T19:24:14:                     ^^^^^^^^^^^^^^
2025-09-12T19:24:14:   File "/usr/local/lib/python3.12/site-packages/streamlit/runtime/metrics_util.py", line 233, in __init__
2025-09-12T19:24:14:     uuid.uuid5(uuid.NAMESPACE_DNS, _get_machine_id_v3())
2025-09-12T19:24:14:                                    ^^^^^^^^^^^^^^^^^^^^
2025-09-12T19:24:14:   File "/usr/local/lib/python3.12/site-packages/streamlit/runtime/metrics_util.py", line 173, in _get_machine_id_v3
2025-09-12T19:24:14:     machine_id = f.read()
2025-09-12T19:24:14:                  ^^^^^^^^
2025-09-12T19:24:14:   File "<frozen codecs>", line 322, in decode
2025-09-12T19:24:14: UnicodeDecodeError: 'utf-8' codec can't decode bytes in position 25-26: invalid continuation byte
2025-09-12T19:24:20: Exception in callback AppSession._on_scriptrunner_event.<locals>.<lambda>() at /usr/local/lib/python3.12/site-packages/streamlit/runtime/app_session.py:519
2025-09-12T19:24:20: handle: <Handle AppSession._on_scriptrunner_event.<locals>.<lambda>() at /usr/local/lib/python3.12/site-packages/streamlit/runtime/app_session.py:519>
2025-09-12T19:24:20: Traceback (most recent call last):
2025-09-12T19:24:20:   File "/usr/local/lib/python3.12/asyncio/events.py", line 88, in _run
2025-09-12T19:24:20:     self._context.run(self._callback, *self._args)
2025-09-12T19:24:20:   File "/usr/local/lib/python3.12/site-packages/streamlit/runtime/app_session.py", line 519, in <lambda>
2025-09-12T19:24:20:     lambda: self._handle_scriptrunner_event_on_event_loop(
2025-09-12T19:24:20:             ^^^^^^^^^^^^^^^^^^^^^^^^^^^^^^^^^^^^^^^^^^^^^^
2025-09-12T19:24:20:   File "/usr/local/lib/python3.12/site-packages/streamlit/runtime/app_session.py", line 616, in _handle_scriptrunner_event_on_event_loop
2025-09-12T19:24:20:     msg = self._create_new_session_message(
2025-09-12T19:24:20:           ^^^^^^^^^^^^^^^^^^^^^^^^^^^^^^^^^
2025-09-12T19:24:20:   File "/usr/local/lib/python3.12/site-packages/streamlit/runtime/app_session.py", line 750, in _create_new_session_message
2025-09-12T19:24:20:     _populate_user_info_msg(imsg.user_info)
2025-09-12T19:24:20:   File "/usr/local/lib/python3.12/site-packages/streamlit/runtime/app_session.py", line 1154, in _populate_user_info_msg
2025-09-12T19:24:20:     inst = Installation.instance()
2025-09-12T19:24:20:            ^^^^^^^^^^^^^^^^^^^^^^^
2025-09-12T19:24:20:   File "/usr/local/lib/python3.12/site-packages/streamlit/runtime/metrics_util.py", line 228, in instance
2025-09-12T19:24:20:     cls._instance = Installation()
2025-09-12T19:24:20:                     ^^^^^^^^^^^^^^
2025-09-12T19:24:20:   File "/usr/local/lib/python3.12/site-packages/streamlit/runtime/metrics_util.py", line 233, in __init__
2025-09-12T19:24:20:     uuid.uuid5(uuid.NAMESPACE_DNS, _get_machine_id_v3())
2025-09-12T19:24:20:                                    ^^^^^^^^^^^^^^^^^^^^
2025-09-12T19:24:20:   File "/usr/local/lib/python3.12/site-packages/streamlit/runtime/metrics_util.py", line 173, in _get_machine_id_v3
2025-09-12T19:24:20:     machine_id = f.read()
2025-09-12T19:24:20:                  ^^^^^^^^
2025-09-12T19:24:20:   File "<frozen codecs>", line 322, in decode
2025-09-12T19:24:20: UnicodeDecodeError: 'utf-8' codec can't decode bytes in position 25-26: invalid continuation byte
2025-09-12T19:24:28: Exception in callback AppSession._on_scriptrunner_event.<locals>.<lambda>() at /usr/local/lib/python3.12/site-packages/streamlit/runtime/app_session.py:519
2025-09-12T19:24:28: handle: <Handle AppSession._on_scriptrunner_event.<locals>.<lambda>() at /usr/local/lib/python3.12/site-packages/streamlit/runtime/app_session.py:519>
2025-09-12T19:24:28: Traceback (most recent call last):
2025-09-12T19:24:28:   File "/usr/local/lib/python3.12/asyncio/events.py", line 88, in _run
2025-09-12T19:24:28:     self._context.run(self._callback, *self._args)
2025-09-12T19:24:28:   File "/usr/local/lib/python3.12/site-packages/streamlit/runtime/app_session.py", line 519, in <lambda>
2025-09-12T19:24:28:     lambda: self._handle_scriptrunner_event_on_event_loop(
2025-09-12T19:24:28:             ^^^^^^^^^^^^^^^^^^^^^^^^^^^^^^^^^^^^^^^^^^^^^^
2025-09-12T19:24:28:   File "/usr/local/lib/python3.12/site-packages/streamlit/runtime/app_session.py", line 616, in _handle_scriptrunner_event_on_event_loop
2025-09-12T19:24:28:     msg = self._create_new_session_message(
2025-09-12T19:24:28:           ^^^^^^^^^^^^^^^^^^^^^^^^^^^^^^^^^
2025-09-12T19:24:28:   File "/usr/local/lib/python3.12/site-packages/streamlit/runtime/app_session.py", line 750, in _create_new_session_message
2025-09-12T19:24:28:     _populate_user_info_msg(imsg.user_info)
2025-09-12T19:24:28:   File "/usr/local/lib/python3.12/site-packages/streamlit/runtime/app_session.py", line 1154, in _populate_user_info_msg
2025-09-12T19:24:28:     inst = Installation.instance()
2025-09-12T19:24:28:            ^^^^^^^^^^^^^^^^^^^^^^^
2025-09-12T19:24:28:   File "/usr/local/lib/python3.12/site-packages/streamlit/runtime/metrics_util.py", line 228, in instance
2025-09-12T19:24:28:     cls._instance = Installation()
2025-09-12T19:24:28:                     ^^^^^^^^^^^^^^
2025-09-12T19:24:28:   File "/usr/local/lib/python3.12/site-packages/streamlit/runtime/metrics_util.py", line 233, in __init__
2025-09-12T19:24:28:     uuid.uuid5(uuid.NAMESPACE_DNS, _get_machine_id_v3())
2025-09-12T19:24:28:                                    ^^^^^^^^^^^^^^^^^^^^
2025-09-12T19:24:28:   File "/usr/local/lib/python3.12/site-packages/streamlit/runtime/metrics_util.py", line 173, in _get_machine_id_v3
2025-09-12T19:24:28:     machine_id = f.read()
2025-09-12T19:24:28:                  ^^^^^^^^
2025-09-12T19:24:28:   File "<frozen codecs>", line 322, in decode
2025-09-12T19:24:28: UnicodeDecodeError: 'utf-8' codec can't decode bytes in position 25-26: invalid continuation byte
2025-09-12T19:25:02: Exception in callback AppSession._on_scriptrunner_event.<locals>.<lambda>() at /usr/local/lib/python3.12/site-packages/streamlit/runtime/app_session.py:519
2025-09-12T19:25:02: handle: <Handle AppSession._on_scriptrunner_event.<locals>.<lambda>() at /usr/local/lib/python3.12/site-packages/streamlit/runtime/app_session.py:519>
2025-09-12T19:25:02: Traceback (most recent call last):
2025-09-12T19:25:02:   File "/usr/local/lib/python3.12/asyncio/events.py", line 88, in _run
2025-09-12T19:25:02:     self._context.run(self._callback, *self._args)
2025-09-12T19:25:02:   File "/usr/local/lib/python3.12/site-packages/streamlit/runtime/app_session.py", line 519, in <lambda>
2025-09-12T19:25:02:     lambda: self._handle_scriptrunner_event_on_event_loop(
2025-09-12T19:25:02:             ^^^^^^^^^^^^^^^^^^^^^^^^^^^^^^^^^^^^^^^^^^^^^^
2025-09-12T19:25:02:   File "/usr/local/lib/python3.12/site-packages/streamlit/runtime/app_session.py", line 616, in _handle_scriptrunner_event_on_event_loop
2025-09-12T19:25:02:     msg = self._create_new_session_message(
2025-09-12T19:25:02:           ^^^^^^^^^^^^^^^^^^^^^^^^^^^^^^^^^
2025-09-12T19:25:02:   File "/usr/local/lib/python3.12/site-packages/streamlit/runtime/app_session.py", line 750, in _create_new_session_message
2025-09-12T19:25:02:     _populate_user_info_msg(imsg.user_info)
2025-09-12T19:25:02:   File "/usr/local/lib/python3.12/site-packages/streamlit/runtime/app_session.py", line 1154, in _populate_user_info_msg
2025-09-12T19:25:02:     inst = Installation.instance()
2025-09-12T19:25:02:            ^^^^^^^^^^^^^^^^^^^^^^^
2025-09-12T19:25:02:   File "/usr/local/lib/python3.12/site-packages/streamlit/runtime/metrics_util.py", line 228, in instance
2025-09-12T19:25:02:     cls._instance = Installation()
2025-09-12T19:25:02:                     ^^^^^^^^^^^^^^
2025-09-12T19:25:02:   File "/usr/local/lib/python3.12/site-packages/streamlit/runtime/metrics_util.py", line 233, in __init__
2025-09-12T19:25:02:     uuid.uuid5(uuid.NAMESPACE_DNS, _get_machine_id_v3())
2025-09-12T19:25:02:                                    ^^^^^^^^^^^^^^^^^^^^
2025-09-12T19:25:02:   File "/usr/local/lib/python3.12/site-packages/streamlit/runtime/metrics_util.py", line 173, in _get_machine_id_v3
2025-09-12T19:25:02:     machine_id = f.read()
2025-09-12T19:25:02:                  ^^^^^^^^
2025-09-12T19:25:02:   File "<frozen codecs>", line 322, in decode
2025-09-12T19:25:02: UnicodeDecodeError: 'utf-8' codec can't decode bytes in position 25-26: invalid continuation byte
2025-09-12T19:26:03: Exception in callback AppSession._on_scriptrunner_event.<locals>.<lambda>() at /usr/local/lib/python3.12/site-packages/streamlit/runtime/app_session.py:519
2025-09-12T19:26:03: handle: <Handle AppSession._on_scriptrunner_event.<locals>.<lambda>() at /usr/local/lib/python3.12/site-packages/streamlit/runtime/app_session.py:519>
2025-09-12T19:26:03: Traceback (most recent call last):
2025-09-12T19:26:03:   File "/usr/local/lib/python3.12/asyncio/events.py", line 88, in _run
2025-09-12T19:26:03:     self._context.run(self._callback, *self._args)
2025-09-12T19:26:03:   File "/usr/local/lib/python3.12/site-packages/streamlit/runtime/app_session.py", line 519, in <lambda>
2025-09-12T19:26:03:     lambda: self._handle_scriptrunner_event_on_event_loop(
2025-09-12T19:26:03:             ^^^^^^^^^^^^^^^^^^^^^^^^^^^^^^^^^^^^^^^^^^^^^^
2025-09-12T19:26:03:   File "/usr/local/lib/python3.12/site-packages/streamlit/runtime/app_session.py", line 616, in _handle_scriptrunner_event_on_event_loop
2025-09-12T19:26:03:     msg = self._create_new_session_message(
2025-09-12T19:26:03:           ^^^^^^^^^^^^^^^^^^^^^^^^^^^^^^^^^
2025-09-12T19:26:03:   File "/usr/local/lib/python3.12/site-packages/streamlit/runtime/app_session.py", line 750, in _create_new_session_message
2025-09-12T19:26:03:     _populate_user_info_msg(imsg.user_info)
2025-09-12T19:26:03:   File "/usr/local/lib/python3.12/site-packages/streamlit/runtime/app_session.py", line 1154, in _populate_user_info_msg
2025-09-12T19:26:03:     inst = Installation.instance()
2025-09-12T19:26:03:            ^^^^^^^^^^^^^^^^^^^^^^^
2025-09-12T19:26:03:   File "/usr/local/lib/python3.12/site-packages/streamlit/runtime/metrics_util.py", line 228, in instance
2025-09-12T19:26:03:     cls._instance = Installation()
2025-09-12T19:26:03:                     ^^^^^^^^^^^^^^
2025-09-12T19:26:03:   File "/usr/local/lib/python3.12/site-packages/streamlit/runtime/metrics_util.py", line 233, in __init__
2025-09-12T19:26:03:     uuid.uuid5(uuid.NAMESPACE_DNS, _get_machine_id_v3())
2025-09-12T19:26:03:                                    ^^^^^^^^^^^^^^^^^^^^
2025-09-12T19:26:03:   File "/usr/local/lib/python3.12/site-packages/streamlit/runtime/metrics_util.py", line 173, in _get_machine_id_v3
2025-09-12T19:26:03:     machine_id = f.read()
2025-09-12T19:26:03:                  ^^^^^^^^
2025-09-12T19:26:03:   File "<frozen codecs>", line 322, in decode
2025-09-12T19:26:03: UnicodeDecodeError: 'utf-8' codec can't decode bytes in position 25-26: invalid continuation byte
2025-09-12T19:26:37: Exception in callback AppSession._on_scriptrunner_event.<locals>.<lambda>() at /usr/local/lib/python3.12/site-packages/streamlit/runtime/app_session.py:519
2025-09-12T19:26:37: handle: <Handle AppSession._on_scriptrunner_event.<locals>.<lambda>() at /usr/local/lib/python3.12/site-packages/streamlit/runtime/app_session.py:519>
2025-09-12T19:26:37: Traceback (most recent call last):
2025-09-12T19:26:37:   File "/usr/local/lib/python3.12/asyncio/events.py", line 88, in _run
2025-09-12T19:26:37:     self._context.run(self._callback, *self._args)
2025-09-12T19:26:37:   File "/usr/local/lib/python3.12/site-packages/streamlit/runtime/app_session.py", line 519, in <lambda>
2025-09-12T19:26:37:     lambda: self._handle_scriptrunner_event_on_event_loop(
2025-09-12T19:26:37:             ^^^^^^^^^^^^^^^^^^^^^^^^^^^^^^^^^^^^^^^^^^^^^^
2025-09-12T19:26:37:   File "/usr/local/lib/python3.12/site-packages/streamlit/runtime/app_session.py", line 616, in _handle_scriptrunner_event_on_event_loop
2025-09-12T19:26:37:     msg = self._create_new_session_message(
2025-09-12T19:26:37:           ^^^^^^^^^^^^^^^^^^^^^^^^^^^^^^^^^
2025-09-12T19:26:37:   File "/usr/local/lib/python3.12/site-packages/streamlit/runtime/app_session.py", line 750, in _create_new_session_message
2025-09-12T19:26:37:     _populate_user_info_msg(imsg.user_info)
2025-09-12T19:26:37:   File "/usr/local/lib/python3.12/site-packages/streamlit/runtime/app_session.py", line 1154, in _populate_user_info_msg
2025-09-12T19:26:37:     inst = Installation.instance()
2025-09-12T19:26:37:            ^^^^^^^^^^^^^^^^^^^^^^^
2025-09-12T19:26:37:   File "/usr/local/lib/python3.12/site-packages/streamlit/runtime/metrics_util.py", line 228, in instance
2025-09-12T19:26:37:     cls._instance = Installation()
2025-09-12T19:26:37:                     ^^^^^^^^^^^^^^
2025-09-12T19:26:37:   File "/usr/local/lib/python3.12/site-packages/streamlit/runtime/metrics_util.py", line 233, in __init__
2025-09-12T19:26:37:     uuid.uuid5(uuid.NAMESPACE_DNS, _get_machine_id_v3())
2025-09-12T19:26:37:                                    ^^^^^^^^^^^^^^^^^^^^
2025-09-12T19:26:37:   File "/usr/local/lib/python3.12/site-packages/streamlit/runtime/metrics_util.py", line 173, in _get_machine_id_v3
2025-09-12T19:26:37:     machine_id = f.read()
2025-09-12T19:26:37:                  ^^^^^^^^
2025-09-12T19:26:37:   File "<frozen codecs>", line 322, in decode
2025-09-12T19:26:37: UnicodeDecodeError: 'utf-8' codec can't decode bytes in position 25-26: invalid continuation byte
2025-09-12T19:26:46: Exception in callback AppSession._on_scriptrunner_event.<locals>.<lambda>() at /usr/local/lib/python3.12/site-packages/streamlit/runtime/app_session.py:519
2025-09-12T19:26:46: handle: <Handle AppSession._on_scriptrunner_event.<locals>.<lambda>() at /usr/local/lib/python3.12/site-packages/streamlit/runtime/app_session.py:519>
2025-09-12T19:26:46: Traceback (most recent call last):
2025-09-12T19:26:46:   File "/usr/local/lib/python3.12/asyncio/events.py", line 88, in _run
2025-09-12T19:26:46:     self._context.run(self._callback, *self._args)
2025-09-12T19:26:46:   File "/usr/local/lib/python3.12/site-packages/streamlit/runtime/app_session.py", line 519, in <lambda>
2025-09-12T19:26:46:     lambda: self._handle_scriptrunner_event_on_event_loop(
2025-09-12T19:26:46:             ^^^^^^^^^^^^^^^^^^^^^^^^^^^^^^^^^^^^^^^^^^^^^^
2025-09-12T19:26:46:   File "/usr/local/lib/python3.12/site-packages/streamlit/runtime/app_session.py", line 616, in _handle_scriptrunner_event_on_event_loop
2025-09-12T19:26:46:     msg = self._create_new_session_message(
2025-09-12T19:26:46:           ^^^^^^^^^^^^^^^^^^^^^^^^^^^^^^^^^
2025-09-12T19:26:46:   File "/usr/local/lib/python3.12/site-packages/streamlit/runtime/app_session.py", line 750, in _create_new_session_message
2025-09-12T19:26:46:     _populate_user_info_msg(imsg.user_info)
2025-09-12T19:26:46:   File "/usr/local/lib/python3.12/site-packages/streamlit/runtime/app_session.py", line 1154, in _populate_user_info_msg
2025-09-12T19:26:46:     inst = Installation.instance()
2025-09-12T19:26:46:            ^^^^^^^^^^^^^^^^^^^^^^^
2025-09-12T19:26:46:   File "/usr/local/lib/python3.12/site-packages/streamlit/runtime/metrics_util.py", line 228, in instance
2025-09-12T19:26:46:     cls._instance = Installation()
2025-09-12T19:26:46:                     ^^^^^^^^^^^^^^
2025-09-12T19:26:46:   File "/usr/local/lib/python3.12/site-packages/streamlit/runtime/metrics_util.py", line 233, in __init__
2025-09-12T19:26:46:     uuid.uuid5(uuid.NAMESPACE_DNS, _get_machine_id_v3())
2025-09-12T19:26:46:                                    ^^^^^^^^^^^^^^^^^^^^
2025-09-12T19:26:46:   File "/usr/local/lib/python3.12/site-packages/streamlit/runtime/metrics_util.py", line 173, in _get_machine_id_v3
2025-09-12T19:26:46:     machine_id = f.read()
2025-09-12T19:26:46:                  ^^^^^^^^
2025-09-12T19:26:46:   File "<frozen codecs>", line 322, in decode
2025-09-12T19:26:46: UnicodeDecodeError: 'utf-8' codec can't decode bytes in position 25-26: invalid continuation byte
2025-09-12T19:26:55: Exception in callback AppSession._on_scriptrunner_event.<locals>.<lambda>() at /usr/local/lib/python3.12/site-packages/streamlit/runtime/app_session.py:519
2025-09-12T19:26:55: handle: <Handle AppSession._on_scriptrunner_event.<locals>.<lambda>() at /usr/local/lib/python3.12/site-packages/streamlit/runtime/app_session.py:519>
2025-09-12T19:26:55: Traceback (most recent call last):
2025-09-12T19:26:55:   File "/usr/local/lib/python3.12/asyncio/events.py", line 88, in _run
2025-09-12T19:26:55:     self._context.run(self._callback, *self._args)
2025-09-12T19:26:55:   File "/usr/local/lib/python3.12/site-packages/streamlit/runtime/app_session.py", line 519, in <lambda>
2025-09-12T19:26:55:     lambda: self._handle_scriptrunner_event_on_event_loop(
2025-09-12T19:26:55:             ^^^^^^^^^^^^^^^^^^^^^^^^^^^^^^^^^^^^^^^^^^^^^^
2025-09-12T19:26:55:   File "/usr/local/lib/python3.12/site-packages/streamlit/runtime/app_session.py", line 616, in _handle_scriptrunner_event_on_event_loop
2025-09-12T19:26:55:     msg = self._create_new_session_message(
2025-09-12T19:26:55:           ^^^^^^^^^^^^^^^^^^^^^^^^^^^^^^^^^
2025-09-12T19:26:55:   File "/usr/local/lib/python3.12/site-packages/streamlit/runtime/app_session.py", line 750, in _create_new_session_message
2025-09-12T19:26:55:     _populate_user_info_msg(imsg.user_info)
2025-09-12T19:26:55:   File "/usr/local/lib/python3.12/site-packages/streamlit/runtime/app_session.py", line 1154, in _populate_user_info_msg
2025-09-12T19:26:55:     inst = Installation.instance()
2025-09-12T19:26:55:            ^^^^^^^^^^^^^^^^^^^^^^^
2025-09-12T19:26:55:   File "/usr/local/lib/python3.12/site-packages/streamlit/runtime/metrics_util.py", line 228, in instance
2025-09-12T19:26:55:     cls._instance = Installation()
2025-09-12T19:26:55:                     ^^^^^^^^^^^^^^
2025-09-12T19:26:55:   File "/usr/local/lib/python3.12/site-packages/streamlit/runtime/metrics_util.py", line 233, in __init__
2025-09-12T19:26:55:     uuid.uuid5(uuid.NAMESPACE_DNS, _get_machine_id_v3())
2025-09-12T19:26:55:                                    ^^^^^^^^^^^^^^^^^^^^
2025-09-12T19:26:55:   File "/usr/local/lib/python3.12/site-packages/streamlit/runtime/metrics_util.py", line 173, in _get_machine_id_v3
2025-09-12T19:26:55:     machine_id = f.read()
2025-09-12T19:26:55:                  ^^^^^^^^
2025-09-12T19:26:55:   File "<frozen codecs>", line 322, in decode
2025-09-12T19:26:55: UnicodeDecodeError: 'utf-8' codec can't decode bytes in position 25-26: invalid continuation byte
2025-09-12T19:27:06: Exception in callback AppSession._on_scriptrunner_event.<locals>.<lambda>() at /usr/local/lib/python3.12/site-packages/streamlit/runtime/app_session.py:519
2025-09-12T19:27:06: handle: <Handle AppSession._on_scriptrunner_event.<locals>.<lambda>() at /usr/local/lib/python3.12/site-packages/streamlit/runtime/app_session.py:519>
2025-09-12T19:27:06: Traceback (most recent call last):
2025-09-12T19:27:06:   File "/usr/local/lib/python3.12/asyncio/events.py", line 88, in _run
2025-09-12T19:27:06:     self._context.run(self._callback, *self._args)
2025-09-12T19:27:06:   File "/usr/local/lib/python3.12/site-packages/streamlit/runtime/app_session.py", line 519, in <lambda>
2025-09-12T19:27:06:     lambda: self._handle_scriptrunner_event_on_event_loop(
2025-09-12T19:27:06:             ^^^^^^^^^^^^^^^^^^^^^^^^^^^^^^^^^^^^^^^^^^^^^^
2025-09-12T19:27:06:   File "/usr/local/lib/python3.12/site-packages/streamlit/runtime/app_session.py", line 616, in _handle_scriptrunner_event_on_event_loop
2025-09-12T19:27:06:     msg = self._create_new_session_message(
2025-09-12T19:27:06:           ^^^^^^^^^^^^^^^^^^^^^^^^^^^^^^^^^
2025-09-12T19:27:06:   File "/usr/local/lib/python3.12/site-packages/streamlit/runtime/app_session.py", line 750, in _create_new_session_message
2025-09-12T19:27:06:     _populate_user_info_msg(imsg.user_info)
2025-09-12T19:27:06:   File "/usr/local/lib/python3.12/site-packages/streamlit/runtime/app_session.py", line 1154, in _populate_user_info_msg
2025-09-12T19:27:06:     inst = Installation.instance()
2025-09-12T19:27:06:            ^^^^^^^^^^^^^^^^^^^^^^^
2025-09-12T19:27:06:   File "/usr/local/lib/python3.12/site-packages/streamlit/runtime/metrics_util.py", line 228, in instance
2025-09-12T19:27:06:     cls._instance = Installation()
2025-09-12T19:27:06:                     ^^^^^^^^^^^^^^
2025-09-12T19:27:06:   File "/usr/local/lib/python3.12/site-packages/streamlit/runtime/metrics_util.py", line 233, in __init__
2025-09-12T19:27:06:     uuid.uuid5(uuid.NAMESPACE_DNS, _get_machine_id_v3())
2025-09-12T19:27:06:                                    ^^^^^^^^^^^^^^^^^^^^
2025-09-12T19:27:06:   File "/usr/local/lib/python3.12/site-packages/streamlit/runtime/metrics_util.py", line 173, in _get_machine_id_v3
2025-09-12T19:27:06:     machine_id = f.read()
2025-09-12T19:27:06:                  ^^^^^^^^
2025-09-12T19:27:06:   File "<frozen codecs>", line 322, in decode
2025-09-12T19:27:06: UnicodeDecodeError: 'utf-8' codec can't decode bytes in position 25-26: invalid continuation byte
2025-09-12T19:27:06: Exception in callback AppSession._on_scriptrunner_event.<locals>.<lambda>() at /usr/local/lib/python3.12/site-packages/streamlit/runtime/app_session.py:519
2025-09-12T19:27:06: handle: <Handle AppSession._on_scriptrunner_event.<locals>.<lambda>() at /usr/local/lib/python3.12/site-packages/streamlit/runtime/app_session.py:519>
2025-09-12T19:27:06: Traceback (most recent call last):
2025-09-12T19:27:06:   File "/usr/local/lib/python3.12/asyncio/events.py", line 88, in _run
2025-09-12T19:27:06:     self._context.run(self._callback, *self._args)
2025-09-12T19:27:06:   File "/usr/local/lib/python3.12/site-packages/streamlit/runtime/app_session.py", line 519, in <lambda>
2025-09-12T19:27:06:     lambda: self._handle_scriptrunner_event_on_event_loop(
2025-09-12T19:27:06:             ^^^^^^^^^^^^^^^^^^^^^^^^^^^^^^^^^^^^^^^^^^^^^^
2025-09-12T19:27:06:   File "/usr/local/lib/python3.12/site-packages/streamlit/runtime/app_session.py", line 616, in _handle_scriptrunner_event_on_event_loop
2025-09-12T19:27:06:     msg = self._create_new_session_message(
2025-09-12T19:27:06:           ^^^^^^^^^^^^^^^^^^^^^^^^^^^^^^^^^
2025-09-12T19:27:06:   File "/usr/local/lib/python3.12/site-packages/streamlit/runtime/app_session.py", line 750, in _create_new_session_message
2025-09-12T19:27:06:     _populate_user_info_msg(imsg.user_info)
2025-09-12T19:27:06:   File "/usr/local/lib/python3.12/site-packages/streamlit/runtime/app_session.py", line 1154, in _populate_user_info_msg
2025-09-12T19:27:06:     inst = Installation.instance()
2025-09-12T19:27:06:            ^^^^^^^^^^^^^^^^^^^^^^^
2025-09-12T19:27:06:   File "/usr/local/lib/python3.12/site-packages/streamlit/runtime/metrics_util.py", line 228, in instance
2025-09-12T19:27:06:     cls._instance = Installation()
2025-09-12T19:27:06:                     ^^^^^^^^^^^^^^
2025-09-12T19:27:06:   File "/usr/local/lib/python3.12/site-packages/streamlit/runtime/metrics_util.py", line 233, in __init__
2025-09-12T19:27:06:     uuid.uuid5(uuid.NAMESPACE_DNS, _get_machine_id_v3())
2025-09-12T19:27:06:                                    ^^^^^^^^^^^^^^^^^^^^
2025-09-12T19:27:06:   File "/usr/local/lib/python3.12/site-packages/streamlit/runtime/metrics_util.py", line 173, in _get_machine_id_v3
2025-09-12T19:27:06:     machine_id = f.read()
2025-09-12T19:27:06:                  ^^^^^^^^
2025-09-12T19:27:06:   File "<frozen codecs>", line 322, in decode
2025-09-12T19:27:06: UnicodeDecodeError: 'utf-8' codec can't decode bytes in position 25-26: invalid continuation byte
2025-09-12T19:27:19: Exception in callback AppSession._on_scriptrunner_event.<locals>.<lambda>() at /usr/local/lib/python3.12/site-packages/streamlit/runtime/app_session.py:519
2025-09-12T19:27:19: handle: <Handle AppSession._on_scriptrunner_event.<locals>.<lambda>() at /usr/local/lib/python3.12/site-packages/streamlit/runtime/app_session.py:519>
2025-09-12T19:27:19: Traceback (most recent call last):
2025-09-12T19:27:19:   File "/usr/local/lib/python3.12/asyncio/events.py", line 88, in _run
2025-09-12T19:27:19:     self._context.run(self._callback, *self._args)
2025-09-12T19:27:19:   File "/usr/local/lib/python3.12/site-packages/streamlit/runtime/app_session.py", line 519, in <lambda>
2025-09-12T19:27:19:     lambda: self._handle_scriptrunner_event_on_event_loop(
2025-09-12T19:27:19:             ^^^^^^^^^^^^^^^^^^^^^^^^^^^^^^^^^^^^^^^^^^^^^^
2025-09-12T19:27:19:   File "/usr/local/lib/python3.12/site-packages/streamlit/runtime/app_session.py", line 616, in _handle_scriptrunner_event_on_event_loop
2025-09-12T19:27:19:     msg = self._create_new_session_message(
2025-09-12T19:27:19:           ^^^^^^^^^^^^^^^^^^^^^^^^^^^^^^^^^
2025-09-12T19:27:19:   File "/usr/local/lib/python3.12/site-packages/streamlit/runtime/app_session.py", line 750, in _create_new_session_message
2025-09-12T19:27:19:     _populate_user_info_msg(imsg.user_info)
2025-09-12T19:27:19:   File "/usr/local/lib/python3.12/site-packages/streamlit/runtime/app_session.py", line 1154, in _populate_user_info_msg
2025-09-12T19:27:19:     inst = Installation.instance()
2025-09-12T19:27:19:            ^^^^^^^^^^^^^^^^^^^^^^^
2025-09-12T19:27:19:   File "/usr/local/lib/python3.12/site-packages/streamlit/runtime/metrics_util.py", line 228, in instance
2025-09-12T19:27:19:     cls._instance = Installation()
2025-09-12T19:27:19:                     ^^^^^^^^^^^^^^
2025-09-12T19:27:19:   File "/usr/local/lib/python3.12/site-packages/streamlit/runtime/metrics_util.py", line 233, in __init__
2025-09-12T19:27:19:     uuid.uuid5(uuid.NAMESPACE_DNS, _get_machine_id_v3())
2025-09-12T19:27:19:                                    ^^^^^^^^^^^^^^^^^^^^
2025-09-12T19:27:19:   File "/usr/local/lib/python3.12/site-packages/streamlit/runtime/metrics_util.py", line 173, in _get_machine_id_v3
2025-09-12T19:27:19:     machine_id = f.read()
2025-09-12T19:27:19:                  ^^^^^^^^
2025-09-12T19:27:19:   File "<frozen codecs>", line 322, in decode
2025-09-12T19:27:19: UnicodeDecodeError: 'utf-8' codec can't decode bytes in position 25-26: invalid continuation byte
2025-09-12T19:27:19: Exception in callback AppSession._on_scriptrunner_event.<locals>.<lambda>() at /usr/local/lib/python3.12/site-packages/streamlit/runtime/app_session.py:519
2025-09-12T19:27:19: handle: <Handle AppSession._on_scriptrunner_event.<locals>.<lambda>() at /usr/local/lib/python3.12/site-packages/streamlit/runtime/app_session.py:519>
2025-09-12T19:27:19: Traceback (most recent call last):
2025-09-12T19:27:19:   File "/usr/local/lib/python3.12/asyncio/events.py", line 88, in _run
2025-09-12T19:27:19:     self._context.run(self._callback, *self._args)
2025-09-12T19:27:19:   File "/usr/local/lib/python3.12/site-packages/streamlit/runtime/app_session.py", line 519, in <lambda>
2025-09-12T19:27:19:     lambda: self._handle_scriptrunner_event_on_event_loop(
2025-09-12T19:27:19:             ^^^^^^^^^^^^^^^^^^^^^^^^^^^^^^^^^^^^^^^^^^^^^^
2025-09-12T19:27:19:   File "/usr/local/lib/python3.12/site-packages/streamlit/runtime/app_session.py", line 616, in _handle_scriptrunner_event_on_event_loop
2025-09-12T19:27:19:     msg = self._create_new_session_message(
2025-09-12T19:27:19:           ^^^^^^^^^^^^^^^^^^^^^^^^^^^^^^^^^
2025-09-12T19:27:19:   File "/usr/local/lib/python3.12/site-packages/streamlit/runtime/app_session.py", line 750, in _create_new_session_message
2025-09-12T19:27:19:     _populate_user_info_msg(imsg.user_info)
2025-09-12T19:27:19:   File "/usr/local/lib/python3.12/site-packages/streamlit/runtime/app_session.py", line 1154, in _populate_user_info_msg
2025-09-12T19:27:19:     inst = Installation.instance()
2025-09-12T19:27:19:            ^^^^^^^^^^^^^^^^^^^^^^^
2025-09-12T19:27:19:   File "/usr/local/lib/python3.12/site-packages/streamlit/runtime/metrics_util.py", line 228, in instance
2025-09-12T19:27:19:     cls._instance = Installation()
2025-09-12T19:27:19:                     ^^^^^^^^^^^^^^
2025-09-12T19:27:19:   File "/usr/local/lib/python3.12/site-packages/streamlit/runtime/metrics_util.py", line 233, in __init__
2025-09-12T19:27:19:     uuid.uuid5(uuid.NAMESPACE_DNS, _get_machine_id_v3())
2025-09-12T19:27:19:                                    ^^^^^^^^^^^^^^^^^^^^
2025-09-12T19:27:19:   File "/usr/local/lib/python3.12/site-packages/streamlit/runtime/metrics_util.py", line 173, in _get_machine_id_v3
2025-09-12T19:27:19:     machine_id = f.read()
2025-09-12T19:27:19:                  ^^^^^^^^
2025-09-12T19:27:19:   File "<frozen codecs>", line 322, in decode
2025-09-12T19:27:19: UnicodeDecodeError: 'utf-8' codec can't decode bytes in position 25-26: invalid continuation byte
2025-09-12T19:27:32: Exception in callback AppSession._on_scriptrunner_event.<locals>.<lambda>() at /usr/local/lib/python3.12/site-packages/streamlit/runtime/app_session.py:519
2025-09-12T19:27:32: handle: <Handle AppSession._on_scriptrunner_event.<locals>.<lambda>() at /usr/local/lib/python3.12/site-packages/streamlit/runtime/app_session.py:519>
2025-09-12T19:27:32: Traceback (most recent call last):
2025-09-12T19:27:32:   File "/usr/local/lib/python3.12/asyncio/events.py", line 88, in _run
2025-09-12T19:27:32:     self._context.run(self._callback, *self._args)
2025-09-12T19:27:32:   File "/usr/local/lib/python3.12/site-packages/streamlit/runtime/app_session.py", line 519, in <lambda>
2025-09-12T19:27:32:     lambda: self._handle_scriptrunner_event_on_event_loop(
2025-09-12T19:27:32:             ^^^^^^^^^^^^^^^^^^^^^^^^^^^^^^^^^^^^^^^^^^^^^^
2025-09-12T19:27:32:   File "/usr/local/lib/python3.12/site-packages/streamlit/runtime/app_session.py", line 616, in _handle_scriptrunner_event_on_event_loop
2025-09-12T19:27:32:     msg = self._create_new_session_message(
2025-09-12T19:27:32:           ^^^^^^^^^^^^^^^^^^^^^^^^^^^^^^^^^
2025-09-12T19:27:32:   File "/usr/local/lib/python3.12/site-packages/streamlit/runtime/app_session.py", line 750, in _create_new_session_message
2025-09-12T19:27:32:     _populate_user_info_msg(imsg.user_info)
2025-09-12T19:27:32:   File "/usr/local/lib/python3.12/site-packages/streamlit/runtime/app_session.py", line 1154, in _populate_user_info_msg
2025-09-12T19:27:32:     inst = Installation.instance()
2025-09-12T19:27:32:            ^^^^^^^^^^^^^^^^^^^^^^^
2025-09-12T19:27:32:   File "/usr/local/lib/python3.12/site-packages/streamlit/runtime/metrics_util.py", line 228, in instance
2025-09-12T19:27:32:     cls._instance = Installation()
2025-09-12T19:27:32:                     ^^^^^^^^^^^^^^
2025-09-12T19:27:32:   File "/usr/local/lib/python3.12/site-packages/streamlit/runtime/metrics_util.py", line 233, in __init__
2025-09-12T19:27:32:     uuid.uuid5(uuid.NAMESPACE_DNS, _get_machine_id_v3())
2025-09-12T19:27:32:                                    ^^^^^^^^^^^^^^^^^^^^
2025-09-12T19:27:32:   File "/usr/local/lib/python3.12/site-packages/streamlit/runtime/metrics_util.py", line 173, in _get_machine_id_v3
2025-09-12T19:27:32:     machine_id = f.read()
2025-09-12T19:27:32:                  ^^^^^^^^
2025-09-12T19:27:32:   File "<frozen codecs>", line 322, in decode
2025-09-12T19:27:32: UnicodeDecodeError: 'utf-8' codec can't decode bytes in position 25-26: invalid continuation byte
2025-09-12T19:27:37: 2025-09-12 19:27:37.182 Please replace `use_container_width` with `width`.
2025-09-12T19:27:37: 
2025-09-12T19:27:37: `use_container_width` will be removed after 2025-12-31.
2025-09-12T19:27:37: 
2025-09-12T19:27:37: For `use_container_width=True`, use `width='stretch'`. For `use_container_width=False`, use `width='content'`.
2025-09-12T19:27:37: 2025-09-12 19:27:37.245 Please replace `use_container_width` with `width`.
2025-09-12T19:27:37: 
2025-09-12T19:27:37: `use_container_width` will be removed after 2025-12-31.
2025-09-12T19:27:37: 
2025-09-12T19:27:37: For `use_container_width=True`, use `width='stretch'`. For `use_container_width=False`, use `width='content'`.
2025-09-12T19:27:58: Exception in callback AppSession._on_scriptrunner_event.<locals>.<lambda>() at /usr/local/lib/python3.12/site-packages/streamlit/runtime/app_session.py:519
2025-09-12T19:27:58: handle: <Handle AppSession._on_scriptrunner_event.<locals>.<lambda>() at /usr/local/lib/python3.12/site-packages/streamlit/runtime/app_session.py:519>
2025-09-12T19:27:58: Traceback (most recent call last):
2025-09-12T19:27:58:   File "/usr/local/lib/python3.12/asyncio/events.py", line 88, in _run
2025-09-12T19:27:58:     self._context.run(self._callback, *self._args)
2025-09-12T19:27:58:   File "/usr/local/lib/python3.12/site-packages/streamlit/runtime/app_session.py", line 519, in <lambda>
2025-09-12T19:27:58:     lambda: self._handle_scriptrunner_event_on_event_loop(
2025-09-12T19:27:58:             ^^^^^^^^^^^^^^^^^^^^^^^^^^^^^^^^^^^^^^^^^^^^^^
2025-09-12T19:27:58:   File "/usr/local/lib/python3.12/site-packages/streamlit/runtime/app_session.py", line 616, in _handle_scriptrunner_event_on_event_loop
2025-09-12T19:27:58:     msg = self._create_new_session_message(
2025-09-12T19:27:58:           ^^^^^^^^^^^^^^^^^^^^^^^^^^^^^^^^^
2025-09-12T19:27:58:   File "/usr/local/lib/python3.12/site-packages/streamlit/runtime/app_session.py", line 750, in _create_new_session_message
2025-09-12T19:27:58:     _populate_user_info_msg(imsg.user_info)
2025-09-12T19:27:58:   File "/usr/local/lib/python3.12/site-packages/streamlit/runtime/app_session.py", line 1154, in _populate_user_info_msg
2025-09-12T19:27:58:     inst = Installation.instance()
2025-09-12T19:27:58:            ^^^^^^^^^^^^^^^^^^^^^^^
2025-09-12T19:27:58:   File "/usr/local/lib/python3.12/site-packages/streamlit/runtime/metrics_util.py", line 228, in instance
2025-09-12T19:27:58:     cls._instance = Installation()
2025-09-12T19:27:58:                     ^^^^^^^^^^^^^^
2025-09-12T19:27:58:   File "/usr/local/lib/python3.12/site-packages/streamlit/runtime/metrics_util.py", line 233, in __init__
2025-09-12T19:27:58:     uuid.uuid5(uuid.NAMESPACE_DNS, _get_machine_id_v3())
2025-09-12T19:27:58:                                    ^^^^^^^^^^^^^^^^^^^^
2025-09-12T19:27:58:   File "/usr/local/lib/python3.12/site-packages/streamlit/runtime/metrics_util.py", line 173, in _get_machine_id_v3
2025-09-12T19:27:58:     machine_id = f.read()
2025-09-12T19:27:58:                  ^^^^^^^^
2025-09-12T19:27:58:   File "<frozen codecs>", line 322, in decode
2025-09-12T19:27:58: UnicodeDecodeError: 'utf-8' codec can't decode bytes in position 25-26: invalid continuation byte
2025-09-12T19:27:59: 2025-09-12 19:27:59.143 Please replace `use_container_width` with `width`.
2025-09-12T19:27:59: 
2025-09-12T19:27:59: `use_container_width` will be removed after 2025-12-31.
2025-09-12T19:27:59: 
2025-09-12T19:27:59: For `use_container_width=True`, use `width='stretch'`. For `use_container_width=False`, use `width='content'`.
2025-09-12T19:27:59: 2025-09-12 19:27:59.154 Please replace `use_container_width` with `width`.
2025-09-12T19:27:59: 
2025-09-12T19:27:59: `use_container_width` will be removed after 2025-12-31.
2025-09-12T19:27:59: 
2025-09-12T19:27:59: For `use_container_width=True`, use `width='stretch'`. For `use_container_width=False`, use `width='content'`.
2025-09-12T19:30:39: Exception in callback AppSession._on_scriptrunner_event.<locals>.<lambda>() at /usr/local/lib/python3.12/site-packages/streamlit/runtime/app_session.py:519
2025-09-12T19:30:39: handle: <Handle AppSession._on_scriptrunner_event.<locals>.<lambda>() at /usr/local/lib/python3.12/site-packages/streamlit/runtime/app_session.py:519>
2025-09-12T19:30:39: Traceback (most recent call last):
2025-09-12T19:30:39:   File "/usr/local/lib/python3.12/asyncio/events.py", line 88, in _run
2025-09-12T19:30:39:     self._context.run(self._callback, *self._args)
2025-09-12T19:30:39:   File "/usr/local/lib/python3.12/site-packages/streamlit/runtime/app_session.py", line 519, in <lambda>
2025-09-12T19:30:39:     lambda: self._handle_scriptrunner_event_on_event_loop(
2025-09-12T19:30:39:             ^^^^^^^^^^^^^^^^^^^^^^^^^^^^^^^^^^^^^^^^^^^^^^
2025-09-12T19:30:39:   File "/usr/local/lib/python3.12/site-packages/streamlit/runtime/app_session.py", line 616, in _handle_scriptrunner_event_on_event_loop
2025-09-12T19:30:39:     msg = self._create_new_session_message(
2025-09-12T19:30:39:           ^^^^^^^^^^^^^^^^^^^^^^^^^^^^^^^^^
2025-09-12T19:30:39:   File "/usr/local/lib/python3.12/site-packages/streamlit/runtime/app_session.py", line 750, in _create_new_session_message
2025-09-12T19:30:39:     _populate_user_info_msg(imsg.user_info)
2025-09-12T19:30:39:   File "/usr/local/lib/python3.12/site-packages/streamlit/runtime/app_session.py", line 1154, in _populate_user_info_msg
2025-09-12T19:30:39:     inst = Installation.instance()
2025-09-12T19:30:39:            ^^^^^^^^^^^^^^^^^^^^^^^
2025-09-12T19:30:39:   File "/usr/local/lib/python3.12/site-packages/streamlit/runtime/metrics_util.py", line 228, in instance
2025-09-12T19:30:39:     cls._instance = Installation()
2025-09-12T19:30:39:                     ^^^^^^^^^^^^^^
2025-09-12T19:30:39:   File "/usr/local/lib/python3.12/site-packages/streamlit/runtime/metrics_util.py", line 233, in __init__
2025-09-12T19:30:39:     uuid.uuid5(uuid.NAMESPACE_DNS, _get_machine_id_v3())
2025-09-12T19:30:39:                                    ^^^^^^^^^^^^^^^^^^^^
2025-09-12T19:30:39:   File "/usr/local/lib/python3.12/site-packages/streamlit/runtime/metrics_util.py", line 173, in _get_machine_id_v3
2025-09-12T19:30:39:     machine_id = f.read()
2025-09-12T19:30:39:                  ^^^^^^^^
2025-09-12T19:30:39:   File "<frozen codecs>", line 322, in decode
2025-09-12T19:30:39: UnicodeDecodeError: 'utf-8' codec can't decode bytes in position 25-26: invalid continuation byte
2025-09-12T19:30:39: 2025-09-12 19:30:39.488 Please replace `use_container_width` with `width`.
2025-09-12T19:30:39: 
2025-09-12T19:30:39: `use_container_width` will be removed after 2025-12-31.
2025-09-12T19:30:39: 
2025-09-12T19:30:39: For `use_container_width=True`, use `width='stretch'`. For `use_container_width=False`, use `width='content'`.
2025-09-12T19:30:39: 2025-09-12 19:30:39.494 Please replace `use_container_width` with `width`.
2025-09-12T19:30:39: 
2025-09-12T19:30:39: `use_container_width` will be removed after 2025-12-31.
2025-09-12T19:30:39: 
2025-09-12T19:30:39: For `use_container_width=True`, use `width='stretch'`. For `use_container_width=False`, use `width='content'`.
2025-09-12T19:30:45: Exception in callback AppSession._on_scriptrunner_event.<locals>.<lambda>() at /usr/local/lib/python3.12/site-packages/streamlit/runtime/app_session.py:519
2025-09-12T19:30:45: handle: <Handle AppSession._on_scriptrunner_event.<locals>.<lambda>() at /usr/local/lib/python3.12/site-packages/streamlit/runtime/app_session.py:519>
2025-09-12T19:30:45: Traceback (most recent call last):
2025-09-12T19:30:45:   File "/usr/local/lib/python3.12/asyncio/events.py", line 88, in _run
2025-09-12T19:30:45:     self._context.run(self._callback, *self._args)
2025-09-12T19:30:45:   File "/usr/local/lib/python3.12/site-packages/streamlit/runtime/app_session.py", line 519, in <lambda>
2025-09-12T19:30:45:     lambda: self._handle_scriptrunner_event_on_event_loop(
2025-09-12T19:30:45:             ^^^^^^^^^^^^^^^^^^^^^^^^^^^^^^^^^^^^^^^^^^^^^^
2025-09-12T19:30:45:   File "/usr/local/lib/python3.12/site-packages/streamlit/runtime/app_session.py", line 616, in _handle_scriptrunner_event_on_event_loop
2025-09-12T19:30:45:     msg = self._create_new_session_message(
2025-09-12T19:30:45:           ^^^^^^^^^^^^^^^^^^^^^^^^^^^^^^^^^
2025-09-12T19:30:45:   File "/usr/local/lib/python3.12/site-packages/streamlit/runtime/app_session.py", line 750, in _create_new_session_message
2025-09-12T19:30:45:     _populate_user_info_msg(imsg.user_info)
2025-09-12T19:30:45:   File "/usr/local/lib/python3.12/site-packages/streamlit/runtime/app_session.py", line 1154, in _populate_user_info_msg
2025-09-12T19:30:45:     inst = Installation.instance()
2025-09-12T19:30:45:            ^^^^^^^^^^^^^^^^^^^^^^^
2025-09-12T19:30:45:   File "/usr/local/lib/python3.12/site-packages/streamlit/runtime/metrics_util.py", line 228, in instance
2025-09-12T19:30:45:     cls._instance = Installation()
2025-09-12T19:30:45:                     ^^^^^^^^^^^^^^
2025-09-12T19:30:45:   File "/usr/local/lib/python3.12/site-packages/streamlit/runtime/metrics_util.py", line 233, in __init__
2025-09-12T19:30:45:     uuid.uuid5(uuid.NAMESPACE_DNS, _get_machine_id_v3())
2025-09-12T19:30:45:                                    ^^^^^^^^^^^^^^^^^^^^
2025-09-12T19:30:45:   File "/usr/local/lib/python3.12/site-packages/streamlit/runtime/metrics_util.py", line 173, in _get_machine_id_v3
2025-09-12T19:30:45:     machine_id = f.read()
2025-09-12T19:30:45:                  ^^^^^^^^
2025-09-12T19:30:45:   File "<frozen codecs>", line 322, in decode
2025-09-12T19:30:45: UnicodeDecodeError: 'utf-8' codec can't decode bytes in position 25-26: invalid continuation byte
2025-09-12T19:30:45: Exception in callback AppSession._on_scriptrunner_event.<locals>.<lambda>() at /usr/local/lib/python3.12/site-packages/streamlit/runtime/app_session.py:519
2025-09-12T19:30:45: handle: <Handle AppSession._on_scriptrunner_event.<locals>.<lambda>() at /usr/local/lib/python3.12/site-packages/streamlit/runtime/app_session.py:519>
2025-09-12T19:30:45: Traceback (most recent call last):
2025-09-12T19:30:45:   File "/usr/local/lib/python3.12/asyncio/events.py", line 88, in _run
2025-09-12T19:30:45:     self._context.run(self._callback, *self._args)
2025-09-12T19:30:45:   File "/usr/local/lib/python3.12/site-packages/streamlit/runtime/app_session.py", line 519, in <lambda>
2025-09-12T19:30:45:     lambda: self._handle_scriptrunner_event_on_event_loop(
2025-09-12T19:30:45:             ^^^^^^^^^^^^^^^^^^^^^^^^^^^^^^^^^^^^^^^^^^^^^^
2025-09-12T19:30:45:   File "/usr/local/lib/python3.12/site-packages/streamlit/runtime/app_session.py", line 616, in _handle_scriptrunner_event_on_event_loop
2025-09-12T19:30:45:     msg = self._create_new_session_message(
2025-09-12T19:30:45:           ^^^^^^^^^^^^^^^^^^^^^^^^^^^^^^^^^
2025-09-12T19:30:45:   File "/usr/local/lib/python3.12/site-packages/streamlit/runtime/app_session.py", line 750, in _create_new_session_message
2025-09-12T19:30:45:     _populate_user_info_msg(imsg.user_info)
2025-09-12T19:30:45:   File "/usr/local/lib/python3.12/site-packages/streamlit/runtime/app_session.py", line 1154, in _populate_user_info_msg
2025-09-12T19:30:45:     inst = Installation.instance()
2025-09-12T19:30:45:            ^^^^^^^^^^^^^^^^^^^^^^^
2025-09-12T19:30:45:   File "/usr/local/lib/python3.12/site-packages/streamlit/runtime/metrics_util.py", line 228, in instance
2025-09-12T19:30:45:     cls._instance = Installation()
2025-09-12T19:30:45:                     ^^^^^^^^^^^^^^
2025-09-12T19:30:45:   File "/usr/local/lib/python3.12/site-packages/streamlit/runtime/metrics_util.py", line 233, in __init__
2025-09-12T19:30:45:     uuid.uuid5(uuid.NAMESPACE_DNS, _get_machine_id_v3())
2025-09-12T19:30:45:                                    ^^^^^^^^^^^^^^^^^^^^
2025-09-12T19:30:45:   File "/usr/local/lib/python3.12/site-packages/streamlit/runtime/metrics_util.py", line 173, in _get_machine_id_v3
2025-09-12T19:30:45:     machine_id = f.read()
2025-09-12T19:30:45:                  ^^^^^^^^
2025-09-12T19:30:45:   File "<frozen codecs>", line 322, in decode
2025-09-12T19:30:45: UnicodeDecodeError: 'utf-8' codec can't decode bytes in position 25-26: invalid continuation byte
2025-09-12T19:30:45: Exception in callback AppSession._on_scriptrunner_event.<locals>.<lambda>() at /usr/local/lib/python3.12/site-packages/streamlit/runtime/app_session.py:519
2025-09-12T19:30:45: handle: <Handle AppSession._on_scriptrunner_event.<locals>.<lambda>() at /usr/local/lib/python3.12/site-packages/streamlit/runtime/app_session.py:519>
2025-09-12T19:30:45: Traceback (most recent call last):
2025-09-12T19:30:45:   File "/usr/local/lib/python3.12/asyncio/events.py", line 88, in _run
2025-09-12T19:30:45:     self._context.run(self._callback, *self._args)
2025-09-12T19:30:45:   File "/usr/local/lib/python3.12/site-packages/streamlit/runtime/app_session.py", line 519, in <lambda>
2025-09-12T19:30:45:     lambda: self._handle_scriptrunner_event_on_event_loop(
2025-09-12T19:30:45:             ^^^^^^^^^^^^^^^^^^^^^^^^^^^^^^^^^^^^^^^^^^^^^^
2025-09-12T19:30:45:   File "/usr/local/lib/python3.12/site-packages/streamlit/runtime/app_session.py", line 616, in _handle_scriptrunner_event_on_event_loop
2025-09-12T19:30:45:     msg = self._create_new_session_message(
2025-09-12T19:30:45:           ^^^^^^^^^^^^^^^^^^^^^^^^^^^^^^^^^
2025-09-12T19:30:45:   File "/usr/local/lib/python3.12/site-packages/streamlit/runtime/app_session.py", line 750, in _create_new_session_message
2025-09-12T19:30:45:     _populate_user_info_msg(imsg.user_info)
2025-09-12T19:30:45:   File "/usr/local/lib/python3.12/site-packages/streamlit/runtime/app_session.py", line 1154, in _populate_user_info_msg
2025-09-12T19:30:45:     inst = Installation.instance()
2025-09-12T19:30:45:            ^^^^^^^^^^^^^^^^^^^^^^^
2025-09-12T19:30:45:   File "/usr/local/lib/python3.12/site-packages/streamlit/runtime/metrics_util.py", line 228, in instance
2025-09-12T19:30:45:     cls._instance = Installation()
2025-09-12T19:30:45:                     ^^^^^^^^^^^^^^
2025-09-12T19:30:45:   File "/usr/local/lib/python3.12/site-packages/streamlit/runtime/metrics_util.py", line 233, in __init__
2025-09-12T19:30:45:     uuid.uuid5(uuid.NAMESPACE_DNS, _get_machine_id_v3())
2025-09-12T19:30:45:                                    ^^^^^^^^^^^^^^^^^^^^
2025-09-12T19:30:45:   File "/usr/local/lib/python3.12/site-packages/streamlit/runtime/metrics_util.py", line 173, in _get_machine_id_v3
2025-09-12T19:30:45:     machine_id = f.read()
2025-09-12T19:30:45:                  ^^^^^^^^
2025-09-12T19:30:45:   File "<frozen codecs>", line 322, in decode
2025-09-12T19:30:45: UnicodeDecodeError: 'utf-8' codec can't decode bytes in position 25-26: invalid continuation byte
2025-09-12T19:30:45: Exception in callback AppSession._on_scriptrunner_event.<locals>.<lambda>() at /usr/local/lib/python3.12/site-packages/streamlit/runtime/app_session.py:519
2025-09-12T19:30:45: handle: <Handle AppSession._on_scriptrunner_event.<locals>.<lambda>() at /usr/local/lib/python3.12/site-packages/streamlit/runtime/app_session.py:519>
2025-09-12T19:30:45: Traceback (most recent call last):
2025-09-12T19:30:45:   File "/usr/local/lib/python3.12/asyncio/events.py", line 88, in _run
2025-09-12T19:30:45:     self._context.run(self._callback, *self._args)
2025-09-12T19:30:45:   File "/usr/local/lib/python3.12/site-packages/streamlit/runtime/app_session.py", line 519, in <lambda>
2025-09-12T19:30:45:     lambda: self._handle_scriptrunner_event_on_event_loop(
2025-09-12T19:30:45:             ^^^^^^^^^^^^^^^^^^^^^^^^^^^^^^^^^^^^^^^^^^^^^^
2025-09-12T19:30:45:   File "/usr/local/lib/python3.12/site-packages/streamlit/runtime/app_session.py", line 616, in _handle_scriptrunner_event_on_event_loop
2025-09-12T19:30:45:     msg = self._create_new_session_message(
2025-09-12T19:30:45:           ^^^^^^^^^^^^^^^^^^^^^^^^^^^^^^^^^
2025-09-12T19:30:45:   File "/usr/local/lib/python3.12/site-packages/streamlit/runtime/app_session.py", line 750, in _create_new_session_message
2025-09-12T19:30:45:     _populate_user_info_msg(imsg.user_info)
2025-09-12T19:30:45:   File "/usr/local/lib/python3.12/site-packages/streamlit/runtime/app_session.py", line 1154, in _populate_user_info_msg
2025-09-12T19:30:45:     inst = Installation.instance()
2025-09-12T19:30:45:            ^^^^^^^^^^^^^^^^^^^^^^^
2025-09-12T19:30:45:   File "/usr/local/lib/python3.12/site-packages/streamlit/runtime/metrics_util.py", line 228, in instance
2025-09-12T19:30:45:     cls._instance = Installation()
2025-09-12T19:30:45:                     ^^^^^^^^^^^^^^
2025-09-12T19:30:45:   File "/usr/local/lib/python3.12/site-packages/streamlit/runtime/metrics_util.py", line 233, in __init__
2025-09-12T19:30:45:     uuid.uuid5(uuid.NAMESPACE_DNS, _get_machine_id_v3())
2025-09-12T19:30:45:                                    ^^^^^^^^^^^^^^^^^^^^
2025-09-12T19:30:45:   File "/usr/local/lib/python3.12/site-packages/streamlit/runtime/metrics_util.py", line 173, in _get_machine_id_v3
2025-09-12T19:30:45:     machine_id = f.read()
2025-09-12T19:30:45:                  ^^^^^^^^
2025-09-12T19:30:45:   File "<frozen codecs>", line 322, in decode
2025-09-12T19:30:45: UnicodeDecodeError: 'utf-8' codec can't decode bytes in position 25-26: invalid continuation byte
2025-09-12T19:30:46: 2025-09-12 19:30:46.359 Please replace `use_container_width` with `width`.
2025-09-12T19:30:46: 
2025-09-12T19:30:46: `use_container_width` will be removed after 2025-12-31.
2025-09-12T19:30:46: 
2025-09-12T19:30:46: For `use_container_width=True`, use `width='stretch'`. For `use_container_width=False`, use `width='content'`.
2025-09-12T19:30:46: 2025-09-12 19:30:46.364 Please replace `use_container_width` with `width`.
2025-09-12T19:30:46: 
2025-09-12T19:30:46: `use_container_width` will be removed after 2025-12-31.
2025-09-12T19:30:46: 
2025-09-12T19:30:46: For `use_container_width=True`, use `width='stretch'`. For `use_container_width=False`, use `width='content'`.
2025-09-12T19:30:46: 2025-09-12 19:30:46.636 Please replace `use_container_width` with `width`.
2025-09-12T19:30:46: 
2025-09-12T19:30:46: `use_container_width` will be removed after 2025-12-31.
2025-09-12T19:30:46: 
2025-09-12T19:30:46: For `use_container_width=True`, use `width='stretch'`. For `use_container_width=False`, use `width='content'`.
2025-09-12T19:30:46: 2025-09-12 19:30:46.652 Please replace `use_container_width` with `width`.
2025-09-12T19:30:46: 
2025-09-12T19:30:46: `use_container_width` will be removed after 2025-12-31.
2025-09-12T19:30:46: 
2025-09-12T19:30:46: For `use_container_width=True`, use `width='stretch'`. For `use_container_width=False`, use `width='content'`.
2025-09-12T19:31:03: Exception in callback AppSession._on_scriptrunner_event.<locals>.<lambda>() at /usr/local/lib/python3.12/site-packages/streamlit/runtime/app_session.py:519
2025-09-12T19:31:03: handle: <Handle AppSession._on_scriptrunner_event.<locals>.<lambda>() at /usr/local/lib/python3.12/site-packages/streamlit/runtime/app_session.py:519>
2025-09-12T19:31:03: Traceback (most recent call last):
2025-09-12T19:31:03:   File "/usr/local/lib/python3.12/asyncio/events.py", line 88, in _run
2025-09-12T19:31:03:     self._context.run(self._callback, *self._args)
2025-09-12T19:31:03:   File "/usr/local/lib/python3.12/site-packages/streamlit/runtime/app_session.py", line 519, in <lambda>
2025-09-12T19:31:03:     lambda: self._handle_scriptrunner_event_on_event_loop(
2025-09-12T19:31:03:             ^^^^^^^^^^^^^^^^^^^^^^^^^^^^^^^^^^^^^^^^^^^^^^
2025-09-12T19:31:03:   File "/usr/local/lib/python3.12/site-packages/streamlit/runtime/app_session.py", line 616, in _handle_scriptrunner_event_on_event_loop
2025-09-12T19:31:03:     msg = self._create_new_session_message(
2025-09-12T19:31:03:           ^^^^^^^^^^^^^^^^^^^^^^^^^^^^^^^^^
2025-09-12T19:31:03:   File "/usr/local/lib/python3.12/site-packages/streamlit/runtime/app_session.py", line 750, in _create_new_session_message
2025-09-12T19:31:03:     _populate_user_info_msg(imsg.user_info)
2025-09-12T19:31:03:   File "/usr/local/lib/python3.12/site-packages/streamlit/runtime/app_session.py", line 1154, in _populate_user_info_msg
2025-09-12T19:31:03:     inst = Installation.instance()
2025-09-12T19:31:03:            ^^^^^^^^^^^^^^^^^^^^^^^
2025-09-12T19:31:03:   File "/usr/local/lib/python3.12/site-packages/streamlit/runtime/metrics_util.py", line 228, in instance
2025-09-12T19:31:03:     cls._instance = Installation()
2025-09-12T19:31:03:                     ^^^^^^^^^^^^^^
2025-09-12T19:31:03:   File "/usr/local/lib/python3.12/site-packages/streamlit/runtime/metrics_util.py", line 233, in __init__
2025-09-12T19:31:03:     uuid.uuid5(uuid.NAMESPACE_DNS, _get_machine_id_v3())
2025-09-12T19:31:03:                                    ^^^^^^^^^^^^^^^^^^^^
2025-09-12T19:31:03:   File "/usr/local/lib/python3.12/site-packages/streamlit/runtime/metrics_util.py", line 173, in _get_machine_id_v3
2025-09-12T19:31:03:     machine_id = f.read()
2025-09-12T19:31:03:                  ^^^^^^^^
2025-09-12T19:31:03:   File "<frozen codecs>", line 322, in decode
2025-09-12T19:31:03: UnicodeDecodeError: 'utf-8' codec can't decode bytes in position 25-26: invalid continuation byte
2025-09-12T19:31:03: Exception in callback AppSession._on_scriptrunner_event.<locals>.<lambda>() at /usr/local/lib/python3.12/site-packages/streamlit/runtime/app_session.py:519
2025-09-12T19:31:03: handle: <Handle AppSession._on_scriptrunner_event.<locals>.<lambda>() at /usr/local/lib/python3.12/site-packages/streamlit/runtime/app_session.py:519>
2025-09-12T19:31:03: Traceback (most recent call last):
2025-09-12T19:31:03:   File "/usr/local/lib/python3.12/asyncio/events.py", line 88, in _run
2025-09-12T19:31:03:     self._context.run(self._callback, *self._args)
2025-09-12T19:31:03:   File "/usr/local/lib/python3.12/site-packages/streamlit/runtime/app_session.py", line 519, in <lambda>
2025-09-12T19:31:03:     lambda: self._handle_scriptrunner_event_on_event_loop(
2025-09-12T19:31:03:             ^^^^^^^^^^^^^^^^^^^^^^^^^^^^^^^^^^^^^^^^^^^^^^
2025-09-12T19:31:03:   File "/usr/local/lib/python3.12/site-packages/streamlit/runtime/app_session.py", line 616, in _handle_scriptrunner_event_on_event_loop
2025-09-12T19:31:03:     msg = self._create_new_session_message(
2025-09-12T19:31:03:           ^^^^^^^^^^^^^^^^^^^^^^^^^^^^^^^^^
2025-09-12T19:31:03:   File "/usr/local/lib/python3.12/site-packages/streamlit/runtime/app_session.py", line 750, in _create_new_session_message
2025-09-12T19:31:03:     _populate_user_info_msg(imsg.user_info)
2025-09-12T19:31:03:   File "/usr/local/lib/python3.12/site-packages/streamlit/runtime/app_session.py", line 1154, in _populate_user_info_msg
2025-09-12T19:31:03:     inst = Installation.instance()
2025-09-12T19:31:03:            ^^^^^^^^^^^^^^^^^^^^^^^
2025-09-12T19:31:03:   File "/usr/local/lib/python3.12/site-packages/streamlit/runtime/metrics_util.py", line 228, in instance
2025-09-12T19:31:03:     cls._instance = Installation()
2025-09-12T19:31:03:                     ^^^^^^^^^^^^^^
2025-09-12T19:31:03:   File "/usr/local/lib/python3.12/site-packages/streamlit/runtime/metrics_util.py", line 233, in __init__
2025-09-12T19:31:03:     uuid.uuid5(uuid.NAMESPACE_DNS, _get_machine_id_v3())
2025-09-12T19:31:03:                                    ^^^^^^^^^^^^^^^^^^^^
2025-09-12T19:31:03:   File "/usr/local/lib/python3.12/site-packages/streamlit/runtime/metrics_util.py", line 173, in _get_machine_id_v3
2025-09-12T19:31:03:     machine_id = f.read()
2025-09-12T19:31:03:                  ^^^^^^^^
2025-09-12T19:31:03:   File "<frozen codecs>", line 322, in decode
2025-09-12T19:31:03: UnicodeDecodeError: 'utf-8' codec can't decode bytes in position 25-26: invalid continuation byte
2025-09-12T19:31:03: Exception in callback AppSession._on_scriptrunner_event.<locals>.<lambda>() at /usr/local/lib/python3.12/site-packages/streamlit/runtime/app_session.py:519
2025-09-12T19:31:03: handle: <Handle AppSession._on_scriptrunner_event.<locals>.<lambda>() at /usr/local/lib/python3.12/site-packages/streamlit/runtime/app_session.py:519>
2025-09-12T19:31:03: Traceback (most recent call last):
2025-09-12T19:31:03:   File "/usr/local/lib/python3.12/asyncio/events.py", line 88, in _run
2025-09-12T19:31:03:     self._context.run(self._callback, *self._args)
2025-09-12T19:31:03:   File "/usr/local/lib/python3.12/site-packages/streamlit/runtime/app_session.py", line 519, in <lambda>
2025-09-12T19:31:03:     lambda: self._handle_scriptrunner_event_on_event_loop(
2025-09-12T19:31:03:             ^^^^^^^^^^^^^^^^^^^^^^^^^^^^^^^^^^^^^^^^^^^^^^
2025-09-12T19:31:03:   File "/usr/local/lib/python3.12/site-packages/streamlit/runtime/app_session.py", line 616, in _handle_scriptrunner_event_on_event_loop
2025-09-12T19:31:03:     msg = self._create_new_session_message(
2025-09-12T19:31:03:           ^^^^^^^^^^^^^^^^^^^^^^^^^^^^^^^^^
2025-09-12T19:31:03:   File "/usr/local/lib/python3.12/site-packages/streamlit/runtime/app_session.py", line 750, in _create_new_session_message
2025-09-12T19:31:03:     _populate_user_info_msg(imsg.user_info)
2025-09-12T19:31:03:   File "/usr/local/lib/python3.12/site-packages/streamlit/runtime/app_session.py", line 1154, in _populate_user_info_msg
2025-09-12T19:31:03:     inst = Installation.instance()
2025-09-12T19:31:03:            ^^^^^^^^^^^^^^^^^^^^^^^
2025-09-12T19:31:03:   File "/usr/local/lib/python3.12/site-packages/streamlit/runtime/metrics_util.py", line 228, in instance
2025-09-12T19:31:03:     cls._instance = Installation()
2025-09-12T19:31:03:                     ^^^^^^^^^^^^^^
2025-09-12T19:31:03:   File "/usr/local/lib/python3.12/site-packages/streamlit/runtime/metrics_util.py", line 233, in __init__
2025-09-12T19:31:03:     uuid.uuid5(uuid.NAMESPACE_DNS, _get_machine_id_v3())
2025-09-12T19:31:03:                                    ^^^^^^^^^^^^^^^^^^^^
2025-09-12T19:31:03:   File "/usr/local/lib/python3.12/site-packages/streamlit/runtime/metrics_util.py", line 173, in _get_machine_id_v3
2025-09-12T19:31:03:     machine_id = f.read()
2025-09-12T19:31:03:                  ^^^^^^^^
2025-09-12T19:31:03:   File "<frozen codecs>", line 322, in decode
2025-09-12T19:31:03: UnicodeDecodeError: 'utf-8' codec can't decode bytes in position 25-26: invalid continuation byte
2025-09-12T19:31:04: Exception in callback AppSession._on_scriptrunner_event.<locals>.<lambda>() at /usr/local/lib/python3.12/site-packages/streamlit/runtime/app_session.py:519
2025-09-12T19:31:04: handle: <Handle AppSession._on_scriptrunner_event.<locals>.<lambda>() at /usr/local/lib/python3.12/site-packages/streamlit/runtime/app_session.py:519>
2025-09-12T19:31:04: Traceback (most recent call last):
2025-09-12T19:31:04:   File "/usr/local/lib/python3.12/asyncio/events.py", line 88, in _run
2025-09-12T19:31:04:     self._context.run(self._callback, *self._args)
2025-09-12T19:31:04:   File "/usr/local/lib/python3.12/site-packages/streamlit/runtime/app_session.py", line 519, in <lambda>
2025-09-12T19:31:04:     lambda: self._handle_scriptrunner_event_on_event_loop(
2025-09-12T19:31:04:             ^^^^^^^^^^^^^^^^^^^^^^^^^^^^^^^^^^^^^^^^^^^^^^
2025-09-12T19:31:04:   File "/usr/local/lib/python3.12/site-packages/streamlit/runtime/app_session.py", line 616, in _handle_scriptrunner_event_on_event_loop
2025-09-12T19:31:04:     msg = self._create_new_session_message(
2025-09-12T19:31:04:           ^^^^^^^^^^^^^^^^^^^^^^^^^^^^^^^^^
2025-09-12T19:31:04:   File "/usr/local/lib/python3.12/site-packages/streamlit/runtime/app_session.py", line 750, in _create_new_session_message
2025-09-12T19:31:04:     _populate_user_info_msg(imsg.user_info)
2025-09-12T19:31:04:   File "/usr/local/lib/python3.12/site-packages/streamlit/runtime/app_session.py", line 1154, in _populate_user_info_msg
2025-09-12T19:31:04:     inst = Installation.instance()
2025-09-12T19:31:04:            ^^^^^^^^^^^^^^^^^^^^^^^
2025-09-12T19:31:04:   File "/usr/local/lib/python3.12/site-packages/streamlit/runtime/metrics_util.py", line 228, in instance
2025-09-12T19:31:04:     cls._instance = Installation()
2025-09-12T19:31:04:                     ^^^^^^^^^^^^^^
2025-09-12T19:31:04:   File "/usr/local/lib/python3.12/site-packages/streamlit/runtime/metrics_util.py", line 233, in __init__
2025-09-12T19:31:04:     uuid.uuid5(uuid.NAMESPACE_DNS, _get_machine_id_v3())
2025-09-12T19:31:04:                                    ^^^^^^^^^^^^^^^^^^^^
2025-09-12T19:31:04:   File "/usr/local/lib/python3.12/site-packages/streamlit/runtime/metrics_util.py", line 173, in _get_machine_id_v3
2025-09-12T19:31:04:     machine_id = f.read()
2025-09-12T19:31:04:                  ^^^^^^^^
2025-09-12T19:31:04:   File "<frozen codecs>", line 322, in decode
2025-09-12T19:31:04: UnicodeDecodeError: 'utf-8' codec can't decode bytes in position 25-26: invalid continuation byte
2025-09-12T19:31:04: 2025-09-12 19:31:04.755 Please replace `use_container_width` with `width`.
2025-09-12T19:31:04: 
2025-09-12T19:31:04: `use_container_width` will be removed after 2025-12-31.
2025-09-12T19:31:04: 
2025-09-12T19:31:04: For `use_container_width=True`, use `width='stretch'`. For `use_container_width=False`, use `width='content'`.
2025-09-12T19:31:04: 2025-09-12 19:31:04.762 Please replace `use_container_width` with `width`.
2025-09-12T19:31:04: 
2025-09-12T19:31:04: `use_container_width` will be removed after 2025-12-31.
2025-09-12T19:31:04: 
2025-09-12T19:31:04: For `use_container_width=True`, use `width='stretch'`. For `use_container_width=False`, use `width='content'`.
2025-09-12T19:31:04: 2025-09-12 19:31:04.822 Please replace `use_container_width` with `width`.
2025-09-12T19:31:04: 
2025-09-12T19:31:04: `use_container_width` will be removed after 2025-12-31.
2025-09-12T19:31:04: 
2025-09-12T19:31:04: For `use_container_width=True`, use `width='stretch'`. For `use_container_width=False`, use `width='content'`.
2025-09-12T19:31:04: 2025-09-12 19:31:04.830 Please replace `use_container_width` with `width`.
2025-09-12T19:31:04: 
2025-09-12T19:31:04: `use_container_width` will be removed after 2025-12-31.
2025-09-12T19:31:04: 
2025-09-12T19:31:04: For `use_container_width=True`, use `width='stretch'`. For `use_container_width=False`, use `width='content'`.
2025-09-12T19:31:24: Exception in callback AppSession._on_scriptrunner_event.<locals>.<lambda>() at /usr/local/lib/python3.12/site-packages/streamlit/runtime/app_session.py:519
2025-09-12T19:31:24: handle: <Handle AppSession._on_scriptrunner_event.<locals>.<lambda>() at /usr/local/lib/python3.12/site-packages/streamlit/runtime/app_session.py:519>
2025-09-12T19:31:24: Traceback (most recent call last):
2025-09-12T19:31:24:   File "/usr/local/lib/python3.12/asyncio/events.py", line 88, in _run
2025-09-12T19:31:24:     self._context.run(self._callback, *self._args)
2025-09-12T19:31:24:   File "/usr/local/lib/python3.12/site-packages/streamlit/runtime/app_session.py", line 519, in <lambda>
2025-09-12T19:31:24:     lambda: self._handle_scriptrunner_event_on_event_loop(
2025-09-12T19:31:24:             ^^^^^^^^^^^^^^^^^^^^^^^^^^^^^^^^^^^^^^^^^^^^^^
2025-09-12T19:31:24:   File "/usr/local/lib/python3.12/site-packages/streamlit/runtime/app_session.py", line 616, in _handle_scriptrunner_event_on_event_loop
2025-09-12T19:31:24:     msg = self._create_new_session_message(
2025-09-12T19:31:24:           ^^^^^^^^^^^^^^^^^^^^^^^^^^^^^^^^^
2025-09-12T19:31:24:   File "/usr/local/lib/python3.12/site-packages/streamlit/runtime/app_session.py", line 750, in _create_new_session_message
2025-09-12T19:31:24:     _populate_user_info_msg(imsg.user_info)
2025-09-12T19:31:24:   File "/usr/local/lib/python3.12/site-packages/streamlit/runtime/app_session.py", line 1154, in _populate_user_info_msg
2025-09-12T19:31:24:     inst = Installation.instance()
2025-09-12T19:31:24:            ^^^^^^^^^^^^^^^^^^^^^^^
2025-09-12T19:31:24:   File "/usr/local/lib/python3.12/site-packages/streamlit/runtime/metrics_util.py", line 228, in instance
2025-09-12T19:31:24:     cls._instance = Installation()
2025-09-12T19:31:24:                     ^^^^^^^^^^^^^^
2025-09-12T19:31:24:   File "/usr/local/lib/python3.12/site-packages/streamlit/runtime/metrics_util.py", line 233, in __init__
2025-09-12T19:31:24:     uuid.uuid5(uuid.NAMESPACE_DNS, _get_machine_id_v3())
2025-09-12T19:31:24:                                    ^^^^^^^^^^^^^^^^^^^^
2025-09-12T19:31:24:   File "/usr/local/lib/python3.12/site-packages/streamlit/runtime/metrics_util.py", line 173, in _get_machine_id_v3
2025-09-12T19:31:24:     machine_id = f.read()
2025-09-12T19:31:24:                  ^^^^^^^^
2025-09-12T19:31:24:   File "<frozen codecs>", line 322, in decode
2025-09-12T19:31:24: UnicodeDecodeError: 'utf-8' codec can't decode bytes in position 25-26: invalid continuation byte
2025-09-12T19:31:24: Exception in callback AppSession._on_scriptrunner_event.<locals>.<lambda>() at /usr/local/lib/python3.12/site-packages/streamlit/runtime/app_session.py:519
2025-09-12T19:31:24: handle: <Handle AppSession._on_scriptrunner_event.<locals>.<lambda>() at /usr/local/lib/python3.12/site-packages/streamlit/runtime/app_session.py:519>
2025-09-12T19:31:24: Traceback (most recent call last):
2025-09-12T19:31:24:   File "/usr/local/lib/python3.12/asyncio/events.py", line 88, in _run
2025-09-12T19:31:24:     self._context.run(self._callback, *self._args)
2025-09-12T19:31:24:   File "/usr/local/lib/python3.12/site-packages/streamlit/runtime/app_session.py", line 519, in <lambda>
2025-09-12T19:31:24:     lambda: self._handle_scriptrunner_event_on_event_loop(
2025-09-12T19:31:24:             ^^^^^^^^^^^^^^^^^^^^^^^^^^^^^^^^^^^^^^^^^^^^^^
2025-09-12T19:31:24:   File "/usr/local/lib/python3.12/site-packages/streamlit/runtime/app_session.py", line 616, in _handle_scriptrunner_event_on_event_loop
2025-09-12T19:31:24:     msg = self._create_new_session_message(
2025-09-12T19:31:24:           ^^^^^^^^^^^^^^^^^^^^^^^^^^^^^^^^^
2025-09-12T19:31:24:   File "/usr/local/lib/python3.12/site-packages/streamlit/runtime/app_session.py", line 750, in _create_new_session_message
2025-09-12T19:31:24:     _populate_user_info_msg(imsg.user_info)
2025-09-12T19:31:24:   File "/usr/local/lib/python3.12/site-packages/streamlit/runtime/app_session.py", line 1154, in _populate_user_info_msg
2025-09-12T19:31:24:     inst = Installation.instance()
2025-09-12T19:31:24:            ^^^^^^^^^^^^^^^^^^^^^^^
2025-09-12T19:31:24:   File "/usr/local/lib/python3.12/site-packages/streamlit/runtime/metrics_util.py", line 228, in instance
2025-09-12T19:31:24:     cls._instance = Installation()
2025-09-12T19:31:24:                     ^^^^^^^^^^^^^^
2025-09-12T19:31:24:   File "/usr/local/lib/python3.12/site-packages/streamlit/runtime/metrics_util.py", line 233, in __init__
2025-09-12T19:31:24:     uuid.uuid5(uuid.NAMESPACE_DNS, _get_machine_id_v3())
2025-09-12T19:31:24:                                    ^^^^^^^^^^^^^^^^^^^^
2025-09-12T19:31:24:   File "/usr/local/lib/python3.12/site-packages/streamlit/runtime/metrics_util.py", line 173, in _get_machine_id_v3
2025-09-12T19:31:24:     machine_id = f.read()
2025-09-12T19:31:24:                  ^^^^^^^^
2025-09-12T19:31:24:   File "<frozen codecs>", line 322, in decode
2025-09-12T19:31:24: UnicodeDecodeError: 'utf-8' codec can't decode bytes in position 25-26: invalid continuation byte
2025-09-12T19:31:24: Exception in callback AppSession._on_scriptrunner_event.<locals>.<lambda>() at /usr/local/lib/python3.12/site-packages/streamlit/runtime/app_session.py:519
2025-09-12T19:31:24: handle: <Handle AppSession._on_scriptrunner_event.<locals>.<lambda>() at /usr/local/lib/python3.12/site-packages/streamlit/runtime/app_session.py:519>
2025-09-12T19:31:24: Traceback (most recent call last):
2025-09-12T19:31:24:   File "/usr/local/lib/python3.12/asyncio/events.py", line 88, in _run
2025-09-12T19:31:24:     self._context.run(self._callback, *self._args)
2025-09-12T19:31:24:   File "/usr/local/lib/python3.12/site-packages/streamlit/runtime/app_session.py", line 519, in <lambda>
2025-09-12T19:31:24:     lambda: self._handle_scriptrunner_event_on_event_loop(
2025-09-12T19:31:24:             ^^^^^^^^^^^^^^^^^^^^^^^^^^^^^^^^^^^^^^^^^^^^^^
2025-09-12T19:31:24:   File "/usr/local/lib/python3.12/site-packages/streamlit/runtime/app_session.py", line 616, in _handle_scriptrunner_event_on_event_loop
2025-09-12T19:31:24:     msg = self._create_new_session_message(
2025-09-12T19:31:24:           ^^^^^^^^^^^^^^^^^^^^^^^^^^^^^^^^^
2025-09-12T19:31:24:   File "/usr/local/lib/python3.12/site-packages/streamlit/runtime/app_session.py", line 750, in _create_new_session_message
2025-09-12T19:31:24:     _populate_user_info_msg(imsg.user_info)
2025-09-12T19:31:24:   File "/usr/local/lib/python3.12/site-packages/streamlit/runtime/app_session.py", line 1154, in _populate_user_info_msg
2025-09-12T19:31:24:     inst = Installation.instance()
2025-09-12T19:31:24:            ^^^^^^^^^^^^^^^^^^^^^^^
2025-09-12T19:31:24:   File "/usr/local/lib/python3.12/site-packages/streamlit/runtime/metrics_util.py", line 228, in instance
2025-09-12T19:31:24:     cls._instance = Installation()
2025-09-12T19:31:24:                     ^^^^^^^^^^^^^^
2025-09-12T19:31:24:   File "/usr/local/lib/python3.12/site-packages/streamlit/runtime/metrics_util.py", line 233, in __init__
2025-09-12T19:31:24:     uuid.uuid5(uuid.NAMESPACE_DNS, _get_machine_id_v3())
2025-09-12T19:31:24:                                    ^^^^^^^^^^^^^^^^^^^^
2025-09-12T19:31:24:   File "/usr/local/lib/python3.12/site-packages/streamlit/runtime/metrics_util.py", line 173, in _get_machine_id_v3
2025-09-12T19:31:24:     machine_id = f.read()
2025-09-12T19:31:24:                  ^^^^^^^^
2025-09-12T19:31:24:   File "<frozen codecs>", line 322, in decode
2025-09-12T19:31:24: UnicodeDecodeError: 'utf-8' codec can't decode bytes in position 25-26: invalid continuation byte
2025-09-12T19:31:25: Exception in callback AppSession._on_scriptrunner_event.<locals>.<lambda>() at /usr/local/lib/python3.12/site-packages/streamlit/runtime/app_session.py:519
2025-09-12T19:31:25: handle: <Handle AppSession._on_scriptrunner_event.<locals>.<lambda>() at /usr/local/lib/python3.12/site-packages/streamlit/runtime/app_session.py:519>
2025-09-12T19:31:25: Traceback (most recent call last):
2025-09-12T19:31:25:   File "/usr/local/lib/python3.12/asyncio/events.py", line 88, in _run
2025-09-12T19:31:25:     self._context.run(self._callback, *self._args)
2025-09-12T19:31:25:   File "/usr/local/lib/python3.12/site-packages/streamlit/runtime/app_session.py", line 519, in <lambda>
2025-09-12T19:31:25:     lambda: self._handle_scriptrunner_event_on_event_loop(
2025-09-12T19:31:25:             ^^^^^^^^^^^^^^^^^^^^^^^^^^^^^^^^^^^^^^^^^^^^^^
2025-09-12T19:31:25:   File "/usr/local/lib/python3.12/site-packages/streamlit/runtime/app_session.py", line 616, in _handle_scriptrunner_event_on_event_loop
2025-09-12T19:31:25:     msg = self._create_new_session_message(
2025-09-12T19:31:25:           ^^^^^^^^^^^^^^^^^^^^^^^^^^^^^^^^^
2025-09-12T19:31:25:   File "/usr/local/lib/python3.12/site-packages/streamlit/runtime/app_session.py", line 750, in _create_new_session_message
2025-09-12T19:31:25:     _populate_user_info_msg(imsg.user_info)
2025-09-12T19:31:25:   File "/usr/local/lib/python3.12/site-packages/streamlit/runtime/app_session.py", line 1154, in _populate_user_info_msg
2025-09-12T19:31:25:     inst = Installation.instance()
2025-09-12T19:31:25:            ^^^^^^^^^^^^^^^^^^^^^^^
2025-09-12T19:31:25:   File "/usr/local/lib/python3.12/site-packages/streamlit/runtime/metrics_util.py", line 228, in instance
2025-09-12T19:31:25:     cls._instance = Installation()
2025-09-12T19:31:25:                     ^^^^^^^^^^^^^^
2025-09-12T19:31:25:   File "/usr/local/lib/python3.12/site-packages/streamlit/runtime/metrics_util.py", line 233, in __init__
2025-09-12T19:31:25:     uuid.uuid5(uuid.NAMESPACE_DNS, _get_machine_id_v3())
2025-09-12T19:31:25:                                    ^^^^^^^^^^^^^^^^^^^^
2025-09-12T19:31:25:   File "/usr/local/lib/python3.12/site-packages/streamlit/runtime/metrics_util.py", line 173, in _get_machine_id_v3
2025-09-12T19:31:25:     machine_id = f.read()
2025-09-12T19:31:25:                  ^^^^^^^^
2025-09-12T19:31:25:   File "<frozen codecs>", line 322, in decode
2025-09-12T19:31:25: UnicodeDecodeError: 'utf-8' codec can't decode bytes in position 25-26: invalid continuation byte
2025-09-12T19:31:25: Exception in callback AppSession._on_scriptrunner_event.<locals>.<lambda>() at /usr/local/lib/python3.12/site-packages/streamlit/runtime/app_session.py:519
2025-09-12T19:31:25: handle: <Handle AppSession._on_scriptrunner_event.<locals>.<lambda>() at /usr/local/lib/python3.12/site-packages/streamlit/runtime/app_session.py:519>
2025-09-12T19:31:25: Traceback (most recent call last):
2025-09-12T19:31:25:   File "/usr/local/lib/python3.12/asyncio/events.py", line 88, in _run
2025-09-12T19:31:25:     self._context.run(self._callback, *self._args)
2025-09-12T19:31:25:   File "/usr/local/lib/python3.12/site-packages/streamlit/runtime/app_session.py", line 519, in <lambda>
2025-09-12T19:31:25:     lambda: self._handle_scriptrunner_event_on_event_loop(
2025-09-12T19:31:25:             ^^^^^^^^^^^^^^^^^^^^^^^^^^^^^^^^^^^^^^^^^^^^^^
2025-09-12T19:31:25:   File "/usr/local/lib/python3.12/site-packages/streamlit/runtime/app_session.py", line 616, in _handle_scriptrunner_event_on_event_loop
2025-09-12T19:31:25:     msg = self._create_new_session_message(
2025-09-12T19:31:25:           ^^^^^^^^^^^^^^^^^^^^^^^^^^^^^^^^^
2025-09-12T19:31:25:   File "/usr/local/lib/python3.12/site-packages/streamlit/runtime/app_session.py", line 750, in _create_new_session_message
2025-09-12T19:31:25:     _populate_user_info_msg(imsg.user_info)
2025-09-12T19:31:25:   File "/usr/local/lib/python3.12/site-packages/streamlit/runtime/app_session.py", line 1154, in _populate_user_info_msg
2025-09-12T19:31:25:     inst = Installation.instance()
2025-09-12T19:31:25:            ^^^^^^^^^^^^^^^^^^^^^^^
2025-09-12T19:31:25:   File "/usr/local/lib/python3.12/site-packages/streamlit/runtime/metrics_util.py", line 228, in instance
2025-09-12T19:31:25:     cls._instance = Installation()
2025-09-12T19:31:25:                     ^^^^^^^^^^^^^^
2025-09-12T19:31:25:   File "/usr/local/lib/python3.12/site-packages/streamlit/runtime/metrics_util.py", line 233, in __init__
2025-09-12T19:31:25:     uuid.uuid5(uuid.NAMESPACE_DNS, _get_machine_id_v3())
2025-09-12T19:31:25:                                    ^^^^^^^^^^^^^^^^^^^^
2025-09-12T19:31:25:   File "/usr/local/lib/python3.12/site-packages/streamlit/runtime/metrics_util.py", line 173, in _get_machine_id_v3
2025-09-12T19:31:25:     machine_id = f.read()
2025-09-12T19:31:25:                  ^^^^^^^^
2025-09-12T19:31:25:   File "<frozen codecs>", line 322, in decode
2025-09-12T19:31:25: UnicodeDecodeError: 'utf-8' codec can't decode bytes in position 25-26: invalid continuation byte
2025-09-12T19:31:25: Exception in callback AppSession._on_scriptrunner_event.<locals>.<lambda>() at /usr/local/lib/python3.12/site-packages/streamlit/runtime/app_session.py:519
2025-09-12T19:31:25: handle: <Handle AppSession._on_scriptrunner_event.<locals>.<lambda>() at /usr/local/lib/python3.12/site-packages/streamlit/runtime/app_session.py:519>
2025-09-12T19:31:25: Traceback (most recent call last):
2025-09-12T19:31:25:   File "/usr/local/lib/python3.12/asyncio/events.py", line 88, in _run
2025-09-12T19:31:25:     self._context.run(self._callback, *self._args)
2025-09-12T19:31:25:   File "/usr/local/lib/python3.12/site-packages/streamlit/runtime/app_session.py", line 519, in <lambda>
2025-09-12T19:31:25:     lambda: self._handle_scriptrunner_event_on_event_loop(
2025-09-12T19:31:25:             ^^^^^^^^^^^^^^^^^^^^^^^^^^^^^^^^^^^^^^^^^^^^^^
2025-09-12T19:31:25:   File "/usr/local/lib/python3.12/site-packages/streamlit/runtime/app_session.py", line 616, in _handle_scriptrunner_event_on_event_loop
2025-09-12T19:31:25:     msg = self._create_new_session_message(
2025-09-12T19:31:25:           ^^^^^^^^^^^^^^^^^^^^^^^^^^^^^^^^^
2025-09-12T19:31:25:   File "/usr/local/lib/python3.12/site-packages/streamlit/runtime/app_session.py", line 750, in _create_new_session_message
2025-09-12T19:31:25:     _populate_user_info_msg(imsg.user_info)
2025-09-12T19:31:25:   File "/usr/local/lib/python3.12/site-packages/streamlit/runtime/app_session.py", line 1154, in _populate_user_info_msg
2025-09-12T19:31:25:     inst = Installation.instance()
2025-09-12T19:31:25:            ^^^^^^^^^^^^^^^^^^^^^^^
2025-09-12T19:31:25:   File "/usr/local/lib/python3.12/site-packages/streamlit/runtime/metrics_util.py", line 228, in instance
2025-09-12T19:31:25:     cls._instance = Installation()
2025-09-12T19:31:25:                     ^^^^^^^^^^^^^^
2025-09-12T19:31:25:   File "/usr/local/lib/python3.12/site-packages/streamlit/runtime/metrics_util.py", line 233, in __init__
2025-09-12T19:31:25:     uuid.uuid5(uuid.NAMESPACE_DNS, _get_machine_id_v3())
2025-09-12T19:31:25:                                    ^^^^^^^^^^^^^^^^^^^^
2025-09-12T19:31:25:   File "/usr/local/lib/python3.12/site-packages/streamlit/runtime/metrics_util.py", line 173, in _get_machine_id_v3
2025-09-12T19:31:25:     machine_id = f.read()
2025-09-12T19:31:25:                  ^^^^^^^^
2025-09-12T19:31:25:   File "<frozen codecs>", line 322, in decode
2025-09-12T19:31:25: UnicodeDecodeError: 'utf-8' codec can't decode bytes in position 25-26: invalid continuation byte
2025-09-12T19:31:26: 2025-09-12 19:31:26.457 Please replace `use_container_width` with `width`.
2025-09-12T19:31:26: 
2025-09-12T19:31:26: `use_container_width` will be removed after 2025-12-31.
2025-09-12T19:31:26: 
2025-09-12T19:31:26: For `use_container_width=True`, use `width='stretch'`. For `use_container_width=False`, use `width='content'`.
2025-09-12T19:31:26: 2025-09-12 19:31:26.481 Please replace `use_container_width` with `width`.
2025-09-12T19:31:26: 
2025-09-12T19:31:26: `use_container_width` will be removed after 2025-12-31.
2025-09-12T19:31:26: 
2025-09-12T19:31:26: For `use_container_width=True`, use `width='stretch'`. For `use_container_width=False`, use `width='content'`.
2025-09-12T19:31:26: 2025-09-12 19:31:26.767 Please replace `use_container_width` with `width`.
2025-09-12T19:31:26: 
2025-09-12T19:31:26: `use_container_width` will be removed after 2025-12-31.
2025-09-12T19:31:26: 
2025-09-12T19:31:26: For `use_container_width=True`, use `width='stretch'`. For `use_container_width=False`, use `width='content'`.
2025-09-12T19:31:26: 2025-09-12 19:31:26.774 Please replace `use_container_width` with `width`.
2025-09-12T19:31:26: 
2025-09-12T19:31:26: `use_container_width` will be removed after 2025-12-31.
2025-09-12T19:31:26: 
2025-09-12T19:31:26: For `use_container_width=True`, use `width='stretch'`. For `use_container_width=False`, use `width='content'`.
2025-09-12T19:31:34: Exception in callback AppSession._on_scriptrunner_event.<locals>.<lambda>() at /usr/local/lib/python3.12/site-packages/streamlit/runtime/app_session.py:519
2025-09-12T19:31:34: handle: <Handle AppSession._on_scriptrunner_event.<locals>.<lambda>() at /usr/local/lib/python3.12/site-packages/streamlit/runtime/app_session.py:519>
2025-09-12T19:31:34: Traceback (most recent call last):
2025-09-12T19:31:34:   File "/usr/local/lib/python3.12/asyncio/events.py", line 88, in _run
2025-09-12T19:31:34:     self._context.run(self._callback, *self._args)
2025-09-12T19:31:34:   File "/usr/local/lib/python3.12/site-packages/streamlit/runtime/app_session.py", line 519, in <lambda>
2025-09-12T19:31:34:     lambda: self._handle_scriptrunner_event_on_event_loop(
2025-09-12T19:31:34:             ^^^^^^^^^^^^^^^^^^^^^^^^^^^^^^^^^^^^^^^^^^^^^^
2025-09-12T19:31:34:   File "/usr/local/lib/python3.12/site-packages/streamlit/runtime/app_session.py", line 616, in _handle_scriptrunner_event_on_event_loop
2025-09-12T19:31:34:     msg = self._create_new_session_message(
2025-09-12T19:31:34:           ^^^^^^^^^^^^^^^^^^^^^^^^^^^^^^^^^
2025-09-12T19:31:34:   File "/usr/local/lib/python3.12/site-packages/streamlit/runtime/app_session.py", line 750, in _create_new_session_message
2025-09-12T19:31:34:     _populate_user_info_msg(imsg.user_info)
2025-09-12T19:31:34:   File "/usr/local/lib/python3.12/site-packages/streamlit/runtime/app_session.py", line 1154, in _populate_user_info_msg
2025-09-12T19:31:34:     inst = Installation.instance()
2025-09-12T19:31:34:            ^^^^^^^^^^^^^^^^^^^^^^^
2025-09-12T19:31:34:   File "/usr/local/lib/python3.12/site-packages/streamlit/runtime/metrics_util.py", line 228, in instance
2025-09-12T19:31:34:     cls._instance = Installation()
2025-09-12T19:31:34:                     ^^^^^^^^^^^^^^
2025-09-12T19:31:34:   File "/usr/local/lib/python3.12/site-packages/streamlit/runtime/metrics_util.py", line 233, in __init__
2025-09-12T19:31:34:     uuid.uuid5(uuid.NAMESPACE_DNS, _get_machine_id_v3())
2025-09-12T19:31:34:                                    ^^^^^^^^^^^^^^^^^^^^
2025-09-12T19:31:34:   File "/usr/local/lib/python3.12/site-packages/streamlit/runtime/metrics_util.py", line 173, in _get_machine_id_v3
2025-09-12T19:31:34:     machine_id = f.read()
2025-09-12T19:31:34:                  ^^^^^^^^
2025-09-12T19:31:34:   File "<frozen codecs>", line 322, in decode
2025-09-12T19:31:34: UnicodeDecodeError: 'utf-8' codec can't decode bytes in position 25-26: invalid continuation byte
2025-09-12T19:31:34: Exception in callback AppSession._on_scriptrunner_event.<locals>.<lambda>() at /usr/local/lib/python3.12/site-packages/streamlit/runtime/app_session.py:519
2025-09-12T19:31:34: handle: <Handle AppSession._on_scriptrunner_event.<locals>.<lambda>() at /usr/local/lib/python3.12/site-packages/streamlit/runtime/app_session.py:519>
2025-09-12T19:31:34: Traceback (most recent call last):
2025-09-12T19:31:34:   File "/usr/local/lib/python3.12/asyncio/events.py", line 88, in _run
2025-09-12T19:31:34:     self._context.run(self._callback, *self._args)
2025-09-12T19:31:34:   File "/usr/local/lib/python3.12/site-packages/streamlit/runtime/app_session.py", line 519, in <lambda>
2025-09-12T19:31:34:     lambda: self._handle_scriptrunner_event_on_event_loop(
2025-09-12T19:31:34:             ^^^^^^^^^^^^^^^^^^^^^^^^^^^^^^^^^^^^^^^^^^^^^^
2025-09-12T19:31:34:   File "/usr/local/lib/python3.12/site-packages/streamlit/runtime/app_session.py", line 616, in _handle_scriptrunner_event_on_event_loop
2025-09-12T19:31:34:     msg = self._create_new_session_message(
2025-09-12T19:31:34:           ^^^^^^^^^^^^^^^^^^^^^^^^^^^^^^^^^
2025-09-12T19:31:34:   File "/usr/local/lib/python3.12/site-packages/streamlit/runtime/app_session.py", line 750, in _create_new_session_message
2025-09-12T19:31:34:     _populate_user_info_msg(imsg.user_info)
2025-09-12T19:31:34:   File "/usr/local/lib/python3.12/site-packages/streamlit/runtime/app_session.py", line 1154, in _populate_user_info_msg
2025-09-12T19:31:34:     inst = Installation.instance()
2025-09-12T19:31:34:            ^^^^^^^^^^^^^^^^^^^^^^^
2025-09-12T19:31:34:   File "/usr/local/lib/python3.12/site-packages/streamlit/runtime/metrics_util.py", line 228, in instance
2025-09-12T19:31:34:     cls._instance = Installation()
2025-09-12T19:31:34:                     ^^^^^^^^^^^^^^
2025-09-12T19:31:34:   File "/usr/local/lib/python3.12/site-packages/streamlit/runtime/metrics_util.py", line 233, in __init__
2025-09-12T19:31:34:     uuid.uuid5(uuid.NAMESPACE_DNS, _get_machine_id_v3())
2025-09-12T19:31:34:                                    ^^^^^^^^^^^^^^^^^^^^
2025-09-12T19:31:34:   File "/usr/local/lib/python3.12/site-packages/streamlit/runtime/metrics_util.py", line 173, in _get_machine_id_v3
2025-09-12T19:31:34:     machine_id = f.read()
2025-09-12T19:31:34:                  ^^^^^^^^
2025-09-12T19:31:34:   File "<frozen codecs>", line 322, in decode
2025-09-12T19:31:34: UnicodeDecodeError: 'utf-8' codec can't decode bytes in position 25-26: invalid continuation byte
2025-09-12T19:31:34: Exception in callback AppSession._on_scriptrunner_event.<locals>.<lambda>() at /usr/local/lib/python3.12/site-packages/streamlit/runtime/app_session.py:519
2025-09-12T19:31:34: handle: <Handle AppSession._on_scriptrunner_event.<locals>.<lambda>() at /usr/local/lib/python3.12/site-packages/streamlit/runtime/app_session.py:519>
2025-09-12T19:31:34: Traceback (most recent call last):
2025-09-12T19:31:34:   File "/usr/local/lib/python3.12/asyncio/events.py", line 88, in _run
2025-09-12T19:31:34:     self._context.run(self._callback, *self._args)
2025-09-12T19:31:34:   File "/usr/local/lib/python3.12/site-packages/streamlit/runtime/app_session.py", line 519, in <lambda>
2025-09-12T19:31:34:     lambda: self._handle_scriptrunner_event_on_event_loop(
2025-09-12T19:31:34:             ^^^^^^^^^^^^^^^^^^^^^^^^^^^^^^^^^^^^^^^^^^^^^^
2025-09-12T19:31:34:   File "/usr/local/lib/python3.12/site-packages/streamlit/runtime/app_session.py", line 616, in _handle_scriptrunner_event_on_event_loop
2025-09-12T19:31:34:     msg = self._create_new_session_message(
2025-09-12T19:31:34:           ^^^^^^^^^^^^^^^^^^^^^^^^^^^^^^^^^
2025-09-12T19:31:34:   File "/usr/local/lib/python3.12/site-packages/streamlit/runtime/app_session.py", line 750, in _create_new_session_message
2025-09-12T19:31:34:     _populate_user_info_msg(imsg.user_info)
2025-09-12T19:31:34:   File "/usr/local/lib/python3.12/site-packages/streamlit/runtime/app_session.py", line 1154, in _populate_user_info_msg
2025-09-12T19:31:34:     inst = Installation.instance()
2025-09-12T19:31:34:            ^^^^^^^^^^^^^^^^^^^^^^^
2025-09-12T19:31:34:   File "/usr/local/lib/python3.12/site-packages/streamlit/runtime/metrics_util.py", line 228, in instance
2025-09-12T19:31:34:     cls._instance = Installation()
2025-09-12T19:31:34:                     ^^^^^^^^^^^^^^
2025-09-12T19:31:34:   File "/usr/local/lib/python3.12/site-packages/streamlit/runtime/metrics_util.py", line 233, in __init__
2025-09-12T19:31:34:     uuid.uuid5(uuid.NAMESPACE_DNS, _get_machine_id_v3())
2025-09-12T19:31:34:                                    ^^^^^^^^^^^^^^^^^^^^
2025-09-12T19:31:34:   File "/usr/local/lib/python3.12/site-packages/streamlit/runtime/metrics_util.py", line 173, in _get_machine_id_v3
2025-09-12T19:31:34:     machine_id = f.read()
2025-09-12T19:31:34:                  ^^^^^^^^
2025-09-12T19:31:34:   File "<frozen codecs>", line 322, in decode
2025-09-12T19:31:34: UnicodeDecodeError: 'utf-8' codec can't decode bytes in position 25-26: invalid continuation byte
2025-09-12T19:31:35: Exception in callback AppSession._on_scriptrunner_event.<locals>.<lambda>() at /usr/local/lib/python3.12/site-packages/streamlit/runtime/app_session.py:519
2025-09-12T19:31:35: handle: <Handle AppSession._on_scriptrunner_event.<locals>.<lambda>() at /usr/local/lib/python3.12/site-packages/streamlit/runtime/app_session.py:519>
2025-09-12T19:31:35: Traceback (most recent call last):
2025-09-12T19:31:35:   File "/usr/local/lib/python3.12/asyncio/events.py", line 88, in _run
2025-09-12T19:31:35:     self._context.run(self._callback, *self._args)
2025-09-12T19:31:35:   File "/usr/local/lib/python3.12/site-packages/streamlit/runtime/app_session.py", line 519, in <lambda>
2025-09-12T19:31:35:     lambda: self._handle_scriptrunner_event_on_event_loop(
2025-09-12T19:31:35:             ^^^^^^^^^^^^^^^^^^^^^^^^^^^^^^^^^^^^^^^^^^^^^^
2025-09-12T19:31:35:   File "/usr/local/lib/python3.12/site-packages/streamlit/runtime/app_session.py", line 616, in _handle_scriptrunner_event_on_event_loop
2025-09-12T19:31:35:     msg = self._create_new_session_message(
2025-09-12T19:31:35:           ^^^^^^^^^^^^^^^^^^^^^^^^^^^^^^^^^
2025-09-12T19:31:35:   File "/usr/local/lib/python3.12/site-packages/streamlit/runtime/app_session.py", line 750, in _create_new_session_message
2025-09-12T19:31:35:     _populate_user_info_msg(imsg.user_info)
2025-09-12T19:31:35:   File "/usr/local/lib/python3.12/site-packages/streamlit/runtime/app_session.py", line 1154, in _populate_user_info_msg
2025-09-12T19:31:35:     inst = Installation.instance()
2025-09-12T19:31:35:            ^^^^^^^^^^^^^^^^^^^^^^^
2025-09-12T19:31:35:   File "/usr/local/lib/python3.12/site-packages/streamlit/runtime/metrics_util.py", line 228, in instance
2025-09-12T19:31:35:     cls._instance = Installation()
2025-09-12T19:31:35:                     ^^^^^^^^^^^^^^
2025-09-12T19:31:35:   File "/usr/local/lib/python3.12/site-packages/streamlit/runtime/metrics_util.py", line 233, in __init__
2025-09-12T19:31:35:     uuid.uuid5(uuid.NAMESPACE_DNS, _get_machine_id_v3())
2025-09-12T19:31:35:                                    ^^^^^^^^^^^^^^^^^^^^
2025-09-12T19:31:35:   File "/usr/local/lib/python3.12/site-packages/streamlit/runtime/metrics_util.py", line 173, in _get_machine_id_v3
2025-09-12T19:31:35:     machine_id = f.read()
2025-09-12T19:31:35:                  ^^^^^^^^
2025-09-12T19:31:35:   File "<frozen codecs>", line 322, in decode
2025-09-12T19:31:35: UnicodeDecodeError: 'utf-8' codec can't decode bytes in position 25-26: invalid continuation byte
2025-09-12T19:31:35: 2025-09-12 19:31:35.456 Please replace `use_container_width` with `width`.
2025-09-12T19:31:35: 
2025-09-12T19:31:35: `use_container_width` will be removed after 2025-12-31.
2025-09-12T19:31:35: 
2025-09-12T19:31:35: For `use_container_width=True`, use `width='stretch'`. For `use_container_width=False`, use `width='content'`.
2025-09-12T19:31:35: 2025-09-12 19:31:35.467 Please replace `use_container_width` with `width`.
2025-09-12T19:31:35: 
2025-09-12T19:31:35: `use_container_width` will be removed after 2025-12-31.
2025-09-12T19:31:35: 
2025-09-12T19:31:35: For `use_container_width=True`, use `width='stretch'`. For `use_container_width=False`, use `width='content'`.
2025-09-12T19:31:35: 2025-09-12 19:31:35.764 Please replace `use_container_width` with `width`.
2025-09-12T19:31:35: 
2025-09-12T19:31:35: `use_container_width` will be removed after 2025-12-31.
2025-09-12T19:31:35: 
2025-09-12T19:31:35: For `use_container_width=True`, use `width='stretch'`. For `use_container_width=False`, use `width='content'`.
2025-09-12T19:31:35: 2025-09-12 19:31:35.772 Please replace `use_container_width` with `width`.
2025-09-12T19:31:35: 
2025-09-12T19:31:35: `use_container_width` will be removed after 2025-12-31.
2025-09-12T19:31:35: 
2025-09-12T19:31:35: For `use_container_width=True`, use `width='stretch'`. For `use_container_width=False`, use `width='content'`.
2025-09-12T19:31:43: Exception in callback AppSession._on_scriptrunner_event.<locals>.<lambda>() at /usr/local/lib/python3.12/site-packages/streamlit/runtime/app_session.py:519
2025-09-12T19:31:43: handle: <Handle AppSession._on_scriptrunner_event.<locals>.<lambda>() at /usr/local/lib/python3.12/site-packages/streamlit/runtime/app_session.py:519>
2025-09-12T19:31:43: Traceback (most recent call last):
2025-09-12T19:31:43:   File "/usr/local/lib/python3.12/asyncio/events.py", line 88, in _run
2025-09-12T19:31:43:     self._context.run(self._callback, *self._args)
2025-09-12T19:31:43:   File "/usr/local/lib/python3.12/site-packages/streamlit/runtime/app_session.py", line 519, in <lambda>
2025-09-12T19:31:43:     lambda: self._handle_scriptrunner_event_on_event_loop(
2025-09-12T19:31:43:             ^^^^^^^^^^^^^^^^^^^^^^^^^^^^^^^^^^^^^^^^^^^^^^
2025-09-12T19:31:43:   File "/usr/local/lib/python3.12/site-packages/streamlit/runtime/app_session.py", line 616, in _handle_scriptrunner_event_on_event_loop
2025-09-12T19:31:43:     msg = self._create_new_session_message(
2025-09-12T19:31:43:           ^^^^^^^^^^^^^^^^^^^^^^^^^^^^^^^^^
2025-09-12T19:31:43:   File "/usr/local/lib/python3.12/site-packages/streamlit/runtime/app_session.py", line 750, in _create_new_session_message
2025-09-12T19:31:43:     _populate_user_info_msg(imsg.user_info)
2025-09-12T19:31:43:   File "/usr/local/lib/python3.12/site-packages/streamlit/runtime/app_session.py", line 1154, in _populate_user_info_msg
2025-09-12T19:31:43:     inst = Installation.instance()
2025-09-12T19:31:43:            ^^^^^^^^^^^^^^^^^^^^^^^
2025-09-12T19:31:43:   File "/usr/local/lib/python3.12/site-packages/streamlit/runtime/metrics_util.py", line 228, in instance
2025-09-12T19:31:43:     cls._instance = Installation()
2025-09-12T19:31:43:                     ^^^^^^^^^^^^^^
2025-09-12T19:31:43:   File "/usr/local/lib/python3.12/site-packages/streamlit/runtime/metrics_util.py", line 233, in __init__
2025-09-12T19:31:43:     uuid.uuid5(uuid.NAMESPACE_DNS, _get_machine_id_v3())
2025-09-12T19:31:43:                                    ^^^^^^^^^^^^^^^^^^^^
2025-09-12T19:31:43:   File "/usr/local/lib/python3.12/site-packages/streamlit/runtime/metrics_util.py", line 173, in _get_machine_id_v3
2025-09-12T19:31:43:     machine_id = f.read()
2025-09-12T19:31:43:                  ^^^^^^^^
2025-09-12T19:31:43:   File "<frozen codecs>", line 322, in decode
2025-09-12T19:31:43: UnicodeDecodeError: 'utf-8' codec can't decode bytes in position 25-26: invalid continuation byte
2025-09-12T19:31:43: Exception in callback AppSession._on_scriptrunner_event.<locals>.<lambda>() at /usr/local/lib/python3.12/site-packages/streamlit/runtime/app_session.py:519
2025-09-12T19:31:43: handle: <Handle AppSession._on_scriptrunner_event.<locals>.<lambda>() at /usr/local/lib/python3.12/site-packages/streamlit/runtime/app_session.py:519>
2025-09-12T19:31:43: Traceback (most recent call last):
2025-09-12T19:31:43:   File "/usr/local/lib/python3.12/asyncio/events.py", line 88, in _run
2025-09-12T19:31:43:     self._context.run(self._callback, *self._args)
2025-09-12T19:31:43:   File "/usr/local/lib/python3.12/site-packages/streamlit/runtime/app_session.py", line 519, in <lambda>
2025-09-12T19:31:43:     lambda: self._handle_scriptrunner_event_on_event_loop(
2025-09-12T19:31:43:             ^^^^^^^^^^^^^^^^^^^^^^^^^^^^^^^^^^^^^^^^^^^^^^
2025-09-12T19:31:43:   File "/usr/local/lib/python3.12/site-packages/streamlit/runtime/app_session.py", line 616, in _handle_scriptrunner_event_on_event_loop
2025-09-12T19:31:43:     msg = self._create_new_session_message(
2025-09-12T19:31:43:           ^^^^^^^^^^^^^^^^^^^^^^^^^^^^^^^^^
2025-09-12T19:31:43:   File "/usr/local/lib/python3.12/site-packages/streamlit/runtime/app_session.py", line 750, in _create_new_session_message
2025-09-12T19:31:43:     _populate_user_info_msg(imsg.user_info)
2025-09-12T19:31:43:   File "/usr/local/lib/python3.12/site-packages/streamlit/runtime/app_session.py", line 1154, in _populate_user_info_msg
2025-09-12T19:31:43:     inst = Installation.instance()
2025-09-12T19:31:43:            ^^^^^^^^^^^^^^^^^^^^^^^
2025-09-12T19:31:43:   File "/usr/local/lib/python3.12/site-packages/streamlit/runtime/metrics_util.py", line 228, in instance
2025-09-12T19:31:43:     cls._instance = Installation()
2025-09-12T19:31:43:                     ^^^^^^^^^^^^^^
2025-09-12T19:31:43:   File "/usr/local/lib/python3.12/site-packages/streamlit/runtime/metrics_util.py", line 233, in __init__
2025-09-12T19:31:43:     uuid.uuid5(uuid.NAMESPACE_DNS, _get_machine_id_v3())
2025-09-12T19:31:43:                                    ^^^^^^^^^^^^^^^^^^^^
2025-09-12T19:31:43:   File "/usr/local/lib/python3.12/site-packages/streamlit/runtime/metrics_util.py", line 173, in _get_machine_id_v3
2025-09-12T19:31:43:     machine_id = f.read()
2025-09-12T19:31:43:                  ^^^^^^^^
2025-09-12T19:31:43:   File "<frozen codecs>", line 322, in decode
2025-09-12T19:31:43: UnicodeDecodeError: 'utf-8' codec can't decode bytes in position 25-26: invalid continuation byte
2025-09-12T19:31:43: Exception in callback AppSession._on_scriptrunner_event.<locals>.<lambda>() at /usr/local/lib/python3.12/site-packages/streamlit/runtime/app_session.py:519
2025-09-12T19:31:43: handle: <Handle AppSession._on_scriptrunner_event.<locals>.<lambda>() at /usr/local/lib/python3.12/site-packages/streamlit/runtime/app_session.py:519>
2025-09-12T19:31:43: Traceback (most recent call last):
2025-09-12T19:31:43:   File "/usr/local/lib/python3.12/asyncio/events.py", line 88, in _run
2025-09-12T19:31:43:     self._context.run(self._callback, *self._args)
2025-09-12T19:31:43:   File "/usr/local/lib/python3.12/site-packages/streamlit/runtime/app_session.py", line 519, in <lambda>
2025-09-12T19:31:43:     lambda: self._handle_scriptrunner_event_on_event_loop(
2025-09-12T19:31:43:             ^^^^^^^^^^^^^^^^^^^^^^^^^^^^^^^^^^^^^^^^^^^^^^
2025-09-12T19:31:43:   File "/usr/local/lib/python3.12/site-packages/streamlit/runtime/app_session.py", line 616, in _handle_scriptrunner_event_on_event_loop
2025-09-12T19:31:43:     msg = self._create_new_session_message(
2025-09-12T19:31:43:           ^^^^^^^^^^^^^^^^^^^^^^^^^^^^^^^^^
2025-09-12T19:31:43:   File "/usr/local/lib/python3.12/site-packages/streamlit/runtime/app_session.py", line 750, in _create_new_session_message
2025-09-12T19:31:43:     _populate_user_info_msg(imsg.user_info)
2025-09-12T19:31:43:   File "/usr/local/lib/python3.12/site-packages/streamlit/runtime/app_session.py", line 1154, in _populate_user_info_msg
2025-09-12T19:31:43:     inst = Installation.instance()
2025-09-12T19:31:43:            ^^^^^^^^^^^^^^^^^^^^^^^
2025-09-12T19:31:43:   File "/usr/local/lib/python3.12/site-packages/streamlit/runtime/metrics_util.py", line 228, in instance
2025-09-12T19:31:43:     cls._instance = Installation()
2025-09-12T19:31:43:                     ^^^^^^^^^^^^^^
2025-09-12T19:31:43:   File "/usr/local/lib/python3.12/site-packages/streamlit/runtime/metrics_util.py", line 233, in __init__
2025-09-12T19:31:43:     uuid.uuid5(uuid.NAMESPACE_DNS, _get_machine_id_v3())
2025-09-12T19:31:43:                                    ^^^^^^^^^^^^^^^^^^^^
2025-09-12T19:31:43:   File "/usr/local/lib/python3.12/site-packages/streamlit/runtime/metrics_util.py", line 173, in _get_machine_id_v3
2025-09-12T19:31:43:     machine_id = f.read()
2025-09-12T19:31:43:                  ^^^^^^^^
2025-09-12T19:31:43:   File "<frozen codecs>", line 322, in decode
2025-09-12T19:31:43: UnicodeDecodeError: 'utf-8' codec can't decode bytes in position 25-26: invalid continuation byte
2025-09-12T19:31:43: Exception in callback AppSession._on_scriptrunner_event.<locals>.<lambda>() at /usr/local/lib/python3.12/site-packages/streamlit/runtime/app_session.py:519
2025-09-12T19:31:43: handle: <Handle AppSession._on_scriptrunner_event.<locals>.<lambda>() at /usr/local/lib/python3.12/site-packages/streamlit/runtime/app_session.py:519>
2025-09-12T19:31:43: Traceback (most recent call last):
2025-09-12T19:31:43:   File "/usr/local/lib/python3.12/asyncio/events.py", line 88, in _run
2025-09-12T19:31:43:     self._context.run(self._callback, *self._args)
2025-09-12T19:31:43:   File "/usr/local/lib/python3.12/site-packages/streamlit/runtime/app_session.py", line 519, in <lambda>
2025-09-12T19:31:43:     lambda: self._handle_scriptrunner_event_on_event_loop(
2025-09-12T19:31:43:             ^^^^^^^^^^^^^^^^^^^^^^^^^^^^^^^^^^^^^^^^^^^^^^
2025-09-12T19:31:43:   File "/usr/local/lib/python3.12/site-packages/streamlit/runtime/app_session.py", line 616, in _handle_scriptrunner_event_on_event_loop
2025-09-12T19:31:43:     msg = self._create_new_session_message(
2025-09-12T19:31:43:           ^^^^^^^^^^^^^^^^^^^^^^^^^^^^^^^^^
2025-09-12T19:31:43:   File "/usr/local/lib/python3.12/site-packages/streamlit/runtime/app_session.py", line 750, in _create_new_session_message
2025-09-12T19:31:43:     _populate_user_info_msg(imsg.user_info)
2025-09-12T19:31:43:   File "/usr/local/lib/python3.12/site-packages/streamlit/runtime/app_session.py", line 1154, in _populate_user_info_msg
2025-09-12T19:31:43:     inst = Installation.instance()
2025-09-12T19:31:43:            ^^^^^^^^^^^^^^^^^^^^^^^
2025-09-12T19:31:43:   File "/usr/local/lib/python3.12/site-packages/streamlit/runtime/metrics_util.py", line 228, in instance
2025-09-12T19:31:43:     cls._instance = Installation()
2025-09-12T19:31:43:                     ^^^^^^^^^^^^^^
2025-09-12T19:31:43:   File "/usr/local/lib/python3.12/site-packages/streamlit/runtime/metrics_util.py", line 233, in __init__
2025-09-12T19:31:43:     uuid.uuid5(uuid.NAMESPACE_DNS, _get_machine_id_v3())
2025-09-12T19:31:43:                                    ^^^^^^^^^^^^^^^^^^^^
2025-09-12T19:31:43:   File "/usr/local/lib/python3.12/site-packages/streamlit/runtime/metrics_util.py", line 173, in _get_machine_id_v3
2025-09-12T19:31:43:     machine_id = f.read()
2025-09-12T19:31:43:                  ^^^^^^^^
2025-09-12T19:31:43:   File "<frozen codecs>", line 322, in decode
2025-09-12T19:31:43: UnicodeDecodeError: 'utf-8' codec can't decode bytes in position 25-26: invalid continuation byte
2025-09-12T19:31:44: 2025-09-12 19:31:44.905 Please replace `use_container_width` with `width`.
2025-09-12T19:31:44: 
2025-09-12T19:31:44: `use_container_width` will be removed after 2025-12-31.
2025-09-12T19:31:44: 
2025-09-12T19:31:44: For `use_container_width=True`, use `width='stretch'`. For `use_container_width=False`, use `width='content'`.
2025-09-12T19:31:44: 2025-09-12 19:31:44.914 Please replace `use_container_width` with `width`.
2025-09-12T19:31:44: 
2025-09-12T19:31:44: `use_container_width` will be removed after 2025-12-31.
2025-09-12T19:31:44: 
2025-09-12T19:31:44: For `use_container_width=True`, use `width='stretch'`. For `use_container_width=False`, use `width='content'`.
2025-09-12T19:31:45: 2025-09-12 19:31:45.177 Please replace `use_container_width` with `width`.
2025-09-12T19:31:45: 
2025-09-12T19:31:45: `use_container_width` will be removed after 2025-12-31.
2025-09-12T19:31:45: 
2025-09-12T19:31:45: For `use_container_width=True`, use `width='stretch'`. For `use_container_width=False`, use `width='content'`.
2025-09-12T19:31:45: 2025-09-12 19:31:45.185 Please replace `use_container_width` with `width`.
2025-09-12T19:31:45: 
2025-09-12T19:31:45: `use_container_width` will be removed after 2025-12-31.
2025-09-12T19:31:45: 
2025-09-12T19:31:45: For `use_container_width=True`, use `width='stretch'`. For `use_container_width=False`, use `width='content'`.
2025-09-12T19:32:04: Exception in callback AppSession._on_scriptrunner_event.<locals>.<lambda>() at /usr/local/lib/python3.12/site-packages/streamlit/runtime/app_session.py:519
2025-09-12T19:32:04: handle: <Handle AppSession._on_scriptrunner_event.<locals>.<lambda>() at /usr/local/lib/python3.12/site-packages/streamlit/runtime/app_session.py:519>
2025-09-12T19:32:04: Traceback (most recent call last):
2025-09-12T19:32:04:   File "/usr/local/lib/python3.12/asyncio/events.py", line 88, in _run
2025-09-12T19:32:04:     self._context.run(self._callback, *self._args)
2025-09-12T19:32:04:   File "/usr/local/lib/python3.12/site-packages/streamlit/runtime/app_session.py", line 519, in <lambda>
2025-09-12T19:32:04:     lambda: self._handle_scriptrunner_event_on_event_loop(
2025-09-12T19:32:04:             ^^^^^^^^^^^^^^^^^^^^^^^^^^^^^^^^^^^^^^^^^^^^^^
2025-09-12T19:32:04:   File "/usr/local/lib/python3.12/site-packages/streamlit/runtime/app_session.py", line 616, in _handle_scriptrunner_event_on_event_loop
2025-09-12T19:32:04:     msg = self._create_new_session_message(
2025-09-12T19:32:04:           ^^^^^^^^^^^^^^^^^^^^^^^^^^^^^^^^^
2025-09-12T19:32:04:   File "/usr/local/lib/python3.12/site-packages/streamlit/runtime/app_session.py", line 750, in _create_new_session_message
2025-09-12T19:32:04:     _populate_user_info_msg(imsg.user_info)
2025-09-12T19:32:04:   File "/usr/local/lib/python3.12/site-packages/streamlit/runtime/app_session.py", line 1154, in _populate_user_info_msg
2025-09-12T19:32:04:     inst = Installation.instance()
2025-09-12T19:32:04:            ^^^^^^^^^^^^^^^^^^^^^^^
2025-09-12T19:32:04:   File "/usr/local/lib/python3.12/site-packages/streamlit/runtime/metrics_util.py", line 228, in instance
2025-09-12T19:32:04:     cls._instance = Installation()
2025-09-12T19:32:04:                     ^^^^^^^^^^^^^^
2025-09-12T19:32:04:   File "/usr/local/lib/python3.12/site-packages/streamlit/runtime/metrics_util.py", line 233, in __init__
2025-09-12T19:32:04:     uuid.uuid5(uuid.NAMESPACE_DNS, _get_machine_id_v3())
2025-09-12T19:32:04:                                    ^^^^^^^^^^^^^^^^^^^^
2025-09-12T19:32:04:   File "/usr/local/lib/python3.12/site-packages/streamlit/runtime/metrics_util.py", line 173, in _get_machine_id_v3
2025-09-12T19:32:04:     machine_id = f.read()
2025-09-12T19:32:04:                  ^^^^^^^^
2025-09-12T19:32:04:   File "<frozen codecs>", line 322, in decode
2025-09-12T19:32:04: UnicodeDecodeError: 'utf-8' codec can't decode bytes in position 25-26: invalid continuation byte
2025-09-12T19:32:04: Exception in callback AppSession._on_scriptrunner_event.<locals>.<lambda>() at /usr/local/lib/python3.12/site-packages/streamlit/runtime/app_session.py:519
2025-09-12T19:32:04: handle: <Handle AppSession._on_scriptrunner_event.<locals>.<lambda>() at /usr/local/lib/python3.12/site-packages/streamlit/runtime/app_session.py:519>
2025-09-12T19:32:04: Traceback (most recent call last):
2025-09-12T19:32:04:   File "/usr/local/lib/python3.12/asyncio/events.py", line 88, in _run
2025-09-12T19:32:04:     self._context.run(self._callback, *self._args)
2025-09-12T19:32:04:   File "/usr/local/lib/python3.12/site-packages/streamlit/runtime/app_session.py", line 519, in <lambda>
2025-09-12T19:32:04:     lambda: self._handle_scriptrunner_event_on_event_loop(
2025-09-12T19:32:04:             ^^^^^^^^^^^^^^^^^^^^^^^^^^^^^^^^^^^^^^^^^^^^^^
2025-09-12T19:32:04:   File "/usr/local/lib/python3.12/site-packages/streamlit/runtime/app_session.py", line 616, in _handle_scriptrunner_event_on_event_loop
2025-09-12T19:32:04:     msg = self._create_new_session_message(
2025-09-12T19:32:04:           ^^^^^^^^^^^^^^^^^^^^^^^^^^^^^^^^^
2025-09-12T19:32:04:   File "/usr/local/lib/python3.12/site-packages/streamlit/runtime/app_session.py", line 750, in _create_new_session_message
2025-09-12T19:32:04:     _populate_user_info_msg(imsg.user_info)
2025-09-12T19:32:04:   File "/usr/local/lib/python3.12/site-packages/streamlit/runtime/app_session.py", line 1154, in _populate_user_info_msg
2025-09-12T19:32:04:     inst = Installation.instance()
2025-09-12T19:32:04:            ^^^^^^^^^^^^^^^^^^^^^^^
2025-09-12T19:32:04:   File "/usr/local/lib/python3.12/site-packages/streamlit/runtime/metrics_util.py", line 228, in instance
2025-09-12T19:32:04:     cls._instance = Installation()
2025-09-12T19:32:04:                     ^^^^^^^^^^^^^^
2025-09-12T19:32:04:   File "/usr/local/lib/python3.12/site-packages/streamlit/runtime/metrics_util.py", line 233, in __init__
2025-09-12T19:32:04:     uuid.uuid5(uuid.NAMESPACE_DNS, _get_machine_id_v3())
2025-09-12T19:32:04:                                    ^^^^^^^^^^^^^^^^^^^^
2025-09-12T19:32:04:   File "/usr/local/lib/python3.12/site-packages/streamlit/runtime/metrics_util.py", line 173, in _get_machine_id_v3
2025-09-12T19:32:04:     machine_id = f.read()
2025-09-12T19:32:04:                  ^^^^^^^^
2025-09-12T19:32:04:   File "<frozen codecs>", line 322, in decode
2025-09-12T19:32:04: UnicodeDecodeError: 'utf-8' codec can't decode bytes in position 25-26: invalid continuation byte
2025-09-12T19:32:04: Exception in callback AppSession._on_scriptrunner_event.<locals>.<lambda>() at /usr/local/lib/python3.12/site-packages/streamlit/runtime/app_session.py:519
2025-09-12T19:32:04: handle: <Handle AppSession._on_scriptrunner_event.<locals>.<lambda>() at /usr/local/lib/python3.12/site-packages/streamlit/runtime/app_session.py:519>
2025-09-12T19:32:04: Traceback (most recent call last):
2025-09-12T19:32:04:   File "/usr/local/lib/python3.12/asyncio/events.py", line 88, in _run
2025-09-12T19:32:04:     self._context.run(self._callback, *self._args)
2025-09-12T19:32:04:   File "/usr/local/lib/python3.12/site-packages/streamlit/runtime/app_session.py", line 519, in <lambda>
2025-09-12T19:32:04:     lambda: self._handle_scriptrunner_event_on_event_loop(
2025-09-12T19:32:04:             ^^^^^^^^^^^^^^^^^^^^^^^^^^^^^^^^^^^^^^^^^^^^^^
2025-09-12T19:32:04:   File "/usr/local/lib/python3.12/site-packages/streamlit/runtime/app_session.py", line 616, in _handle_scriptrunner_event_on_event_loop
2025-09-12T19:32:04:     msg = self._create_new_session_message(
2025-09-12T19:32:04:           ^^^^^^^^^^^^^^^^^^^^^^^^^^^^^^^^^
2025-09-12T19:32:04:   File "/usr/local/lib/python3.12/site-packages/streamlit/runtime/app_session.py", line 750, in _create_new_session_message
2025-09-12T19:32:04:     _populate_user_info_msg(imsg.user_info)
2025-09-12T19:32:04:   File "/usr/local/lib/python3.12/site-packages/streamlit/runtime/app_session.py", line 1154, in _populate_user_info_msg
2025-09-12T19:32:04:     inst = Installation.instance()
2025-09-12T19:32:04:            ^^^^^^^^^^^^^^^^^^^^^^^
2025-09-12T19:32:04:   File "/usr/local/lib/python3.12/site-packages/streamlit/runtime/metrics_util.py", line 228, in instance
2025-09-12T19:32:04:     cls._instance = Installation()
2025-09-12T19:32:04:                     ^^^^^^^^^^^^^^
2025-09-12T19:32:04:   File "/usr/local/lib/python3.12/site-packages/streamlit/runtime/metrics_util.py", line 233, in __init__
2025-09-12T19:32:04:     uuid.uuid5(uuid.NAMESPACE_DNS, _get_machine_id_v3())
2025-09-12T19:32:04:                                    ^^^^^^^^^^^^^^^^^^^^
2025-09-12T19:32:04:   File "/usr/local/lib/python3.12/site-packages/streamlit/runtime/metrics_util.py", line 173, in _get_machine_id_v3
2025-09-12T19:32:04:     machine_id = f.read()
2025-09-12T19:32:04:                  ^^^^^^^^
2025-09-12T19:32:04:   File "<frozen codecs>", line 322, in decode
2025-09-12T19:32:04: UnicodeDecodeError: 'utf-8' codec can't decode bytes in position 25-26: invalid continuation byte
2025-09-12T19:32:04: Exception in callback AppSession._on_scriptrunner_event.<locals>.<lambda>() at /usr/local/lib/python3.12/site-packages/streamlit/runtime/app_session.py:519
2025-09-12T19:32:04: handle: <Handle AppSession._on_scriptrunner_event.<locals>.<lambda>() at /usr/local/lib/python3.12/site-packages/streamlit/runtime/app_session.py:519>
2025-09-12T19:32:04: Traceback (most recent call last):
2025-09-12T19:32:04:   File "/usr/local/lib/python3.12/asyncio/events.py", line 88, in _run
2025-09-12T19:32:04:     self._context.run(self._callback, *self._args)
2025-09-12T19:32:04:   File "/usr/local/lib/python3.12/site-packages/streamlit/runtime/app_session.py", line 519, in <lambda>
2025-09-12T19:32:04:     lambda: self._handle_scriptrunner_event_on_event_loop(
2025-09-12T19:32:04:             ^^^^^^^^^^^^^^^^^^^^^^^^^^^^^^^^^^^^^^^^^^^^^^
2025-09-12T19:32:04:   File "/usr/local/lib/python3.12/site-packages/streamlit/runtime/app_session.py", line 616, in _handle_scriptrunner_event_on_event_loop
2025-09-12T19:32:04:     msg = self._create_new_session_message(
2025-09-12T19:32:04:           ^^^^^^^^^^^^^^^^^^^^^^^^^^^^^^^^^
2025-09-12T19:32:04:   File "/usr/local/lib/python3.12/site-packages/streamlit/runtime/app_session.py", line 750, in _create_new_session_message
2025-09-12T19:32:04:     _populate_user_info_msg(imsg.user_info)
2025-09-12T19:32:04:   File "/usr/local/lib/python3.12/site-packages/streamlit/runtime/app_session.py", line 1154, in _populate_user_info_msg
2025-09-12T19:32:04:     inst = Installation.instance()
2025-09-12T19:32:04:            ^^^^^^^^^^^^^^^^^^^^^^^
2025-09-12T19:32:04:   File "/usr/local/lib/python3.12/site-packages/streamlit/runtime/metrics_util.py", line 228, in instance
2025-09-12T19:32:04:     cls._instance = Installation()
2025-09-12T19:32:04:                     ^^^^^^^^^^^^^^
2025-09-12T19:32:04:   File "/usr/local/lib/python3.12/site-packages/streamlit/runtime/metrics_util.py", line 233, in __init__
2025-09-12T19:32:04:     uuid.uuid5(uuid.NAMESPACE_DNS, _get_machine_id_v3())
2025-09-12T19:32:04:                                    ^^^^^^^^^^^^^^^^^^^^
2025-09-12T19:32:04:   File "/usr/local/lib/python3.12/site-packages/streamlit/runtime/metrics_util.py", line 173, in _get_machine_id_v3
2025-09-12T19:32:04:     machine_id = f.read()
2025-09-12T19:32:04:                  ^^^^^^^^
2025-09-12T19:32:04:   File "<frozen codecs>", line 322, in decode
2025-09-12T19:32:04: UnicodeDecodeError: 'utf-8' codec can't decode bytes in position 25-26: invalid continuation byte
2025-09-12T19:32:05: 2025-09-12 19:32:05.626 Please replace `use_container_width` with `width`.
2025-09-12T19:32:05: 
2025-09-12T19:32:05: `use_container_width` will be removed after 2025-12-31.
2025-09-12T19:32:05: 
2025-09-12T19:32:05: For `use_container_width=True`, use `width='stretch'`. For `use_container_width=False`, use `width='content'`.
2025-09-12T19:32:05: 2025-09-12 19:32:05.637 Please replace `use_container_width` with `width`.
2025-09-12T19:32:05: 
2025-09-12T19:32:05: `use_container_width` will be removed after 2025-12-31.
2025-09-12T19:32:05: 
2025-09-12T19:32:05: For `use_container_width=True`, use `width='stretch'`. For `use_container_width=False`, use `width='content'`.
2025-09-12T19:32:05: 2025-09-12 19:32:05.927 Please replace `use_container_width` with `width`.
2025-09-12T19:32:05: 
2025-09-12T19:32:05: `use_container_width` will be removed after 2025-12-31.
2025-09-12T19:32:05: 
2025-09-12T19:32:05: For `use_container_width=True`, use `width='stretch'`. For `use_container_width=False`, use `width='content'`.
2025-09-12T19:32:05: 2025-09-12 19:32:05.933 Please replace `use_container_width` with `width`.
2025-09-12T19:32:05: 
2025-09-12T19:32:05: `use_container_width` will be removed after 2025-12-31.
2025-09-12T19:32:05: 
2025-09-12T19:32:05: For `use_container_width=True`, use `width='stretch'`. For `use_container_width=False`, use `width='content'`.
2025-09-12T19:32:11: Exception in callback AppSession._on_scriptrunner_event.<locals>.<lambda>() at /usr/local/lib/python3.12/site-packages/streamlit/runtime/app_session.py:519
2025-09-12T19:32:11: handle: <Handle AppSession._on_scriptrunner_event.<locals>.<lambda>() at /usr/local/lib/python3.12/site-packages/streamlit/runtime/app_session.py:519>
2025-09-12T19:32:11: Traceback (most recent call last):
2025-09-12T19:32:11:   File "/usr/local/lib/python3.12/asyncio/events.py", line 88, in _run
2025-09-12T19:32:11:     self._context.run(self._callback, *self._args)
2025-09-12T19:32:11:   File "/usr/local/lib/python3.12/site-packages/streamlit/runtime/app_session.py", line 519, in <lambda>
2025-09-12T19:32:11:     lambda: self._handle_scriptrunner_event_on_event_loop(
2025-09-12T19:32:11:             ^^^^^^^^^^^^^^^^^^^^^^^^^^^^^^^^^^^^^^^^^^^^^^
2025-09-12T19:32:11:   File "/usr/local/lib/python3.12/site-packages/streamlit/runtime/app_session.py", line 616, in _handle_scriptrunner_event_on_event_loop
2025-09-12T19:32:11:     msg = self._create_new_session_message(
2025-09-12T19:32:11:           ^^^^^^^^^^^^^^^^^^^^^^^^^^^^^^^^^
2025-09-12T19:32:11:   File "/usr/local/lib/python3.12/site-packages/streamlit/runtime/app_session.py", line 750, in _create_new_session_message
2025-09-12T19:32:11:     _populate_user_info_msg(imsg.user_info)
2025-09-12T19:32:11:   File "/usr/local/lib/python3.12/site-packages/streamlit/runtime/app_session.py", line 1154, in _populate_user_info_msg
2025-09-12T19:32:11:     inst = Installation.instance()
2025-09-12T19:32:11:            ^^^^^^^^^^^^^^^^^^^^^^^
2025-09-12T19:32:11:   File "/usr/local/lib/python3.12/site-packages/streamlit/runtime/metrics_util.py", line 228, in instance
2025-09-12T19:32:11:     cls._instance = Installation()
2025-09-12T19:32:11:                     ^^^^^^^^^^^^^^
2025-09-12T19:32:11:   File "/usr/local/lib/python3.12/site-packages/streamlit/runtime/metrics_util.py", line 233, in __init__
2025-09-12T19:32:11:     uuid.uuid5(uuid.NAMESPACE_DNS, _get_machine_id_v3())
2025-09-12T19:32:11:                                    ^^^^^^^^^^^^^^^^^^^^
2025-09-12T19:32:11:   File "/usr/local/lib/python3.12/site-packages/streamlit/runtime/metrics_util.py", line 173, in _get_machine_id_v3
2025-09-12T19:32:11:     machine_id = f.read()
2025-09-12T19:32:11:                  ^^^^^^^^
2025-09-12T19:32:11:   File "<frozen codecs>", line 322, in decode
2025-09-12T19:32:11: UnicodeDecodeError: 'utf-8' codec can't decode bytes in position 25-26: invalid continuation byte
2025-09-12T19:32:11: Exception in callback AppSession._on_scriptrunner_event.<locals>.<lambda>() at /usr/local/lib/python3.12/site-packages/streamlit/runtime/app_session.py:519
2025-09-12T19:32:11: handle: <Handle AppSession._on_scriptrunner_event.<locals>.<lambda>() at /usr/local/lib/python3.12/site-packages/streamlit/runtime/app_session.py:519>
2025-09-12T19:32:11: Traceback (most recent call last):
2025-09-12T19:32:11:   File "/usr/local/lib/python3.12/asyncio/events.py", line 88, in _run
2025-09-12T19:32:11:     self._context.run(self._callback, *self._args)
2025-09-12T19:32:11:   File "/usr/local/lib/python3.12/site-packages/streamlit/runtime/app_session.py", line 519, in <lambda>
2025-09-12T19:32:11:     lambda: self._handle_scriptrunner_event_on_event_loop(
2025-09-12T19:32:11:             ^^^^^^^^^^^^^^^^^^^^^^^^^^^^^^^^^^^^^^^^^^^^^^
2025-09-12T19:32:11:   File "/usr/local/lib/python3.12/site-packages/streamlit/runtime/app_session.py", line 616, in _handle_scriptrunner_event_on_event_loop
2025-09-12T19:32:11:     msg = self._create_new_session_message(
2025-09-12T19:32:11:           ^^^^^^^^^^^^^^^^^^^^^^^^^^^^^^^^^
2025-09-12T19:32:11:   File "/usr/local/lib/python3.12/site-packages/streamlit/runtime/app_session.py", line 750, in _create_new_session_message
2025-09-12T19:32:11:     _populate_user_info_msg(imsg.user_info)
2025-09-12T19:32:11:   File "/usr/local/lib/python3.12/site-packages/streamlit/runtime/app_session.py", line 1154, in _populate_user_info_msg
2025-09-12T19:32:11:     inst = Installation.instance()
2025-09-12T19:32:11:            ^^^^^^^^^^^^^^^^^^^^^^^
2025-09-12T19:32:11:   File "/usr/local/lib/python3.12/site-packages/streamlit/runtime/metrics_util.py", line 228, in instance
2025-09-12T19:32:11:     cls._instance = Installation()
2025-09-12T19:32:11:                     ^^^^^^^^^^^^^^
2025-09-12T19:32:11:   File "/usr/local/lib/python3.12/site-packages/streamlit/runtime/metrics_util.py", line 233, in __init__
2025-09-12T19:32:11:     uuid.uuid5(uuid.NAMESPACE_DNS, _get_machine_id_v3())
2025-09-12T19:32:11:                                    ^^^^^^^^^^^^^^^^^^^^
2025-09-12T19:32:11:   File "/usr/local/lib/python3.12/site-packages/streamlit/runtime/metrics_util.py", line 173, in _get_machine_id_v3
2025-09-12T19:32:11:     machine_id = f.read()
2025-09-12T19:32:11:                  ^^^^^^^^
2025-09-12T19:32:11:   File "<frozen codecs>", line 322, in decode
2025-09-12T19:32:11: UnicodeDecodeError: 'utf-8' codec can't decode bytes in position 25-26: invalid continuation byte
2025-09-12T19:32:16: 2025-09-12 19:32:16.490 Please replace `use_container_width` with `width`.
2025-09-12T19:32:16: 
2025-09-12T19:32:16: `use_container_width` will be removed after 2025-12-31.
2025-09-12T19:32:16: 
2025-09-12T19:32:16: For `use_container_width=True`, use `width='stretch'`. For `use_container_width=False`, use `width='content'`.
2025-09-12T19:32:16: 2025-09-12 19:32:16.506 Please replace `use_container_width` with `width`.
2025-09-12T19:32:16: 
2025-09-12T19:32:16: `use_container_width` will be removed after 2025-12-31.
2025-09-12T19:32:16: 
2025-09-12T19:32:16: For `use_container_width=True`, use `width='stretch'`. For `use_container_width=False`, use `width='content'`.
2025-09-12T19:32:17: 2025-09-12 19:32:17.372 Please replace `use_container_width` with `width`.
2025-09-12T19:32:17: 
2025-09-12T19:32:17: `use_container_width` will be removed after 2025-12-31.
2025-09-12T19:32:17: 
2025-09-12T19:32:17: For `use_container_width=True`, use `width='stretch'`. For `use_container_width=False`, use `width='content'`.
2025-09-12T19:32:17: 2025-09-12 19:32:17.379 Please replace `use_container_width` with `width`.
2025-09-12T19:32:17: 
2025-09-12T19:32:17: `use_container_width` will be removed after 2025-12-31.
2025-09-12T19:32:17: 
2025-09-12T19:32:17: For `use_container_width=True`, use `width='stretch'`. For `use_container_width=False`, use `width='content'`.
2025-09-12T19:33:08: Exception in callback AppSession._on_scriptrunner_event.<locals>.<lambda>() at /usr/local/lib/python3.12/site-packages/streamlit/runtime/app_session.py:519
2025-09-12T19:33:08: handle: <Handle AppSession._on_scriptrunner_event.<locals>.<lambda>() at /usr/local/lib/python3.12/site-packages/streamlit/runtime/app_session.py:519>
2025-09-12T19:33:08: Traceback (most recent call last):
2025-09-12T19:33:08:   File "/usr/local/lib/python3.12/asyncio/events.py", line 88, in _run
2025-09-12T19:33:08:     self._context.run(self._callback, *self._args)
2025-09-12T19:33:08:   File "/usr/local/lib/python3.12/site-packages/streamlit/runtime/app_session.py", line 519, in <lambda>
2025-09-12T19:33:08:     lambda: self._handle_scriptrunner_event_on_event_loop(
2025-09-12T19:33:08:             ^^^^^^^^^^^^^^^^^^^^^^^^^^^^^^^^^^^^^^^^^^^^^^
2025-09-12T19:33:08:   File "/usr/local/lib/python3.12/site-packages/streamlit/runtime/app_session.py", line 616, in _handle_scriptrunner_event_on_event_loop
2025-09-12T19:33:08:     msg = self._create_new_session_message(
2025-09-12T19:33:08:           ^^^^^^^^^^^^^^^^^^^^^^^^^^^^^^^^^
2025-09-12T19:33:08:   File "/usr/local/lib/python3.12/site-packages/streamlit/runtime/app_session.py", line 750, in _create_new_session_message
2025-09-12T19:33:08:     _populate_user_info_msg(imsg.user_info)
2025-09-12T19:33:08:   File "/usr/local/lib/python3.12/site-packages/streamlit/runtime/app_session.py", line 1154, in _populate_user_info_msg
2025-09-12T19:33:08:     inst = Installation.instance()
2025-09-12T19:33:08:            ^^^^^^^^^^^^^^^^^^^^^^^
2025-09-12T19:33:08:   File "/usr/local/lib/python3.12/site-packages/streamlit/runtime/metrics_util.py", line 228, in instance
2025-09-12T19:33:08:     cls._instance = Installation()
2025-09-12T19:33:08:                     ^^^^^^^^^^^^^^
2025-09-12T19:33:08:   File "/usr/local/lib/python3.12/site-packages/streamlit/runtime/metrics_util.py", line 233, in __init__
2025-09-12T19:33:08:     uuid.uuid5(uuid.NAMESPACE_DNS, _get_machine_id_v3())
2025-09-12T19:33:08:                                    ^^^^^^^^^^^^^^^^^^^^
2025-09-12T19:33:08:   File "/usr/local/lib/python3.12/site-packages/streamlit/runtime/metrics_util.py", line 173, in _get_machine_id_v3
2025-09-12T19:33:08:     machine_id = f.read()
2025-09-12T19:33:08:                  ^^^^^^^^
2025-09-12T19:33:08:   File "<frozen codecs>", line 322, in decode
2025-09-12T19:33:08: UnicodeDecodeError: 'utf-8' codec can't decode bytes in position 25-26: invalid continuation byte
2025-09-12T19:33:08: 2025-09-12 19:33:08.532 Please replace `use_container_width` with `width`.
2025-09-12T19:33:08: 
2025-09-12T19:33:08: `use_container_width` will be removed after 2025-12-31.
2025-09-12T19:33:08: 
2025-09-12T19:33:08: For `use_container_width=True`, use `width='stretch'`. For `use_container_width=False`, use `width='content'`.
2025-09-12T19:33:08: 2025-09-12 19:33:08.548 Please replace `use_container_width` with `width`.
2025-09-12T19:33:08: 
2025-09-12T19:33:08: `use_container_width` will be removed after 2025-12-31.
2025-09-12T19:33:08: 
2025-09-12T19:33:08: For `use_container_width=True`, use `width='stretch'`. For `use_container_width=False`, use `width='content'`.
2025-09-12T19:34:56: Exception in callback AppSession._on_scriptrunner_event.<locals>.<lambda>() at /usr/local/lib/python3.12/site-packages/streamlit/runtime/app_session.py:519
2025-09-12T19:34:56: handle: <Handle AppSession._on_scriptrunner_event.<locals>.<lambda>() at /usr/local/lib/python3.12/site-packages/streamlit/runtime/app_session.py:519>
2025-09-12T19:34:56: Traceback (most recent call last):
2025-09-12T19:34:56:   File "/usr/local/lib/python3.12/asyncio/events.py", line 88, in _run
2025-09-12T19:34:56:     self._context.run(self._callback, *self._args)
2025-09-12T19:34:56:   File "/usr/local/lib/python3.12/site-packages/streamlit/runtime/app_session.py", line 519, in <lambda>
2025-09-12T19:34:56:     lambda: self._handle_scriptrunner_event_on_event_loop(
2025-09-12T19:34:56:             ^^^^^^^^^^^^^^^^^^^^^^^^^^^^^^^^^^^^^^^^^^^^^^
2025-09-12T19:34:56:   File "/usr/local/lib/python3.12/site-packages/streamlit/runtime/app_session.py", line 616, in _handle_scriptrunner_event_on_event_loop
2025-09-12T19:34:56:     msg = self._create_new_session_message(
2025-09-12T19:34:56:           ^^^^^^^^^^^^^^^^^^^^^^^^^^^^^^^^^
2025-09-12T19:34:56:   File "/usr/local/lib/python3.12/site-packages/streamlit/runtime/app_session.py", line 750, in _create_new_session_message
2025-09-12T19:34:56:     _populate_user_info_msg(imsg.user_info)
2025-09-12T19:34:56:   File "/usr/local/lib/python3.12/site-packages/streamlit/runtime/app_session.py", line 1154, in _populate_user_info_msg
2025-09-12T19:34:56:     inst = Installation.instance()
2025-09-12T19:34:56:            ^^^^^^^^^^^^^^^^^^^^^^^
2025-09-12T19:34:56:   File "/usr/local/lib/python3.12/site-packages/streamlit/runtime/metrics_util.py", line 228, in instance
2025-09-12T19:34:56:     cls._instance = Installation()
2025-09-12T19:34:56:                     ^^^^^^^^^^^^^^
2025-09-12T19:34:56:   File "/usr/local/lib/python3.12/site-packages/streamlit/runtime/metrics_util.py", line 233, in __init__
2025-09-12T19:34:56:     uuid.uuid5(uuid.NAMESPACE_DNS, _get_machine_id_v3())
2025-09-12T19:34:56:                                    ^^^^^^^^^^^^^^^^^^^^
2025-09-12T19:34:56:   File "/usr/local/lib/python3.12/site-packages/streamlit/runtime/metrics_util.py", line 173, in _get_machine_id_v3
2025-09-12T19:34:56:     machine_id = f.read()
2025-09-12T19:34:56:                  ^^^^^^^^
2025-09-12T19:34:56:   File "<frozen codecs>", line 322, in decode
2025-09-12T19:34:56: UnicodeDecodeError: 'utf-8' codec can't decode bytes in position 25-26: invalid continuation byte
2025-09-12T19:34:56: Exception in callback AppSession._on_scriptrunner_event.<locals>.<lambda>() at /usr/local/lib/python3.12/site-packages/streamlit/runtime/app_session.py:519
2025-09-12T19:34:56: handle: <Handle AppSession._on_scriptrunner_event.<locals>.<lambda>() at /usr/local/lib/python3.12/site-packages/streamlit/runtime/app_session.py:519>
2025-09-12T19:34:56: Traceback (most recent call last):
2025-09-12T19:34:56:   File "/usr/local/lib/python3.12/asyncio/events.py", line 88, in _run
2025-09-12T19:34:56:     self._context.run(self._callback, *self._args)
2025-09-12T19:34:56:   File "/usr/local/lib/python3.12/site-packages/streamlit/runtime/app_session.py", line 519, in <lambda>
2025-09-12T19:34:56:     lambda: self._handle_scriptrunner_event_on_event_loop(
2025-09-12T19:34:56:             ^^^^^^^^^^^^^^^^^^^^^^^^^^^^^^^^^^^^^^^^^^^^^^
2025-09-12T19:34:56:   File "/usr/local/lib/python3.12/site-packages/streamlit/runtime/app_session.py", line 616, in _handle_scriptrunner_event_on_event_loop
2025-09-12T19:34:56:     msg = self._create_new_session_message(
2025-09-12T19:34:56:           ^^^^^^^^^^^^^^^^^^^^^^^^^^^^^^^^^
2025-09-12T19:34:56:   File "/usr/local/lib/python3.12/site-packages/streamlit/runtime/app_session.py", line 750, in _create_new_session_message
2025-09-12T19:34:56:     _populate_user_info_msg(imsg.user_info)
2025-09-12T19:34:56:   File "/usr/local/lib/python3.12/site-packages/streamlit/runtime/app_session.py", line 1154, in _populate_user_info_msg
2025-09-12T19:34:56:     inst = Installation.instance()
2025-09-12T19:34:56:            ^^^^^^^^^^^^^^^^^^^^^^^
2025-09-12T19:34:56:   File "/usr/local/lib/python3.12/site-packages/streamlit/runtime/metrics_util.py", line 228, in instance
2025-09-12T19:34:56:     cls._instance = Installation()
2025-09-12T19:34:56:                     ^^^^^^^^^^^^^^
2025-09-12T19:34:56:   File "/usr/local/lib/python3.12/site-packages/streamlit/runtime/metrics_util.py", line 233, in __init__
2025-09-12T19:34:56:     uuid.uuid5(uuid.NAMESPACE_DNS, _get_machine_id_v3())
2025-09-12T19:34:56:                                    ^^^^^^^^^^^^^^^^^^^^
2025-09-12T19:34:56:   File "/usr/local/lib/python3.12/site-packages/streamlit/runtime/metrics_util.py", line 173, in _get_machine_id_v3
2025-09-12T19:34:56:     machine_id = f.read()
2025-09-12T19:34:56:                  ^^^^^^^^
2025-09-12T19:34:56:   File "<frozen codecs>", line 322, in decode
2025-09-12T19:34:56: UnicodeDecodeError: 'utf-8' codec can't decode bytes in position 25-26: invalid continuation byte
2025-09-12T19:34:56: Exception in callback AppSession._on_scriptrunner_event.<locals>.<lambda>() at /usr/local/lib/python3.12/site-packages/streamlit/runtime/app_session.py:519
2025-09-12T19:34:56: handle: <Handle AppSession._on_scriptrunner_event.<locals>.<lambda>() at /usr/local/lib/python3.12/site-packages/streamlit/runtime/app_session.py:519>
2025-09-12T19:34:56: Traceback (most recent call last):
2025-09-12T19:34:56:   File "/usr/local/lib/python3.12/asyncio/events.py", line 88, in _run
2025-09-12T19:34:56:     self._context.run(self._callback, *self._args)
2025-09-12T19:34:56:   File "/usr/local/lib/python3.12/site-packages/streamlit/runtime/app_session.py", line 519, in <lambda>
2025-09-12T19:34:56:     lambda: self._handle_scriptrunner_event_on_event_loop(
2025-09-12T19:34:56:             ^^^^^^^^^^^^^^^^^^^^^^^^^^^^^^^^^^^^^^^^^^^^^^
2025-09-12T19:34:56:   File "/usr/local/lib/python3.12/site-packages/streamlit/runtime/app_session.py", line 616, in _handle_scriptrunner_event_on_event_loop
2025-09-12T19:34:56:     msg = self._create_new_session_message(
2025-09-12T19:34:56:           ^^^^^^^^^^^^^^^^^^^^^^^^^^^^^^^^^
2025-09-12T19:34:56:   File "/usr/local/lib/python3.12/site-packages/streamlit/runtime/app_session.py", line 750, in _create_new_session_message
2025-09-12T19:34:56:     _populate_user_info_msg(imsg.user_info)
2025-09-12T19:34:56:   File "/usr/local/lib/python3.12/site-packages/streamlit/runtime/app_session.py", line 1154, in _populate_user_info_msg
2025-09-12T19:34:56:     inst = Installation.instance()
2025-09-12T19:34:56:            ^^^^^^^^^^^^^^^^^^^^^^^
2025-09-12T19:34:56:   File "/usr/local/lib/python3.12/site-packages/streamlit/runtime/metrics_util.py", line 228, in instance
2025-09-12T19:34:56:     cls._instance = Installation()
2025-09-12T19:34:56:                     ^^^^^^^^^^^^^^
2025-09-12T19:34:56:   File "/usr/local/lib/python3.12/site-packages/streamlit/runtime/metrics_util.py", line 233, in __init__
2025-09-12T19:34:56:     uuid.uuid5(uuid.NAMESPACE_DNS, _get_machine_id_v3())
2025-09-12T19:34:56:                                    ^^^^^^^^^^^^^^^^^^^^
2025-09-12T19:34:56:   File "/usr/local/lib/python3.12/site-packages/streamlit/runtime/metrics_util.py", line 173, in _get_machine_id_v3
2025-09-12T19:34:56:     machine_id = f.read()
2025-09-12T19:34:56:                  ^^^^^^^^
2025-09-12T19:34:56:   File "<frozen codecs>", line 322, in decode
2025-09-12T19:34:56: UnicodeDecodeError: 'utf-8' codec can't decode bytes in position 25-26: invalid continuation byte
2025-09-12T19:34:56: Exception in callback AppSession._on_scriptrunner_event.<locals>.<lambda>() at /usr/local/lib/python3.12/site-packages/streamlit/runtime/app_session.py:519
2025-09-12T19:34:56: handle: <Handle AppSession._on_scriptrunner_event.<locals>.<lambda>() at /usr/local/lib/python3.12/site-packages/streamlit/runtime/app_session.py:519>
2025-09-12T19:34:56: Traceback (most recent call last):
2025-09-12T19:34:56:   File "/usr/local/lib/python3.12/asyncio/events.py", line 88, in _run
2025-09-12T19:34:56:     self._context.run(self._callback, *self._args)
2025-09-12T19:34:56:   File "/usr/local/lib/python3.12/site-packages/streamlit/runtime/app_session.py", line 519, in <lambda>
2025-09-12T19:34:56:     lambda: self._handle_scriptrunner_event_on_event_loop(
2025-09-12T19:34:56:             ^^^^^^^^^^^^^^^^^^^^^^^^^^^^^^^^^^^^^^^^^^^^^^
2025-09-12T19:34:56:   File "/usr/local/lib/python3.12/site-packages/streamlit/runtime/app_session.py", line 616, in _handle_scriptrunner_event_on_event_loop
2025-09-12T19:34:56:     msg = self._create_new_session_message(
2025-09-12T19:34:56:           ^^^^^^^^^^^^^^^^^^^^^^^^^^^^^^^^^
2025-09-12T19:34:56:   File "/usr/local/lib/python3.12/site-packages/streamlit/runtime/app_session.py", line 750, in _create_new_session_message
2025-09-12T19:34:56:     _populate_user_info_msg(imsg.user_info)
2025-09-12T19:34:56:   File "/usr/local/lib/python3.12/site-packages/streamlit/runtime/app_session.py", line 1154, in _populate_user_info_msg
2025-09-12T19:34:56:     inst = Installation.instance()
2025-09-12T19:34:56:            ^^^^^^^^^^^^^^^^^^^^^^^
2025-09-12T19:34:56:   File "/usr/local/lib/python3.12/site-packages/streamlit/runtime/metrics_util.py", line 228, in instance
2025-09-12T19:34:56:     cls._instance = Installation()
2025-09-12T19:34:56:                     ^^^^^^^^^^^^^^
2025-09-12T19:34:56:   File "/usr/local/lib/python3.12/site-packages/streamlit/runtime/metrics_util.py", line 233, in __init__
2025-09-12T19:34:56:     uuid.uuid5(uuid.NAMESPACE_DNS, _get_machine_id_v3())
2025-09-12T19:34:56:                                    ^^^^^^^^^^^^^^^^^^^^
2025-09-12T19:34:56:   File "/usr/local/lib/python3.12/site-packages/streamlit/runtime/metrics_util.py", line 173, in _get_machine_id_v3
2025-09-12T19:34:56:     machine_id = f.read()
2025-09-12T19:34:56:                  ^^^^^^^^
2025-09-12T19:34:56:   File "<frozen codecs>", line 322, in decode
2025-09-12T19:34:56: UnicodeDecodeError: 'utf-8' codec can't decode bytes in position 25-26: invalid continuation byte
2025-09-12T19:34:56: 2025-09-12 19:34:56.997 Please replace `use_container_width` with `width`.
2025-09-12T19:34:56: 
2025-09-12T19:34:56: `use_container_width` will be removed after 2025-12-31.
2025-09-12T19:34:56: 
2025-09-12T19:34:56: For `use_container_width=True`, use `width='stretch'`. For `use_container_width=False`, use `width='content'`.
2025-09-12T19:34:57: 2025-09-12 19:34:57.005 Please replace `use_container_width` with `width`.
2025-09-12T19:34:57: 
2025-09-12T19:34:57: `use_container_width` will be removed after 2025-12-31.
2025-09-12T19:34:57: 
2025-09-12T19:34:57: For `use_container_width=True`, use `width='stretch'`. For `use_container_width=False`, use `width='content'`.
2025-09-12T19:34:57: 2025-09-12 19:34:57.009 Please replace `use_container_width` with `width`.
2025-09-12T19:34:57: 
2025-09-12T19:34:57: `use_container_width` will be removed after 2025-12-31.
2025-09-12T19:34:57: 
2025-09-12T19:34:57: For `use_container_width=True`, use `width='stretch'`. For `use_container_width=False`, use `width='content'`.
2025-09-12T19:34:57: 2025-09-12 19:34:57.011 Please replace `use_container_width` with `width`.
2025-09-12T19:34:57: 
2025-09-12T19:34:57: `use_container_width` will be removed after 2025-12-31.
2025-09-12T19:34:57: 
2025-09-12T19:34:57: For `use_container_width=True`, use `width='stretch'`. For `use_container_width=False`, use `width='content'`.
2025-09-12T21:03:39: Exception in callback AppSession._on_scriptrunner_event.<locals>.<lambda>() at /usr/local/lib/python3.12/site-packages/streamlit/runtime/app_session.py:519
2025-09-12T21:03:39: handle: <Handle AppSession._on_scriptrunner_event.<locals>.<lambda>() at /usr/local/lib/python3.12/site-packages/streamlit/runtime/app_session.py:519>
2025-09-12T21:03:39: Traceback (most recent call last):
2025-09-12T21:03:39:   File "/usr/local/lib/python3.12/asyncio/events.py", line 88, in _run
2025-09-12T21:03:39:     self._context.run(self._callback, *self._args)
2025-09-12T21:03:39:   File "/usr/local/lib/python3.12/site-packages/streamlit/runtime/app_session.py", line 519, in <lambda>
2025-09-12T21:03:39:     lambda: self._handle_scriptrunner_event_on_event_loop(
2025-09-12T21:03:39:             ^^^^^^^^^^^^^^^^^^^^^^^^^^^^^^^^^^^^^^^^^^^^^^
2025-09-12T21:03:39:   File "/usr/local/lib/python3.12/site-packages/streamlit/runtime/app_session.py", line 616, in _handle_scriptrunner_event_on_event_loop
2025-09-12T21:03:39:     msg = self._create_new_session_message(
2025-09-12T21:03:39:           ^^^^^^^^^^^^^^^^^^^^^^^^^^^^^^^^^
2025-09-12T21:03:39:   File "/usr/local/lib/python3.12/site-packages/streamlit/runtime/app_session.py", line 750, in _create_new_session_message
2025-09-12T21:03:39:     _populate_user_info_msg(imsg.user_info)
2025-09-12T21:03:39:   File "/usr/local/lib/python3.12/site-packages/streamlit/runtime/app_session.py", line 1154, in _populate_user_info_msg
2025-09-12T21:03:39:     inst = Installation.instance()
2025-09-12T21:03:39:            ^^^^^^^^^^^^^^^^^^^^^^^
2025-09-12T21:03:39:   File "/usr/local/lib/python3.12/site-packages/streamlit/runtime/metrics_util.py", line 228, in instance
2025-09-12T21:03:39:     cls._instance = Installation()
2025-09-12T21:03:39:                     ^^^^^^^^^^^^^^
2025-09-12T21:03:39:   File "/usr/local/lib/python3.12/site-packages/streamlit/runtime/metrics_util.py", line 233, in __init__
2025-09-12T21:03:39:     uuid.uuid5(uuid.NAMESPACE_DNS, _get_machine_id_v3())
2025-09-12T21:03:39:                                    ^^^^^^^^^^^^^^^^^^^^
2025-09-12T21:03:39:   File "/usr/local/lib/python3.12/site-packages/streamlit/runtime/metrics_util.py", line 173, in _get_machine_id_v3
2025-09-12T21:03:39:     machine_id = f.read()
2025-09-12T21:03:39:                  ^^^^^^^^
2025-09-12T21:03:39:   File "<frozen codecs>", line 322, in decode
2025-09-12T21:03:39: UnicodeDecodeError: 'utf-8' codec can't decode bytes in position 25-26: invalid continuation byte
2025-09-12T21:03:40: Exception in callback AppSession._on_scriptrunner_event.<locals>.<lambda>() at /usr/local/lib/python3.12/site-packages/streamlit/runtime/app_session.py:519
2025-09-12T21:03:40: handle: <Handle AppSession._on_scriptrunner_event.<locals>.<lambda>() at /usr/local/lib/python3.12/site-packages/streamlit/runtime/app_session.py:519>
2025-09-12T21:03:40: Traceback (most recent call last):
2025-09-12T21:03:40:   File "/usr/local/lib/python3.12/asyncio/events.py", line 88, in _run
2025-09-12T21:03:40:     self._context.run(self._callback, *self._args)
2025-09-12T21:03:40:   File "/usr/local/lib/python3.12/site-packages/streamlit/runtime/app_session.py", line 519, in <lambda>
2025-09-12T21:03:40:     lambda: self._handle_scriptrunner_event_on_event_loop(
2025-09-12T21:03:40:             ^^^^^^^^^^^^^^^^^^^^^^^^^^^^^^^^^^^^^^^^^^^^^^
2025-09-12T21:03:40:   File "/usr/local/lib/python3.12/site-packages/streamlit/runtime/app_session.py", line 616, in _handle_scriptrunner_event_on_event_loop
2025-09-12T21:03:40:     msg = self._create_new_session_message(
2025-09-12T21:03:40:           ^^^^^^^^^^^^^^^^^^^^^^^^^^^^^^^^^
2025-09-12T21:03:40:   File "/usr/local/lib/python3.12/site-packages/streamlit/runtime/app_session.py", line 750, in _create_new_session_message
2025-09-12T21:03:40:     _populate_user_info_msg(imsg.user_info)
2025-09-12T21:03:40:   File "/usr/local/lib/python3.12/site-packages/streamlit/runtime/app_session.py", line 1154, in _populate_user_info_msg
2025-09-12T21:03:40:     inst = Installation.instance()
2025-09-12T21:03:40:            ^^^^^^^^^^^^^^^^^^^^^^^
2025-09-12T21:03:40:   File "/usr/local/lib/python3.12/site-packages/streamlit/runtime/metrics_util.py", line 228, in instance
2025-09-12T21:03:40:     cls._instance = Installation()
2025-09-12T21:03:40:                     ^^^^^^^^^^^^^^
2025-09-12T21:03:40:   File "/usr/local/lib/python3.12/site-packages/streamlit/runtime/metrics_util.py", line 233, in __init__
2025-09-12T21:03:40:     uuid.uuid5(uuid.NAMESPACE_DNS, _get_machine_id_v3())
2025-09-12T21:03:40:                                    ^^^^^^^^^^^^^^^^^^^^
2025-09-12T21:03:40:   File "/usr/local/lib/python3.12/site-packages/streamlit/runtime/metrics_util.py", line 173, in _get_machine_id_v3
2025-09-12T21:03:40:     machine_id = f.read()
2025-09-12T21:03:40:                  ^^^^^^^^
2025-09-12T21:03:40:   File "<frozen codecs>", line 322, in decode
2025-09-12T21:03:40: UnicodeDecodeError: 'utf-8' codec can't decode bytes in position 25-26: invalid continuation byte
2025-09-12T21:04:02: Exception in callback AppSession._on_scriptrunner_event.<locals>.<lambda>() at /usr/local/lib/python3.12/site-packages/streamlit/runtime/app_session.py:519
2025-09-12T21:04:02: handle: <Handle AppSession._on_scriptrunner_event.<locals>.<lambda>() at /usr/local/lib/python3.12/site-packages/streamlit/runtime/app_session.py:519>
2025-09-12T21:04:02: Traceback (most recent call last):
2025-09-12T21:04:02:   File "/usr/local/lib/python3.12/asyncio/events.py", line 88, in _run
2025-09-12T21:04:02:     self._context.run(self._callback, *self._args)
2025-09-12T21:04:02:   File "/usr/local/lib/python3.12/site-packages/streamlit/runtime/app_session.py", line 519, in <lambda>
2025-09-12T21:04:02:     lambda: self._handle_scriptrunner_event_on_event_loop(
2025-09-12T21:04:02:             ^^^^^^^^^^^^^^^^^^^^^^^^^^^^^^^^^^^^^^^^^^^^^^
2025-09-12T21:04:02:   File "/usr/local/lib/python3.12/site-packages/streamlit/runtime/app_session.py", line 616, in _handle_scriptrunner_event_on_event_loop
2025-09-12T21:04:02:     msg = self._create_new_session_message(
2025-09-12T21:04:02:           ^^^^^^^^^^^^^^^^^^^^^^^^^^^^^^^^^
2025-09-12T21:04:02:   File "/usr/local/lib/python3.12/site-packages/streamlit/runtime/app_session.py", line 750, in _create_new_session_message
2025-09-12T21:04:02:     _populate_user_info_msg(imsg.user_info)
2025-09-12T21:04:02:   File "/usr/local/lib/python3.12/site-packages/streamlit/runtime/app_session.py", line 1154, in _populate_user_info_msg
2025-09-12T21:04:02:     inst = Installation.instance()
2025-09-12T21:04:02:            ^^^^^^^^^^^^^^^^^^^^^^^
2025-09-12T21:04:02:   File "/usr/local/lib/python3.12/site-packages/streamlit/runtime/metrics_util.py", line 228, in instance
2025-09-12T21:04:02:     cls._instance = Installation()
2025-09-12T21:04:02:                     ^^^^^^^^^^^^^^
2025-09-12T21:04:02:   File "/usr/local/lib/python3.12/site-packages/streamlit/runtime/metrics_util.py", line 233, in __init__
2025-09-12T21:04:02:     uuid.uuid5(uuid.NAMESPACE_DNS, _get_machine_id_v3())
2025-09-12T21:04:02:                                    ^^^^^^^^^^^^^^^^^^^^
2025-09-12T21:04:02:   File "/usr/local/lib/python3.12/site-packages/streamlit/runtime/metrics_util.py", line 173, in _get_machine_id_v3
2025-09-12T21:04:02:     machine_id = f.read()
2025-09-12T21:04:02:                  ^^^^^^^^
2025-09-12T21:04:02:   File "<frozen codecs>", line 322, in decode
2025-09-12T21:04:02: UnicodeDecodeError: 'utf-8' codec can't decode bytes in position 25-26: invalid continuation byte
2025-09-12T21:04:02: Exception in callback AppSession._on_scriptrunner_event.<locals>.<lambda>() at /usr/local/lib/python3.12/site-packages/streamlit/runtime/app_session.py:519
2025-09-12T21:04:02: handle: <Handle AppSession._on_scriptrunner_event.<locals>.<lambda>() at /usr/local/lib/python3.12/site-packages/streamlit/runtime/app_session.py:519>
2025-09-12T21:04:02: Traceback (most recent call last):
2025-09-12T21:04:02:   File "/usr/local/lib/python3.12/asyncio/events.py", line 88, in _run
2025-09-12T21:04:02:     self._context.run(self._callback, *self._args)
2025-09-12T21:04:02:   File "/usr/local/lib/python3.12/site-packages/streamlit/runtime/app_session.py", line 519, in <lambda>
2025-09-12T21:04:02:     lambda: self._handle_scriptrunner_event_on_event_loop(
2025-09-12T21:04:02:             ^^^^^^^^^^^^^^^^^^^^^^^^^^^^^^^^^^^^^^^^^^^^^^
2025-09-12T21:04:02:   File "/usr/local/lib/python3.12/site-packages/streamlit/runtime/app_session.py", line 616, in _handle_scriptrunner_event_on_event_loop
2025-09-12T21:04:02:     msg = self._create_new_session_message(
2025-09-12T21:04:02:           ^^^^^^^^^^^^^^^^^^^^^^^^^^^^^^^^^
2025-09-12T21:04:02:   File "/usr/local/lib/python3.12/site-packages/streamlit/runtime/app_session.py", line 750, in _create_new_session_message
2025-09-12T21:04:02:     _populate_user_info_msg(imsg.user_info)
2025-09-12T21:04:02:   File "/usr/local/lib/python3.12/site-packages/streamlit/runtime/app_session.py", line 1154, in _populate_user_info_msg
2025-09-12T21:04:02:     inst = Installation.instance()
2025-09-12T21:04:02:            ^^^^^^^^^^^^^^^^^^^^^^^
2025-09-12T21:04:02:   File "/usr/local/lib/python3.12/site-packages/streamlit/runtime/metrics_util.py", line 228, in instance
2025-09-12T21:04:02:     cls._instance = Installation()
2025-09-12T21:04:02:                     ^^^^^^^^^^^^^^
2025-09-12T21:04:02:   File "/usr/local/lib/python3.12/site-packages/streamlit/runtime/metrics_util.py", line 233, in __init__
2025-09-12T21:04:02:     uuid.uuid5(uuid.NAMESPACE_DNS, _get_machine_id_v3())
2025-09-12T21:04:02:                                    ^^^^^^^^^^^^^^^^^^^^
2025-09-12T21:04:02:   File "/usr/local/lib/python3.12/site-packages/streamlit/runtime/metrics_util.py", line 173, in _get_machine_id_v3
2025-09-12T21:04:02:     machine_id = f.read()
2025-09-12T21:04:02:                  ^^^^^^^^
2025-09-12T21:04:02:   File "<frozen codecs>", line 322, in decode
2025-09-12T21:04:02: UnicodeDecodeError: 'utf-8' codec can't decode bytes in position 25-26: invalid continuation byte
2025-09-12T21:05:15: Exception in callback AppSession._on_scriptrunner_event.<locals>.<lambda>() at /usr/local/lib/python3.12/site-packages/streamlit/runtime/app_session.py:519
2025-09-12T21:05:15: handle: <Handle AppSession._on_scriptrunner_event.<locals>.<lambda>() at /usr/local/lib/python3.12/site-packages/streamlit/runtime/app_session.py:519>
2025-09-12T21:05:15: Traceback (most recent call last):
2025-09-12T21:05:15:   File "/usr/local/lib/python3.12/asyncio/events.py", line 88, in _run
2025-09-12T21:05:15:     self._context.run(self._callback, *self._args)
2025-09-12T21:05:15:   File "/usr/local/lib/python3.12/site-packages/streamlit/runtime/app_session.py", line 519, in <lambda>
2025-09-12T21:05:15:     lambda: self._handle_scriptrunner_event_on_event_loop(
2025-09-12T21:05:15:             ^^^^^^^^^^^^^^^^^^^^^^^^^^^^^^^^^^^^^^^^^^^^^^
2025-09-12T21:05:15:   File "/usr/local/lib/python3.12/site-packages/streamlit/runtime/app_session.py", line 616, in _handle_scriptrunner_event_on_event_loop
2025-09-12T21:05:15:     msg = self._create_new_session_message(
2025-09-12T21:05:15:           ^^^^^^^^^^^^^^^^^^^^^^^^^^^^^^^^^
2025-09-12T21:05:15:   File "/usr/local/lib/python3.12/site-packages/streamlit/runtime/app_session.py", line 750, in _create_new_session_message
2025-09-12T21:05:15:     _populate_user_info_msg(imsg.user_info)
2025-09-12T21:05:15:   File "/usr/local/lib/python3.12/site-packages/streamlit/runtime/app_session.py", line 1154, in _populate_user_info_msg
2025-09-12T21:05:15:     inst = Installation.instance()
2025-09-12T21:05:15:            ^^^^^^^^^^^^^^^^^^^^^^^
2025-09-12T21:05:15:   File "/usr/local/lib/python3.12/site-packages/streamlit/runtime/metrics_util.py", line 228, in instance
2025-09-12T21:05:15:     cls._instance = Installation()
2025-09-12T21:05:15:                     ^^^^^^^^^^^^^^
2025-09-12T21:05:15:   File "/usr/local/lib/python3.12/site-packages/streamlit/runtime/metrics_util.py", line 233, in __init__
2025-09-12T21:05:15:     uuid.uuid5(uuid.NAMESPACE_DNS, _get_machine_id_v3())
2025-09-12T21:05:15:                                    ^^^^^^^^^^^^^^^^^^^^
2025-09-12T21:05:15:   File "/usr/local/lib/python3.12/site-packages/streamlit/runtime/metrics_util.py", line 173, in _get_machine_id_v3
2025-09-12T21:05:15:     machine_id = f.read()
2025-09-12T21:05:15:                  ^^^^^^^^
2025-09-12T21:05:15:   File "<frozen codecs>", line 322, in decode
2025-09-12T21:05:15: UnicodeDecodeError: 'utf-8' codec can't decode bytes in position 25-26: invalid continuation byte
2025-09-12T21:06:44: Exception in callback AppSession._on_scriptrunner_event.<locals>.<lambda>() at /usr/local/lib/python3.12/site-packages/streamlit/runtime/app_session.py:519
2025-09-12T21:06:44: handle: <Handle AppSession._on_scriptrunner_event.<locals>.<lambda>() at /usr/local/lib/python3.12/site-packages/streamlit/runtime/app_session.py:519>
2025-09-12T21:06:44: Traceback (most recent call last):
2025-09-12T21:06:44:   File "/usr/local/lib/python3.12/asyncio/events.py", line 88, in _run
2025-09-12T21:06:44:     self._context.run(self._callback, *self._args)
2025-09-12T21:06:44:   File "/usr/local/lib/python3.12/site-packages/streamlit/runtime/app_session.py", line 519, in <lambda>
2025-09-12T21:06:44:     lambda: self._handle_scriptrunner_event_on_event_loop(
2025-09-12T21:06:44:             ^^^^^^^^^^^^^^^^^^^^^^^^^^^^^^^^^^^^^^^^^^^^^^
2025-09-12T21:06:44:   File "/usr/local/lib/python3.12/site-packages/streamlit/runtime/app_session.py", line 616, in _handle_scriptrunner_event_on_event_loop
2025-09-12T21:06:44:     msg = self._create_new_session_message(
2025-09-12T21:06:44:           ^^^^^^^^^^^^^^^^^^^^^^^^^^^^^^^^^
2025-09-12T21:06:44:   File "/usr/local/lib/python3.12/site-packages/streamlit/runtime/app_session.py", line 750, in _create_new_session_message
2025-09-12T21:06:44:     _populate_user_info_msg(imsg.user_info)
2025-09-12T21:06:44:   File "/usr/local/lib/python3.12/site-packages/streamlit/runtime/app_session.py", line 1154, in _populate_user_info_msg
2025-09-12T21:06:44:     inst = Installation.instance()
2025-09-12T21:06:44:            ^^^^^^^^^^^^^^^^^^^^^^^
2025-09-12T21:06:44:   File "/usr/local/lib/python3.12/site-packages/streamlit/runtime/metrics_util.py", line 228, in instance
2025-09-12T21:06:44:     cls._instance = Installation()
2025-09-12T21:06:44:                     ^^^^^^^^^^^^^^
2025-09-12T21:06:44:   File "/usr/local/lib/python3.12/site-packages/streamlit/runtime/metrics_util.py", line 233, in __init__
2025-09-12T21:06:44:     uuid.uuid5(uuid.NAMESPACE_DNS, _get_machine_id_v3())
2025-09-12T21:06:44:                                    ^^^^^^^^^^^^^^^^^^^^
2025-09-12T21:06:44:   File "/usr/local/lib/python3.12/site-packages/streamlit/runtime/metrics_util.py", line 173, in _get_machine_id_v3
2025-09-12T21:06:44:     machine_id = f.read()
2025-09-12T21:06:44:                  ^^^^^^^^
2025-09-12T21:06:44:   File "<frozen codecs>", line 322, in decode
2025-09-12T21:06:44: UnicodeDecodeError: 'utf-8' codec can't decode bytes in position 25-26: invalid continuation byte
2025-09-12T21:08:11: Exception in callback AppSession._on_scriptrunner_event.<locals>.<lambda>() at /usr/local/lib/python3.12/site-packages/streamlit/runtime/app_session.py:519
2025-09-12T21:08:11: handle: <Handle AppSession._on_scriptrunner_event.<locals>.<lambda>() at /usr/local/lib/python3.12/site-packages/streamlit/runtime/app_session.py:519>
2025-09-12T21:08:11: Traceback (most recent call last):
2025-09-12T21:08:11:   File "/usr/local/lib/python3.12/asyncio/events.py", line 88, in _run
2025-09-12T21:08:11:     self._context.run(self._callback, *self._args)
2025-09-12T21:08:11:   File "/usr/local/lib/python3.12/site-packages/streamlit/runtime/app_session.py", line 519, in <lambda>
2025-09-12T21:08:11:     lambda: self._handle_scriptrunner_event_on_event_loop(
2025-09-12T21:08:11:             ^^^^^^^^^^^^^^^^^^^^^^^^^^^^^^^^^^^^^^^^^^^^^^
2025-09-12T21:08:11:   File "/usr/local/lib/python3.12/site-packages/streamlit/runtime/app_session.py", line 616, in _handle_scriptrunner_event_on_event_loop
2025-09-12T21:08:11:     msg = self._create_new_session_message(
2025-09-12T21:08:11:           ^^^^^^^^^^^^^^^^^^^^^^^^^^^^^^^^^
2025-09-12T21:08:11:   File "/usr/local/lib/python3.12/site-packages/streamlit/runtime/app_session.py", line 750, in _create_new_session_message
2025-09-12T21:08:11:     _populate_user_info_msg(imsg.user_info)
2025-09-12T21:08:11:   File "/usr/local/lib/python3.12/site-packages/streamlit/runtime/app_session.py", line 1154, in _populate_user_info_msg
2025-09-12T21:08:11:     inst = Installation.instance()
2025-09-12T21:08:11:            ^^^^^^^^^^^^^^^^^^^^^^^
2025-09-12T21:08:11:   File "/usr/local/lib/python3.12/site-packages/streamlit/runtime/metrics_util.py", line 228, in instance
2025-09-12T21:08:11:     cls._instance = Installation()
2025-09-12T21:08:11:                     ^^^^^^^^^^^^^^
2025-09-12T21:08:11:   File "/usr/local/lib/python3.12/site-packages/streamlit/runtime/metrics_util.py", line 233, in __init__
2025-09-12T21:08:11:     uuid.uuid5(uuid.NAMESPACE_DNS, _get_machine_id_v3())
2025-09-12T21:08:11:                                    ^^^^^^^^^^^^^^^^^^^^
2025-09-12T21:08:11:   File "/usr/local/lib/python3.12/site-packages/streamlit/runtime/metrics_util.py", line 173, in _get_machine_id_v3
2025-09-12T21:08:11:     machine_id = f.read()
2025-09-12T21:08:11:                  ^^^^^^^^
2025-09-12T21:08:11:   File "<frozen codecs>", line 322, in decode
2025-09-12T21:08:11: UnicodeDecodeError: 'utf-8' codec can't decode bytes in position 25-26: invalid continuation byte
2025-09-12T21:08:14: Exception in callback AppSession._on_scriptrunner_event.<locals>.<lambda>() at /usr/local/lib/python3.12/site-packages/streamlit/runtime/app_session.py:519
2025-09-12T21:08:14: handle: <Handle AppSession._on_scriptrunner_event.<locals>.<lambda>() at /usr/local/lib/python3.12/site-packages/streamlit/runtime/app_session.py:519>
2025-09-12T21:08:14: Traceback (most recent call last):
2025-09-12T21:08:14:   File "/usr/local/lib/python3.12/asyncio/events.py", line 88, in _run
2025-09-12T21:08:14:     self._context.run(self._callback, *self._args)
2025-09-12T21:08:14:   File "/usr/local/lib/python3.12/site-packages/streamlit/runtime/app_session.py", line 519, in <lambda>
2025-09-12T21:08:14:     lambda: self._handle_scriptrunner_event_on_event_loop(
2025-09-12T21:08:14:             ^^^^^^^^^^^^^^^^^^^^^^^^^^^^^^^^^^^^^^^^^^^^^^
2025-09-12T21:08:14:   File "/usr/local/lib/python3.12/site-packages/streamlit/runtime/app_session.py", line 616, in _handle_scriptrunner_event_on_event_loop
2025-09-12T21:08:14:     msg = self._create_new_session_message(
2025-09-12T21:08:14:           ^^^^^^^^^^^^^^^^^^^^^^^^^^^^^^^^^
2025-09-12T21:08:14:   File "/usr/local/lib/python3.12/site-packages/streamlit/runtime/app_session.py", line 750, in _create_new_session_message
2025-09-12T21:08:14:     _populate_user_info_msg(imsg.user_info)
2025-09-12T21:08:14:   File "/usr/local/lib/python3.12/site-packages/streamlit/runtime/app_session.py", line 1154, in _populate_user_info_msg
2025-09-12T21:08:14:     inst = Installation.instance()
2025-09-12T21:08:14:            ^^^^^^^^^^^^^^^^^^^^^^^
2025-09-12T21:08:14:   File "/usr/local/lib/python3.12/site-packages/streamlit/runtime/metrics_util.py", line 228, in instance
2025-09-12T21:08:14:     cls._instance = Installation()
2025-09-12T21:08:14:                     ^^^^^^^^^^^^^^
2025-09-12T21:08:14:   File "/usr/local/lib/python3.12/site-packages/streamlit/runtime/metrics_util.py", line 233, in __init__
2025-09-12T21:08:14:     uuid.uuid5(uuid.NAMESPACE_DNS, _get_machine_id_v3())
2025-09-12T21:08:14:                                    ^^^^^^^^^^^^^^^^^^^^
2025-09-12T21:08:14:   File "/usr/local/lib/python3.12/site-packages/streamlit/runtime/metrics_util.py", line 173, in _get_machine_id_v3
2025-09-12T21:08:14:     machine_id = f.read()
2025-09-12T21:08:14:                  ^^^^^^^^
2025-09-12T21:08:14:   File "<frozen codecs>", line 322, in decode
2025-09-12T21:08:14: UnicodeDecodeError: 'utf-8' codec can't decode bytes in position 25-26: invalid continuation byte
2025-09-12T21:08:15: Exception in callback AppSession._on_scriptrunner_event.<locals>.<lambda>() at /usr/local/lib/python3.12/site-packages/streamlit/runtime/app_session.py:519
2025-09-12T21:08:15: handle: <Handle AppSession._on_scriptrunner_event.<locals>.<lambda>() at /usr/local/lib/python3.12/site-packages/streamlit/runtime/app_session.py:519>
2025-09-12T21:08:15: Traceback (most recent call last):
2025-09-12T21:08:15:   File "/usr/local/lib/python3.12/asyncio/events.py", line 88, in _run
2025-09-12T21:08:15:     self._context.run(self._callback, *self._args)
2025-09-12T21:08:15:   File "/usr/local/lib/python3.12/site-packages/streamlit/runtime/app_session.py", line 519, in <lambda>
2025-09-12T21:08:15:     lambda: self._handle_scriptrunner_event_on_event_loop(
2025-09-12T21:08:15:             ^^^^^^^^^^^^^^^^^^^^^^^^^^^^^^^^^^^^^^^^^^^^^^
2025-09-12T21:08:15:   File "/usr/local/lib/python3.12/site-packages/streamlit/runtime/app_session.py", line 616, in _handle_scriptrunner_event_on_event_loop
2025-09-12T21:08:15:     msg = self._create_new_session_message(
2025-09-12T21:08:15:           ^^^^^^^^^^^^^^^^^^^^^^^^^^^^^^^^^
2025-09-12T21:08:15:   File "/usr/local/lib/python3.12/site-packages/streamlit/runtime/app_session.py", line 750, in _create_new_session_message
2025-09-12T21:08:15:     _populate_user_info_msg(imsg.user_info)
2025-09-12T21:08:15:   File "/usr/local/lib/python3.12/site-packages/streamlit/runtime/app_session.py", line 1154, in _populate_user_info_msg
2025-09-12T21:08:15:     inst = Installation.instance()
2025-09-12T21:08:15:            ^^^^^^^^^^^^^^^^^^^^^^^
2025-09-12T21:08:15:   File "/usr/local/lib/python3.12/site-packages/streamlit/runtime/metrics_util.py", line 228, in instance
2025-09-12T21:08:15:     cls._instance = Installation()
2025-09-12T21:08:15:                     ^^^^^^^^^^^^^^
2025-09-12T21:08:15:   File "/usr/local/lib/python3.12/site-packages/streamlit/runtime/metrics_util.py", line 233, in __init__
2025-09-12T21:08:15:     uuid.uuid5(uuid.NAMESPACE_DNS, _get_machine_id_v3())
2025-09-12T21:08:15:                                    ^^^^^^^^^^^^^^^^^^^^
2025-09-12T21:08:15:   File "/usr/local/lib/python3.12/site-packages/streamlit/runtime/metrics_util.py", line 173, in _get_machine_id_v3
2025-09-12T21:08:15:     machine_id = f.read()
2025-09-12T21:08:15:                  ^^^^^^^^
2025-09-12T21:08:15:   File "<frozen codecs>", line 322, in decode
2025-09-12T21:08:15: UnicodeDecodeError: 'utf-8' codec can't decode bytes in position 25-26: invalid continuation byte
2025-09-12T21:08:20: Exception in callback AppSession._on_scriptrunner_event.<locals>.<lambda>() at /usr/local/lib/python3.12/site-packages/streamlit/runtime/app_session.py:519
2025-09-12T21:08:20: handle: <Handle AppSession._on_scriptrunner_event.<locals>.<lambda>() at /usr/local/lib/python3.12/site-packages/streamlit/runtime/app_session.py:519>
2025-09-12T21:08:20: Traceback (most recent call last):
2025-09-12T21:08:20:   File "/usr/local/lib/python3.12/asyncio/events.py", line 88, in _run
2025-09-12T21:08:20:     self._context.run(self._callback, *self._args)
2025-09-12T21:08:20:   File "/usr/local/lib/python3.12/site-packages/streamlit/runtime/app_session.py", line 519, in <lambda>
2025-09-12T21:08:20:     lambda: self._handle_scriptrunner_event_on_event_loop(
2025-09-12T21:08:20:             ^^^^^^^^^^^^^^^^^^^^^^^^^^^^^^^^^^^^^^^^^^^^^^
2025-09-12T21:08:20:   File "/usr/local/lib/python3.12/site-packages/streamlit/runtime/app_session.py", line 616, in _handle_scriptrunner_event_on_event_loop
2025-09-12T21:08:20:     msg = self._create_new_session_message(
2025-09-12T21:08:20:           ^^^^^^^^^^^^^^^^^^^^^^^^^^^^^^^^^
2025-09-12T21:08:20:   File "/usr/local/lib/python3.12/site-packages/streamlit/runtime/app_session.py", line 750, in _create_new_session_message
2025-09-12T21:08:20:     _populate_user_info_msg(imsg.user_info)
2025-09-12T21:08:20:   File "/usr/local/lib/python3.12/site-packages/streamlit/runtime/app_session.py", line 1154, in _populate_user_info_msg
2025-09-12T21:08:20:     inst = Installation.instance()
2025-09-12T21:08:20:            ^^^^^^^^^^^^^^^^^^^^^^^
2025-09-12T21:08:20:   File "/usr/local/lib/python3.12/site-packages/streamlit/runtime/metrics_util.py", line 228, in instance
2025-09-12T21:08:20:     cls._instance = Installation()
2025-09-12T21:08:20:                     ^^^^^^^^^^^^^^
2025-09-12T21:08:20:   File "/usr/local/lib/python3.12/site-packages/streamlit/runtime/metrics_util.py", line 233, in __init__
2025-09-12T21:08:20:     uuid.uuid5(uuid.NAMESPACE_DNS, _get_machine_id_v3())
2025-09-12T21:08:20:                                    ^^^^^^^^^^^^^^^^^^^^
2025-09-12T21:08:20:   File "/usr/local/lib/python3.12/site-packages/streamlit/runtime/metrics_util.py", line 173, in _get_machine_id_v3
2025-09-12T21:08:20:     machine_id = f.read()
2025-09-12T21:08:20:                  ^^^^^^^^
2025-09-12T21:08:20:   File "<frozen codecs>", line 322, in decode
2025-09-12T21:08:20: UnicodeDecodeError: 'utf-8' codec can't decode bytes in position 25-26: invalid continuation byte
2025-09-12T21:08:22: Exception in callback AppSession._on_scriptrunner_event.<locals>.<lambda>() at /usr/local/lib/python3.12/site-packages/streamlit/runtime/app_session.py:519
2025-09-12T21:08:22: handle: <Handle AppSession._on_scriptrunner_event.<locals>.<lambda>() at /usr/local/lib/python3.12/site-packages/streamlit/runtime/app_session.py:519>
2025-09-12T21:08:22: Traceback (most recent call last):
2025-09-12T21:08:22:   File "/usr/local/lib/python3.12/asyncio/events.py", line 88, in _run
2025-09-12T21:08:22:     self._context.run(self._callback, *self._args)
2025-09-12T21:08:22:   File "/usr/local/lib/python3.12/site-packages/streamlit/runtime/app_session.py", line 519, in <lambda>
2025-09-12T21:08:22:     lambda: self._handle_scriptrunner_event_on_event_loop(
2025-09-12T21:08:22:             ^^^^^^^^^^^^^^^^^^^^^^^^^^^^^^^^^^^^^^^^^^^^^^
2025-09-12T21:08:22:   File "/usr/local/lib/python3.12/site-packages/streamlit/runtime/app_session.py", line 616, in _handle_scriptrunner_event_on_event_loop
2025-09-12T21:08:22:     msg = self._create_new_session_message(
2025-09-12T21:08:22:           ^^^^^^^^^^^^^^^^^^^^^^^^^^^^^^^^^
2025-09-12T21:08:22:   File "/usr/local/lib/python3.12/site-packages/streamlit/runtime/app_session.py", line 750, in _create_new_session_message
2025-09-12T21:08:22:     _populate_user_info_msg(imsg.user_info)
2025-09-12T21:08:22:   File "/usr/local/lib/python3.12/site-packages/streamlit/runtime/app_session.py", line 1154, in _populate_user_info_msg
2025-09-12T21:08:22:     inst = Installation.instance()
2025-09-12T21:08:22:            ^^^^^^^^^^^^^^^^^^^^^^^
2025-09-12T21:08:22:   File "/usr/local/lib/python3.12/site-packages/streamlit/runtime/metrics_util.py", line 228, in instance
2025-09-12T21:08:22:     cls._instance = Installation()
2025-09-12T21:08:22:                     ^^^^^^^^^^^^^^
2025-09-12T21:08:22:   File "/usr/local/lib/python3.12/site-packages/streamlit/runtime/metrics_util.py", line 233, in __init__
2025-09-12T21:08:22:     uuid.uuid5(uuid.NAMESPACE_DNS, _get_machine_id_v3())
2025-09-12T21:08:22:                                    ^^^^^^^^^^^^^^^^^^^^
2025-09-12T21:08:22:   File "/usr/local/lib/python3.12/site-packages/streamlit/runtime/metrics_util.py", line 173, in _get_machine_id_v3
2025-09-12T21:08:22:     machine_id = f.read()
2025-09-12T21:08:22:                  ^^^^^^^^
2025-09-12T21:08:22:   File "<frozen codecs>", line 322, in decode
2025-09-12T21:08:22: UnicodeDecodeError: 'utf-8' codec can't decode bytes in position 25-26: invalid continuation byte
2025-09-12T21:08:27: Exception in callback AppSession._on_scriptrunner_event.<locals>.<lambda>() at /usr/local/lib/python3.12/site-packages/streamlit/runtime/app_session.py:519
2025-09-12T21:08:27: handle: <Handle AppSession._on_scriptrunner_event.<locals>.<lambda>() at /usr/local/lib/python3.12/site-packages/streamlit/runtime/app_session.py:519>
2025-09-12T21:08:27: Traceback (most recent call last):
2025-09-12T21:08:27:   File "/usr/local/lib/python3.12/asyncio/events.py", line 88, in _run
2025-09-12T21:08:27:     self._context.run(self._callback, *self._args)
2025-09-12T21:08:27:   File "/usr/local/lib/python3.12/site-packages/streamlit/runtime/app_session.py", line 519, in <lambda>
2025-09-12T21:08:27:     lambda: self._handle_scriptrunner_event_on_event_loop(
2025-09-12T21:08:27:             ^^^^^^^^^^^^^^^^^^^^^^^^^^^^^^^^^^^^^^^^^^^^^^
2025-09-12T21:08:27:   File "/usr/local/lib/python3.12/site-packages/streamlit/runtime/app_session.py", line 616, in _handle_scriptrunner_event_on_event_loop
2025-09-12T21:08:27:     msg = self._create_new_session_message(
2025-09-12T21:08:27:           ^^^^^^^^^^^^^^^^^^^^^^^^^^^^^^^^^
2025-09-12T21:08:27:   File "/usr/local/lib/python3.12/site-packages/streamlit/runtime/app_session.py", line 750, in _create_new_session_message
2025-09-12T21:08:27:     _populate_user_info_msg(imsg.user_info)
2025-09-12T21:08:27:   File "/usr/local/lib/python3.12/site-packages/streamlit/runtime/app_session.py", line 1154, in _populate_user_info_msg
2025-09-12T21:08:27:     inst = Installation.instance()
2025-09-12T21:08:27:            ^^^^^^^^^^^^^^^^^^^^^^^
2025-09-12T21:08:27:   File "/usr/local/lib/python3.12/site-packages/streamlit/runtime/metrics_util.py", line 228, in instance
2025-09-12T21:08:27:     cls._instance = Installation()
2025-09-12T21:08:27:                     ^^^^^^^^^^^^^^
2025-09-12T21:08:27:   File "/usr/local/lib/python3.12/site-packages/streamlit/runtime/metrics_util.py", line 233, in __init__
2025-09-12T21:08:27:     uuid.uuid5(uuid.NAMESPACE_DNS, _get_machine_id_v3())
2025-09-12T21:08:27:                                    ^^^^^^^^^^^^^^^^^^^^
2025-09-12T21:08:27:   File "/usr/local/lib/python3.12/site-packages/streamlit/runtime/metrics_util.py", line 173, in _get_machine_id_v3
2025-09-12T21:08:27:     machine_id = f.read()
2025-09-12T21:08:27:                  ^^^^^^^^
2025-09-12T21:08:27:   File "<frozen codecs>", line 322, in decode
2025-09-12T21:08:27: UnicodeDecodeError: 'utf-8' codec can't decode bytes in position 25-26: invalid continuation byte
2025-09-12T21:08:32: Exception in callback AppSession._on_scriptrunner_event.<locals>.<lambda>() at /usr/local/lib/python3.12/site-packages/streamlit/runtime/app_session.py:519
2025-09-12T21:08:32: handle: <Handle AppSession._on_scriptrunner_event.<locals>.<lambda>() at /usr/local/lib/python3.12/site-packages/streamlit/runtime/app_session.py:519>
2025-09-12T21:08:32: Traceback (most recent call last):
2025-09-12T21:08:32:   File "/usr/local/lib/python3.12/asyncio/events.py", line 88, in _run
2025-09-12T21:08:32:     self._context.run(self._callback, *self._args)
2025-09-12T21:08:32:   File "/usr/local/lib/python3.12/site-packages/streamlit/runtime/app_session.py", line 519, in <lambda>
2025-09-12T21:08:32:     lambda: self._handle_scriptrunner_event_on_event_loop(
2025-09-12T21:08:32:             ^^^^^^^^^^^^^^^^^^^^^^^^^^^^^^^^^^^^^^^^^^^^^^
2025-09-12T21:08:32:   File "/usr/local/lib/python3.12/site-packages/streamlit/runtime/app_session.py", line 616, in _handle_scriptrunner_event_on_event_loop
2025-09-12T21:08:32:     msg = self._create_new_session_message(
2025-09-12T21:08:32:           ^^^^^^^^^^^^^^^^^^^^^^^^^^^^^^^^^
2025-09-12T21:08:32:   File "/usr/local/lib/python3.12/site-packages/streamlit/runtime/app_session.py", line 750, in _create_new_session_message
2025-09-12T21:08:32:     _populate_user_info_msg(imsg.user_info)
2025-09-12T21:08:32:   File "/usr/local/lib/python3.12/site-packages/streamlit/runtime/app_session.py", line 1154, in _populate_user_info_msg
2025-09-12T21:08:32:     inst = Installation.instance()
2025-09-12T21:08:32:            ^^^^^^^^^^^^^^^^^^^^^^^
2025-09-12T21:08:32:   File "/usr/local/lib/python3.12/site-packages/streamlit/runtime/metrics_util.py", line 228, in instance
2025-09-12T21:08:32:     cls._instance = Installation()
2025-09-12T21:08:32:                     ^^^^^^^^^^^^^^
2025-09-12T21:08:32:   File "/usr/local/lib/python3.12/site-packages/streamlit/runtime/metrics_util.py", line 233, in __init__
2025-09-12T21:08:32:     uuid.uuid5(uuid.NAMESPACE_DNS, _get_machine_id_v3())
2025-09-12T21:08:32:                                    ^^^^^^^^^^^^^^^^^^^^
2025-09-12T21:08:32:   File "/usr/local/lib/python3.12/site-packages/streamlit/runtime/metrics_util.py", line 173, in _get_machine_id_v3
2025-09-12T21:08:32:     machine_id = f.read()
2025-09-12T21:08:32:                  ^^^^^^^^
2025-09-12T21:08:32:   File "<frozen codecs>", line 322, in decode
2025-09-12T21:08:32: UnicodeDecodeError: 'utf-8' codec can't decode bytes in position 25-26: invalid continuation byte
2025-09-12T21:08:35: Exception in callback AppSession._on_scriptrunner_event.<locals>.<lambda>() at /usr/local/lib/python3.12/site-packages/streamlit/runtime/app_session.py:519
2025-09-12T21:08:35: handle: <Handle AppSession._on_scriptrunner_event.<locals>.<lambda>() at /usr/local/lib/python3.12/site-packages/streamlit/runtime/app_session.py:519>
2025-09-12T21:08:35: Traceback (most recent call last):
2025-09-12T21:08:35:   File "/usr/local/lib/python3.12/asyncio/events.py", line 88, in _run
2025-09-12T21:08:35:     self._context.run(self._callback, *self._args)
2025-09-12T21:08:35:   File "/usr/local/lib/python3.12/site-packages/streamlit/runtime/app_session.py", line 519, in <lambda>
2025-09-12T21:08:35:     lambda: self._handle_scriptrunner_event_on_event_loop(
2025-09-12T21:08:35:             ^^^^^^^^^^^^^^^^^^^^^^^^^^^^^^^^^^^^^^^^^^^^^^
2025-09-12T21:08:35:   File "/usr/local/lib/python3.12/site-packages/streamlit/runtime/app_session.py", line 616, in _handle_scriptrunner_event_on_event_loop
2025-09-12T21:08:35:     msg = self._create_new_session_message(
2025-09-12T21:08:35:           ^^^^^^^^^^^^^^^^^^^^^^^^^^^^^^^^^
2025-09-12T21:08:35:   File "/usr/local/lib/python3.12/site-packages/streamlit/runtime/app_session.py", line 750, in _create_new_session_message
2025-09-12T21:08:35:     _populate_user_info_msg(imsg.user_info)
2025-09-12T21:08:35:   File "/usr/local/lib/python3.12/site-packages/streamlit/runtime/app_session.py", line 1154, in _populate_user_info_msg
2025-09-12T21:08:35:     inst = Installation.instance()
2025-09-12T21:08:35:            ^^^^^^^^^^^^^^^^^^^^^^^
2025-09-12T21:08:35:   File "/usr/local/lib/python3.12/site-packages/streamlit/runtime/metrics_util.py", line 228, in instance
2025-09-12T21:08:35:     cls._instance = Installation()
2025-09-12T21:08:35:                     ^^^^^^^^^^^^^^
2025-09-12T21:08:35:   File "/usr/local/lib/python3.12/site-packages/streamlit/runtime/metrics_util.py", line 233, in __init__
2025-09-12T21:08:35:     uuid.uuid5(uuid.NAMESPACE_DNS, _get_machine_id_v3())
2025-09-12T21:08:35:                                    ^^^^^^^^^^^^^^^^^^^^
2025-09-12T21:08:35:   File "/usr/local/lib/python3.12/site-packages/streamlit/runtime/metrics_util.py", line 173, in _get_machine_id_v3
2025-09-12T21:08:35:     machine_id = f.read()
2025-09-12T21:08:35:                  ^^^^^^^^
2025-09-12T21:08:35:   File "<frozen codecs>", line 322, in decode
2025-09-12T21:08:35: UnicodeDecodeError: 'utf-8' codec can't decode bytes in position 25-26: invalid continuation byte
2025-09-12T21:08:38: Exception in callback AppSession._on_scriptrunner_event.<locals>.<lambda>() at /usr/local/lib/python3.12/site-packages/streamlit/runtime/app_session.py:519
2025-09-12T21:08:38: handle: <Handle AppSession._on_scriptrunner_event.<locals>.<lambda>() at /usr/local/lib/python3.12/site-packages/streamlit/runtime/app_session.py:519>
2025-09-12T21:08:38: Traceback (most recent call last):
2025-09-12T21:08:38:   File "/usr/local/lib/python3.12/asyncio/events.py", line 88, in _run
2025-09-12T21:08:38:     self._context.run(self._callback, *self._args)
2025-09-12T21:08:38:   File "/usr/local/lib/python3.12/site-packages/streamlit/runtime/app_session.py", line 519, in <lambda>
2025-09-12T21:08:38:     lambda: self._handle_scriptrunner_event_on_event_loop(
2025-09-12T21:08:38:             ^^^^^^^^^^^^^^^^^^^^^^^^^^^^^^^^^^^^^^^^^^^^^^
2025-09-12T21:08:38:   File "/usr/local/lib/python3.12/site-packages/streamlit/runtime/app_session.py", line 616, in _handle_scriptrunner_event_on_event_loop
2025-09-12T21:08:38:     msg = self._create_new_session_message(
2025-09-12T21:08:38:           ^^^^^^^^^^^^^^^^^^^^^^^^^^^^^^^^^
2025-09-12T21:08:38:   File "/usr/local/lib/python3.12/site-packages/streamlit/runtime/app_session.py", line 750, in _create_new_session_message
2025-09-12T21:08:38:     _populate_user_info_msg(imsg.user_info)
2025-09-12T21:08:38:   File "/usr/local/lib/python3.12/site-packages/streamlit/runtime/app_session.py", line 1154, in _populate_user_info_msg
2025-09-12T21:08:38:     inst = Installation.instance()
2025-09-12T21:08:38:            ^^^^^^^^^^^^^^^^^^^^^^^
2025-09-12T21:08:38:   File "/usr/local/lib/python3.12/site-packages/streamlit/runtime/metrics_util.py", line 228, in instance
2025-09-12T21:08:38:     cls._instance = Installation()
2025-09-12T21:08:38:                     ^^^^^^^^^^^^^^
2025-09-12T21:08:38:   File "/usr/local/lib/python3.12/site-packages/streamlit/runtime/metrics_util.py", line 233, in __init__
2025-09-12T21:08:38:     uuid.uuid5(uuid.NAMESPACE_DNS, _get_machine_id_v3())
2025-09-12T21:08:38:                                    ^^^^^^^^^^^^^^^^^^^^
2025-09-12T21:08:38:   File "/usr/local/lib/python3.12/site-packages/streamlit/runtime/metrics_util.py", line 173, in _get_machine_id_v3
2025-09-12T21:08:38:     machine_id = f.read()
2025-09-12T21:08:38:                  ^^^^^^^^
2025-09-12T21:08:38:   File "<frozen codecs>", line 322, in decode
2025-09-12T21:08:38: UnicodeDecodeError: 'utf-8' codec can't decode bytes in position 25-26: invalid continuation byte
2025-09-12T21:08:41: Exception in callback AppSession._on_scriptrunner_event.<locals>.<lambda>() at /usr/local/lib/python3.12/site-packages/streamlit/runtime/app_session.py:519
2025-09-12T21:08:41: handle: <Handle AppSession._on_scriptrunner_event.<locals>.<lambda>() at /usr/local/lib/python3.12/site-packages/streamlit/runtime/app_session.py:519>
2025-09-12T21:08:41: Traceback (most recent call last):
2025-09-12T21:08:41:   File "/usr/local/lib/python3.12/asyncio/events.py", line 88, in _run
2025-09-12T21:08:41:     self._context.run(self._callback, *self._args)
2025-09-12T21:08:41:   File "/usr/local/lib/python3.12/site-packages/streamlit/runtime/app_session.py", line 519, in <lambda>
2025-09-12T21:08:41:     lambda: self._handle_scriptrunner_event_on_event_loop(
2025-09-12T21:08:41:             ^^^^^^^^^^^^^^^^^^^^^^^^^^^^^^^^^^^^^^^^^^^^^^
2025-09-12T21:08:41:   File "/usr/local/lib/python3.12/site-packages/streamlit/runtime/app_session.py", line 616, in _handle_scriptrunner_event_on_event_loop
2025-09-12T21:08:41:     msg = self._create_new_session_message(
2025-09-12T21:08:41:           ^^^^^^^^^^^^^^^^^^^^^^^^^^^^^^^^^
2025-09-12T21:08:41:   File "/usr/local/lib/python3.12/site-packages/streamlit/runtime/app_session.py", line 750, in _create_new_session_message
2025-09-12T21:08:41:     _populate_user_info_msg(imsg.user_info)
2025-09-12T21:08:41:   File "/usr/local/lib/python3.12/site-packages/streamlit/runtime/app_session.py", line 1154, in _populate_user_info_msg
2025-09-12T21:08:41:     inst = Installation.instance()
2025-09-12T21:08:41:            ^^^^^^^^^^^^^^^^^^^^^^^
2025-09-12T21:08:41:   File "/usr/local/lib/python3.12/site-packages/streamlit/runtime/metrics_util.py", line 228, in instance
2025-09-12T21:08:41:     cls._instance = Installation()
2025-09-12T21:08:41:                     ^^^^^^^^^^^^^^
2025-09-12T21:08:41:   File "/usr/local/lib/python3.12/site-packages/streamlit/runtime/metrics_util.py", line 233, in __init__
2025-09-12T21:08:41:     uuid.uuid5(uuid.NAMESPACE_DNS, _get_machine_id_v3())
2025-09-12T21:08:41:                                    ^^^^^^^^^^^^^^^^^^^^
2025-09-12T21:08:41:   File "/usr/local/lib/python3.12/site-packages/streamlit/runtime/metrics_util.py", line 173, in _get_machine_id_v3
2025-09-12T21:08:41:     machine_id = f.read()
2025-09-12T21:08:41:                  ^^^^^^^^
2025-09-12T21:08:41:   File "<frozen codecs>", line 322, in decode
2025-09-12T21:08:41: UnicodeDecodeError: 'utf-8' codec can't decode bytes in position 25-26: invalid continuation byte
2025-09-12T21:08:51: Exception in callback AppSession._on_scriptrunner_event.<locals>.<lambda>() at /usr/local/lib/python3.12/site-packages/streamlit/runtime/app_session.py:519
2025-09-12T21:08:51: handle: <Handle AppSession._on_scriptrunner_event.<locals>.<lambda>() at /usr/local/lib/python3.12/site-packages/streamlit/runtime/app_session.py:519>
2025-09-12T21:08:51: Traceback (most recent call last):
2025-09-12T21:08:51:   File "/usr/local/lib/python3.12/asyncio/events.py", line 88, in _run
2025-09-12T21:08:51:     self._context.run(self._callback, *self._args)
2025-09-12T21:08:51:   File "/usr/local/lib/python3.12/site-packages/streamlit/runtime/app_session.py", line 519, in <lambda>
2025-09-12T21:08:51:     lambda: self._handle_scriptrunner_event_on_event_loop(
2025-09-12T21:08:51:             ^^^^^^^^^^^^^^^^^^^^^^^^^^^^^^^^^^^^^^^^^^^^^^
2025-09-12T21:08:51:   File "/usr/local/lib/python3.12/site-packages/streamlit/runtime/app_session.py", line 616, in _handle_scriptrunner_event_on_event_loop
2025-09-12T21:08:51:     msg = self._create_new_session_message(
2025-09-12T21:08:51:           ^^^^^^^^^^^^^^^^^^^^^^^^^^^^^^^^^
2025-09-12T21:08:51:   File "/usr/local/lib/python3.12/site-packages/streamlit/runtime/app_session.py", line 750, in _create_new_session_message
2025-09-12T21:08:51:     _populate_user_info_msg(imsg.user_info)
2025-09-12T21:08:51:   File "/usr/local/lib/python3.12/site-packages/streamlit/runtime/app_session.py", line 1154, in _populate_user_info_msg
2025-09-12T21:08:51:     inst = Installation.instance()
2025-09-12T21:08:51:            ^^^^^^^^^^^^^^^^^^^^^^^
2025-09-12T21:08:51:   File "/usr/local/lib/python3.12/site-packages/streamlit/runtime/metrics_util.py", line 228, in instance
2025-09-12T21:08:51:     cls._instance = Installation()
2025-09-12T21:08:51:                     ^^^^^^^^^^^^^^
2025-09-12T21:08:51:   File "/usr/local/lib/python3.12/site-packages/streamlit/runtime/metrics_util.py", line 233, in __init__
2025-09-12T21:08:51:     uuid.uuid5(uuid.NAMESPACE_DNS, _get_machine_id_v3())
2025-09-12T21:08:51:                                    ^^^^^^^^^^^^^^^^^^^^
2025-09-12T21:08:51:   File "/usr/local/lib/python3.12/site-packages/streamlit/runtime/metrics_util.py", line 173, in _get_machine_id_v3
2025-09-12T21:08:51:     machine_id = f.read()
2025-09-12T21:08:51:                  ^^^^^^^^
2025-09-12T21:08:51:   File "<frozen codecs>", line 322, in decode
2025-09-12T21:08:51: UnicodeDecodeError: 'utf-8' codec can't decode bytes in position 25-26: invalid continuation byte
2025-09-12T21:09:53: Exception in callback AppSession._on_scriptrunner_event.<locals>.<lambda>() at /usr/local/lib/python3.12/site-packages/streamlit/runtime/app_session.py:519
2025-09-12T21:09:53: handle: <Handle AppSession._on_scriptrunner_event.<locals>.<lambda>() at /usr/local/lib/python3.12/site-packages/streamlit/runtime/app_session.py:519>
2025-09-12T21:09:53: Traceback (most recent call last):
2025-09-12T21:09:53:   File "/usr/local/lib/python3.12/asyncio/events.py", line 88, in _run
2025-09-12T21:09:53:     self._context.run(self._callback, *self._args)
2025-09-12T21:09:53:   File "/usr/local/lib/python3.12/site-packages/streamlit/runtime/app_session.py", line 519, in <lambda>
2025-09-12T21:09:53:     lambda: self._handle_scriptrunner_event_on_event_loop(
2025-09-12T21:09:53:             ^^^^^^^^^^^^^^^^^^^^^^^^^^^^^^^^^^^^^^^^^^^^^^
2025-09-12T21:09:53:   File "/usr/local/lib/python3.12/site-packages/streamlit/runtime/app_session.py", line 616, in _handle_scriptrunner_event_on_event_loop
2025-09-12T21:09:53:     msg = self._create_new_session_message(
2025-09-12T21:09:53:           ^^^^^^^^^^^^^^^^^^^^^^^^^^^^^^^^^
2025-09-12T21:09:53:   File "/usr/local/lib/python3.12/site-packages/streamlit/runtime/app_session.py", line 750, in _create_new_session_message
2025-09-12T21:09:53:     _populate_user_info_msg(imsg.user_info)
2025-09-12T21:09:53:   File "/usr/local/lib/python3.12/site-packages/streamlit/runtime/app_session.py", line 1154, in _populate_user_info_msg
2025-09-12T21:09:53:     inst = Installation.instance()
2025-09-12T21:09:53:            ^^^^^^^^^^^^^^^^^^^^^^^
2025-09-12T21:09:53:   File "/usr/local/lib/python3.12/site-packages/streamlit/runtime/metrics_util.py", line 228, in instance
2025-09-12T21:09:53:     cls._instance = Installation()
2025-09-12T21:09:53:                     ^^^^^^^^^^^^^^
2025-09-12T21:09:53:   File "/usr/local/lib/python3.12/site-packages/streamlit/runtime/metrics_util.py", line 233, in __init__
2025-09-12T21:09:53:     uuid.uuid5(uuid.NAMESPACE_DNS, _get_machine_id_v3())
2025-09-12T21:09:53:                                    ^^^^^^^^^^^^^^^^^^^^
2025-09-12T21:09:53:   File "/usr/local/lib/python3.12/site-packages/streamlit/runtime/metrics_util.py", line 173, in _get_machine_id_v3
2025-09-12T21:09:53:     machine_id = f.read()
2025-09-12T21:09:53:                  ^^^^^^^^
2025-09-12T21:09:53:   File "<frozen codecs>", line 322, in decode
2025-09-12T21:09:53: UnicodeDecodeError: 'utf-8' codec can't decode bytes in position 25-26: invalid continuation byte
2025-09-12T21:10:00: Exception in callback AppSession._on_scriptrunner_event.<locals>.<lambda>() at /usr/local/lib/python3.12/site-packages/streamlit/runtime/app_session.py:519
2025-09-12T21:10:00: handle: <Handle AppSession._on_scriptrunner_event.<locals>.<lambda>() at /usr/local/lib/python3.12/site-packages/streamlit/runtime/app_session.py:519>
2025-09-12T21:10:00: Traceback (most recent call last):
2025-09-12T21:10:00:   File "/usr/local/lib/python3.12/asyncio/events.py", line 88, in _run
2025-09-12T21:10:00:     self._context.run(self._callback, *self._args)
2025-09-12T21:10:00:   File "/usr/local/lib/python3.12/site-packages/streamlit/runtime/app_session.py", line 519, in <lambda>
2025-09-12T21:10:00:     lambda: self._handle_scriptrunner_event_on_event_loop(
2025-09-12T21:10:00:             ^^^^^^^^^^^^^^^^^^^^^^^^^^^^^^^^^^^^^^^^^^^^^^
2025-09-12T21:10:00:   File "/usr/local/lib/python3.12/site-packages/streamlit/runtime/app_session.py", line 616, in _handle_scriptrunner_event_on_event_loop
2025-09-12T21:10:00:     msg = self._create_new_session_message(
2025-09-12T21:10:00:           ^^^^^^^^^^^^^^^^^^^^^^^^^^^^^^^^^
2025-09-12T21:10:00:   File "/usr/local/lib/python3.12/site-packages/streamlit/runtime/app_session.py", line 750, in _create_new_session_message
2025-09-12T21:10:00:     _populate_user_info_msg(imsg.user_info)
2025-09-12T21:10:00:   File "/usr/local/lib/python3.12/site-packages/streamlit/runtime/app_session.py", line 1154, in _populate_user_info_msg
2025-09-12T21:10:00:     inst = Installation.instance()
2025-09-12T21:10:00:            ^^^^^^^^^^^^^^^^^^^^^^^
2025-09-12T21:10:00:   File "/usr/local/lib/python3.12/site-packages/streamlit/runtime/metrics_util.py", line 228, in instance
2025-09-12T21:10:00:     cls._instance = Installation()
2025-09-12T21:10:00:                     ^^^^^^^^^^^^^^
2025-09-12T21:10:00:   File "/usr/local/lib/python3.12/site-packages/streamlit/runtime/metrics_util.py", line 233, in __init__
2025-09-12T21:10:00:     uuid.uuid5(uuid.NAMESPACE_DNS, _get_machine_id_v3())
2025-09-12T21:10:00:                                    ^^^^^^^^^^^^^^^^^^^^
2025-09-12T21:10:00:   File "/usr/local/lib/python3.12/site-packages/streamlit/runtime/metrics_util.py", line 173, in _get_machine_id_v3
2025-09-12T21:10:00:     machine_id = f.read()
2025-09-12T21:10:00:                  ^^^^^^^^
2025-09-12T21:10:00:   File "<frozen codecs>", line 322, in decode
2025-09-12T21:10:00: UnicodeDecodeError: 'utf-8' codec can't decode bytes in position 25-26: invalid continuation byte
2025-09-12T21:10:17: Exception in callback AppSession._on_scriptrunner_event.<locals>.<lambda>() at /usr/local/lib/python3.12/site-packages/streamlit/runtime/app_session.py:519
2025-09-12T21:10:17: handle: <Handle AppSession._on_scriptrunner_event.<locals>.<lambda>() at /usr/local/lib/python3.12/site-packages/streamlit/runtime/app_session.py:519>
2025-09-12T21:10:17: Traceback (most recent call last):
2025-09-12T21:10:17:   File "/usr/local/lib/python3.12/asyncio/events.py", line 88, in _run
2025-09-12T21:10:17:     self._context.run(self._callback, *self._args)
2025-09-12T21:10:17:   File "/usr/local/lib/python3.12/site-packages/streamlit/runtime/app_session.py", line 519, in <lambda>
2025-09-12T21:10:17:     lambda: self._handle_scriptrunner_event_on_event_loop(
2025-09-12T21:10:17:             ^^^^^^^^^^^^^^^^^^^^^^^^^^^^^^^^^^^^^^^^^^^^^^
2025-09-12T21:10:17:   File "/usr/local/lib/python3.12/site-packages/streamlit/runtime/app_session.py", line 616, in _handle_scriptrunner_event_on_event_loop
2025-09-12T21:10:17:     msg = self._create_new_session_message(
2025-09-12T21:10:17:           ^^^^^^^^^^^^^^^^^^^^^^^^^^^^^^^^^
2025-09-12T21:10:17:   File "/usr/local/lib/python3.12/site-packages/streamlit/runtime/app_session.py", line 750, in _create_new_session_message
2025-09-12T21:10:17:     _populate_user_info_msg(imsg.user_info)
2025-09-12T21:10:17:   File "/usr/local/lib/python3.12/site-packages/streamlit/runtime/app_session.py", line 1154, in _populate_user_info_msg
2025-09-12T21:10:17:     inst = Installation.instance()
2025-09-12T21:10:17:            ^^^^^^^^^^^^^^^^^^^^^^^
2025-09-12T21:10:17:   File "/usr/local/lib/python3.12/site-packages/streamlit/runtime/metrics_util.py", line 228, in instance
2025-09-12T21:10:17:     cls._instance = Installation()
2025-09-12T21:10:17:                     ^^^^^^^^^^^^^^
2025-09-12T21:10:17:   File "/usr/local/lib/python3.12/site-packages/streamlit/runtime/metrics_util.py", line 233, in __init__
2025-09-12T21:10:17:     uuid.uuid5(uuid.NAMESPACE_DNS, _get_machine_id_v3())
2025-09-12T21:10:17:                                    ^^^^^^^^^^^^^^^^^^^^
2025-09-12T21:10:17:   File "/usr/local/lib/python3.12/site-packages/streamlit/runtime/metrics_util.py", line 173, in _get_machine_id_v3
2025-09-12T21:10:17:     machine_id = f.read()
2025-09-12T21:10:17:                  ^^^^^^^^
2025-09-12T21:10:17:   File "<frozen codecs>", line 322, in decode
2025-09-12T21:10:17: UnicodeDecodeError: 'utf-8' codec can't decode bytes in position 25-26: invalid continuation byte
2025-09-12T21:10:21: Exception in callback AppSession._on_scriptrunner_event.<locals>.<lambda>() at /usr/local/lib/python3.12/site-packages/streamlit/runtime/app_session.py:519
2025-09-12T21:10:21: handle: <Handle AppSession._on_scriptrunner_event.<locals>.<lambda>() at /usr/local/lib/python3.12/site-packages/streamlit/runtime/app_session.py:519>
2025-09-12T21:10:21: Traceback (most recent call last):
2025-09-12T21:10:21:   File "/usr/local/lib/python3.12/asyncio/events.py", line 88, in _run
2025-09-12T21:10:21:     self._context.run(self._callback, *self._args)
2025-09-12T21:10:21:   File "/usr/local/lib/python3.12/site-packages/streamlit/runtime/app_session.py", line 519, in <lambda>
2025-09-12T21:10:21:     lambda: self._handle_scriptrunner_event_on_event_loop(
2025-09-12T21:10:21:             ^^^^^^^^^^^^^^^^^^^^^^^^^^^^^^^^^^^^^^^^^^^^^^
2025-09-12T21:10:21:   File "/usr/local/lib/python3.12/site-packages/streamlit/runtime/app_session.py", line 616, in _handle_scriptrunner_event_on_event_loop
2025-09-12T21:10:21:     msg = self._create_new_session_message(
2025-09-12T21:10:21:           ^^^^^^^^^^^^^^^^^^^^^^^^^^^^^^^^^
2025-09-12T21:10:21:   File "/usr/local/lib/python3.12/site-packages/streamlit/runtime/app_session.py", line 750, in _create_new_session_message
2025-09-12T21:10:21:     _populate_user_info_msg(imsg.user_info)
2025-09-12T21:10:21:   File "/usr/local/lib/python3.12/site-packages/streamlit/runtime/app_session.py", line 1154, in _populate_user_info_msg
2025-09-12T21:10:21:     inst = Installation.instance()
2025-09-12T21:10:21:            ^^^^^^^^^^^^^^^^^^^^^^^
2025-09-12T21:10:21:   File "/usr/local/lib/python3.12/site-packages/streamlit/runtime/metrics_util.py", line 228, in instance
2025-09-12T21:10:21:     cls._instance = Installation()
2025-09-12T21:10:21:                     ^^^^^^^^^^^^^^
2025-09-12T21:10:21:   File "/usr/local/lib/python3.12/site-packages/streamlit/runtime/metrics_util.py", line 233, in __init__
2025-09-12T21:10:21:     uuid.uuid5(uuid.NAMESPACE_DNS, _get_machine_id_v3())
2025-09-12T21:10:21:                                    ^^^^^^^^^^^^^^^^^^^^
2025-09-12T21:10:21:   File "/usr/local/lib/python3.12/site-packages/streamlit/runtime/metrics_util.py", line 173, in _get_machine_id_v3
2025-09-12T21:10:21:     machine_id = f.read()
2025-09-12T21:10:21:                  ^^^^^^^^
2025-09-12T21:10:21:   File "<frozen codecs>", line 322, in decode
2025-09-12T21:10:21: UnicodeDecodeError: 'utf-8' codec can't decode bytes in position 25-26: invalid continuation byte
2025-09-12T21:10:22: Exception in callback AppSession._on_scriptrunner_event.<locals>.<lambda>() at /usr/local/lib/python3.12/site-packages/streamlit/runtime/app_session.py:519
2025-09-12T21:10:22: handle: <Handle AppSession._on_scriptrunner_event.<locals>.<lambda>() at /usr/local/lib/python3.12/site-packages/streamlit/runtime/app_session.py:519>
2025-09-12T21:10:22: Traceback (most recent call last):
2025-09-12T21:10:22:   File "/usr/local/lib/python3.12/asyncio/events.py", line 88, in _run
2025-09-12T21:10:22:     self._context.run(self._callback, *self._args)
2025-09-12T21:10:22:   File "/usr/local/lib/python3.12/site-packages/streamlit/runtime/app_session.py", line 519, in <lambda>
2025-09-12T21:10:22:     lambda: self._handle_scriptrunner_event_on_event_loop(
2025-09-12T21:10:22:             ^^^^^^^^^^^^^^^^^^^^^^^^^^^^^^^^^^^^^^^^^^^^^^
2025-09-12T21:10:22:   File "/usr/local/lib/python3.12/site-packages/streamlit/runtime/app_session.py", line 616, in _handle_scriptrunner_event_on_event_loop
2025-09-12T21:10:22:     msg = self._create_new_session_message(
2025-09-12T21:10:22:           ^^^^^^^^^^^^^^^^^^^^^^^^^^^^^^^^^
2025-09-12T21:10:22:   File "/usr/local/lib/python3.12/site-packages/streamlit/runtime/app_session.py", line 750, in _create_new_session_message
2025-09-12T21:10:22:     _populate_user_info_msg(imsg.user_info)
2025-09-12T21:10:22:   File "/usr/local/lib/python3.12/site-packages/streamlit/runtime/app_session.py", line 1154, in _populate_user_info_msg
2025-09-12T21:10:22:     inst = Installation.instance()
2025-09-12T21:10:22:            ^^^^^^^^^^^^^^^^^^^^^^^
2025-09-12T21:10:22:   File "/usr/local/lib/python3.12/site-packages/streamlit/runtime/metrics_util.py", line 228, in instance
2025-09-12T21:10:22:     cls._instance = Installation()
2025-09-12T21:10:22:                     ^^^^^^^^^^^^^^
2025-09-12T21:10:22:   File "/usr/local/lib/python3.12/site-packages/streamlit/runtime/metrics_util.py", line 233, in __init__
2025-09-12T21:10:22:     uuid.uuid5(uuid.NAMESPACE_DNS, _get_machine_id_v3())
2025-09-12T21:10:22:                                    ^^^^^^^^^^^^^^^^^^^^
2025-09-12T21:10:22:   File "/usr/local/lib/python3.12/site-packages/streamlit/runtime/metrics_util.py", line 173, in _get_machine_id_v3
2025-09-12T21:10:22:     machine_id = f.read()
2025-09-12T21:10:22:                  ^^^^^^^^
2025-09-12T21:10:22:   File "<frozen codecs>", line 322, in decode
2025-09-12T21:10:22: UnicodeDecodeError: 'utf-8' codec can't decode bytes in position 25-26: invalid continuation byte
2025-09-12T21:10:28: Exception in callback AppSession._on_scriptrunner_event.<locals>.<lambda>() at /usr/local/lib/python3.12/site-packages/streamlit/runtime/app_session.py:519
2025-09-12T21:10:28: handle: <Handle AppSession._on_scriptrunner_event.<locals>.<lambda>() at /usr/local/lib/python3.12/site-packages/streamlit/runtime/app_session.py:519>
2025-09-12T21:10:28: Traceback (most recent call last):
2025-09-12T21:10:28:   File "/usr/local/lib/python3.12/asyncio/events.py", line 88, in _run
2025-09-12T21:10:28:     self._context.run(self._callback, *self._args)
2025-09-12T21:10:28:   File "/usr/local/lib/python3.12/site-packages/streamlit/runtime/app_session.py", line 519, in <lambda>
2025-09-12T21:10:28:     lambda: self._handle_scriptrunner_event_on_event_loop(
2025-09-12T21:10:28:             ^^^^^^^^^^^^^^^^^^^^^^^^^^^^^^^^^^^^^^^^^^^^^^
2025-09-12T21:10:28:   File "/usr/local/lib/python3.12/site-packages/streamlit/runtime/app_session.py", line 616, in _handle_scriptrunner_event_on_event_loop
2025-09-12T21:10:28:     msg = self._create_new_session_message(
2025-09-12T21:10:28:           ^^^^^^^^^^^^^^^^^^^^^^^^^^^^^^^^^
2025-09-12T21:10:28:   File "/usr/local/lib/python3.12/site-packages/streamlit/runtime/app_session.py", line 750, in _create_new_session_message
2025-09-12T21:10:28:     _populate_user_info_msg(imsg.user_info)
2025-09-12T21:10:28:   File "/usr/local/lib/python3.12/site-packages/streamlit/runtime/app_session.py", line 1154, in _populate_user_info_msg
2025-09-12T21:10:28:     inst = Installation.instance()
2025-09-12T21:10:28:            ^^^^^^^^^^^^^^^^^^^^^^^
2025-09-12T21:10:28:   File "/usr/local/lib/python3.12/site-packages/streamlit/runtime/metrics_util.py", line 228, in instance
2025-09-12T21:10:28:     cls._instance = Installation()
2025-09-12T21:10:28:                     ^^^^^^^^^^^^^^
2025-09-12T21:10:28:   File "/usr/local/lib/python3.12/site-packages/streamlit/runtime/metrics_util.py", line 233, in __init__
2025-09-12T21:10:28:     uuid.uuid5(uuid.NAMESPACE_DNS, _get_machine_id_v3())
2025-09-12T21:10:28:                                    ^^^^^^^^^^^^^^^^^^^^
2025-09-12T21:10:28:   File "/usr/local/lib/python3.12/site-packages/streamlit/runtime/metrics_util.py", line 173, in _get_machine_id_v3
2025-09-12T21:10:28:     machine_id = f.read()
2025-09-12T21:10:28:                  ^^^^^^^^
2025-09-12T21:10:28:   File "<frozen codecs>", line 322, in decode
2025-09-12T21:10:28: UnicodeDecodeError: 'utf-8' codec can't decode bytes in position 25-26: invalid continuation byte
2025-09-12T21:10:32: Exception in callback AppSession._on_scriptrunner_event.<locals>.<lambda>() at /usr/local/lib/python3.12/site-packages/streamlit/runtime/app_session.py:519
2025-09-12T21:10:32: handle: <Handle AppSession._on_scriptrunner_event.<locals>.<lambda>() at /usr/local/lib/python3.12/site-packages/streamlit/runtime/app_session.py:519>
2025-09-12T21:10:32: Traceback (most recent call last):
2025-09-12T21:10:32:   File "/usr/local/lib/python3.12/asyncio/events.py", line 88, in _run
2025-09-12T21:10:32:     self._context.run(self._callback, *self._args)
2025-09-12T21:10:32:   File "/usr/local/lib/python3.12/site-packages/streamlit/runtime/app_session.py", line 519, in <lambda>
2025-09-12T21:10:32:     lambda: self._handle_scriptrunner_event_on_event_loop(
2025-09-12T21:10:32:             ^^^^^^^^^^^^^^^^^^^^^^^^^^^^^^^^^^^^^^^^^^^^^^
2025-09-12T21:10:32:   File "/usr/local/lib/python3.12/site-packages/streamlit/runtime/app_session.py", line 616, in _handle_scriptrunner_event_on_event_loop
2025-09-12T21:10:32:     msg = self._create_new_session_message(
2025-09-12T21:10:32:           ^^^^^^^^^^^^^^^^^^^^^^^^^^^^^^^^^
2025-09-12T21:10:32:   File "/usr/local/lib/python3.12/site-packages/streamlit/runtime/app_session.py", line 750, in _create_new_session_message
2025-09-12T21:10:32:     _populate_user_info_msg(imsg.user_info)
2025-09-12T21:10:32:   File "/usr/local/lib/python3.12/site-packages/streamlit/runtime/app_session.py", line 1154, in _populate_user_info_msg
2025-09-12T21:10:32:     inst = Installation.instance()
2025-09-12T21:10:32:            ^^^^^^^^^^^^^^^^^^^^^^^
2025-09-12T21:10:32:   File "/usr/local/lib/python3.12/site-packages/streamlit/runtime/metrics_util.py", line 228, in instance
2025-09-12T21:10:32:     cls._instance = Installation()
2025-09-12T21:10:32:                     ^^^^^^^^^^^^^^
2025-09-12T21:10:32:   File "/usr/local/lib/python3.12/site-packages/streamlit/runtime/metrics_util.py", line 233, in __init__
2025-09-12T21:10:32:     uuid.uuid5(uuid.NAMESPACE_DNS, _get_machine_id_v3())
2025-09-12T21:10:32:                                    ^^^^^^^^^^^^^^^^^^^^
2025-09-12T21:10:32:   File "/usr/local/lib/python3.12/site-packages/streamlit/runtime/metrics_util.py", line 173, in _get_machine_id_v3
2025-09-12T21:10:32:     machine_id = f.read()
2025-09-12T21:10:32:                  ^^^^^^^^
2025-09-12T21:10:32:   File "<frozen codecs>", line 322, in decode
2025-09-12T21:10:32: UnicodeDecodeError: 'utf-8' codec can't decode bytes in position 25-26: invalid continuation byte
2025-09-12T21:10:33: Exception in callback AppSession._on_scriptrunner_event.<locals>.<lambda>() at /usr/local/lib/python3.12/site-packages/streamlit/runtime/app_session.py:519
2025-09-12T21:10:33: handle: <Handle AppSession._on_scriptrunner_event.<locals>.<lambda>() at /usr/local/lib/python3.12/site-packages/streamlit/runtime/app_session.py:519>
2025-09-12T21:10:33: Traceback (most recent call last):
2025-09-12T21:10:33:   File "/usr/local/lib/python3.12/asyncio/events.py", line 88, in _run
2025-09-12T21:10:33:     self._context.run(self._callback, *self._args)
2025-09-12T21:10:33:   File "/usr/local/lib/python3.12/site-packages/streamlit/runtime/app_session.py", line 519, in <lambda>
2025-09-12T21:10:33:     lambda: self._handle_scriptrunner_event_on_event_loop(
2025-09-12T21:10:33:             ^^^^^^^^^^^^^^^^^^^^^^^^^^^^^^^^^^^^^^^^^^^^^^
2025-09-12T21:10:33:   File "/usr/local/lib/python3.12/site-packages/streamlit/runtime/app_session.py", line 616, in _handle_scriptrunner_event_on_event_loop
2025-09-12T21:10:33:     msg = self._create_new_session_message(
2025-09-12T21:10:33:           ^^^^^^^^^^^^^^^^^^^^^^^^^^^^^^^^^
2025-09-12T21:10:33:   File "/usr/local/lib/python3.12/site-packages/streamlit/runtime/app_session.py", line 750, in _create_new_session_message
2025-09-12T21:10:33:     _populate_user_info_msg(imsg.user_info)
2025-09-12T21:10:33:   File "/usr/local/lib/python3.12/site-packages/streamlit/runtime/app_session.py", line 1154, in _populate_user_info_msg
2025-09-12T21:10:33:     inst = Installation.instance()
2025-09-12T21:10:33:            ^^^^^^^^^^^^^^^^^^^^^^^
2025-09-12T21:10:33:   File "/usr/local/lib/python3.12/site-packages/streamlit/runtime/metrics_util.py", line 228, in instance
2025-09-12T21:10:33:     cls._instance = Installation()
2025-09-12T21:10:33:                     ^^^^^^^^^^^^^^
2025-09-12T21:10:33:   File "/usr/local/lib/python3.12/site-packages/streamlit/runtime/metrics_util.py", line 233, in __init__
2025-09-12T21:10:33:     uuid.uuid5(uuid.NAMESPACE_DNS, _get_machine_id_v3())
2025-09-12T21:10:33:                                    ^^^^^^^^^^^^^^^^^^^^
2025-09-12T21:10:33:   File "/usr/local/lib/python3.12/site-packages/streamlit/runtime/metrics_util.py", line 173, in _get_machine_id_v3
2025-09-12T21:10:33:     machine_id = f.read()
2025-09-12T21:10:33:                  ^^^^^^^^
2025-09-12T21:10:33:   File "<frozen codecs>", line 322, in decode
2025-09-12T21:10:33: UnicodeDecodeError: 'utf-8' codec can't decode bytes in position 25-26: invalid continuation byte
2025-09-12T21:10:36: Exception in callback AppSession._on_scriptrunner_event.<locals>.<lambda>() at /usr/local/lib/python3.12/site-packages/streamlit/runtime/app_session.py:519
2025-09-12T21:10:36: handle: <Handle AppSession._on_scriptrunner_event.<locals>.<lambda>() at /usr/local/lib/python3.12/site-packages/streamlit/runtime/app_session.py:519>
2025-09-12T21:10:36: Traceback (most recent call last):
2025-09-12T21:10:36:   File "/usr/local/lib/python3.12/asyncio/events.py", line 88, in _run
2025-09-12T21:10:36:     self._context.run(self._callback, *self._args)
2025-09-12T21:10:36:   File "/usr/local/lib/python3.12/site-packages/streamlit/runtime/app_session.py", line 519, in <lambda>
2025-09-12T21:10:36:     lambda: self._handle_scriptrunner_event_on_event_loop(
2025-09-12T21:10:36:             ^^^^^^^^^^^^^^^^^^^^^^^^^^^^^^^^^^^^^^^^^^^^^^
2025-09-12T21:10:36:   File "/usr/local/lib/python3.12/site-packages/streamlit/runtime/app_session.py", line 616, in _handle_scriptrunner_event_on_event_loop
2025-09-12T21:10:36:     msg = self._create_new_session_message(
2025-09-12T21:10:36:           ^^^^^^^^^^^^^^^^^^^^^^^^^^^^^^^^^
2025-09-12T21:10:36:   File "/usr/local/lib/python3.12/site-packages/streamlit/runtime/app_session.py", line 750, in _create_new_session_message
2025-09-12T21:10:36:     _populate_user_info_msg(imsg.user_info)
2025-09-12T21:10:36:   File "/usr/local/lib/python3.12/site-packages/streamlit/runtime/app_session.py", line 1154, in _populate_user_info_msg
2025-09-12T21:10:36:     inst = Installation.instance()
2025-09-12T21:10:36:            ^^^^^^^^^^^^^^^^^^^^^^^
2025-09-12T21:10:36:   File "/usr/local/lib/python3.12/site-packages/streamlit/runtime/metrics_util.py", line 228, in instance
2025-09-12T21:10:36:     cls._instance = Installation()
2025-09-12T21:10:36:                     ^^^^^^^^^^^^^^
2025-09-12T21:10:36:   File "/usr/local/lib/python3.12/site-packages/streamlit/runtime/metrics_util.py", line 233, in __init__
2025-09-12T21:10:36:     uuid.uuid5(uuid.NAMESPACE_DNS, _get_machine_id_v3())
2025-09-12T21:10:36:                                    ^^^^^^^^^^^^^^^^^^^^
2025-09-12T21:10:36:   File "/usr/local/lib/python3.12/site-packages/streamlit/runtime/metrics_util.py", line 173, in _get_machine_id_v3
2025-09-12T21:10:36:     machine_id = f.read()
2025-09-12T21:10:36:                  ^^^^^^^^
2025-09-12T21:10:36:   File "<frozen codecs>", line 322, in decode
2025-09-12T21:10:36: UnicodeDecodeError: 'utf-8' codec can't decode bytes in position 25-26: invalid continuation byte
2025-09-12T21:10:37: Exception in callback AppSession._on_scriptrunner_event.<locals>.<lambda>() at /usr/local/lib/python3.12/site-packages/streamlit/runtime/app_session.py:519
2025-09-12T21:10:37: handle: <Handle AppSession._on_scriptrunner_event.<locals>.<lambda>() at /usr/local/lib/python3.12/site-packages/streamlit/runtime/app_session.py:519>
2025-09-12T21:10:37: Traceback (most recent call last):
2025-09-12T21:10:37:   File "/usr/local/lib/python3.12/asyncio/events.py", line 88, in _run
2025-09-12T21:10:37:     self._context.run(self._callback, *self._args)
2025-09-12T21:10:37:   File "/usr/local/lib/python3.12/site-packages/streamlit/runtime/app_session.py", line 519, in <lambda>
2025-09-12T21:10:37:     lambda: self._handle_scriptrunner_event_on_event_loop(
2025-09-12T21:10:37:             ^^^^^^^^^^^^^^^^^^^^^^^^^^^^^^^^^^^^^^^^^^^^^^
2025-09-12T21:10:37:   File "/usr/local/lib/python3.12/site-packages/streamlit/runtime/app_session.py", line 616, in _handle_scriptrunner_event_on_event_loop
2025-09-12T21:10:37:     msg = self._create_new_session_message(
2025-09-12T21:10:37:           ^^^^^^^^^^^^^^^^^^^^^^^^^^^^^^^^^
2025-09-12T21:10:37:   File "/usr/local/lib/python3.12/site-packages/streamlit/runtime/app_session.py", line 750, in _create_new_session_message
2025-09-12T21:10:37:     _populate_user_info_msg(imsg.user_info)
2025-09-12T21:10:37:   File "/usr/local/lib/python3.12/site-packages/streamlit/runtime/app_session.py", line 1154, in _populate_user_info_msg
2025-09-12T21:10:37:     inst = Installation.instance()
2025-09-12T21:10:37:            ^^^^^^^^^^^^^^^^^^^^^^^
2025-09-12T21:10:37:   File "/usr/local/lib/python3.12/site-packages/streamlit/runtime/metrics_util.py", line 228, in instance
2025-09-12T21:10:37:     cls._instance = Installation()
2025-09-12T21:10:37:                     ^^^^^^^^^^^^^^
2025-09-12T21:10:37:   File "/usr/local/lib/python3.12/site-packages/streamlit/runtime/metrics_util.py", line 233, in __init__
2025-09-12T21:10:37:     uuid.uuid5(uuid.NAMESPACE_DNS, _get_machine_id_v3())
2025-09-12T21:10:37:                                    ^^^^^^^^^^^^^^^^^^^^
2025-09-12T21:10:37:   File "/usr/local/lib/python3.12/site-packages/streamlit/runtime/metrics_util.py", line 173, in _get_machine_id_v3
2025-09-12T21:10:37:     machine_id = f.read()
2025-09-12T21:10:37:                  ^^^^^^^^
2025-09-12T21:10:37:   File "<frozen codecs>", line 322, in decode
2025-09-12T21:10:37: UnicodeDecodeError: 'utf-8' codec can't decode bytes in position 25-26: invalid continuation byte
2025-09-12T21:10:42: Exception in callback AppSession._on_scriptrunner_event.<locals>.<lambda>() at /usr/local/lib/python3.12/site-packages/streamlit/runtime/app_session.py:519
2025-09-12T21:10:42: handle: <Handle AppSession._on_scriptrunner_event.<locals>.<lambda>() at /usr/local/lib/python3.12/site-packages/streamlit/runtime/app_session.py:519>
2025-09-12T21:10:42: Traceback (most recent call last):
2025-09-12T21:10:42:   File "/usr/local/lib/python3.12/asyncio/events.py", line 88, in _run
2025-09-12T21:10:42:     self._context.run(self._callback, *self._args)
2025-09-12T21:10:42:   File "/usr/local/lib/python3.12/site-packages/streamlit/runtime/app_session.py", line 519, in <lambda>
2025-09-12T21:10:42:     lambda: self._handle_scriptrunner_event_on_event_loop(
2025-09-12T21:10:42:             ^^^^^^^^^^^^^^^^^^^^^^^^^^^^^^^^^^^^^^^^^^^^^^
2025-09-12T21:10:42:   File "/usr/local/lib/python3.12/site-packages/streamlit/runtime/app_session.py", line 616, in _handle_scriptrunner_event_on_event_loop
2025-09-12T21:10:42:     msg = self._create_new_session_message(
2025-09-12T21:10:42:           ^^^^^^^^^^^^^^^^^^^^^^^^^^^^^^^^^
2025-09-12T21:10:42:   File "/usr/local/lib/python3.12/site-packages/streamlit/runtime/app_session.py", line 750, in _create_new_session_message
2025-09-12T21:10:42:     _populate_user_info_msg(imsg.user_info)
2025-09-12T21:10:42:   File "/usr/local/lib/python3.12/site-packages/streamlit/runtime/app_session.py", line 1154, in _populate_user_info_msg
2025-09-12T21:10:42:     inst = Installation.instance()
2025-09-12T21:10:42:            ^^^^^^^^^^^^^^^^^^^^^^^
2025-09-12T21:10:42:   File "/usr/local/lib/python3.12/site-packages/streamlit/runtime/metrics_util.py", line 228, in instance
2025-09-12T21:10:42:     cls._instance = Installation()
2025-09-12T21:10:42:                     ^^^^^^^^^^^^^^
2025-09-12T21:10:42:   File "/usr/local/lib/python3.12/site-packages/streamlit/runtime/metrics_util.py", line 233, in __init__
2025-09-12T21:10:42:     uuid.uuid5(uuid.NAMESPACE_DNS, _get_machine_id_v3())
2025-09-12T21:10:42:                                    ^^^^^^^^^^^^^^^^^^^^
2025-09-12T21:10:42:   File "/usr/local/lib/python3.12/site-packages/streamlit/runtime/metrics_util.py", line 173, in _get_machine_id_v3
2025-09-12T21:10:42:     machine_id = f.read()
2025-09-12T21:10:42:                  ^^^^^^^^
2025-09-12T21:10:42:   File "<frozen codecs>", line 322, in decode
2025-09-12T21:10:42: UnicodeDecodeError: 'utf-8' codec can't decode bytes in position 25-26: invalid continuation byte
2025-09-12T21:10:51: Exception in callback AppSession._on_scriptrunner_event.<locals>.<lambda>() at /usr/local/lib/python3.12/site-packages/streamlit/runtime/app_session.py:519
2025-09-12T21:10:51: handle: <Handle AppSession._on_scriptrunner_event.<locals>.<lambda>() at /usr/local/lib/python3.12/site-packages/streamlit/runtime/app_session.py:519>
2025-09-12T21:10:51: Traceback (most recent call last):
2025-09-12T21:10:51:   File "/usr/local/lib/python3.12/asyncio/events.py", line 88, in _run
2025-09-12T21:10:51:     self._context.run(self._callback, *self._args)
2025-09-12T21:10:51:   File "/usr/local/lib/python3.12/site-packages/streamlit/runtime/app_session.py", line 519, in <lambda>
2025-09-12T21:10:51:     lambda: self._handle_scriptrunner_event_on_event_loop(
2025-09-12T21:10:51:             ^^^^^^^^^^^^^^^^^^^^^^^^^^^^^^^^^^^^^^^^^^^^^^
2025-09-12T21:10:51:   File "/usr/local/lib/python3.12/site-packages/streamlit/runtime/app_session.py", line 616, in _handle_scriptrunner_event_on_event_loop
2025-09-12T21:10:51:     msg = self._create_new_session_message(
2025-09-12T21:10:51:           ^^^^^^^^^^^^^^^^^^^^^^^^^^^^^^^^^
2025-09-12T21:10:51:   File "/usr/local/lib/python3.12/site-packages/streamlit/runtime/app_session.py", line 750, in _create_new_session_message
2025-09-12T21:10:51:     _populate_user_info_msg(imsg.user_info)
2025-09-12T21:10:51:   File "/usr/local/lib/python3.12/site-packages/streamlit/runtime/app_session.py", line 1154, in _populate_user_info_msg
2025-09-12T21:10:51:     inst = Installation.instance()
2025-09-12T21:10:51:            ^^^^^^^^^^^^^^^^^^^^^^^
2025-09-12T21:10:51:   File "/usr/local/lib/python3.12/site-packages/streamlit/runtime/metrics_util.py", line 228, in instance
2025-09-12T21:10:51:     cls._instance = Installation()
2025-09-12T21:10:51:                     ^^^^^^^^^^^^^^
2025-09-12T21:10:51:   File "/usr/local/lib/python3.12/site-packages/streamlit/runtime/metrics_util.py", line 233, in __init__
2025-09-12T21:10:51:     uuid.uuid5(uuid.NAMESPACE_DNS, _get_machine_id_v3())
2025-09-12T21:10:51:                                    ^^^^^^^^^^^^^^^^^^^^
2025-09-12T21:10:51:   File "/usr/local/lib/python3.12/site-packages/streamlit/runtime/metrics_util.py", line 173, in _get_machine_id_v3
2025-09-12T21:10:51:     machine_id = f.read()
2025-09-12T21:10:51:                  ^^^^^^^^
2025-09-12T21:10:51:   File "<frozen codecs>", line 322, in decode
2025-09-12T21:10:51: UnicodeDecodeError: 'utf-8' codec can't decode bytes in position 25-26: invalid continuation byte
2025-09-12T21:10:53: Exception in callback AppSession._on_scriptrunner_event.<locals>.<lambda>() at /usr/local/lib/python3.12/site-packages/streamlit/runtime/app_session.py:519
2025-09-12T21:10:53: handle: <Handle AppSession._on_scriptrunner_event.<locals>.<lambda>() at /usr/local/lib/python3.12/site-packages/streamlit/runtime/app_session.py:519>
2025-09-12T21:10:53: Traceback (most recent call last):
2025-09-12T21:10:53:   File "/usr/local/lib/python3.12/asyncio/events.py", line 88, in _run
2025-09-12T21:10:53:     self._context.run(self._callback, *self._args)
2025-09-12T21:10:53:   File "/usr/local/lib/python3.12/site-packages/streamlit/runtime/app_session.py", line 519, in <lambda>
2025-09-12T21:10:53:     lambda: self._handle_scriptrunner_event_on_event_loop(
2025-09-12T21:10:53:             ^^^^^^^^^^^^^^^^^^^^^^^^^^^^^^^^^^^^^^^^^^^^^^
2025-09-12T21:10:53:   File "/usr/local/lib/python3.12/site-packages/streamlit/runtime/app_session.py", line 616, in _handle_scriptrunner_event_on_event_loop
2025-09-12T21:10:53:     msg = self._create_new_session_message(
2025-09-12T21:10:53:           ^^^^^^^^^^^^^^^^^^^^^^^^^^^^^^^^^
2025-09-12T21:10:53:   File "/usr/local/lib/python3.12/site-packages/streamlit/runtime/app_session.py", line 750, in _create_new_session_message
2025-09-12T21:10:53:     _populate_user_info_msg(imsg.user_info)
2025-09-12T21:10:53:   File "/usr/local/lib/python3.12/site-packages/streamlit/runtime/app_session.py", line 1154, in _populate_user_info_msg
2025-09-12T21:10:53:     inst = Installation.instance()
2025-09-12T21:10:53:            ^^^^^^^^^^^^^^^^^^^^^^^
2025-09-12T21:10:53:   File "/usr/local/lib/python3.12/site-packages/streamlit/runtime/metrics_util.py", line 228, in instance
2025-09-12T21:10:53:     cls._instance = Installation()
2025-09-12T21:10:53:                     ^^^^^^^^^^^^^^
2025-09-12T21:10:53:   File "/usr/local/lib/python3.12/site-packages/streamlit/runtime/metrics_util.py", line 233, in __init__
2025-09-12T21:10:53:     uuid.uuid5(uuid.NAMESPACE_DNS, _get_machine_id_v3())
2025-09-12T21:10:53:                                    ^^^^^^^^^^^^^^^^^^^^
2025-09-12T21:10:53:   File "/usr/local/lib/python3.12/site-packages/streamlit/runtime/metrics_util.py", line 173, in _get_machine_id_v3
2025-09-12T21:10:53:     machine_id = f.read()
2025-09-12T21:10:53:                  ^^^^^^^^
2025-09-12T21:10:53:   File "<frozen codecs>", line 322, in decode
2025-09-12T21:10:53: UnicodeDecodeError: 'utf-8' codec can't decode bytes in position 25-26: invalid continuation byte
2025-09-12T21:10:58: Exception in callback AppSession._on_scriptrunner_event.<locals>.<lambda>() at /usr/local/lib/python3.12/site-packages/streamlit/runtime/app_session.py:519
2025-09-12T21:10:58: handle: <Handle AppSession._on_scriptrunner_event.<locals>.<lambda>() at /usr/local/lib/python3.12/site-packages/streamlit/runtime/app_session.py:519>
2025-09-12T21:10:58: Traceback (most recent call last):
2025-09-12T21:10:58:   File "/usr/local/lib/python3.12/asyncio/events.py", line 88, in _run
2025-09-12T21:10:58:     self._context.run(self._callback, *self._args)
2025-09-12T21:10:58:   File "/usr/local/lib/python3.12/site-packages/streamlit/runtime/app_session.py", line 519, in <lambda>
2025-09-12T21:10:58:     lambda: self._handle_scriptrunner_event_on_event_loop(
2025-09-12T21:10:58:             ^^^^^^^^^^^^^^^^^^^^^^^^^^^^^^^^^^^^^^^^^^^^^^
2025-09-12T21:10:58:   File "/usr/local/lib/python3.12/site-packages/streamlit/runtime/app_session.py", line 616, in _handle_scriptrunner_event_on_event_loop
2025-09-12T21:10:58:     msg = self._create_new_session_message(
2025-09-12T21:10:58:           ^^^^^^^^^^^^^^^^^^^^^^^^^^^^^^^^^
2025-09-12T21:10:58:   File "/usr/local/lib/python3.12/site-packages/streamlit/runtime/app_session.py", line 750, in _create_new_session_message
2025-09-12T21:10:58:     _populate_user_info_msg(imsg.user_info)
2025-09-12T21:10:58:   File "/usr/local/lib/python3.12/site-packages/streamlit/runtime/app_session.py", line 1154, in _populate_user_info_msg
2025-09-12T21:10:58:     inst = Installation.instance()
2025-09-12T21:10:58:            ^^^^^^^^^^^^^^^^^^^^^^^
2025-09-12T21:10:58:   File "/usr/local/lib/python3.12/site-packages/streamlit/runtime/metrics_util.py", line 228, in instance
2025-09-12T21:10:58:     cls._instance = Installation()
2025-09-12T21:10:58:                     ^^^^^^^^^^^^^^
2025-09-12T21:10:58:   File "/usr/local/lib/python3.12/site-packages/streamlit/runtime/metrics_util.py", line 233, in __init__
2025-09-12T21:10:58:     uuid.uuid5(uuid.NAMESPACE_DNS, _get_machine_id_v3())
2025-09-12T21:10:58:                                    ^^^^^^^^^^^^^^^^^^^^
2025-09-12T21:10:58:   File "/usr/local/lib/python3.12/site-packages/streamlit/runtime/metrics_util.py", line 173, in _get_machine_id_v3
2025-09-12T21:10:58:     machine_id = f.read()
2025-09-12T21:10:58:                  ^^^^^^^^
2025-09-12T21:10:58:   File "<frozen codecs>", line 322, in decode
2025-09-12T21:10:58: UnicodeDecodeError: 'utf-8' codec can't decode bytes in position 25-26: invalid continuation byte
2025-09-12T21:11:05: Exception in callback AppSession._on_scriptrunner_event.<locals>.<lambda>() at /usr/local/lib/python3.12/site-packages/streamlit/runtime/app_session.py:519
2025-09-12T21:11:05: handle: <Handle AppSession._on_scriptrunner_event.<locals>.<lambda>() at /usr/local/lib/python3.12/site-packages/streamlit/runtime/app_session.py:519>
2025-09-12T21:11:05: Traceback (most recent call last):
2025-09-12T21:11:05:   File "/usr/local/lib/python3.12/asyncio/events.py", line 88, in _run
2025-09-12T21:11:05:     self._context.run(self._callback, *self._args)
2025-09-12T21:11:05:   File "/usr/local/lib/python3.12/site-packages/streamlit/runtime/app_session.py", line 519, in <lambda>
2025-09-12T21:11:05:     lambda: self._handle_scriptrunner_event_on_event_loop(
2025-09-12T21:11:05:             ^^^^^^^^^^^^^^^^^^^^^^^^^^^^^^^^^^^^^^^^^^^^^^
2025-09-12T21:11:05:   File "/usr/local/lib/python3.12/site-packages/streamlit/runtime/app_session.py", line 616, in _handle_scriptrunner_event_on_event_loop
2025-09-12T21:11:05:     msg = self._create_new_session_message(
2025-09-12T21:11:05:           ^^^^^^^^^^^^^^^^^^^^^^^^^^^^^^^^^
2025-09-12T21:11:05:   File "/usr/local/lib/python3.12/site-packages/streamlit/runtime/app_session.py", line 750, in _create_new_session_message
2025-09-12T21:11:05:     _populate_user_info_msg(imsg.user_info)
2025-09-12T21:11:05:   File "/usr/local/lib/python3.12/site-packages/streamlit/runtime/app_session.py", line 1154, in _populate_user_info_msg
2025-09-12T21:11:05:     inst = Installation.instance()
2025-09-12T21:11:05:            ^^^^^^^^^^^^^^^^^^^^^^^
2025-09-12T21:11:05:   File "/usr/local/lib/python3.12/site-packages/streamlit/runtime/metrics_util.py", line 228, in instance
2025-09-12T21:11:05:     cls._instance = Installation()
2025-09-12T21:11:05:                     ^^^^^^^^^^^^^^
2025-09-12T21:11:05:   File "/usr/local/lib/python3.12/site-packages/streamlit/runtime/metrics_util.py", line 233, in __init__
2025-09-12T21:11:05:     uuid.uuid5(uuid.NAMESPACE_DNS, _get_machine_id_v3())
2025-09-12T21:11:05:                                    ^^^^^^^^^^^^^^^^^^^^
2025-09-12T21:11:05:   File "/usr/local/lib/python3.12/site-packages/streamlit/runtime/metrics_util.py", line 173, in _get_machine_id_v3
2025-09-12T21:11:05:     machine_id = f.read()
2025-09-12T21:11:05:                  ^^^^^^^^
2025-09-12T21:11:05:   File "<frozen codecs>", line 322, in decode
2025-09-12T21:11:05: UnicodeDecodeError: 'utf-8' codec can't decode bytes in position 25-26: invalid continuation byte
2025-09-12T21:11:08: Exception in callback AppSession._on_scriptrunner_event.<locals>.<lambda>() at /usr/local/lib/python3.12/site-packages/streamlit/runtime/app_session.py:519
2025-09-12T21:11:08: handle: <Handle AppSession._on_scriptrunner_event.<locals>.<lambda>() at /usr/local/lib/python3.12/site-packages/streamlit/runtime/app_session.py:519>
2025-09-12T21:11:08: Traceback (most recent call last):
2025-09-12T21:11:08:   File "/usr/local/lib/python3.12/asyncio/events.py", line 88, in _run
2025-09-12T21:11:08:     self._context.run(self._callback, *self._args)
2025-09-12T21:11:08:   File "/usr/local/lib/python3.12/site-packages/streamlit/runtime/app_session.py", line 519, in <lambda>
2025-09-12T21:11:08:     lambda: self._handle_scriptrunner_event_on_event_loop(
2025-09-12T21:11:08:             ^^^^^^^^^^^^^^^^^^^^^^^^^^^^^^^^^^^^^^^^^^^^^^
2025-09-12T21:11:08:   File "/usr/local/lib/python3.12/site-packages/streamlit/runtime/app_session.py", line 616, in _handle_scriptrunner_event_on_event_loop
2025-09-12T21:11:08:     msg = self._create_new_session_message(
2025-09-12T21:11:08:           ^^^^^^^^^^^^^^^^^^^^^^^^^^^^^^^^^
2025-09-12T21:11:08:   File "/usr/local/lib/python3.12/site-packages/streamlit/runtime/app_session.py", line 750, in _create_new_session_message
2025-09-12T21:11:08:     _populate_user_info_msg(imsg.user_info)
2025-09-12T21:11:08:   File "/usr/local/lib/python3.12/site-packages/streamlit/runtime/app_session.py", line 1154, in _populate_user_info_msg
2025-09-12T21:11:08:     inst = Installation.instance()
2025-09-12T21:11:08:            ^^^^^^^^^^^^^^^^^^^^^^^
2025-09-12T21:11:08:   File "/usr/local/lib/python3.12/site-packages/streamlit/runtime/metrics_util.py", line 228, in instance
2025-09-12T21:11:08:     cls._instance = Installation()
2025-09-12T21:11:08:                     ^^^^^^^^^^^^^^
2025-09-12T21:11:08:   File "/usr/local/lib/python3.12/site-packages/streamlit/runtime/metrics_util.py", line 233, in __init__
2025-09-12T21:11:08:     uuid.uuid5(uuid.NAMESPACE_DNS, _get_machine_id_v3())
2025-09-12T21:11:08:                                    ^^^^^^^^^^^^^^^^^^^^
2025-09-12T21:11:08:   File "/usr/local/lib/python3.12/site-packages/streamlit/runtime/metrics_util.py", line 173, in _get_machine_id_v3
2025-09-12T21:11:08:     machine_id = f.read()
2025-09-12T21:11:08:                  ^^^^^^^^
2025-09-12T21:11:08:   File "<frozen codecs>", line 322, in decode
2025-09-12T21:11:08: UnicodeDecodeError: 'utf-8' codec can't decode bytes in position 25-26: invalid continuation byte
2025-09-12T21:11:14: Exception in callback AppSession._on_scriptrunner_event.<locals>.<lambda>() at /usr/local/lib/python3.12/site-packages/streamlit/runtime/app_session.py:519
2025-09-12T21:11:14: handle: <Handle AppSession._on_scriptrunner_event.<locals>.<lambda>() at /usr/local/lib/python3.12/site-packages/streamlit/runtime/app_session.py:519>
2025-09-12T21:11:14: Traceback (most recent call last):
2025-09-12T21:11:14:   File "/usr/local/lib/python3.12/asyncio/events.py", line 88, in _run
2025-09-12T21:11:14:     self._context.run(self._callback, *self._args)
2025-09-12T21:11:14:   File "/usr/local/lib/python3.12/site-packages/streamlit/runtime/app_session.py", line 519, in <lambda>
2025-09-12T21:11:14:     lambda: self._handle_scriptrunner_event_on_event_loop(
2025-09-12T21:11:14:             ^^^^^^^^^^^^^^^^^^^^^^^^^^^^^^^^^^^^^^^^^^^^^^
2025-09-12T21:11:14:   File "/usr/local/lib/python3.12/site-packages/streamlit/runtime/app_session.py", line 616, in _handle_scriptrunner_event_on_event_loop
2025-09-12T21:11:14:     msg = self._create_new_session_message(
2025-09-12T21:11:14:           ^^^^^^^^^^^^^^^^^^^^^^^^^^^^^^^^^
2025-09-12T21:11:14:   File "/usr/local/lib/python3.12/site-packages/streamlit/runtime/app_session.py", line 750, in _create_new_session_message
2025-09-12T21:11:14:     _populate_user_info_msg(imsg.user_info)
2025-09-12T21:11:14:   File "/usr/local/lib/python3.12/site-packages/streamlit/runtime/app_session.py", line 1154, in _populate_user_info_msg
2025-09-12T21:11:14:     inst = Installation.instance()
2025-09-12T21:11:14:            ^^^^^^^^^^^^^^^^^^^^^^^
2025-09-12T21:11:14:   File "/usr/local/lib/python3.12/site-packages/streamlit/runtime/metrics_util.py", line 228, in instance
2025-09-12T21:11:14:     cls._instance = Installation()
2025-09-12T21:11:14:                     ^^^^^^^^^^^^^^
2025-09-12T21:11:14:   File "/usr/local/lib/python3.12/site-packages/streamlit/runtime/metrics_util.py", line 233, in __init__
2025-09-12T21:11:14:     uuid.uuid5(uuid.NAMESPACE_DNS, _get_machine_id_v3())
2025-09-12T21:11:14:                                    ^^^^^^^^^^^^^^^^^^^^
2025-09-12T21:11:14:   File "/usr/local/lib/python3.12/site-packages/streamlit/runtime/metrics_util.py", line 173, in _get_machine_id_v3
2025-09-12T21:11:14:     machine_id = f.read()
2025-09-12T21:11:14:                  ^^^^^^^^
2025-09-12T21:11:14:   File "<frozen codecs>", line 322, in decode
2025-09-12T21:11:14: UnicodeDecodeError: 'utf-8' codec can't decode bytes in position 25-26: invalid continuation byte
2025-09-12T21:11:15: Exception in callback AppSession._on_scriptrunner_event.<locals>.<lambda>() at /usr/local/lib/python3.12/site-packages/streamlit/runtime/app_session.py:519
2025-09-12T21:11:15: handle: <Handle AppSession._on_scriptrunner_event.<locals>.<lambda>() at /usr/local/lib/python3.12/site-packages/streamlit/runtime/app_session.py:519>
2025-09-12T21:11:15: Traceback (most recent call last):
2025-09-12T21:11:15:   File "/usr/local/lib/python3.12/asyncio/events.py", line 88, in _run
2025-09-12T21:11:15:     self._context.run(self._callback, *self._args)
2025-09-12T21:11:15:   File "/usr/local/lib/python3.12/site-packages/streamlit/runtime/app_session.py", line 519, in <lambda>
2025-09-12T21:11:15:     lambda: self._handle_scriptrunner_event_on_event_loop(
2025-09-12T21:11:15:             ^^^^^^^^^^^^^^^^^^^^^^^^^^^^^^^^^^^^^^^^^^^^^^
2025-09-12T21:11:15:   File "/usr/local/lib/python3.12/site-packages/streamlit/runtime/app_session.py", line 616, in _handle_scriptrunner_event_on_event_loop
2025-09-12T21:11:15:     msg = self._create_new_session_message(
2025-09-12T21:11:15:           ^^^^^^^^^^^^^^^^^^^^^^^^^^^^^^^^^
2025-09-12T21:11:15:   File "/usr/local/lib/python3.12/site-packages/streamlit/runtime/app_session.py", line 750, in _create_new_session_message
2025-09-12T21:11:15:     _populate_user_info_msg(imsg.user_info)
2025-09-12T21:11:15:   File "/usr/local/lib/python3.12/site-packages/streamlit/runtime/app_session.py", line 1154, in _populate_user_info_msg
2025-09-12T21:11:15:     inst = Installation.instance()
2025-09-12T21:11:15:            ^^^^^^^^^^^^^^^^^^^^^^^
2025-09-12T21:11:15:   File "/usr/local/lib/python3.12/site-packages/streamlit/runtime/metrics_util.py", line 228, in instance
2025-09-12T21:11:15:     cls._instance = Installation()
2025-09-12T21:11:15:                     ^^^^^^^^^^^^^^
2025-09-12T21:11:15:   File "/usr/local/lib/python3.12/site-packages/streamlit/runtime/metrics_util.py", line 233, in __init__
2025-09-12T21:11:15:     uuid.uuid5(uuid.NAMESPACE_DNS, _get_machine_id_v3())
2025-09-12T21:11:15:                                    ^^^^^^^^^^^^^^^^^^^^
2025-09-12T21:11:15:   File "/usr/local/lib/python3.12/site-packages/streamlit/runtime/metrics_util.py", line 173, in _get_machine_id_v3
2025-09-12T21:11:15:     machine_id = f.read()
2025-09-12T21:11:15:                  ^^^^^^^^
2025-09-12T21:11:15:   File "<frozen codecs>", line 322, in decode
2025-09-12T21:11:15: UnicodeDecodeError: 'utf-8' codec can't decode bytes in position 25-26: invalid continuation byte
2025-09-12T21:13:10: Exception in callback AppSession._on_scriptrunner_event.<locals>.<lambda>() at /usr/local/lib/python3.12/site-packages/streamlit/runtime/app_session.py:519
2025-09-12T21:13:10: handle: <Handle AppSession._on_scriptrunner_event.<locals>.<lambda>() at /usr/local/lib/python3.12/site-packages/streamlit/runtime/app_session.py:519>
2025-09-12T21:13:10: Traceback (most recent call last):
2025-09-12T21:13:10:   File "/usr/local/lib/python3.12/asyncio/events.py", line 88, in _run
2025-09-12T21:13:10:     self._context.run(self._callback, *self._args)
2025-09-12T21:13:10:   File "/usr/local/lib/python3.12/site-packages/streamlit/runtime/app_session.py", line 519, in <lambda>
2025-09-12T21:13:10:     lambda: self._handle_scriptrunner_event_on_event_loop(
2025-09-12T21:13:10:             ^^^^^^^^^^^^^^^^^^^^^^^^^^^^^^^^^^^^^^^^^^^^^^
2025-09-12T21:13:10:   File "/usr/local/lib/python3.12/site-packages/streamlit/runtime/app_session.py", line 616, in _handle_scriptrunner_event_on_event_loop
2025-09-12T21:13:10:     msg = self._create_new_session_message(
2025-09-12T21:13:10:           ^^^^^^^^^^^^^^^^^^^^^^^^^^^^^^^^^
2025-09-12T21:13:10:   File "/usr/local/lib/python3.12/site-packages/streamlit/runtime/app_session.py", line 750, in _create_new_session_message
2025-09-12T21:13:10:     _populate_user_info_msg(imsg.user_info)
2025-09-12T21:13:10:   File "/usr/local/lib/python3.12/site-packages/streamlit/runtime/app_session.py", line 1154, in _populate_user_info_msg
2025-09-12T21:13:10:     inst = Installation.instance()
2025-09-12T21:13:10:            ^^^^^^^^^^^^^^^^^^^^^^^
2025-09-12T21:13:10:   File "/usr/local/lib/python3.12/site-packages/streamlit/runtime/metrics_util.py", line 228, in instance
2025-09-12T21:13:10:     cls._instance = Installation()
2025-09-12T21:13:10:                     ^^^^^^^^^^^^^^
2025-09-12T21:13:10:   File "/usr/local/lib/python3.12/site-packages/streamlit/runtime/metrics_util.py", line 233, in __init__
2025-09-12T21:13:10:     uuid.uuid5(uuid.NAMESPACE_DNS, _get_machine_id_v3())
2025-09-12T21:13:10:                                    ^^^^^^^^^^^^^^^^^^^^
2025-09-12T21:13:10:   File "/usr/local/lib/python3.12/site-packages/streamlit/runtime/metrics_util.py", line 173, in _get_machine_id_v3
2025-09-12T21:13:10:     machine_id = f.read()
2025-09-12T21:13:10:                  ^^^^^^^^
2025-09-12T21:13:10:   File "<frozen codecs>", line 322, in decode
2025-09-12T21:13:10: UnicodeDecodeError: 'utf-8' codec can't decode bytes in position 25-26: invalid continuation byte
2025-09-12T21:13:13: Exception in callback AppSession._on_scriptrunner_event.<locals>.<lambda>() at /usr/local/lib/python3.12/site-packages/streamlit/runtime/app_session.py:519
2025-09-12T21:13:13: handle: <Handle AppSession._on_scriptrunner_event.<locals>.<lambda>() at /usr/local/lib/python3.12/site-packages/streamlit/runtime/app_session.py:519>
2025-09-12T21:13:13: Traceback (most recent call last):
2025-09-12T21:13:13:   File "/usr/local/lib/python3.12/asyncio/events.py", line 88, in _run
2025-09-12T21:13:13:     self._context.run(self._callback, *self._args)
2025-09-12T21:13:13:   File "/usr/local/lib/python3.12/site-packages/streamlit/runtime/app_session.py", line 519, in <lambda>
2025-09-12T21:13:13:     lambda: self._handle_scriptrunner_event_on_event_loop(
2025-09-12T21:13:13:             ^^^^^^^^^^^^^^^^^^^^^^^^^^^^^^^^^^^^^^^^^^^^^^
2025-09-12T21:13:13:   File "/usr/local/lib/python3.12/site-packages/streamlit/runtime/app_session.py", line 616, in _handle_scriptrunner_event_on_event_loop
2025-09-12T21:13:13:     msg = self._create_new_session_message(
2025-09-12T21:13:13:           ^^^^^^^^^^^^^^^^^^^^^^^^^^^^^^^^^
2025-09-12T21:13:13:   File "/usr/local/lib/python3.12/site-packages/streamlit/runtime/app_session.py", line 750, in _create_new_session_message
2025-09-12T21:13:13:     _populate_user_info_msg(imsg.user_info)
2025-09-12T21:13:13:   File "/usr/local/lib/python3.12/site-packages/streamlit/runtime/app_session.py", line 1154, in _populate_user_info_msg
2025-09-12T21:13:13:     inst = Installation.instance()
2025-09-12T21:13:13:            ^^^^^^^^^^^^^^^^^^^^^^^
2025-09-12T21:13:13:   File "/usr/local/lib/python3.12/site-packages/streamlit/runtime/metrics_util.py", line 228, in instance
2025-09-12T21:13:13:     cls._instance = Installation()
2025-09-12T21:13:13:                     ^^^^^^^^^^^^^^
2025-09-12T21:13:13:   File "/usr/local/lib/python3.12/site-packages/streamlit/runtime/metrics_util.py", line 233, in __init__
2025-09-12T21:13:13:     uuid.uuid5(uuid.NAMESPACE_DNS, _get_machine_id_v3())
2025-09-12T21:13:13:                                    ^^^^^^^^^^^^^^^^^^^^
2025-09-12T21:13:13:   File "/usr/local/lib/python3.12/site-packages/streamlit/runtime/metrics_util.py", line 173, in _get_machine_id_v3
2025-09-12T21:13:13:     machine_id = f.read()
2025-09-12T21:13:13:                  ^^^^^^^^
2025-09-12T21:13:13:   File "<frozen codecs>", line 322, in decode
2025-09-12T21:13:13: UnicodeDecodeError: 'utf-8' codec can't decode bytes in position 25-26: invalid continuation byte
2025-09-12T21:13:25: Exception in callback AppSession._on_scriptrunner_event.<locals>.<lambda>() at /usr/local/lib/python3.12/site-packages/streamlit/runtime/app_session.py:519
2025-09-12T21:13:25: handle: <Handle AppSession._on_scriptrunner_event.<locals>.<lambda>() at /usr/local/lib/python3.12/site-packages/streamlit/runtime/app_session.py:519>
2025-09-12T21:13:25: Traceback (most recent call last):
2025-09-12T21:13:25:   File "/usr/local/lib/python3.12/asyncio/events.py", line 88, in _run
2025-09-12T21:13:25:     self._context.run(self._callback, *self._args)
2025-09-12T21:13:25:   File "/usr/local/lib/python3.12/site-packages/streamlit/runtime/app_session.py", line 519, in <lambda>
2025-09-12T21:13:25:     lambda: self._handle_scriptrunner_event_on_event_loop(
2025-09-12T21:13:25:             ^^^^^^^^^^^^^^^^^^^^^^^^^^^^^^^^^^^^^^^^^^^^^^
2025-09-12T21:13:25:   File "/usr/local/lib/python3.12/site-packages/streamlit/runtime/app_session.py", line 616, in _handle_scriptrunner_event_on_event_loop
2025-09-12T21:13:25:     msg = self._create_new_session_message(
2025-09-12T21:13:25:           ^^^^^^^^^^^^^^^^^^^^^^^^^^^^^^^^^
2025-09-12T21:13:25:   File "/usr/local/lib/python3.12/site-packages/streamlit/runtime/app_session.py", line 750, in _create_new_session_message
2025-09-12T21:13:25:     _populate_user_info_msg(imsg.user_info)
2025-09-12T21:13:25:   File "/usr/local/lib/python3.12/site-packages/streamlit/runtime/app_session.py", line 1154, in _populate_user_info_msg
2025-09-12T21:13:25:     inst = Installation.instance()
2025-09-12T21:13:25:            ^^^^^^^^^^^^^^^^^^^^^^^
2025-09-12T21:13:25:   File "/usr/local/lib/python3.12/site-packages/streamlit/runtime/metrics_util.py", line 228, in instance
2025-09-12T21:13:25:     cls._instance = Installation()
2025-09-12T21:13:25:                     ^^^^^^^^^^^^^^
2025-09-12T21:13:25:   File "/usr/local/lib/python3.12/site-packages/streamlit/runtime/metrics_util.py", line 233, in __init__
2025-09-12T21:13:25:     uuid.uuid5(uuid.NAMESPACE_DNS, _get_machine_id_v3())
2025-09-12T21:13:25:                                    ^^^^^^^^^^^^^^^^^^^^
2025-09-12T21:13:25:   File "/usr/local/lib/python3.12/site-packages/streamlit/runtime/metrics_util.py", line 173, in _get_machine_id_v3
2025-09-12T21:13:25:     machine_id = f.read()
2025-09-12T21:13:25:                  ^^^^^^^^
2025-09-12T21:13:25:   File "<frozen codecs>", line 322, in decode
2025-09-12T21:13:25: UnicodeDecodeError: 'utf-8' codec can't decode bytes in position 25-26: invalid continuation byte
2025-09-12T21:13:36: Exception in callback AppSession._on_scriptrunner_event.<locals>.<lambda>() at /usr/local/lib/python3.12/site-packages/streamlit/runtime/app_session.py:519
2025-09-12T21:13:36: handle: <Handle AppSession._on_scriptrunner_event.<locals>.<lambda>() at /usr/local/lib/python3.12/site-packages/streamlit/runtime/app_session.py:519>
2025-09-12T21:13:36: Traceback (most recent call last):
2025-09-12T21:13:36:   File "/usr/local/lib/python3.12/asyncio/events.py", line 88, in _run
2025-09-12T21:13:36:     self._context.run(self._callback, *self._args)
2025-09-12T21:13:36:   File "/usr/local/lib/python3.12/site-packages/streamlit/runtime/app_session.py", line 519, in <lambda>
2025-09-12T21:13:36:     lambda: self._handle_scriptrunner_event_on_event_loop(
2025-09-12T21:13:36:             ^^^^^^^^^^^^^^^^^^^^^^^^^^^^^^^^^^^^^^^^^^^^^^
2025-09-12T21:13:36:   File "/usr/local/lib/python3.12/site-packages/streamlit/runtime/app_session.py", line 616, in _handle_scriptrunner_event_on_event_loop
2025-09-12T21:13:36:     msg = self._create_new_session_message(
2025-09-12T21:13:36:           ^^^^^^^^^^^^^^^^^^^^^^^^^^^^^^^^^
2025-09-12T21:13:36:   File "/usr/local/lib/python3.12/site-packages/streamlit/runtime/app_session.py", line 750, in _create_new_session_message
2025-09-12T21:13:36:     _populate_user_info_msg(imsg.user_info)
2025-09-12T21:13:36:   File "/usr/local/lib/python3.12/site-packages/streamlit/runtime/app_session.py", line 1154, in _populate_user_info_msg
2025-09-12T21:13:36:     inst = Installation.instance()
2025-09-12T21:13:36:            ^^^^^^^^^^^^^^^^^^^^^^^
2025-09-12T21:13:36:   File "/usr/local/lib/python3.12/site-packages/streamlit/runtime/metrics_util.py", line 228, in instance
2025-09-12T21:13:36:     cls._instance = Installation()
2025-09-12T21:13:36:                     ^^^^^^^^^^^^^^
2025-09-12T21:13:36:   File "/usr/local/lib/python3.12/site-packages/streamlit/runtime/metrics_util.py", line 233, in __init__
2025-09-12T21:13:36:     uuid.uuid5(uuid.NAMESPACE_DNS, _get_machine_id_v3())
2025-09-12T21:13:36:                                    ^^^^^^^^^^^^^^^^^^^^
2025-09-12T21:13:36:   File "/usr/local/lib/python3.12/site-packages/streamlit/runtime/metrics_util.py", line 173, in _get_machine_id_v3
2025-09-12T21:13:36:     machine_id = f.read()
2025-09-12T21:13:36:                  ^^^^^^^^
2025-09-12T21:13:36:   File "<frozen codecs>", line 322, in decode
2025-09-12T21:13:36: UnicodeDecodeError: 'utf-8' codec can't decode bytes in position 25-26: invalid continuation byte
2025-09-12T21:14:16: Exception in callback AppSession._on_scriptrunner_event.<locals>.<lambda>() at /usr/local/lib/python3.12/site-packages/streamlit/runtime/app_session.py:519
2025-09-12T21:14:16: handle: <Handle AppSession._on_scriptrunner_event.<locals>.<lambda>() at /usr/local/lib/python3.12/site-packages/streamlit/runtime/app_session.py:519>
2025-09-12T21:14:16: Traceback (most recent call last):
2025-09-12T21:14:16:   File "/usr/local/lib/python3.12/asyncio/events.py", line 88, in _run
2025-09-12T21:14:16:     self._context.run(self._callback, *self._args)
2025-09-12T21:14:16:   File "/usr/local/lib/python3.12/site-packages/streamlit/runtime/app_session.py", line 519, in <lambda>
2025-09-12T21:14:16:     lambda: self._handle_scriptrunner_event_on_event_loop(
2025-09-12T21:14:16:             ^^^^^^^^^^^^^^^^^^^^^^^^^^^^^^^^^^^^^^^^^^^^^^
2025-09-12T21:14:16:   File "/usr/local/lib/python3.12/site-packages/streamlit/runtime/app_session.py", line 616, in _handle_scriptrunner_event_on_event_loop
2025-09-12T21:14:16:     msg = self._create_new_session_message(
2025-09-12T21:14:16:           ^^^^^^^^^^^^^^^^^^^^^^^^^^^^^^^^^
2025-09-12T21:14:16:   File "/usr/local/lib/python3.12/site-packages/streamlit/runtime/app_session.py", line 750, in _create_new_session_message
2025-09-12T21:14:16:     _populate_user_info_msg(imsg.user_info)
2025-09-12T21:14:16:   File "/usr/local/lib/python3.12/site-packages/streamlit/runtime/app_session.py", line 1154, in _populate_user_info_msg
2025-09-12T21:14:16:     inst = Installation.instance()
2025-09-12T21:14:16:            ^^^^^^^^^^^^^^^^^^^^^^^
2025-09-12T21:14:16:   File "/usr/local/lib/python3.12/site-packages/streamlit/runtime/metrics_util.py", line 228, in instance
2025-09-12T21:14:16:     cls._instance = Installation()
2025-09-12T21:14:16:                     ^^^^^^^^^^^^^^
2025-09-12T21:14:16:   File "/usr/local/lib/python3.12/site-packages/streamlit/runtime/metrics_util.py", line 233, in __init__
2025-09-12T21:14:16:     uuid.uuid5(uuid.NAMESPACE_DNS, _get_machine_id_v3())
2025-09-12T21:14:16:                                    ^^^^^^^^^^^^^^^^^^^^
2025-09-12T21:14:16:   File "/usr/local/lib/python3.12/site-packages/streamlit/runtime/metrics_util.py", line 173, in _get_machine_id_v3
2025-09-12T21:14:16:     machine_id = f.read()
2025-09-12T21:14:16:                  ^^^^^^^^
2025-09-12T21:14:16:   File "<frozen codecs>", line 322, in decode
2025-09-12T21:14:16: UnicodeDecodeError: 'utf-8' codec can't decode bytes in position 25-26: invalid continuation byte
2025-09-12T21:14:16: Exception in callback AppSession._on_scriptrunner_event.<locals>.<lambda>() at /usr/local/lib/python3.12/site-packages/streamlit/runtime/app_session.py:519
2025-09-12T21:14:16: handle: <Handle AppSession._on_scriptrunner_event.<locals>.<lambda>() at /usr/local/lib/python3.12/site-packages/streamlit/runtime/app_session.py:519>
2025-09-12T21:14:16: Traceback (most recent call last):
2025-09-12T21:14:16:   File "/usr/local/lib/python3.12/asyncio/events.py", line 88, in _run
2025-09-12T21:14:16:     self._context.run(self._callback, *self._args)
2025-09-12T21:14:16:   File "/usr/local/lib/python3.12/site-packages/streamlit/runtime/app_session.py", line 519, in <lambda>
2025-09-12T21:14:16:     lambda: self._handle_scriptrunner_event_on_event_loop(
2025-09-12T21:14:16:             ^^^^^^^^^^^^^^^^^^^^^^^^^^^^^^^^^^^^^^^^^^^^^^
2025-09-12T21:14:16:   File "/usr/local/lib/python3.12/site-packages/streamlit/runtime/app_session.py", line 616, in _handle_scriptrunner_event_on_event_loop
2025-09-12T21:14:16:     msg = self._create_new_session_message(
2025-09-12T21:14:16:           ^^^^^^^^^^^^^^^^^^^^^^^^^^^^^^^^^
2025-09-12T21:14:16:   File "/usr/local/lib/python3.12/site-packages/streamlit/runtime/app_session.py", line 750, in _create_new_session_message
2025-09-12T21:14:16:     _populate_user_info_msg(imsg.user_info)
2025-09-12T21:14:16:   File "/usr/local/lib/python3.12/site-packages/streamlit/runtime/app_session.py", line 1154, in _populate_user_info_msg
2025-09-12T21:14:16:     inst = Installation.instance()
2025-09-12T21:14:16:            ^^^^^^^^^^^^^^^^^^^^^^^
2025-09-12T21:14:16:   File "/usr/local/lib/python3.12/site-packages/streamlit/runtime/metrics_util.py", line 228, in instance
2025-09-12T21:14:16:     cls._instance = Installation()
2025-09-12T21:14:16:                     ^^^^^^^^^^^^^^
2025-09-12T21:14:16:   File "/usr/local/lib/python3.12/site-packages/streamlit/runtime/metrics_util.py", line 233, in __init__
2025-09-12T21:14:16:     uuid.uuid5(uuid.NAMESPACE_DNS, _get_machine_id_v3())
2025-09-12T21:14:16:                                    ^^^^^^^^^^^^^^^^^^^^
2025-09-12T21:14:16:   File "/usr/local/lib/python3.12/site-packages/streamlit/runtime/metrics_util.py", line 173, in _get_machine_id_v3
2025-09-12T21:14:16:     machine_id = f.read()
2025-09-12T21:14:16:                  ^^^^^^^^
2025-09-12T21:14:16:   File "<frozen codecs>", line 322, in decode
2025-09-12T21:14:16: UnicodeDecodeError: 'utf-8' codec can't decode bytes in position 25-26: invalid continuation byte
2025-09-12T21:14:26: Exception in callback AppSession._on_scriptrunner_event.<locals>.<lambda>() at /usr/local/lib/python3.12/site-packages/streamlit/runtime/app_session.py:519
2025-09-12T21:14:26: handle: <Handle AppSession._on_scriptrunner_event.<locals>.<lambda>() at /usr/local/lib/python3.12/site-packages/streamlit/runtime/app_session.py:519>
2025-09-12T21:14:26: Traceback (most recent call last):
2025-09-12T21:14:26:   File "/usr/local/lib/python3.12/asyncio/events.py", line 88, in _run
2025-09-12T21:14:26:     self._context.run(self._callback, *self._args)
2025-09-12T21:14:26:   File "/usr/local/lib/python3.12/site-packages/streamlit/runtime/app_session.py", line 519, in <lambda>
2025-09-12T21:14:26:     lambda: self._handle_scriptrunner_event_on_event_loop(
2025-09-12T21:14:26:             ^^^^^^^^^^^^^^^^^^^^^^^^^^^^^^^^^^^^^^^^^^^^^^
2025-09-12T21:14:26:   File "/usr/local/lib/python3.12/site-packages/streamlit/runtime/app_session.py", line 616, in _handle_scriptrunner_event_on_event_loop
2025-09-12T21:14:26:     msg = self._create_new_session_message(
2025-09-12T21:14:26:           ^^^^^^^^^^^^^^^^^^^^^^^^^^^^^^^^^
2025-09-12T21:14:26:   File "/usr/local/lib/python3.12/site-packages/streamlit/runtime/app_session.py", line 750, in _create_new_session_message
2025-09-12T21:14:26:     _populate_user_info_msg(imsg.user_info)
2025-09-12T21:14:26:   File "/usr/local/lib/python3.12/site-packages/streamlit/runtime/app_session.py", line 1154, in _populate_user_info_msg
2025-09-12T21:14:26:     inst = Installation.instance()
2025-09-12T21:14:26:            ^^^^^^^^^^^^^^^^^^^^^^^
2025-09-12T21:14:26:   File "/usr/local/lib/python3.12/site-packages/streamlit/runtime/metrics_util.py", line 228, in instance
2025-09-12T21:14:26:     cls._instance = Installation()
2025-09-12T21:14:26:                     ^^^^^^^^^^^^^^
2025-09-12T21:14:26:   File "/usr/local/lib/python3.12/site-packages/streamlit/runtime/metrics_util.py", line 233, in __init__
2025-09-12T21:14:26:     uuid.uuid5(uuid.NAMESPACE_DNS, _get_machine_id_v3())
2025-09-12T21:14:26:                                    ^^^^^^^^^^^^^^^^^^^^
2025-09-12T21:14:26:   File "/usr/local/lib/python3.12/site-packages/streamlit/runtime/metrics_util.py", line 173, in _get_machine_id_v3
2025-09-12T21:14:26:     machine_id = f.read()
2025-09-12T21:14:26:                  ^^^^^^^^
2025-09-12T21:14:26:   File "<frozen codecs>", line 322, in decode
2025-09-12T21:14:26: UnicodeDecodeError: 'utf-8' codec can't decode bytes in position 25-26: invalid continuation byte
2025-09-12T21:14:26: Exception in callback AppSession._on_scriptrunner_event.<locals>.<lambda>() at /usr/local/lib/python3.12/site-packages/streamlit/runtime/app_session.py:519
2025-09-12T21:14:26: handle: <Handle AppSession._on_scriptrunner_event.<locals>.<lambda>() at /usr/local/lib/python3.12/site-packages/streamlit/runtime/app_session.py:519>
2025-09-12T21:14:26: Traceback (most recent call last):
2025-09-12T21:14:26:   File "/usr/local/lib/python3.12/asyncio/events.py", line 88, in _run
2025-09-12T21:14:26:     self._context.run(self._callback, *self._args)
2025-09-12T21:14:26:   File "/usr/local/lib/python3.12/site-packages/streamlit/runtime/app_session.py", line 519, in <lambda>
2025-09-12T21:14:26:     lambda: self._handle_scriptrunner_event_on_event_loop(
2025-09-12T21:14:26:             ^^^^^^^^^^^^^^^^^^^^^^^^^^^^^^^^^^^^^^^^^^^^^^
2025-09-12T21:14:26:   File "/usr/local/lib/python3.12/site-packages/streamlit/runtime/app_session.py", line 616, in _handle_scriptrunner_event_on_event_loop
2025-09-12T21:14:26:     msg = self._create_new_session_message(
2025-09-12T21:14:26:           ^^^^^^^^^^^^^^^^^^^^^^^^^^^^^^^^^
2025-09-12T21:14:26:   File "/usr/local/lib/python3.12/site-packages/streamlit/runtime/app_session.py", line 750, in _create_new_session_message
2025-09-12T21:14:26:     _populate_user_info_msg(imsg.user_info)
2025-09-12T21:14:26:   File "/usr/local/lib/python3.12/site-packages/streamlit/runtime/app_session.py", line 1154, in _populate_user_info_msg
2025-09-12T21:14:26:     inst = Installation.instance()
2025-09-12T21:14:26:            ^^^^^^^^^^^^^^^^^^^^^^^
2025-09-12T21:14:26:   File "/usr/local/lib/python3.12/site-packages/streamlit/runtime/metrics_util.py", line 228, in instance
2025-09-12T21:14:26:     cls._instance = Installation()
2025-09-12T21:14:26:                     ^^^^^^^^^^^^^^
2025-09-12T21:14:26:   File "/usr/local/lib/python3.12/site-packages/streamlit/runtime/metrics_util.py", line 233, in __init__
2025-09-12T21:14:26:     uuid.uuid5(uuid.NAMESPACE_DNS, _get_machine_id_v3())
2025-09-12T21:14:26:                                    ^^^^^^^^^^^^^^^^^^^^
2025-09-12T21:14:26:   File "/usr/local/lib/python3.12/site-packages/streamlit/runtime/metrics_util.py", line 173, in _get_machine_id_v3
2025-09-12T21:14:26:     machine_id = f.read()
2025-09-12T21:14:26:                  ^^^^^^^^
2025-09-12T21:14:26:   File "<frozen codecs>", line 322, in decode
2025-09-12T21:14:26: UnicodeDecodeError: 'utf-8' codec can't decode bytes in position 25-26: invalid continuation byte
2025-09-12T21:14:32: Exception in callback AppSession._on_scriptrunner_event.<locals>.<lambda>() at /usr/local/lib/python3.12/site-packages/streamlit/runtime/app_session.py:519
2025-09-12T21:14:32: handle: <Handle AppSession._on_scriptrunner_event.<locals>.<lambda>() at /usr/local/lib/python3.12/site-packages/streamlit/runtime/app_session.py:519>
2025-09-12T21:14:32: Traceback (most recent call last):
2025-09-12T21:14:32:   File "/usr/local/lib/python3.12/asyncio/events.py", line 88, in _run
2025-09-12T21:14:32:     self._context.run(self._callback, *self._args)
2025-09-12T21:14:32:   File "/usr/local/lib/python3.12/site-packages/streamlit/runtime/app_session.py", line 519, in <lambda>
2025-09-12T21:14:32:     lambda: self._handle_scriptrunner_event_on_event_loop(
2025-09-12T21:14:32:             ^^^^^^^^^^^^^^^^^^^^^^^^^^^^^^^^^^^^^^^^^^^^^^
2025-09-12T21:14:32:   File "/usr/local/lib/python3.12/site-packages/streamlit/runtime/app_session.py", line 616, in _handle_scriptrunner_event_on_event_loop
2025-09-12T21:14:32:     msg = self._create_new_session_message(
2025-09-12T21:14:32:           ^^^^^^^^^^^^^^^^^^^^^^^^^^^^^^^^^
2025-09-12T21:14:32:   File "/usr/local/lib/python3.12/site-packages/streamlit/runtime/app_session.py", line 750, in _create_new_session_message
2025-09-12T21:14:32:     _populate_user_info_msg(imsg.user_info)
2025-09-12T21:14:32:   File "/usr/local/lib/python3.12/site-packages/streamlit/runtime/app_session.py", line 1154, in _populate_user_info_msg
2025-09-12T21:14:32:     inst = Installation.instance()
2025-09-12T21:14:32:            ^^^^^^^^^^^^^^^^^^^^^^^
2025-09-12T21:14:32:   File "/usr/local/lib/python3.12/site-packages/streamlit/runtime/metrics_util.py", line 228, in instance
2025-09-12T21:14:32:     cls._instance = Installation()
2025-09-12T21:14:32:                     ^^^^^^^^^^^^^^
2025-09-12T21:14:32:   File "/usr/local/lib/python3.12/site-packages/streamlit/runtime/metrics_util.py", line 233, in __init__
2025-09-12T21:14:32:     uuid.uuid5(uuid.NAMESPACE_DNS, _get_machine_id_v3())
2025-09-12T21:14:32:                                    ^^^^^^^^^^^^^^^^^^^^
2025-09-12T21:14:32:   File "/usr/local/lib/python3.12/site-packages/streamlit/runtime/metrics_util.py", line 173, in _get_machine_id_v3
2025-09-12T21:14:32:     machine_id = f.read()
2025-09-12T21:14:32:                  ^^^^^^^^
2025-09-12T21:14:32:   File "<frozen codecs>", line 322, in decode
2025-09-12T21:14:32: UnicodeDecodeError: 'utf-8' codec can't decode bytes in position 25-26: invalid continuation byte
2025-09-12T21:14:32: Exception in callback AppSession._on_scriptrunner_event.<locals>.<lambda>() at /usr/local/lib/python3.12/site-packages/streamlit/runtime/app_session.py:519
2025-09-12T21:14:32: handle: <Handle AppSession._on_scriptrunner_event.<locals>.<lambda>() at /usr/local/lib/python3.12/site-packages/streamlit/runtime/app_session.py:519>
2025-09-12T21:14:32: Traceback (most recent call last):
2025-09-12T21:14:32:   File "/usr/local/lib/python3.12/asyncio/events.py", line 88, in _run
2025-09-12T21:14:32:     self._context.run(self._callback, *self._args)
2025-09-12T21:14:32:   File "/usr/local/lib/python3.12/site-packages/streamlit/runtime/app_session.py", line 519, in <lambda>
2025-09-12T21:14:32:     lambda: self._handle_scriptrunner_event_on_event_loop(
2025-09-12T21:14:32:             ^^^^^^^^^^^^^^^^^^^^^^^^^^^^^^^^^^^^^^^^^^^^^^
2025-09-12T21:14:32:   File "/usr/local/lib/python3.12/site-packages/streamlit/runtime/app_session.py", line 616, in _handle_scriptrunner_event_on_event_loop
2025-09-12T21:14:32:     msg = self._create_new_session_message(
2025-09-12T21:14:32:           ^^^^^^^^^^^^^^^^^^^^^^^^^^^^^^^^^
2025-09-12T21:14:32:   File "/usr/local/lib/python3.12/site-packages/streamlit/runtime/app_session.py", line 750, in _create_new_session_message
2025-09-12T21:14:32:     _populate_user_info_msg(imsg.user_info)
2025-09-12T21:14:32:   File "/usr/local/lib/python3.12/site-packages/streamlit/runtime/app_session.py", line 1154, in _populate_user_info_msg
2025-09-12T21:14:32:     inst = Installation.instance()
2025-09-12T21:14:32:            ^^^^^^^^^^^^^^^^^^^^^^^
2025-09-12T21:14:32:   File "/usr/local/lib/python3.12/site-packages/streamlit/runtime/metrics_util.py", line 228, in instance
2025-09-12T21:14:32:     cls._instance = Installation()
2025-09-12T21:14:32:                     ^^^^^^^^^^^^^^
2025-09-12T21:14:32:   File "/usr/local/lib/python3.12/site-packages/streamlit/runtime/metrics_util.py", line 233, in __init__
2025-09-12T21:14:32:     uuid.uuid5(uuid.NAMESPACE_DNS, _get_machine_id_v3())
2025-09-12T21:14:32:                                    ^^^^^^^^^^^^^^^^^^^^
2025-09-12T21:14:32:   File "/usr/local/lib/python3.12/site-packages/streamlit/runtime/metrics_util.py", line 173, in _get_machine_id_v3
2025-09-12T21:14:32:     machine_id = f.read()
2025-09-12T21:14:32:                  ^^^^^^^^
2025-09-12T21:14:32:   File "<frozen codecs>", line 322, in decode
2025-09-12T21:14:32: UnicodeDecodeError: 'utf-8' codec can't decode bytes in position 25-26: invalid continuation byte
2025-09-12T21:14:38: Exception in callback AppSession._on_scriptrunner_event.<locals>.<lambda>() at /usr/local/lib/python3.12/site-packages/streamlit/runtime/app_session.py:519
2025-09-12T21:14:38: handle: <Handle AppSession._on_scriptrunner_event.<locals>.<lambda>() at /usr/local/lib/python3.12/site-packages/streamlit/runtime/app_session.py:519>
2025-09-12T21:14:38: Traceback (most recent call last):
2025-09-12T21:14:38:   File "/usr/local/lib/python3.12/asyncio/events.py", line 88, in _run
2025-09-12T21:14:38:     self._context.run(self._callback, *self._args)
2025-09-12T21:14:38:   File "/usr/local/lib/python3.12/site-packages/streamlit/runtime/app_session.py", line 519, in <lambda>
2025-09-12T21:14:38:     lambda: self._handle_scriptrunner_event_on_event_loop(
2025-09-12T21:14:38:             ^^^^^^^^^^^^^^^^^^^^^^^^^^^^^^^^^^^^^^^^^^^^^^
2025-09-12T21:14:38:   File "/usr/local/lib/python3.12/site-packages/streamlit/runtime/app_session.py", line 616, in _handle_scriptrunner_event_on_event_loop
2025-09-12T21:14:38:     msg = self._create_new_session_message(
2025-09-12T21:14:38:           ^^^^^^^^^^^^^^^^^^^^^^^^^^^^^^^^^
2025-09-12T21:14:38:   File "/usr/local/lib/python3.12/site-packages/streamlit/runtime/app_session.py", line 750, in _create_new_session_message
2025-09-12T21:14:38:     _populate_user_info_msg(imsg.user_info)
2025-09-12T21:14:38:   File "/usr/local/lib/python3.12/site-packages/streamlit/runtime/app_session.py", line 1154, in _populate_user_info_msg
2025-09-12T21:14:38:     inst = Installation.instance()
2025-09-12T21:14:38:            ^^^^^^^^^^^^^^^^^^^^^^^
2025-09-12T21:14:38:   File "/usr/local/lib/python3.12/site-packages/streamlit/runtime/metrics_util.py", line 228, in instance
2025-09-12T21:14:38:     cls._instance = Installation()
2025-09-12T21:14:38:                     ^^^^^^^^^^^^^^
2025-09-12T21:14:38:   File "/usr/local/lib/python3.12/site-packages/streamlit/runtime/metrics_util.py", line 233, in __init__
2025-09-12T21:14:38:     uuid.uuid5(uuid.NAMESPACE_DNS, _get_machine_id_v3())
2025-09-12T21:14:38:                                    ^^^^^^^^^^^^^^^^^^^^
2025-09-12T21:14:38:   File "/usr/local/lib/python3.12/site-packages/streamlit/runtime/metrics_util.py", line 173, in _get_machine_id_v3
2025-09-12T21:14:38:     machine_id = f.read()
2025-09-12T21:14:38:                  ^^^^^^^^
2025-09-12T21:14:38:   File "<frozen codecs>", line 322, in decode
2025-09-12T21:14:38: UnicodeDecodeError: 'utf-8' codec can't decode bytes in position 25-26: invalid continuation byte
2025-09-12T21:14:38: Exception in callback AppSession._on_scriptrunner_event.<locals>.<lambda>() at /usr/local/lib/python3.12/site-packages/streamlit/runtime/app_session.py:519
2025-09-12T21:14:38: handle: <Handle AppSession._on_scriptrunner_event.<locals>.<lambda>() at /usr/local/lib/python3.12/site-packages/streamlit/runtime/app_session.py:519>
2025-09-12T21:14:38: Traceback (most recent call last):
2025-09-12T21:14:38:   File "/usr/local/lib/python3.12/asyncio/events.py", line 88, in _run
2025-09-12T21:14:38:     self._context.run(self._callback, *self._args)
2025-09-12T21:14:38:   File "/usr/local/lib/python3.12/site-packages/streamlit/runtime/app_session.py", line 519, in <lambda>
2025-09-12T21:14:38:     lambda: self._handle_scriptrunner_event_on_event_loop(
2025-09-12T21:14:38:             ^^^^^^^^^^^^^^^^^^^^^^^^^^^^^^^^^^^^^^^^^^^^^^
2025-09-12T21:14:38:   File "/usr/local/lib/python3.12/site-packages/streamlit/runtime/app_session.py", line 616, in _handle_scriptrunner_event_on_event_loop
2025-09-12T21:14:38:     msg = self._create_new_session_message(
2025-09-12T21:14:38:           ^^^^^^^^^^^^^^^^^^^^^^^^^^^^^^^^^
2025-09-12T21:14:38:   File "/usr/local/lib/python3.12/site-packages/streamlit/runtime/app_session.py", line 750, in _create_new_session_message
2025-09-12T21:14:38:     _populate_user_info_msg(imsg.user_info)
2025-09-12T21:14:38:   File "/usr/local/lib/python3.12/site-packages/streamlit/runtime/app_session.py", line 1154, in _populate_user_info_msg
2025-09-12T21:14:38:     inst = Installation.instance()
2025-09-12T21:14:38:            ^^^^^^^^^^^^^^^^^^^^^^^
2025-09-12T21:14:38:   File "/usr/local/lib/python3.12/site-packages/streamlit/runtime/metrics_util.py", line 228, in instance
2025-09-12T21:14:38:     cls._instance = Installation()
2025-09-12T21:14:38:                     ^^^^^^^^^^^^^^
2025-09-12T21:14:38:   File "/usr/local/lib/python3.12/site-packages/streamlit/runtime/metrics_util.py", line 233, in __init__
2025-09-12T21:14:38:     uuid.uuid5(uuid.NAMESPACE_DNS, _get_machine_id_v3())
2025-09-12T21:14:38:                                    ^^^^^^^^^^^^^^^^^^^^
2025-09-12T21:14:38:   File "/usr/local/lib/python3.12/site-packages/streamlit/runtime/metrics_util.py", line 173, in _get_machine_id_v3
2025-09-12T21:14:38:     machine_id = f.read()
2025-09-12T21:14:38:                  ^^^^^^^^
2025-09-12T21:14:38:   File "<frozen codecs>", line 322, in decode
2025-09-12T21:14:38: UnicodeDecodeError: 'utf-8' codec can't decode bytes in position 25-26: invalid continuation byte
2025-09-12T21:14:39: Exception in callback AppSession._on_scriptrunner_event.<locals>.<lambda>() at /usr/local/lib/python3.12/site-packages/streamlit/runtime/app_session.py:519
2025-09-12T21:14:39: handle: <Handle AppSession._on_scriptrunner_event.<locals>.<lambda>() at /usr/local/lib/python3.12/site-packages/streamlit/runtime/app_session.py:519>
2025-09-12T21:14:39: Traceback (most recent call last):
2025-09-12T21:14:39:   File "/usr/local/lib/python3.12/asyncio/events.py", line 88, in _run
2025-09-12T21:14:39:     self._context.run(self._callback, *self._args)
2025-09-12T21:14:39:   File "/usr/local/lib/python3.12/site-packages/streamlit/runtime/app_session.py", line 519, in <lambda>
2025-09-12T21:14:39:     lambda: self._handle_scriptrunner_event_on_event_loop(
2025-09-12T21:14:39:             ^^^^^^^^^^^^^^^^^^^^^^^^^^^^^^^^^^^^^^^^^^^^^^
2025-09-12T21:14:39:   File "/usr/local/lib/python3.12/site-packages/streamlit/runtime/app_session.py", line 616, in _handle_scriptrunner_event_on_event_loop
2025-09-12T21:14:39:     msg = self._create_new_session_message(
2025-09-12T21:14:39:           ^^^^^^^^^^^^^^^^^^^^^^^^^^^^^^^^^
2025-09-12T21:14:39:   File "/usr/local/lib/python3.12/site-packages/streamlit/runtime/app_session.py", line 750, in _create_new_session_message
2025-09-12T21:14:39:     _populate_user_info_msg(imsg.user_info)
2025-09-12T21:14:39:   File "/usr/local/lib/python3.12/site-packages/streamlit/runtime/app_session.py", line 1154, in _populate_user_info_msg
2025-09-12T21:14:39:     inst = Installation.instance()
2025-09-12T21:14:39:            ^^^^^^^^^^^^^^^^^^^^^^^
2025-09-12T21:14:39:   File "/usr/local/lib/python3.12/site-packages/streamlit/runtime/metrics_util.py", line 228, in instance
2025-09-12T21:14:39:     cls._instance = Installation()
2025-09-12T21:14:39:                     ^^^^^^^^^^^^^^
2025-09-12T21:14:39:   File "/usr/local/lib/python3.12/site-packages/streamlit/runtime/metrics_util.py", line 233, in __init__
2025-09-12T21:14:39:     uuid.uuid5(uuid.NAMESPACE_DNS, _get_machine_id_v3())
2025-09-12T21:14:39:                                    ^^^^^^^^^^^^^^^^^^^^
2025-09-12T21:14:39:   File "/usr/local/lib/python3.12/site-packages/streamlit/runtime/metrics_util.py", line 173, in _get_machine_id_v3
2025-09-12T21:14:39:     machine_id = f.read()
2025-09-12T21:14:39:                  ^^^^^^^^
2025-09-12T21:14:39:   File "<frozen codecs>", line 322, in decode
2025-09-12T21:14:39: UnicodeDecodeError: 'utf-8' codec can't decode bytes in position 25-26: invalid continuation byte
2025-09-12T21:14:43: Exception in callback AppSession._on_scriptrunner_event.<locals>.<lambda>() at /usr/local/lib/python3.12/site-packages/streamlit/runtime/app_session.py:519
2025-09-12T21:14:43: handle: <Handle AppSession._on_scriptrunner_event.<locals>.<lambda>() at /usr/local/lib/python3.12/site-packages/streamlit/runtime/app_session.py:519>
2025-09-12T21:14:43: Traceback (most recent call last):
2025-09-12T21:14:43:   File "/usr/local/lib/python3.12/asyncio/events.py", line 88, in _run
2025-09-12T21:14:43:     self._context.run(self._callback, *self._args)
2025-09-12T21:14:43:   File "/usr/local/lib/python3.12/site-packages/streamlit/runtime/app_session.py", line 519, in <lambda>
2025-09-12T21:14:43:     lambda: self._handle_scriptrunner_event_on_event_loop(
2025-09-12T21:14:43:             ^^^^^^^^^^^^^^^^^^^^^^^^^^^^^^^^^^^^^^^^^^^^^^
2025-09-12T21:14:43:   File "/usr/local/lib/python3.12/site-packages/streamlit/runtime/app_session.py", line 616, in _handle_scriptrunner_event_on_event_loop
2025-09-12T21:14:43:     msg = self._create_new_session_message(
2025-09-12T21:14:43:           ^^^^^^^^^^^^^^^^^^^^^^^^^^^^^^^^^
2025-09-12T21:14:43:   File "/usr/local/lib/python3.12/site-packages/streamlit/runtime/app_session.py", line 750, in _create_new_session_message
2025-09-12T21:14:43:     _populate_user_info_msg(imsg.user_info)
2025-09-12T21:14:43:   File "/usr/local/lib/python3.12/site-packages/streamlit/runtime/app_session.py", line 1154, in _populate_user_info_msg
2025-09-12T21:14:43:     inst = Installation.instance()
2025-09-12T21:14:43:            ^^^^^^^^^^^^^^^^^^^^^^^
2025-09-12T21:14:43:   File "/usr/local/lib/python3.12/site-packages/streamlit/runtime/metrics_util.py", line 228, in instance
2025-09-12T21:14:43:     cls._instance = Installation()
2025-09-12T21:14:43:                     ^^^^^^^^^^^^^^
2025-09-12T21:14:43:   File "/usr/local/lib/python3.12/site-packages/streamlit/runtime/metrics_util.py", line 233, in __init__
2025-09-12T21:14:43:     uuid.uuid5(uuid.NAMESPACE_DNS, _get_machine_id_v3())
2025-09-12T21:14:43:                                    ^^^^^^^^^^^^^^^^^^^^
2025-09-12T21:14:43:   File "/usr/local/lib/python3.12/site-packages/streamlit/runtime/metrics_util.py", line 173, in _get_machine_id_v3
2025-09-12T21:14:43:     machine_id = f.read()
2025-09-12T21:14:43:                  ^^^^^^^^
2025-09-12T21:14:43:   File "<frozen codecs>", line 322, in decode
2025-09-12T21:14:43: UnicodeDecodeError: 'utf-8' codec can't decode bytes in position 25-26: invalid continuation byte
2025-09-12T21:14:43: Exception in callback AppSession._on_scriptrunner_event.<locals>.<lambda>() at /usr/local/lib/python3.12/site-packages/streamlit/runtime/app_session.py:519
2025-09-12T21:14:43: handle: <Handle AppSession._on_scriptrunner_event.<locals>.<lambda>() at /usr/local/lib/python3.12/site-packages/streamlit/runtime/app_session.py:519>
2025-09-12T21:14:43: Traceback (most recent call last):
2025-09-12T21:14:43:   File "/usr/local/lib/python3.12/asyncio/events.py", line 88, in _run
2025-09-12T21:14:43:     self._context.run(self._callback, *self._args)
2025-09-12T21:14:43:   File "/usr/local/lib/python3.12/site-packages/streamlit/runtime/app_session.py", line 519, in <lambda>
2025-09-12T21:14:43:     lambda: self._handle_scriptrunner_event_on_event_loop(
2025-09-12T21:14:43:             ^^^^^^^^^^^^^^^^^^^^^^^^^^^^^^^^^^^^^^^^^^^^^^
2025-09-12T21:14:43:   File "/usr/local/lib/python3.12/site-packages/streamlit/runtime/app_session.py", line 616, in _handle_scriptrunner_event_on_event_loop
2025-09-12T21:14:43:     msg = self._create_new_session_message(
2025-09-12T21:14:43:           ^^^^^^^^^^^^^^^^^^^^^^^^^^^^^^^^^
2025-09-12T21:14:43:   File "/usr/local/lib/python3.12/site-packages/streamlit/runtime/app_session.py", line 750, in _create_new_session_message
2025-09-12T21:14:43:     _populate_user_info_msg(imsg.user_info)
2025-09-12T21:14:43:   File "/usr/local/lib/python3.12/site-packages/streamlit/runtime/app_session.py", line 1154, in _populate_user_info_msg
2025-09-12T21:14:43:     inst = Installation.instance()
2025-09-12T21:14:43:            ^^^^^^^^^^^^^^^^^^^^^^^
2025-09-12T21:14:43:   File "/usr/local/lib/python3.12/site-packages/streamlit/runtime/metrics_util.py", line 228, in instance
2025-09-12T21:14:43:     cls._instance = Installation()
2025-09-12T21:14:43:                     ^^^^^^^^^^^^^^
2025-09-12T21:14:43:   File "/usr/local/lib/python3.12/site-packages/streamlit/runtime/metrics_util.py", line 233, in __init__
2025-09-12T21:14:43:     uuid.uuid5(uuid.NAMESPACE_DNS, _get_machine_id_v3())
2025-09-12T21:14:43:                                    ^^^^^^^^^^^^^^^^^^^^
2025-09-12T21:14:43:   File "/usr/local/lib/python3.12/site-packages/streamlit/runtime/metrics_util.py", line 173, in _get_machine_id_v3
2025-09-12T21:14:43:     machine_id = f.read()
2025-09-12T21:14:43:                  ^^^^^^^^
2025-09-12T21:14:43:   File "<frozen codecs>", line 322, in decode
2025-09-12T21:14:43: UnicodeDecodeError: 'utf-8' codec can't decode bytes in position 25-26: invalid continuation byte
2025-09-12T21:14:49: Exception in callback AppSession._on_scriptrunner_event.<locals>.<lambda>() at /usr/local/lib/python3.12/site-packages/streamlit/runtime/app_session.py:519
2025-09-12T21:14:49: handle: <Handle AppSession._on_scriptrunner_event.<locals>.<lambda>() at /usr/local/lib/python3.12/site-packages/streamlit/runtime/app_session.py:519>
2025-09-12T21:14:49: Traceback (most recent call last):
2025-09-12T21:14:49:   File "/usr/local/lib/python3.12/asyncio/events.py", line 88, in _run
2025-09-12T21:14:49:     self._context.run(self._callback, *self._args)
2025-09-12T21:14:49:   File "/usr/local/lib/python3.12/site-packages/streamlit/runtime/app_session.py", line 519, in <lambda>
2025-09-12T21:14:49:     lambda: self._handle_scriptrunner_event_on_event_loop(
2025-09-12T21:14:49:             ^^^^^^^^^^^^^^^^^^^^^^^^^^^^^^^^^^^^^^^^^^^^^^
2025-09-12T21:14:49:   File "/usr/local/lib/python3.12/site-packages/streamlit/runtime/app_session.py", line 616, in _handle_scriptrunner_event_on_event_loop
2025-09-12T21:14:49:     msg = self._create_new_session_message(
2025-09-12T21:14:49:           ^^^^^^^^^^^^^^^^^^^^^^^^^^^^^^^^^
2025-09-12T21:14:49:   File "/usr/local/lib/python3.12/site-packages/streamlit/runtime/app_session.py", line 750, in _create_new_session_message
2025-09-12T21:14:49:     _populate_user_info_msg(imsg.user_info)
2025-09-12T21:14:49:   File "/usr/local/lib/python3.12/site-packages/streamlit/runtime/app_session.py", line 1154, in _populate_user_info_msg
2025-09-12T21:14:49:     inst = Installation.instance()
2025-09-12T21:14:49:            ^^^^^^^^^^^^^^^^^^^^^^^
2025-09-12T21:14:49:   File "/usr/local/lib/python3.12/site-packages/streamlit/runtime/metrics_util.py", line 228, in instance
2025-09-12T21:14:49:     cls._instance = Installation()
2025-09-12T21:14:49:                     ^^^^^^^^^^^^^^
2025-09-12T21:14:49:   File "/usr/local/lib/python3.12/site-packages/streamlit/runtime/metrics_util.py", line 233, in __init__
2025-09-12T21:14:49:     uuid.uuid5(uuid.NAMESPACE_DNS, _get_machine_id_v3())
2025-09-12T21:14:49:                                    ^^^^^^^^^^^^^^^^^^^^
2025-09-12T21:14:49:   File "/usr/local/lib/python3.12/site-packages/streamlit/runtime/metrics_util.py", line 173, in _get_machine_id_v3
2025-09-12T21:14:49:     machine_id = f.read()
2025-09-12T21:14:49:                  ^^^^^^^^
2025-09-12T21:14:49:   File "<frozen codecs>", line 322, in decode
2025-09-12T21:14:49: UnicodeDecodeError: 'utf-8' codec can't decode bytes in position 25-26: invalid continuation byte
2025-09-12T21:14:49: Exception in callback AppSession._on_scriptrunner_event.<locals>.<lambda>() at /usr/local/lib/python3.12/site-packages/streamlit/runtime/app_session.py:519
2025-09-12T21:14:49: handle: <Handle AppSession._on_scriptrunner_event.<locals>.<lambda>() at /usr/local/lib/python3.12/site-packages/streamlit/runtime/app_session.py:519>
2025-09-12T21:14:49: Traceback (most recent call last):
2025-09-12T21:14:49:   File "/usr/local/lib/python3.12/asyncio/events.py", line 88, in _run
2025-09-12T21:14:49:     self._context.run(self._callback, *self._args)
2025-09-12T21:14:49:   File "/usr/local/lib/python3.12/site-packages/streamlit/runtime/app_session.py", line 519, in <lambda>
2025-09-12T21:14:49:     lambda: self._handle_scriptrunner_event_on_event_loop(
2025-09-12T21:14:49:             ^^^^^^^^^^^^^^^^^^^^^^^^^^^^^^^^^^^^^^^^^^^^^^
2025-09-12T21:14:49:   File "/usr/local/lib/python3.12/site-packages/streamlit/runtime/app_session.py", line 616, in _handle_scriptrunner_event_on_event_loop
2025-09-12T21:14:49:     msg = self._create_new_session_message(
2025-09-12T21:14:49:           ^^^^^^^^^^^^^^^^^^^^^^^^^^^^^^^^^
2025-09-12T21:14:49:   File "/usr/local/lib/python3.12/site-packages/streamlit/runtime/app_session.py", line 750, in _create_new_session_message
2025-09-12T21:14:49:     _populate_user_info_msg(imsg.user_info)
2025-09-12T21:14:49:   File "/usr/local/lib/python3.12/site-packages/streamlit/runtime/app_session.py", line 1154, in _populate_user_info_msg
2025-09-12T21:14:49:     inst = Installation.instance()
2025-09-12T21:14:49:            ^^^^^^^^^^^^^^^^^^^^^^^
2025-09-12T21:14:49:   File "/usr/local/lib/python3.12/site-packages/streamlit/runtime/metrics_util.py", line 228, in instance
2025-09-12T21:14:49:     cls._instance = Installation()
2025-09-12T21:14:49:                     ^^^^^^^^^^^^^^
2025-09-12T21:14:49:   File "/usr/local/lib/python3.12/site-packages/streamlit/runtime/metrics_util.py", line 233, in __init__
2025-09-12T21:14:49:     uuid.uuid5(uuid.NAMESPACE_DNS, _get_machine_id_v3())
2025-09-12T21:14:49:                                    ^^^^^^^^^^^^^^^^^^^^
2025-09-12T21:14:49:   File "/usr/local/lib/python3.12/site-packages/streamlit/runtime/metrics_util.py", line 173, in _get_machine_id_v3
2025-09-12T21:14:49:     machine_id = f.read()
2025-09-12T21:14:49:                  ^^^^^^^^
2025-09-12T21:14:49:   File "<frozen codecs>", line 322, in decode
2025-09-12T21:14:49: UnicodeDecodeError: 'utf-8' codec can't decode bytes in position 25-26: invalid continuation byte
2025-09-12T21:14:55: Exception in callback AppSession._on_scriptrunner_event.<locals>.<lambda>() at /usr/local/lib/python3.12/site-packages/streamlit/runtime/app_session.py:519
2025-09-12T21:14:55: handle: <Handle AppSession._on_scriptrunner_event.<locals>.<lambda>() at /usr/local/lib/python3.12/site-packages/streamlit/runtime/app_session.py:519>
2025-09-12T21:14:55: Traceback (most recent call last):
2025-09-12T21:14:55:   File "/usr/local/lib/python3.12/asyncio/events.py", line 88, in _run
2025-09-12T21:14:55:     self._context.run(self._callback, *self._args)
2025-09-12T21:14:55:   File "/usr/local/lib/python3.12/site-packages/streamlit/runtime/app_session.py", line 519, in <lambda>
2025-09-12T21:14:55:     lambda: self._handle_scriptrunner_event_on_event_loop(
2025-09-12T21:14:55:             ^^^^^^^^^^^^^^^^^^^^^^^^^^^^^^^^^^^^^^^^^^^^^^
2025-09-12T21:14:55:   File "/usr/local/lib/python3.12/site-packages/streamlit/runtime/app_session.py", line 616, in _handle_scriptrunner_event_on_event_loop
2025-09-12T21:14:55:     msg = self._create_new_session_message(
2025-09-12T21:14:55:           ^^^^^^^^^^^^^^^^^^^^^^^^^^^^^^^^^
2025-09-12T21:14:55:   File "/usr/local/lib/python3.12/site-packages/streamlit/runtime/app_session.py", line 750, in _create_new_session_message
2025-09-12T21:14:55:     _populate_user_info_msg(imsg.user_info)
2025-09-12T21:14:55:   File "/usr/local/lib/python3.12/site-packages/streamlit/runtime/app_session.py", line 1154, in _populate_user_info_msg
2025-09-12T21:14:55:     inst = Installation.instance()
2025-09-12T21:14:55:            ^^^^^^^^^^^^^^^^^^^^^^^
2025-09-12T21:14:55:   File "/usr/local/lib/python3.12/site-packages/streamlit/runtime/metrics_util.py", line 228, in instance
2025-09-12T21:14:55:     cls._instance = Installation()
2025-09-12T21:14:55:                     ^^^^^^^^^^^^^^
2025-09-12T21:14:55:   File "/usr/local/lib/python3.12/site-packages/streamlit/runtime/metrics_util.py", line 233, in __init__
2025-09-12T21:14:55:     uuid.uuid5(uuid.NAMESPACE_DNS, _get_machine_id_v3())
2025-09-12T21:14:55:                                    ^^^^^^^^^^^^^^^^^^^^
2025-09-12T21:14:55:   File "/usr/local/lib/python3.12/site-packages/streamlit/runtime/metrics_util.py", line 173, in _get_machine_id_v3
2025-09-12T21:14:55:     machine_id = f.read()
2025-09-12T21:14:55:                  ^^^^^^^^
2025-09-12T21:14:55:   File "<frozen codecs>", line 322, in decode
2025-09-12T21:14:55: UnicodeDecodeError: 'utf-8' codec can't decode bytes in position 25-26: invalid continuation byte
2025-09-12T21:14:55: Exception in callback AppSession._on_scriptrunner_event.<locals>.<lambda>() at /usr/local/lib/python3.12/site-packages/streamlit/runtime/app_session.py:519
2025-09-12T21:14:55: handle: <Handle AppSession._on_scriptrunner_event.<locals>.<lambda>() at /usr/local/lib/python3.12/site-packages/streamlit/runtime/app_session.py:519>
2025-09-12T21:14:55: Traceback (most recent call last):
2025-09-12T21:14:55:   File "/usr/local/lib/python3.12/asyncio/events.py", line 88, in _run
2025-09-12T21:14:55:     self._context.run(self._callback, *self._args)
2025-09-12T21:14:55:   File "/usr/local/lib/python3.12/site-packages/streamlit/runtime/app_session.py", line 519, in <lambda>
2025-09-12T21:14:55:     lambda: self._handle_scriptrunner_event_on_event_loop(
2025-09-12T21:14:55:             ^^^^^^^^^^^^^^^^^^^^^^^^^^^^^^^^^^^^^^^^^^^^^^
2025-09-12T21:14:55:   File "/usr/local/lib/python3.12/site-packages/streamlit/runtime/app_session.py", line 616, in _handle_scriptrunner_event_on_event_loop
2025-09-12T21:14:55:     msg = self._create_new_session_message(
2025-09-12T21:14:55:           ^^^^^^^^^^^^^^^^^^^^^^^^^^^^^^^^^
2025-09-12T21:14:55:   File "/usr/local/lib/python3.12/site-packages/streamlit/runtime/app_session.py", line 750, in _create_new_session_message
2025-09-12T21:14:55:     _populate_user_info_msg(imsg.user_info)
2025-09-12T21:14:55:   File "/usr/local/lib/python3.12/site-packages/streamlit/runtime/app_session.py", line 1154, in _populate_user_info_msg
2025-09-12T21:14:55:     inst = Installation.instance()
2025-09-12T21:14:55:            ^^^^^^^^^^^^^^^^^^^^^^^
2025-09-12T21:14:55:   File "/usr/local/lib/python3.12/site-packages/streamlit/runtime/metrics_util.py", line 228, in instance
2025-09-12T21:14:55:     cls._instance = Installation()
2025-09-12T21:14:55:                     ^^^^^^^^^^^^^^
2025-09-12T21:14:55:   File "/usr/local/lib/python3.12/site-packages/streamlit/runtime/metrics_util.py", line 233, in __init__
2025-09-12T21:14:55:     uuid.uuid5(uuid.NAMESPACE_DNS, _get_machine_id_v3())
2025-09-12T21:14:55:                                    ^^^^^^^^^^^^^^^^^^^^
2025-09-12T21:14:55:   File "/usr/local/lib/python3.12/site-packages/streamlit/runtime/metrics_util.py", line 173, in _get_machine_id_v3
2025-09-12T21:14:55:     machine_id = f.read()
2025-09-12T21:14:55:                  ^^^^^^^^
2025-09-12T21:14:55:   File "<frozen codecs>", line 322, in decode
2025-09-12T21:14:55: UnicodeDecodeError: 'utf-8' codec can't decode bytes in position 25-26: invalid continuation byte
2025-09-12T21:16:15: Exception in callback AppSession._on_scriptrunner_event.<locals>.<lambda>() at /usr/local/lib/python3.12/site-packages/streamlit/runtime/app_session.py:519
2025-09-12T21:16:15: handle: <Handle AppSession._on_scriptrunner_event.<locals>.<lambda>() at /usr/local/lib/python3.12/site-packages/streamlit/runtime/app_session.py:519>
2025-09-12T21:16:15: Traceback (most recent call last):
2025-09-12T21:16:15:   File "/usr/local/lib/python3.12/asyncio/events.py", line 88, in _run
2025-09-12T21:16:15:     self._context.run(self._callback, *self._args)
2025-09-12T21:16:15:   File "/usr/local/lib/python3.12/site-packages/streamlit/runtime/app_session.py", line 519, in <lambda>
2025-09-12T21:16:15:     lambda: self._handle_scriptrunner_event_on_event_loop(
2025-09-12T21:16:15:             ^^^^^^^^^^^^^^^^^^^^^^^^^^^^^^^^^^^^^^^^^^^^^^
2025-09-12T21:16:15:   File "/usr/local/lib/python3.12/site-packages/streamlit/runtime/app_session.py", line 616, in _handle_scriptrunner_event_on_event_loop
2025-09-12T21:16:15:     msg = self._create_new_session_message(
2025-09-12T21:16:15:           ^^^^^^^^^^^^^^^^^^^^^^^^^^^^^^^^^
2025-09-12T21:16:15:   File "/usr/local/lib/python3.12/site-packages/streamlit/runtime/app_session.py", line 750, in _create_new_session_message
2025-09-12T21:16:15:     _populate_user_info_msg(imsg.user_info)
2025-09-12T21:16:15:   File "/usr/local/lib/python3.12/site-packages/streamlit/runtime/app_session.py", line 1154, in _populate_user_info_msg
2025-09-12T21:16:15:     inst = Installation.instance()
2025-09-12T21:16:15:            ^^^^^^^^^^^^^^^^^^^^^^^
2025-09-12T21:16:15:   File "/usr/local/lib/python3.12/site-packages/streamlit/runtime/metrics_util.py", line 228, in instance
2025-09-12T21:16:15:     cls._instance = Installation()
2025-09-12T21:16:15:                     ^^^^^^^^^^^^^^
2025-09-12T21:16:15:   File "/usr/local/lib/python3.12/site-packages/streamlit/runtime/metrics_util.py", line 233, in __init__
2025-09-12T21:16:15:     uuid.uuid5(uuid.NAMESPACE_DNS, _get_machine_id_v3())
2025-09-12T21:16:15:                                    ^^^^^^^^^^^^^^^^^^^^
2025-09-12T21:16:15:   File "/usr/local/lib/python3.12/site-packages/streamlit/runtime/metrics_util.py", line 173, in _get_machine_id_v3
2025-09-12T21:16:15:     machine_id = f.read()
2025-09-12T21:16:15:                  ^^^^^^^^
2025-09-12T21:16:15:   File "<frozen codecs>", line 322, in decode
2025-09-12T21:16:15: UnicodeDecodeError: 'utf-8' codec can't decode bytes in position 25-26: invalid continuation byte
2025-09-12T21:16:51: Exception in callback AppSession._on_scriptrunner_event.<locals>.<lambda>() at /usr/local/lib/python3.12/site-packages/streamlit/runtime/app_session.py:519
2025-09-12T21:16:51: handle: <Handle AppSession._on_scriptrunner_event.<locals>.<lambda>() at /usr/local/lib/python3.12/site-packages/streamlit/runtime/app_session.py:519>
2025-09-12T21:16:51: Traceback (most recent call last):
2025-09-12T21:16:51:   File "/usr/local/lib/python3.12/asyncio/events.py", line 88, in _run
2025-09-12T21:16:51:     self._context.run(self._callback, *self._args)
2025-09-12T21:16:51:   File "/usr/local/lib/python3.12/site-packages/streamlit/runtime/app_session.py", line 519, in <lambda>
2025-09-12T21:16:51:     lambda: self._handle_scriptrunner_event_on_event_loop(
2025-09-12T21:16:51:             ^^^^^^^^^^^^^^^^^^^^^^^^^^^^^^^^^^^^^^^^^^^^^^
2025-09-12T21:16:51:   File "/usr/local/lib/python3.12/site-packages/streamlit/runtime/app_session.py", line 616, in _handle_scriptrunner_event_on_event_loop
2025-09-12T21:16:51:     msg = self._create_new_session_message(
2025-09-12T21:16:51:           ^^^^^^^^^^^^^^^^^^^^^^^^^^^^^^^^^
2025-09-12T21:16:51:   File "/usr/local/lib/python3.12/site-packages/streamlit/runtime/app_session.py", line 750, in _create_new_session_message
2025-09-12T21:16:51:     _populate_user_info_msg(imsg.user_info)
2025-09-12T21:16:51:   File "/usr/local/lib/python3.12/site-packages/streamlit/runtime/app_session.py", line 1154, in _populate_user_info_msg
2025-09-12T21:16:51:     inst = Installation.instance()
2025-09-12T21:16:51:            ^^^^^^^^^^^^^^^^^^^^^^^
2025-09-12T21:16:51:   File "/usr/local/lib/python3.12/site-packages/streamlit/runtime/metrics_util.py", line 228, in instance
2025-09-12T21:16:51:     cls._instance = Installation()
2025-09-12T21:16:51:                     ^^^^^^^^^^^^^^
2025-09-12T21:16:51:   File "/usr/local/lib/python3.12/site-packages/streamlit/runtime/metrics_util.py", line 233, in __init__
2025-09-12T21:16:51:     uuid.uuid5(uuid.NAMESPACE_DNS, _get_machine_id_v3())
2025-09-12T21:16:51:                                    ^^^^^^^^^^^^^^^^^^^^
2025-09-12T21:16:51:   File "/usr/local/lib/python3.12/site-packages/streamlit/runtime/metrics_util.py", line 173, in _get_machine_id_v3
2025-09-12T21:16:51:     machine_id = f.read()
2025-09-12T21:16:51:                  ^^^^^^^^
2025-09-12T21:16:51:   File "<frozen codecs>", line 322, in decode
2025-09-12T21:16:51: UnicodeDecodeError: 'utf-8' codec can't decode bytes in position 25-26: invalid continuation byte
2025-09-12T21:16:51: Exception in callback AppSession._on_scriptrunner_event.<locals>.<lambda>() at /usr/local/lib/python3.12/site-packages/streamlit/runtime/app_session.py:519
2025-09-12T21:16:51: handle: <Handle AppSession._on_scriptrunner_event.<locals>.<lambda>() at /usr/local/lib/python3.12/site-packages/streamlit/runtime/app_session.py:519>
2025-09-12T21:16:51: Traceback (most recent call last):
2025-09-12T21:16:51:   File "/usr/local/lib/python3.12/asyncio/events.py", line 88, in _run
2025-09-12T21:16:51:     self._context.run(self._callback, *self._args)
2025-09-12T21:16:51:   File "/usr/local/lib/python3.12/site-packages/streamlit/runtime/app_session.py", line 519, in <lambda>
2025-09-12T21:16:51:     lambda: self._handle_scriptrunner_event_on_event_loop(
2025-09-12T21:16:51:             ^^^^^^^^^^^^^^^^^^^^^^^^^^^^^^^^^^^^^^^^^^^^^^
2025-09-12T21:16:51:   File "/usr/local/lib/python3.12/site-packages/streamlit/runtime/app_session.py", line 616, in _handle_scriptrunner_event_on_event_loop
2025-09-12T21:16:51:     msg = self._create_new_session_message(
2025-09-12T21:16:51:           ^^^^^^^^^^^^^^^^^^^^^^^^^^^^^^^^^
2025-09-12T21:16:51:   File "/usr/local/lib/python3.12/site-packages/streamlit/runtime/app_session.py", line 750, in _create_new_session_message
2025-09-12T21:16:51:     _populate_user_info_msg(imsg.user_info)
2025-09-12T21:16:51:   File "/usr/local/lib/python3.12/site-packages/streamlit/runtime/app_session.py", line 1154, in _populate_user_info_msg
2025-09-12T21:16:51:     inst = Installation.instance()
2025-09-12T21:16:51:            ^^^^^^^^^^^^^^^^^^^^^^^
2025-09-12T21:16:51:   File "/usr/local/lib/python3.12/site-packages/streamlit/runtime/metrics_util.py", line 228, in instance
2025-09-12T21:16:51:     cls._instance = Installation()
2025-09-12T21:16:51:                     ^^^^^^^^^^^^^^
2025-09-12T21:16:51:   File "/usr/local/lib/python3.12/site-packages/streamlit/runtime/metrics_util.py", line 233, in __init__
2025-09-12T21:16:51:     uuid.uuid5(uuid.NAMESPACE_DNS, _get_machine_id_v3())
2025-09-12T21:16:51:                                    ^^^^^^^^^^^^^^^^^^^^
2025-09-12T21:16:51:   File "/usr/local/lib/python3.12/site-packages/streamlit/runtime/metrics_util.py", line 173, in _get_machine_id_v3
2025-09-12T21:16:51:     machine_id = f.read()
2025-09-12T21:16:51:                  ^^^^^^^^
2025-09-12T21:16:51:   File "<frozen codecs>", line 322, in decode
2025-09-12T21:16:51: UnicodeDecodeError: 'utf-8' codec can't decode bytes in position 25-26: invalid continuation byte
2025-09-12T21:16:51: Exception in callback AppSession._on_scriptrunner_event.<locals>.<lambda>() at /usr/local/lib/python3.12/site-packages/streamlit/runtime/app_session.py:519
2025-09-12T21:16:51: handle: <Handle AppSession._on_scriptrunner_event.<locals>.<lambda>() at /usr/local/lib/python3.12/site-packages/streamlit/runtime/app_session.py:519>
2025-09-12T21:16:51: Traceback (most recent call last):
2025-09-12T21:16:51:   File "/usr/local/lib/python3.12/asyncio/events.py", line 88, in _run
2025-09-12T21:16:51:     self._context.run(self._callback, *self._args)
2025-09-12T21:16:51:   File "/usr/local/lib/python3.12/site-packages/streamlit/runtime/app_session.py", line 519, in <lambda>
2025-09-12T21:16:51:     lambda: self._handle_scriptrunner_event_on_event_loop(
2025-09-12T21:16:51:             ^^^^^^^^^^^^^^^^^^^^^^^^^^^^^^^^^^^^^^^^^^^^^^
2025-09-12T21:16:51:   File "/usr/local/lib/python3.12/site-packages/streamlit/runtime/app_session.py", line 616, in _handle_scriptrunner_event_on_event_loop
2025-09-12T21:16:51:     msg = self._create_new_session_message(
2025-09-12T21:16:51:           ^^^^^^^^^^^^^^^^^^^^^^^^^^^^^^^^^
2025-09-12T21:16:51:   File "/usr/local/lib/python3.12/site-packages/streamlit/runtime/app_session.py", line 750, in _create_new_session_message
2025-09-12T21:16:51:     _populate_user_info_msg(imsg.user_info)
2025-09-12T21:16:51:   File "/usr/local/lib/python3.12/site-packages/streamlit/runtime/app_session.py", line 1154, in _populate_user_info_msg
2025-09-12T21:16:51:     inst = Installation.instance()
2025-09-12T21:16:51:            ^^^^^^^^^^^^^^^^^^^^^^^
2025-09-12T21:16:51:   File "/usr/local/lib/python3.12/site-packages/streamlit/runtime/metrics_util.py", line 228, in instance
2025-09-12T21:16:51:     cls._instance = Installation()
2025-09-12T21:16:51:                     ^^^^^^^^^^^^^^
2025-09-12T21:16:51:   File "/usr/local/lib/python3.12/site-packages/streamlit/runtime/metrics_util.py", line 233, in __init__
2025-09-12T21:16:51:     uuid.uuid5(uuid.NAMESPACE_DNS, _get_machine_id_v3())
2025-09-12T21:16:51:                                    ^^^^^^^^^^^^^^^^^^^^
2025-09-12T21:16:51:   File "/usr/local/lib/python3.12/site-packages/streamlit/runtime/metrics_util.py", line 173, in _get_machine_id_v3
2025-09-12T21:16:51:     machine_id = f.read()
2025-09-12T21:16:51:                  ^^^^^^^^
2025-09-12T21:16:51:   File "<frozen codecs>", line 322, in decode
2025-09-12T21:16:51: UnicodeDecodeError: 'utf-8' codec can't decode bytes in position 25-26: invalid continuation byte
2025-09-12T21:16:57: Exception in callback AppSession._on_scriptrunner_event.<locals>.<lambda>() at /usr/local/lib/python3.12/site-packages/streamlit/runtime/app_session.py:519
2025-09-12T21:16:57: handle: <Handle AppSession._on_scriptrunner_event.<locals>.<lambda>() at /usr/local/lib/python3.12/site-packages/streamlit/runtime/app_session.py:519>
2025-09-12T21:16:57: Traceback (most recent call last):
2025-09-12T21:16:57:   File "/usr/local/lib/python3.12/asyncio/events.py", line 88, in _run
2025-09-12T21:16:57:     self._context.run(self._callback, *self._args)
2025-09-12T21:16:57:   File "/usr/local/lib/python3.12/site-packages/streamlit/runtime/app_session.py", line 519, in <lambda>
2025-09-12T21:16:57:     lambda: self._handle_scriptrunner_event_on_event_loop(
2025-09-12T21:16:57:             ^^^^^^^^^^^^^^^^^^^^^^^^^^^^^^^^^^^^^^^^^^^^^^
2025-09-12T21:16:57:   File "/usr/local/lib/python3.12/site-packages/streamlit/runtime/app_session.py", line 616, in _handle_scriptrunner_event_on_event_loop
2025-09-12T21:16:57:     msg = self._create_new_session_message(
2025-09-12T21:16:57:           ^^^^^^^^^^^^^^^^^^^^^^^^^^^^^^^^^
2025-09-12T21:16:57:   File "/usr/local/lib/python3.12/site-packages/streamlit/runtime/app_session.py", line 750, in _create_new_session_message
2025-09-12T21:16:57:     _populate_user_info_msg(imsg.user_info)
2025-09-12T21:16:57:   File "/usr/local/lib/python3.12/site-packages/streamlit/runtime/app_session.py", line 1154, in _populate_user_info_msg
2025-09-12T21:16:57:     inst = Installation.instance()
2025-09-12T21:16:57:            ^^^^^^^^^^^^^^^^^^^^^^^
2025-09-12T21:16:57:   File "/usr/local/lib/python3.12/site-packages/streamlit/runtime/metrics_util.py", line 228, in instance
2025-09-12T21:16:57:     cls._instance = Installation()
2025-09-12T21:16:57:                     ^^^^^^^^^^^^^^
2025-09-12T21:16:57:   File "/usr/local/lib/python3.12/site-packages/streamlit/runtime/metrics_util.py", line 233, in __init__
2025-09-12T21:16:57:     uuid.uuid5(uuid.NAMESPACE_DNS, _get_machine_id_v3())
2025-09-12T21:16:57:                                    ^^^^^^^^^^^^^^^^^^^^
2025-09-12T21:16:57:   File "/usr/local/lib/python3.12/site-packages/streamlit/runtime/metrics_util.py", line 173, in _get_machine_id_v3
2025-09-12T21:16:57:     machine_id = f.read()
2025-09-12T21:16:57:                  ^^^^^^^^
2025-09-12T21:16:57:   File "<frozen codecs>", line 322, in decode
2025-09-12T21:16:57: UnicodeDecodeError: 'utf-8' codec can't decode bytes in position 25-26: invalid continuation byte
2025-09-12T21:16:57: Exception in callback AppSession._on_scriptrunner_event.<locals>.<lambda>() at /usr/local/lib/python3.12/site-packages/streamlit/runtime/app_session.py:519
2025-09-12T21:16:57: handle: <Handle AppSession._on_scriptrunner_event.<locals>.<lambda>() at /usr/local/lib/python3.12/site-packages/streamlit/runtime/app_session.py:519>
2025-09-12T21:16:57: Traceback (most recent call last):
2025-09-12T21:16:57:   File "/usr/local/lib/python3.12/asyncio/events.py", line 88, in _run
2025-09-12T21:16:57:     self._context.run(self._callback, *self._args)
2025-09-12T21:16:57:   File "/usr/local/lib/python3.12/site-packages/streamlit/runtime/app_session.py", line 519, in <lambda>
2025-09-12T21:16:57:     lambda: self._handle_scriptrunner_event_on_event_loop(
2025-09-12T21:16:57:             ^^^^^^^^^^^^^^^^^^^^^^^^^^^^^^^^^^^^^^^^^^^^^^
2025-09-12T21:16:57:   File "/usr/local/lib/python3.12/site-packages/streamlit/runtime/app_session.py", line 616, in _handle_scriptrunner_event_on_event_loop
2025-09-12T21:16:57:     msg = self._create_new_session_message(
2025-09-12T21:16:57:           ^^^^^^^^^^^^^^^^^^^^^^^^^^^^^^^^^
2025-09-12T21:16:57:   File "/usr/local/lib/python3.12/site-packages/streamlit/runtime/app_session.py", line 750, in _create_new_session_message
2025-09-12T21:16:57:     _populate_user_info_msg(imsg.user_info)
2025-09-12T21:16:57:   File "/usr/local/lib/python3.12/site-packages/streamlit/runtime/app_session.py", line 1154, in _populate_user_info_msg
2025-09-12T21:16:57:     inst = Installation.instance()
2025-09-12T21:16:57:            ^^^^^^^^^^^^^^^^^^^^^^^
2025-09-12T21:16:57:   File "/usr/local/lib/python3.12/site-packages/streamlit/runtime/metrics_util.py", line 228, in instance
2025-09-12T21:16:57:     cls._instance = Installation()
2025-09-12T21:16:57:                     ^^^^^^^^^^^^^^
2025-09-12T21:16:57:   File "/usr/local/lib/python3.12/site-packages/streamlit/runtime/metrics_util.py", line 233, in __init__
2025-09-12T21:16:57:     uuid.uuid5(uuid.NAMESPACE_DNS, _get_machine_id_v3())
2025-09-12T21:16:57:                                    ^^^^^^^^^^^^^^^^^^^^
2025-09-12T21:16:57:   File "/usr/local/lib/python3.12/site-packages/streamlit/runtime/metrics_util.py", line 173, in _get_machine_id_v3
2025-09-12T21:16:57:     machine_id = f.read()
2025-09-12T21:16:57:                  ^^^^^^^^
2025-09-12T21:16:57:   File "<frozen codecs>", line 322, in decode
2025-09-12T21:16:57: UnicodeDecodeError: 'utf-8' codec can't decode bytes in position 25-26: invalid continuation byte
2025-09-12T21:16:57: Exception in callback AppSession._on_scriptrunner_event.<locals>.<lambda>() at /usr/local/lib/python3.12/site-packages/streamlit/runtime/app_session.py:519
2025-09-12T21:16:57: handle: <Handle AppSession._on_scriptrunner_event.<locals>.<lambda>() at /usr/local/lib/python3.12/site-packages/streamlit/runtime/app_session.py:519>
2025-09-12T21:16:57: Traceback (most recent call last):
2025-09-12T21:16:57:   File "/usr/local/lib/python3.12/asyncio/events.py", line 88, in _run
2025-09-12T21:16:57:     self._context.run(self._callback, *self._args)
2025-09-12T21:16:57:   File "/usr/local/lib/python3.12/site-packages/streamlit/runtime/app_session.py", line 519, in <lambda>
2025-09-12T21:16:57:     lambda: self._handle_scriptrunner_event_on_event_loop(
2025-09-12T21:16:57:             ^^^^^^^^^^^^^^^^^^^^^^^^^^^^^^^^^^^^^^^^^^^^^^
2025-09-12T21:16:57:   File "/usr/local/lib/python3.12/site-packages/streamlit/runtime/app_session.py", line 616, in _handle_scriptrunner_event_on_event_loop
2025-09-12T21:16:57:     msg = self._create_new_session_message(
2025-09-12T21:16:57:           ^^^^^^^^^^^^^^^^^^^^^^^^^^^^^^^^^
2025-09-12T21:16:57:   File "/usr/local/lib/python3.12/site-packages/streamlit/runtime/app_session.py", line 750, in _create_new_session_message
2025-09-12T21:16:57:     _populate_user_info_msg(imsg.user_info)
2025-09-12T21:16:57:   File "/usr/local/lib/python3.12/site-packages/streamlit/runtime/app_session.py", line 1154, in _populate_user_info_msg
2025-09-12T21:16:57:     inst = Installation.instance()
2025-09-12T21:16:57:            ^^^^^^^^^^^^^^^^^^^^^^^
2025-09-12T21:16:57:   File "/usr/local/lib/python3.12/site-packages/streamlit/runtime/metrics_util.py", line 228, in instance
2025-09-12T21:16:57:     cls._instance = Installation()
2025-09-12T21:16:57:                     ^^^^^^^^^^^^^^
2025-09-12T21:16:57:   File "/usr/local/lib/python3.12/site-packages/streamlit/runtime/metrics_util.py", line 233, in __init__
2025-09-12T21:16:57:     uuid.uuid5(uuid.NAMESPACE_DNS, _get_machine_id_v3())
2025-09-12T21:16:57:                                    ^^^^^^^^^^^^^^^^^^^^
2025-09-12T21:16:57:   File "/usr/local/lib/python3.12/site-packages/streamlit/runtime/metrics_util.py", line 173, in _get_machine_id_v3
2025-09-12T21:16:57:     machine_id = f.read()
2025-09-12T21:16:57:                  ^^^^^^^^
2025-09-12T21:16:57:   File "<frozen codecs>", line 322, in decode
2025-09-12T21:16:57: UnicodeDecodeError: 'utf-8' codec can't decode bytes in position 25-26: invalid continuation byte
2025-09-12T21:17:02: Exception in callback AppSession._on_scriptrunner_event.<locals>.<lambda>() at /usr/local/lib/python3.12/site-packages/streamlit/runtime/app_session.py:519
2025-09-12T21:17:02: handle: <Handle AppSession._on_scriptrunner_event.<locals>.<lambda>() at /usr/local/lib/python3.12/site-packages/streamlit/runtime/app_session.py:519>
2025-09-12T21:17:02: Traceback (most recent call last):
2025-09-12T21:17:02:   File "/usr/local/lib/python3.12/asyncio/events.py", line 88, in _run
2025-09-12T21:17:02:     self._context.run(self._callback, *self._args)
2025-09-12T21:17:02:   File "/usr/local/lib/python3.12/site-packages/streamlit/runtime/app_session.py", line 519, in <lambda>
2025-09-12T21:17:02:     lambda: self._handle_scriptrunner_event_on_event_loop(
2025-09-12T21:17:02:             ^^^^^^^^^^^^^^^^^^^^^^^^^^^^^^^^^^^^^^^^^^^^^^
2025-09-12T21:17:02:   File "/usr/local/lib/python3.12/site-packages/streamlit/runtime/app_session.py", line 616, in _handle_scriptrunner_event_on_event_loop
2025-09-12T21:17:02:     msg = self._create_new_session_message(
2025-09-12T21:17:02:           ^^^^^^^^^^^^^^^^^^^^^^^^^^^^^^^^^
2025-09-12T21:17:02:   File "/usr/local/lib/python3.12/site-packages/streamlit/runtime/app_session.py", line 750, in _create_new_session_message
2025-09-12T21:17:02:     _populate_user_info_msg(imsg.user_info)
2025-09-12T21:17:02:   File "/usr/local/lib/python3.12/site-packages/streamlit/runtime/app_session.py", line 1154, in _populate_user_info_msg
2025-09-12T21:17:02:     inst = Installation.instance()
2025-09-12T21:17:02:            ^^^^^^^^^^^^^^^^^^^^^^^
2025-09-12T21:17:02:   File "/usr/local/lib/python3.12/site-packages/streamlit/runtime/metrics_util.py", line 228, in instance
2025-09-12T21:17:02:     cls._instance = Installation()
2025-09-12T21:17:02:                     ^^^^^^^^^^^^^^
2025-09-12T21:17:02:   File "/usr/local/lib/python3.12/site-packages/streamlit/runtime/metrics_util.py", line 233, in __init__
2025-09-12T21:17:02:     uuid.uuid5(uuid.NAMESPACE_DNS, _get_machine_id_v3())
2025-09-12T21:17:02:                                    ^^^^^^^^^^^^^^^^^^^^
2025-09-12T21:17:02:   File "/usr/local/lib/python3.12/site-packages/streamlit/runtime/metrics_util.py", line 173, in _get_machine_id_v3
2025-09-12T21:17:02:     machine_id = f.read()
2025-09-12T21:17:02:                  ^^^^^^^^
2025-09-12T21:17:02:   File "<frozen codecs>", line 322, in decode
2025-09-12T21:17:02: UnicodeDecodeError: 'utf-8' codec can't decode bytes in position 25-26: invalid continuation byte
2025-09-12T21:17:02: Exception in callback AppSession._on_scriptrunner_event.<locals>.<lambda>() at /usr/local/lib/python3.12/site-packages/streamlit/runtime/app_session.py:519
2025-09-12T21:17:02: handle: <Handle AppSession._on_scriptrunner_event.<locals>.<lambda>() at /usr/local/lib/python3.12/site-packages/streamlit/runtime/app_session.py:519>
2025-09-12T21:17:02: Traceback (most recent call last):
2025-09-12T21:17:02:   File "/usr/local/lib/python3.12/asyncio/events.py", line 88, in _run
2025-09-12T21:17:02:     self._context.run(self._callback, *self._args)
2025-09-12T21:17:02:   File "/usr/local/lib/python3.12/site-packages/streamlit/runtime/app_session.py", line 519, in <lambda>
2025-09-12T21:17:02:     lambda: self._handle_scriptrunner_event_on_event_loop(
2025-09-12T21:17:02:             ^^^^^^^^^^^^^^^^^^^^^^^^^^^^^^^^^^^^^^^^^^^^^^
2025-09-12T21:17:02:   File "/usr/local/lib/python3.12/site-packages/streamlit/runtime/app_session.py", line 616, in _handle_scriptrunner_event_on_event_loop
2025-09-12T21:17:02:     msg = self._create_new_session_message(
2025-09-12T21:17:02:           ^^^^^^^^^^^^^^^^^^^^^^^^^^^^^^^^^
2025-09-12T21:17:02:   File "/usr/local/lib/python3.12/site-packages/streamlit/runtime/app_session.py", line 750, in _create_new_session_message
2025-09-12T21:17:02:     _populate_user_info_msg(imsg.user_info)
2025-09-12T21:17:02:   File "/usr/local/lib/python3.12/site-packages/streamlit/runtime/app_session.py", line 1154, in _populate_user_info_msg
2025-09-12T21:17:02:     inst = Installation.instance()
2025-09-12T21:17:02:            ^^^^^^^^^^^^^^^^^^^^^^^
2025-09-12T21:17:02:   File "/usr/local/lib/python3.12/site-packages/streamlit/runtime/metrics_util.py", line 228, in instance
2025-09-12T21:17:02:     cls._instance = Installation()
2025-09-12T21:17:02:                     ^^^^^^^^^^^^^^
2025-09-12T21:17:02:   File "/usr/local/lib/python3.12/site-packages/streamlit/runtime/metrics_util.py", line 233, in __init__
2025-09-12T21:17:02:     uuid.uuid5(uuid.NAMESPACE_DNS, _get_machine_id_v3())
2025-09-12T21:17:02:                                    ^^^^^^^^^^^^^^^^^^^^
2025-09-12T21:17:02:   File "/usr/local/lib/python3.12/site-packages/streamlit/runtime/metrics_util.py", line 173, in _get_machine_id_v3
2025-09-12T21:17:02:     machine_id = f.read()
2025-09-12T21:17:02:                  ^^^^^^^^
2025-09-12T21:17:02:   File "<frozen codecs>", line 322, in decode
2025-09-12T21:17:02: UnicodeDecodeError: 'utf-8' codec can't decode bytes in position 25-26: invalid continuation byte
2025-09-12T21:17:02: Exception in callback AppSession._on_scriptrunner_event.<locals>.<lambda>() at /usr/local/lib/python3.12/site-packages/streamlit/runtime/app_session.py:519
2025-09-12T21:17:02: handle: <Handle AppSession._on_scriptrunner_event.<locals>.<lambda>() at /usr/local/lib/python3.12/site-packages/streamlit/runtime/app_session.py:519>
2025-09-12T21:17:02: Traceback (most recent call last):
2025-09-12T21:17:02:   File "/usr/local/lib/python3.12/asyncio/events.py", line 88, in _run
2025-09-12T21:17:02:     self._context.run(self._callback, *self._args)
2025-09-12T21:17:02:   File "/usr/local/lib/python3.12/site-packages/streamlit/runtime/app_session.py", line 519, in <lambda>
2025-09-12T21:17:02:     lambda: self._handle_scriptrunner_event_on_event_loop(
2025-09-12T21:17:02:             ^^^^^^^^^^^^^^^^^^^^^^^^^^^^^^^^^^^^^^^^^^^^^^
2025-09-12T21:17:02:   File "/usr/local/lib/python3.12/site-packages/streamlit/runtime/app_session.py", line 616, in _handle_scriptrunner_event_on_event_loop
2025-09-12T21:17:02:     msg = self._create_new_session_message(
2025-09-12T21:17:02:           ^^^^^^^^^^^^^^^^^^^^^^^^^^^^^^^^^
2025-09-12T21:17:02:   File "/usr/local/lib/python3.12/site-packages/streamlit/runtime/app_session.py", line 750, in _create_new_session_message
2025-09-12T21:17:02:     _populate_user_info_msg(imsg.user_info)
2025-09-12T21:17:02:   File "/usr/local/lib/python3.12/site-packages/streamlit/runtime/app_session.py", line 1154, in _populate_user_info_msg
2025-09-12T21:17:02:     inst = Installation.instance()
2025-09-12T21:17:02:            ^^^^^^^^^^^^^^^^^^^^^^^
2025-09-12T21:17:02:   File "/usr/local/lib/python3.12/site-packages/streamlit/runtime/metrics_util.py", line 228, in instance
2025-09-12T21:17:02:     cls._instance = Installation()
2025-09-12T21:17:02:                     ^^^^^^^^^^^^^^
2025-09-12T21:17:02:   File "/usr/local/lib/python3.12/site-packages/streamlit/runtime/metrics_util.py", line 233, in __init__
2025-09-12T21:17:02:     uuid.uuid5(uuid.NAMESPACE_DNS, _get_machine_id_v3())
2025-09-12T21:17:02:                                    ^^^^^^^^^^^^^^^^^^^^
2025-09-12T21:17:02:   File "/usr/local/lib/python3.12/site-packages/streamlit/runtime/metrics_util.py", line 173, in _get_machine_id_v3
2025-09-12T21:17:02:     machine_id = f.read()
2025-09-12T21:17:02:                  ^^^^^^^^
2025-09-12T21:17:02:   File "<frozen codecs>", line 322, in decode
2025-09-12T21:17:02: UnicodeDecodeError: 'utf-8' codec can't decode bytes in position 25-26: invalid continuation byte
2025-09-12T21:17:08: Exception in callback AppSession._on_scriptrunner_event.<locals>.<lambda>() at /usr/local/lib/python3.12/site-packages/streamlit/runtime/app_session.py:519
2025-09-12T21:17:08: handle: <Handle AppSession._on_scriptrunner_event.<locals>.<lambda>() at /usr/local/lib/python3.12/site-packages/streamlit/runtime/app_session.py:519>
2025-09-12T21:17:08: Traceback (most recent call last):
2025-09-12T21:17:08:   File "/usr/local/lib/python3.12/asyncio/events.py", line 88, in _run
2025-09-12T21:17:08:     self._context.run(self._callback, *self._args)
2025-09-12T21:17:08:   File "/usr/local/lib/python3.12/site-packages/streamlit/runtime/app_session.py", line 519, in <lambda>
2025-09-12T21:17:08:     lambda: self._handle_scriptrunner_event_on_event_loop(
2025-09-12T21:17:08:             ^^^^^^^^^^^^^^^^^^^^^^^^^^^^^^^^^^^^^^^^^^^^^^
2025-09-12T21:17:08:   File "/usr/local/lib/python3.12/site-packages/streamlit/runtime/app_session.py", line 616, in _handle_scriptrunner_event_on_event_loop
2025-09-12T21:17:08:     msg = self._create_new_session_message(
2025-09-12T21:17:08:           ^^^^^^^^^^^^^^^^^^^^^^^^^^^^^^^^^
2025-09-12T21:17:08:   File "/usr/local/lib/python3.12/site-packages/streamlit/runtime/app_session.py", line 750, in _create_new_session_message
2025-09-12T21:17:08:     _populate_user_info_msg(imsg.user_info)
2025-09-12T21:17:08:   File "/usr/local/lib/python3.12/site-packages/streamlit/runtime/app_session.py", line 1154, in _populate_user_info_msg
2025-09-12T21:17:08:     inst = Installation.instance()
2025-09-12T21:17:08:            ^^^^^^^^^^^^^^^^^^^^^^^
2025-09-12T21:17:08:   File "/usr/local/lib/python3.12/site-packages/streamlit/runtime/metrics_util.py", line 228, in instance
2025-09-12T21:17:08:     cls._instance = Installation()
2025-09-12T21:17:08:                     ^^^^^^^^^^^^^^
2025-09-12T21:17:08:   File "/usr/local/lib/python3.12/site-packages/streamlit/runtime/metrics_util.py", line 233, in __init__
2025-09-12T21:17:08:     uuid.uuid5(uuid.NAMESPACE_DNS, _get_machine_id_v3())
2025-09-12T21:17:08:                                    ^^^^^^^^^^^^^^^^^^^^
2025-09-12T21:17:08:   File "/usr/local/lib/python3.12/site-packages/streamlit/runtime/metrics_util.py", line 173, in _get_machine_id_v3
2025-09-12T21:17:08:     machine_id = f.read()
2025-09-12T21:17:08:                  ^^^^^^^^
2025-09-12T21:17:08:   File "<frozen codecs>", line 322, in decode
2025-09-12T21:17:08: UnicodeDecodeError: 'utf-8' codec can't decode bytes in position 25-26: invalid continuation byte
2025-09-12T21:17:08: Exception in callback AppSession._on_scriptrunner_event.<locals>.<lambda>() at /usr/local/lib/python3.12/site-packages/streamlit/runtime/app_session.py:519
2025-09-12T21:17:08: handle: <Handle AppSession._on_scriptrunner_event.<locals>.<lambda>() at /usr/local/lib/python3.12/site-packages/streamlit/runtime/app_session.py:519>
2025-09-12T21:17:08: Traceback (most recent call last):
2025-09-12T21:17:08:   File "/usr/local/lib/python3.12/asyncio/events.py", line 88, in _run
2025-09-12T21:17:08:     self._context.run(self._callback, *self._args)
2025-09-12T21:17:08:   File "/usr/local/lib/python3.12/site-packages/streamlit/runtime/app_session.py", line 519, in <lambda>
2025-09-12T21:17:08:     lambda: self._handle_scriptrunner_event_on_event_loop(
2025-09-12T21:17:08:             ^^^^^^^^^^^^^^^^^^^^^^^^^^^^^^^^^^^^^^^^^^^^^^
2025-09-12T21:17:08:   File "/usr/local/lib/python3.12/site-packages/streamlit/runtime/app_session.py", line 616, in _handle_scriptrunner_event_on_event_loop
2025-09-12T21:17:08:     msg = self._create_new_session_message(
2025-09-12T21:17:08:           ^^^^^^^^^^^^^^^^^^^^^^^^^^^^^^^^^
2025-09-12T21:17:08:   File "/usr/local/lib/python3.12/site-packages/streamlit/runtime/app_session.py", line 750, in _create_new_session_message
2025-09-12T21:17:08:     _populate_user_info_msg(imsg.user_info)
2025-09-12T21:17:08:   File "/usr/local/lib/python3.12/site-packages/streamlit/runtime/app_session.py", line 1154, in _populate_user_info_msg
2025-09-12T21:17:08:     inst = Installation.instance()
2025-09-12T21:17:08:            ^^^^^^^^^^^^^^^^^^^^^^^
2025-09-12T21:17:08:   File "/usr/local/lib/python3.12/site-packages/streamlit/runtime/metrics_util.py", line 228, in instance
2025-09-12T21:17:08:     cls._instance = Installation()
2025-09-12T21:17:08:                     ^^^^^^^^^^^^^^
2025-09-12T21:17:08:   File "/usr/local/lib/python3.12/site-packages/streamlit/runtime/metrics_util.py", line 233, in __init__
2025-09-12T21:17:08:     uuid.uuid5(uuid.NAMESPACE_DNS, _get_machine_id_v3())
2025-09-12T21:17:08:                                    ^^^^^^^^^^^^^^^^^^^^
2025-09-12T21:17:08:   File "/usr/local/lib/python3.12/site-packages/streamlit/runtime/metrics_util.py", line 173, in _get_machine_id_v3
2025-09-12T21:17:08:     machine_id = f.read()
2025-09-12T21:17:08:                  ^^^^^^^^
2025-09-12T21:17:08:   File "<frozen codecs>", line 322, in decode
2025-09-12T21:17:08: UnicodeDecodeError: 'utf-8' codec can't decode bytes in position 25-26: invalid continuation byte
2025-09-12T21:17:08: Exception in callback AppSession._on_scriptrunner_event.<locals>.<lambda>() at /usr/local/lib/python3.12/site-packages/streamlit/runtime/app_session.py:519
2025-09-12T21:17:08: handle: <Handle AppSession._on_scriptrunner_event.<locals>.<lambda>() at /usr/local/lib/python3.12/site-packages/streamlit/runtime/app_session.py:519>
2025-09-12T21:17:08: Traceback (most recent call last):
2025-09-12T21:17:08:   File "/usr/local/lib/python3.12/asyncio/events.py", line 88, in _run
2025-09-12T21:17:08:     self._context.run(self._callback, *self._args)
2025-09-12T21:17:08:   File "/usr/local/lib/python3.12/site-packages/streamlit/runtime/app_session.py", line 519, in <lambda>
2025-09-12T21:17:08:     lambda: self._handle_scriptrunner_event_on_event_loop(
2025-09-12T21:17:08:             ^^^^^^^^^^^^^^^^^^^^^^^^^^^^^^^^^^^^^^^^^^^^^^
2025-09-12T21:17:08:   File "/usr/local/lib/python3.12/site-packages/streamlit/runtime/app_session.py", line 616, in _handle_scriptrunner_event_on_event_loop
2025-09-12T21:17:08:     msg = self._create_new_session_message(
2025-09-12T21:17:08:           ^^^^^^^^^^^^^^^^^^^^^^^^^^^^^^^^^
2025-09-12T21:17:08:   File "/usr/local/lib/python3.12/site-packages/streamlit/runtime/app_session.py", line 750, in _create_new_session_message
2025-09-12T21:17:08:     _populate_user_info_msg(imsg.user_info)
2025-09-12T21:17:08:   File "/usr/local/lib/python3.12/site-packages/streamlit/runtime/app_session.py", line 1154, in _populate_user_info_msg
2025-09-12T21:17:08:     inst = Installation.instance()
2025-09-12T21:17:08:            ^^^^^^^^^^^^^^^^^^^^^^^
2025-09-12T21:17:08:   File "/usr/local/lib/python3.12/site-packages/streamlit/runtime/metrics_util.py", line 228, in instance
2025-09-12T21:17:08:     cls._instance = Installation()
2025-09-12T21:17:08:                     ^^^^^^^^^^^^^^
2025-09-12T21:17:08:   File "/usr/local/lib/python3.12/site-packages/streamlit/runtime/metrics_util.py", line 233, in __init__
2025-09-12T21:17:08:     uuid.uuid5(uuid.NAMESPACE_DNS, _get_machine_id_v3())
2025-09-12T21:17:08:                                    ^^^^^^^^^^^^^^^^^^^^
2025-09-12T21:17:08:   File "/usr/local/lib/python3.12/site-packages/streamlit/runtime/metrics_util.py", line 173, in _get_machine_id_v3
2025-09-12T21:17:08:     machine_id = f.read()
2025-09-12T21:17:08:                  ^^^^^^^^
2025-09-12T21:17:08:   File "<frozen codecs>", line 322, in decode
2025-09-12T21:17:08: UnicodeDecodeError: 'utf-8' codec can't decode bytes in position 25-26: invalid continuation byte
2025-09-12T21:17:09: Exception in callback AppSession._on_scriptrunner_event.<locals>.<lambda>() at /usr/local/lib/python3.12/site-packages/streamlit/runtime/app_session.py:519
2025-09-12T21:17:09: handle: <Handle AppSession._on_scriptrunner_event.<locals>.<lambda>() at /usr/local/lib/python3.12/site-packages/streamlit/runtime/app_session.py:519>
2025-09-12T21:17:09: Traceback (most recent call last):
2025-09-12T21:17:09:   File "/usr/local/lib/python3.12/asyncio/events.py", line 88, in _run
2025-09-12T21:17:09:     self._context.run(self._callback, *self._args)
2025-09-12T21:17:09:   File "/usr/local/lib/python3.12/site-packages/streamlit/runtime/app_session.py", line 519, in <lambda>
2025-09-12T21:17:09:     lambda: self._handle_scriptrunner_event_on_event_loop(
2025-09-12T21:17:09:             ^^^^^^^^^^^^^^^^^^^^^^^^^^^^^^^^^^^^^^^^^^^^^^
2025-09-12T21:17:09:   File "/usr/local/lib/python3.12/site-packages/streamlit/runtime/app_session.py", line 616, in _handle_scriptrunner_event_on_event_loop
2025-09-12T21:17:09:     msg = self._create_new_session_message(
2025-09-12T21:17:09:           ^^^^^^^^^^^^^^^^^^^^^^^^^^^^^^^^^
2025-09-12T21:17:09:   File "/usr/local/lib/python3.12/site-packages/streamlit/runtime/app_session.py", line 750, in _create_new_session_message
2025-09-12T21:17:09:     _populate_user_info_msg(imsg.user_info)
2025-09-12T21:17:09:   File "/usr/local/lib/python3.12/site-packages/streamlit/runtime/app_session.py", line 1154, in _populate_user_info_msg
2025-09-12T21:17:09:     inst = Installation.instance()
2025-09-12T21:17:09:            ^^^^^^^^^^^^^^^^^^^^^^^
2025-09-12T21:17:09:   File "/usr/local/lib/python3.12/site-packages/streamlit/runtime/metrics_util.py", line 228, in instance
2025-09-12T21:17:09:     cls._instance = Installation()
2025-09-12T21:17:09:                     ^^^^^^^^^^^^^^
2025-09-12T21:17:09:   File "/usr/local/lib/python3.12/site-packages/streamlit/runtime/metrics_util.py", line 233, in __init__
2025-09-12T21:17:09:     uuid.uuid5(uuid.NAMESPACE_DNS, _get_machine_id_v3())
2025-09-12T21:17:09:                                    ^^^^^^^^^^^^^^^^^^^^
2025-09-12T21:17:09:   File "/usr/local/lib/python3.12/site-packages/streamlit/runtime/metrics_util.py", line 173, in _get_machine_id_v3
2025-09-12T21:17:09:     machine_id = f.read()
2025-09-12T21:17:09:                  ^^^^^^^^
2025-09-12T21:17:09:   File "<frozen codecs>", line 322, in decode
2025-09-12T21:17:09: UnicodeDecodeError: 'utf-8' codec can't decode bytes in position 25-26: invalid continuation byte
2025-09-12T21:17:12: Exception in callback AppSession._on_scriptrunner_event.<locals>.<lambda>() at /usr/local/lib/python3.12/site-packages/streamlit/runtime/app_session.py:519
2025-09-12T21:17:12: handle: <Handle AppSession._on_scriptrunner_event.<locals>.<lambda>() at /usr/local/lib/python3.12/site-packages/streamlit/runtime/app_session.py:519>
2025-09-12T21:17:12: Traceback (most recent call last):
2025-09-12T21:17:12:   File "/usr/local/lib/python3.12/asyncio/events.py", line 88, in _run
2025-09-12T21:17:12:     self._context.run(self._callback, *self._args)
2025-09-12T21:17:12:   File "/usr/local/lib/python3.12/site-packages/streamlit/runtime/app_session.py", line 519, in <lambda>
2025-09-12T21:17:12:     lambda: self._handle_scriptrunner_event_on_event_loop(
2025-09-12T21:17:12:             ^^^^^^^^^^^^^^^^^^^^^^^^^^^^^^^^^^^^^^^^^^^^^^
2025-09-12T21:17:12:   File "/usr/local/lib/python3.12/site-packages/streamlit/runtime/app_session.py", line 616, in _handle_scriptrunner_event_on_event_loop
2025-09-12T21:17:12:     msg = self._create_new_session_message(
2025-09-12T21:17:12:           ^^^^^^^^^^^^^^^^^^^^^^^^^^^^^^^^^
2025-09-12T21:17:12:   File "/usr/local/lib/python3.12/site-packages/streamlit/runtime/app_session.py", line 750, in _create_new_session_message
2025-09-12T21:17:12:     _populate_user_info_msg(imsg.user_info)
2025-09-12T21:17:12:   File "/usr/local/lib/python3.12/site-packages/streamlit/runtime/app_session.py", line 1154, in _populate_user_info_msg
2025-09-12T21:17:12:     inst = Installation.instance()
2025-09-12T21:17:12:            ^^^^^^^^^^^^^^^^^^^^^^^
2025-09-12T21:17:12:   File "/usr/local/lib/python3.12/site-packages/streamlit/runtime/metrics_util.py", line 228, in instance
2025-09-12T21:17:12:     cls._instance = Installation()
2025-09-12T21:17:12:                     ^^^^^^^^^^^^^^
2025-09-12T21:17:12:   File "/usr/local/lib/python3.12/site-packages/streamlit/runtime/metrics_util.py", line 233, in __init__
2025-09-12T21:17:12:     uuid.uuid5(uuid.NAMESPACE_DNS, _get_machine_id_v3())
2025-09-12T21:17:12:                                    ^^^^^^^^^^^^^^^^^^^^
2025-09-12T21:17:12:   File "/usr/local/lib/python3.12/site-packages/streamlit/runtime/metrics_util.py", line 173, in _get_machine_id_v3
2025-09-12T21:17:12:     machine_id = f.read()
2025-09-12T21:17:12:                  ^^^^^^^^
2025-09-12T21:17:12:   File "<frozen codecs>", line 322, in decode
2025-09-12T21:17:12: UnicodeDecodeError: 'utf-8' codec can't decode bytes in position 25-26: invalid continuation byte
2025-09-12T21:17:15: Exception in callback AppSession._on_scriptrunner_event.<locals>.<lambda>() at /usr/local/lib/python3.12/site-packages/streamlit/runtime/app_session.py:519
2025-09-12T21:17:15: handle: <Handle AppSession._on_scriptrunner_event.<locals>.<lambda>() at /usr/local/lib/python3.12/site-packages/streamlit/runtime/app_session.py:519>
2025-09-12T21:17:15: Traceback (most recent call last):
2025-09-12T21:17:15:   File "/usr/local/lib/python3.12/asyncio/events.py", line 88, in _run
2025-09-12T21:17:15:     self._context.run(self._callback, *self._args)
2025-09-12T21:17:15:   File "/usr/local/lib/python3.12/site-packages/streamlit/runtime/app_session.py", line 519, in <lambda>
2025-09-12T21:17:15:     lambda: self._handle_scriptrunner_event_on_event_loop(
2025-09-12T21:17:15:             ^^^^^^^^^^^^^^^^^^^^^^^^^^^^^^^^^^^^^^^^^^^^^^
2025-09-12T21:17:15:   File "/usr/local/lib/python3.12/site-packages/streamlit/runtime/app_session.py", line 616, in _handle_scriptrunner_event_on_event_loop
2025-09-12T21:17:15:     msg = self._create_new_session_message(
2025-09-12T21:17:15:           ^^^^^^^^^^^^^^^^^^^^^^^^^^^^^^^^^
2025-09-12T21:17:15:   File "/usr/local/lib/python3.12/site-packages/streamlit/runtime/app_session.py", line 750, in _create_new_session_message
2025-09-12T21:17:15:     _populate_user_info_msg(imsg.user_info)
2025-09-12T21:17:15:   File "/usr/local/lib/python3.12/site-packages/streamlit/runtime/app_session.py", line 1154, in _populate_user_info_msg
2025-09-12T21:17:15:     inst = Installation.instance()
2025-09-12T21:17:15:            ^^^^^^^^^^^^^^^^^^^^^^^
2025-09-12T21:17:15:   File "/usr/local/lib/python3.12/site-packages/streamlit/runtime/metrics_util.py", line 228, in instance
2025-09-12T21:17:15:     cls._instance = Installation()
2025-09-12T21:17:15:                     ^^^^^^^^^^^^^^
2025-09-12T21:17:15:   File "/usr/local/lib/python3.12/site-packages/streamlit/runtime/metrics_util.py", line 233, in __init__
2025-09-12T21:17:15:     uuid.uuid5(uuid.NAMESPACE_DNS, _get_machine_id_v3())
2025-09-12T21:17:15:                                    ^^^^^^^^^^^^^^^^^^^^
2025-09-12T21:17:15:   File "/usr/local/lib/python3.12/site-packages/streamlit/runtime/metrics_util.py", line 173, in _get_machine_id_v3
2025-09-12T21:17:15:     machine_id = f.read()
2025-09-12T21:17:15:                  ^^^^^^^^
2025-09-12T21:17:15:   File "<frozen codecs>", line 322, in decode
2025-09-12T21:17:15: UnicodeDecodeError: 'utf-8' codec can't decode bytes in position 25-26: invalid continuation byte
2025-09-12T21:17:15: Exception in callback AppSession._on_scriptrunner_event.<locals>.<lambda>() at /usr/local/lib/python3.12/site-packages/streamlit/runtime/app_session.py:519
2025-09-12T21:17:15: handle: <Handle AppSession._on_scriptrunner_event.<locals>.<lambda>() at /usr/local/lib/python3.12/site-packages/streamlit/runtime/app_session.py:519>
2025-09-12T21:17:15: Traceback (most recent call last):
2025-09-12T21:17:15:   File "/usr/local/lib/python3.12/asyncio/events.py", line 88, in _run
2025-09-12T21:17:15:     self._context.run(self._callback, *self._args)
2025-09-12T21:17:15:   File "/usr/local/lib/python3.12/site-packages/streamlit/runtime/app_session.py", line 519, in <lambda>
2025-09-12T21:17:15:     lambda: self._handle_scriptrunner_event_on_event_loop(
2025-09-12T21:17:15:             ^^^^^^^^^^^^^^^^^^^^^^^^^^^^^^^^^^^^^^^^^^^^^^
2025-09-12T21:17:15:   File "/usr/local/lib/python3.12/site-packages/streamlit/runtime/app_session.py", line 616, in _handle_scriptrunner_event_on_event_loop
2025-09-12T21:17:15:     msg = self._create_new_session_message(
2025-09-12T21:17:15:           ^^^^^^^^^^^^^^^^^^^^^^^^^^^^^^^^^
2025-09-12T21:17:15:   File "/usr/local/lib/python3.12/site-packages/streamlit/runtime/app_session.py", line 750, in _create_new_session_message
2025-09-12T21:17:15:     _populate_user_info_msg(imsg.user_info)
2025-09-12T21:17:15:   File "/usr/local/lib/python3.12/site-packages/streamlit/runtime/app_session.py", line 1154, in _populate_user_info_msg
2025-09-12T21:17:15:     inst = Installation.instance()
2025-09-12T21:17:15:            ^^^^^^^^^^^^^^^^^^^^^^^
2025-09-12T21:17:15:   File "/usr/local/lib/python3.12/site-packages/streamlit/runtime/metrics_util.py", line 228, in instance
2025-09-12T21:17:15:     cls._instance = Installation()
2025-09-12T21:17:15:                     ^^^^^^^^^^^^^^
2025-09-12T21:17:15:   File "/usr/local/lib/python3.12/site-packages/streamlit/runtime/metrics_util.py", line 233, in __init__
2025-09-12T21:17:15:     uuid.uuid5(uuid.NAMESPACE_DNS, _get_machine_id_v3())
2025-09-12T21:17:15:                                    ^^^^^^^^^^^^^^^^^^^^
2025-09-12T21:17:15:   File "/usr/local/lib/python3.12/site-packages/streamlit/runtime/metrics_util.py", line 173, in _get_machine_id_v3
2025-09-12T21:17:15:     machine_id = f.read()
2025-09-12T21:17:15:                  ^^^^^^^^
2025-09-12T21:17:15:   File "<frozen codecs>", line 322, in decode
2025-09-12T21:17:15: UnicodeDecodeError: 'utf-8' codec can't decode bytes in position 25-26: invalid continuation byte
2025-09-12T21:17:15: Exception in callback AppSession._on_scriptrunner_event.<locals>.<lambda>() at /usr/local/lib/python3.12/site-packages/streamlit/runtime/app_session.py:519
2025-09-12T21:17:15: handle: <Handle AppSession._on_scriptrunner_event.<locals>.<lambda>() at /usr/local/lib/python3.12/site-packages/streamlit/runtime/app_session.py:519>
2025-09-12T21:17:15: Traceback (most recent call last):
2025-09-12T21:17:15:   File "/usr/local/lib/python3.12/asyncio/events.py", line 88, in _run
2025-09-12T21:17:15:     self._context.run(self._callback, *self._args)
2025-09-12T21:17:15:   File "/usr/local/lib/python3.12/site-packages/streamlit/runtime/app_session.py", line 519, in <lambda>
2025-09-12T21:17:15:     lambda: self._handle_scriptrunner_event_on_event_loop(
2025-09-12T21:17:15:             ^^^^^^^^^^^^^^^^^^^^^^^^^^^^^^^^^^^^^^^^^^^^^^
2025-09-12T21:17:15:   File "/usr/local/lib/python3.12/site-packages/streamlit/runtime/app_session.py", line 616, in _handle_scriptrunner_event_on_event_loop
2025-09-12T21:17:15:     msg = self._create_new_session_message(
2025-09-12T21:17:15:           ^^^^^^^^^^^^^^^^^^^^^^^^^^^^^^^^^
2025-09-12T21:17:15:   File "/usr/local/lib/python3.12/site-packages/streamlit/runtime/app_session.py", line 750, in _create_new_session_message
2025-09-12T21:17:15:     _populate_user_info_msg(imsg.user_info)
2025-09-12T21:17:15:   File "/usr/local/lib/python3.12/site-packages/streamlit/runtime/app_session.py", line 1154, in _populate_user_info_msg
2025-09-12T21:17:15:     inst = Installation.instance()
2025-09-12T21:17:15:            ^^^^^^^^^^^^^^^^^^^^^^^
2025-09-12T21:17:15:   File "/usr/local/lib/python3.12/site-packages/streamlit/runtime/metrics_util.py", line 228, in instance
2025-09-12T21:17:15:     cls._instance = Installation()
2025-09-12T21:17:15:                     ^^^^^^^^^^^^^^
2025-09-12T21:17:15:   File "/usr/local/lib/python3.12/site-packages/streamlit/runtime/metrics_util.py", line 233, in __init__
2025-09-12T21:17:15:     uuid.uuid5(uuid.NAMESPACE_DNS, _get_machine_id_v3())
2025-09-12T21:17:15:                                    ^^^^^^^^^^^^^^^^^^^^
2025-09-12T21:17:15:   File "/usr/local/lib/python3.12/site-packages/streamlit/runtime/metrics_util.py", line 173, in _get_machine_id_v3
2025-09-12T21:17:15:     machine_id = f.read()
2025-09-12T21:17:15:                  ^^^^^^^^
2025-09-12T21:17:15:   File "<frozen codecs>", line 322, in decode
2025-09-12T21:17:15: UnicodeDecodeError: 'utf-8' codec can't decode bytes in position 25-26: invalid continuation byte
2025-09-12T21:17:23: Exception in callback AppSession._on_scriptrunner_event.<locals>.<lambda>() at /usr/local/lib/python3.12/site-packages/streamlit/runtime/app_session.py:519
2025-09-12T21:17:23: handle: <Handle AppSession._on_scriptrunner_event.<locals>.<lambda>() at /usr/local/lib/python3.12/site-packages/streamlit/runtime/app_session.py:519>
2025-09-12T21:17:23: Traceback (most recent call last):
2025-09-12T21:17:23:   File "/usr/local/lib/python3.12/asyncio/events.py", line 88, in _run
2025-09-12T21:17:23:     self._context.run(self._callback, *self._args)
2025-09-12T21:17:23:   File "/usr/local/lib/python3.12/site-packages/streamlit/runtime/app_session.py", line 519, in <lambda>
2025-09-12T21:17:23:     lambda: self._handle_scriptrunner_event_on_event_loop(
2025-09-12T21:17:23:             ^^^^^^^^^^^^^^^^^^^^^^^^^^^^^^^^^^^^^^^^^^^^^^
2025-09-12T21:17:23:   File "/usr/local/lib/python3.12/site-packages/streamlit/runtime/app_session.py", line 616, in _handle_scriptrunner_event_on_event_loop
2025-09-12T21:17:23:     msg = self._create_new_session_message(
2025-09-12T21:17:23:           ^^^^^^^^^^^^^^^^^^^^^^^^^^^^^^^^^
2025-09-12T21:17:23:   File "/usr/local/lib/python3.12/site-packages/streamlit/runtime/app_session.py", line 750, in _create_new_session_message
2025-09-12T21:17:23:     _populate_user_info_msg(imsg.user_info)
2025-09-12T21:17:23:   File "/usr/local/lib/python3.12/site-packages/streamlit/runtime/app_session.py", line 1154, in _populate_user_info_msg
2025-09-12T21:17:23:     inst = Installation.instance()
2025-09-12T21:17:23:            ^^^^^^^^^^^^^^^^^^^^^^^
2025-09-12T21:17:23:   File "/usr/local/lib/python3.12/site-packages/streamlit/runtime/metrics_util.py", line 228, in instance
2025-09-12T21:17:23:     cls._instance = Installation()
2025-09-12T21:17:23:                     ^^^^^^^^^^^^^^
2025-09-12T21:17:23:   File "/usr/local/lib/python3.12/site-packages/streamlit/runtime/metrics_util.py", line 233, in __init__
2025-09-12T21:17:23:     uuid.uuid5(uuid.NAMESPACE_DNS, _get_machine_id_v3())
2025-09-12T21:17:23:                                    ^^^^^^^^^^^^^^^^^^^^
2025-09-12T21:17:23:   File "/usr/local/lib/python3.12/site-packages/streamlit/runtime/metrics_util.py", line 173, in _get_machine_id_v3
2025-09-12T21:17:23:     machine_id = f.read()
2025-09-12T21:17:23:                  ^^^^^^^^
2025-09-12T21:17:23:   File "<frozen codecs>", line 322, in decode
2025-09-12T21:17:23: UnicodeDecodeError: 'utf-8' codec can't decode bytes in position 25-26: invalid continuation byte
2025-09-12T21:17:23: Exception in callback AppSession._on_scriptrunner_event.<locals>.<lambda>() at /usr/local/lib/python3.12/site-packages/streamlit/runtime/app_session.py:519
2025-09-12T21:17:23: handle: <Handle AppSession._on_scriptrunner_event.<locals>.<lambda>() at /usr/local/lib/python3.12/site-packages/streamlit/runtime/app_session.py:519>
2025-09-12T21:17:23: Traceback (most recent call last):
2025-09-12T21:17:23:   File "/usr/local/lib/python3.12/asyncio/events.py", line 88, in _run
2025-09-12T21:17:23:     self._context.run(self._callback, *self._args)
2025-09-12T21:17:23:   File "/usr/local/lib/python3.12/site-packages/streamlit/runtime/app_session.py", line 519, in <lambda>
2025-09-12T21:17:23:     lambda: self._handle_scriptrunner_event_on_event_loop(
2025-09-12T21:17:23:             ^^^^^^^^^^^^^^^^^^^^^^^^^^^^^^^^^^^^^^^^^^^^^^
2025-09-12T21:17:23:   File "/usr/local/lib/python3.12/site-packages/streamlit/runtime/app_session.py", line 616, in _handle_scriptrunner_event_on_event_loop
2025-09-12T21:17:23:     msg = self._create_new_session_message(
2025-09-12T21:17:23:           ^^^^^^^^^^^^^^^^^^^^^^^^^^^^^^^^^
2025-09-12T21:17:23:   File "/usr/local/lib/python3.12/site-packages/streamlit/runtime/app_session.py", line 750, in _create_new_session_message
2025-09-12T21:17:23:     _populate_user_info_msg(imsg.user_info)
2025-09-12T21:17:23:   File "/usr/local/lib/python3.12/site-packages/streamlit/runtime/app_session.py", line 1154, in _populate_user_info_msg
2025-09-12T21:17:23:     inst = Installation.instance()
2025-09-12T21:17:23:            ^^^^^^^^^^^^^^^^^^^^^^^
2025-09-12T21:17:23:   File "/usr/local/lib/python3.12/site-packages/streamlit/runtime/metrics_util.py", line 228, in instance
2025-09-12T21:17:23:     cls._instance = Installation()
2025-09-12T21:17:23:                     ^^^^^^^^^^^^^^
2025-09-12T21:17:23:   File "/usr/local/lib/python3.12/site-packages/streamlit/runtime/metrics_util.py", line 233, in __init__
2025-09-12T21:17:23:     uuid.uuid5(uuid.NAMESPACE_DNS, _get_machine_id_v3())
2025-09-12T21:17:23:                                    ^^^^^^^^^^^^^^^^^^^^
2025-09-12T21:17:23:   File "/usr/local/lib/python3.12/site-packages/streamlit/runtime/metrics_util.py", line 173, in _get_machine_id_v3
2025-09-12T21:17:23:     machine_id = f.read()
2025-09-12T21:17:23:                  ^^^^^^^^
2025-09-12T21:17:23:   File "<frozen codecs>", line 322, in decode
2025-09-12T21:17:23: UnicodeDecodeError: 'utf-8' codec can't decode bytes in position 25-26: invalid continuation byte
2025-09-12T21:17:23: Exception in callback AppSession._on_scriptrunner_event.<locals>.<lambda>() at /usr/local/lib/python3.12/site-packages/streamlit/runtime/app_session.py:519
2025-09-12T21:17:23: handle: <Handle AppSession._on_scriptrunner_event.<locals>.<lambda>() at /usr/local/lib/python3.12/site-packages/streamlit/runtime/app_session.py:519>
2025-09-12T21:17:23: Traceback (most recent call last):
2025-09-12T21:17:23:   File "/usr/local/lib/python3.12/asyncio/events.py", line 88, in _run
2025-09-12T21:17:23:     self._context.run(self._callback, *self._args)
2025-09-12T21:17:23:   File "/usr/local/lib/python3.12/site-packages/streamlit/runtime/app_session.py", line 519, in <lambda>
2025-09-12T21:17:23:     lambda: self._handle_scriptrunner_event_on_event_loop(
2025-09-12T21:17:23:             ^^^^^^^^^^^^^^^^^^^^^^^^^^^^^^^^^^^^^^^^^^^^^^
2025-09-12T21:17:23:   File "/usr/local/lib/python3.12/site-packages/streamlit/runtime/app_session.py", line 616, in _handle_scriptrunner_event_on_event_loop
2025-09-12T21:17:23:     msg = self._create_new_session_message(
2025-09-12T21:17:23:           ^^^^^^^^^^^^^^^^^^^^^^^^^^^^^^^^^
2025-09-12T21:17:23:   File "/usr/local/lib/python3.12/site-packages/streamlit/runtime/app_session.py", line 750, in _create_new_session_message
2025-09-12T21:17:23:     _populate_user_info_msg(imsg.user_info)
2025-09-12T21:17:23:   File "/usr/local/lib/python3.12/site-packages/streamlit/runtime/app_session.py", line 1154, in _populate_user_info_msg
2025-09-12T21:17:23:     inst = Installation.instance()
2025-09-12T21:17:23:            ^^^^^^^^^^^^^^^^^^^^^^^
2025-09-12T21:17:23:   File "/usr/local/lib/python3.12/site-packages/streamlit/runtime/metrics_util.py", line 228, in instance
2025-09-12T21:17:23:     cls._instance = Installation()
2025-09-12T21:17:23:                     ^^^^^^^^^^^^^^
2025-09-12T21:17:23:   File "/usr/local/lib/python3.12/site-packages/streamlit/runtime/metrics_util.py", line 233, in __init__
2025-09-12T21:17:23:     uuid.uuid5(uuid.NAMESPACE_DNS, _get_machine_id_v3())
2025-09-12T21:17:23:                                    ^^^^^^^^^^^^^^^^^^^^
2025-09-12T21:17:23:   File "/usr/local/lib/python3.12/site-packages/streamlit/runtime/metrics_util.py", line 173, in _get_machine_id_v3
2025-09-12T21:17:23:     machine_id = f.read()
2025-09-12T21:17:23:                  ^^^^^^^^
2025-09-12T21:17:23:   File "<frozen codecs>", line 322, in decode
2025-09-12T21:17:23: UnicodeDecodeError: 'utf-8' codec can't decode bytes in position 25-26: invalid continuation byte
2025-09-12T21:17:24: Exception in callback AppSession._on_scriptrunner_event.<locals>.<lambda>() at /usr/local/lib/python3.12/site-packages/streamlit/runtime/app_session.py:519
2025-09-12T21:17:24: handle: <Handle AppSession._on_scriptrunner_event.<locals>.<lambda>() at /usr/local/lib/python3.12/site-packages/streamlit/runtime/app_session.py:519>
2025-09-12T21:17:24: Traceback (most recent call last):
2025-09-12T21:17:24:   File "/usr/local/lib/python3.12/asyncio/events.py", line 88, in _run
2025-09-12T21:17:24:     self._context.run(self._callback, *self._args)
2025-09-12T21:17:24:   File "/usr/local/lib/python3.12/site-packages/streamlit/runtime/app_session.py", line 519, in <lambda>
2025-09-12T21:17:24:     lambda: self._handle_scriptrunner_event_on_event_loop(
2025-09-12T21:17:24:             ^^^^^^^^^^^^^^^^^^^^^^^^^^^^^^^^^^^^^^^^^^^^^^
2025-09-12T21:17:24:   File "/usr/local/lib/python3.12/site-packages/streamlit/runtime/app_session.py", line 616, in _handle_scriptrunner_event_on_event_loop
2025-09-12T21:17:24:     msg = self._create_new_session_message(
2025-09-12T21:17:24:           ^^^^^^^^^^^^^^^^^^^^^^^^^^^^^^^^^
2025-09-12T21:17:24:   File "/usr/local/lib/python3.12/site-packages/streamlit/runtime/app_session.py", line 750, in _create_new_session_message
2025-09-12T21:17:24:     _populate_user_info_msg(imsg.user_info)
2025-09-12T21:17:24:   File "/usr/local/lib/python3.12/site-packages/streamlit/runtime/app_session.py", line 1154, in _populate_user_info_msg
2025-09-12T21:17:24:     inst = Installation.instance()
2025-09-12T21:17:24:            ^^^^^^^^^^^^^^^^^^^^^^^
2025-09-12T21:17:24:   File "/usr/local/lib/python3.12/site-packages/streamlit/runtime/metrics_util.py", line 228, in instance
2025-09-12T21:17:24:     cls._instance = Installation()
2025-09-12T21:17:24:                     ^^^^^^^^^^^^^^
2025-09-12T21:17:24:   File "/usr/local/lib/python3.12/site-packages/streamlit/runtime/metrics_util.py", line 233, in __init__
2025-09-12T21:17:24:     uuid.uuid5(uuid.NAMESPACE_DNS, _get_machine_id_v3())
2025-09-12T21:17:24:                                    ^^^^^^^^^^^^^^^^^^^^
2025-09-12T21:17:24:   File "/usr/local/lib/python3.12/site-packages/streamlit/runtime/metrics_util.py", line 173, in _get_machine_id_v3
2025-09-12T21:17:24:     machine_id = f.read()
2025-09-12T21:17:24:                  ^^^^^^^^
2025-09-12T21:17:24:   File "<frozen codecs>", line 322, in decode
2025-09-12T21:17:24: UnicodeDecodeError: 'utf-8' codec can't decode bytes in position 25-26: invalid continuation byte
2025-09-12T21:17:24: Exception in callback AppSession._on_scriptrunner_event.<locals>.<lambda>() at /usr/local/lib/python3.12/site-packages/streamlit/runtime/app_session.py:519
2025-09-12T21:17:24: handle: <Handle AppSession._on_scriptrunner_event.<locals>.<lambda>() at /usr/local/lib/python3.12/site-packages/streamlit/runtime/app_session.py:519>
2025-09-12T21:17:24: Traceback (most recent call last):
2025-09-12T21:17:24:   File "/usr/local/lib/python3.12/asyncio/events.py", line 88, in _run
2025-09-12T21:17:24:     self._context.run(self._callback, *self._args)
2025-09-12T21:17:24:   File "/usr/local/lib/python3.12/site-packages/streamlit/runtime/app_session.py", line 519, in <lambda>
2025-09-12T21:17:24:     lambda: self._handle_scriptrunner_event_on_event_loop(
2025-09-12T21:17:24:             ^^^^^^^^^^^^^^^^^^^^^^^^^^^^^^^^^^^^^^^^^^^^^^
2025-09-12T21:17:24:   File "/usr/local/lib/python3.12/site-packages/streamlit/runtime/app_session.py", line 616, in _handle_scriptrunner_event_on_event_loop
2025-09-12T21:17:24:     msg = self._create_new_session_message(
2025-09-12T21:17:24:           ^^^^^^^^^^^^^^^^^^^^^^^^^^^^^^^^^
2025-09-12T21:17:24:   File "/usr/local/lib/python3.12/site-packages/streamlit/runtime/app_session.py", line 750, in _create_new_session_message
2025-09-12T21:17:24:     _populate_user_info_msg(imsg.user_info)
2025-09-12T21:17:24:   File "/usr/local/lib/python3.12/site-packages/streamlit/runtime/app_session.py", line 1154, in _populate_user_info_msg
2025-09-12T21:17:24:     inst = Installation.instance()
2025-09-12T21:17:24:            ^^^^^^^^^^^^^^^^^^^^^^^
2025-09-12T21:17:24:   File "/usr/local/lib/python3.12/site-packages/streamlit/runtime/metrics_util.py", line 228, in instance
2025-09-12T21:17:24:     cls._instance = Installation()
2025-09-12T21:17:24:                     ^^^^^^^^^^^^^^
2025-09-12T21:17:24:   File "/usr/local/lib/python3.12/site-packages/streamlit/runtime/metrics_util.py", line 233, in __init__
2025-09-12T21:17:24:     uuid.uuid5(uuid.NAMESPACE_DNS, _get_machine_id_v3())
2025-09-12T21:17:24:                                    ^^^^^^^^^^^^^^^^^^^^
2025-09-12T21:17:24:   File "/usr/local/lib/python3.12/site-packages/streamlit/runtime/metrics_util.py", line 173, in _get_machine_id_v3
2025-09-12T21:17:24:     machine_id = f.read()
2025-09-12T21:17:24:                  ^^^^^^^^
2025-09-12T21:17:24:   File "<frozen codecs>", line 322, in decode
2025-09-12T21:17:24: UnicodeDecodeError: 'utf-8' codec can't decode bytes in position 25-26: invalid continuation byte
2025-09-12T21:17:24: Exception in callback AppSession._on_scriptrunner_event.<locals>.<lambda>() at /usr/local/lib/python3.12/site-packages/streamlit/runtime/app_session.py:519
2025-09-12T21:17:24: handle: <Handle AppSession._on_scriptrunner_event.<locals>.<lambda>() at /usr/local/lib/python3.12/site-packages/streamlit/runtime/app_session.py:519>
2025-09-12T21:17:24: Traceback (most recent call last):
2025-09-12T21:17:24:   File "/usr/local/lib/python3.12/asyncio/events.py", line 88, in _run
2025-09-12T21:17:24:     self._context.run(self._callback, *self._args)
2025-09-12T21:17:24:   File "/usr/local/lib/python3.12/site-packages/streamlit/runtime/app_session.py", line 519, in <lambda>
2025-09-12T21:17:24:     lambda: self._handle_scriptrunner_event_on_event_loop(
2025-09-12T21:17:24:             ^^^^^^^^^^^^^^^^^^^^^^^^^^^^^^^^^^^^^^^^^^^^^^
2025-09-12T21:17:24:   File "/usr/local/lib/python3.12/site-packages/streamlit/runtime/app_session.py", line 616, in _handle_scriptrunner_event_on_event_loop
2025-09-12T21:17:24:     msg = self._create_new_session_message(
2025-09-12T21:17:24:           ^^^^^^^^^^^^^^^^^^^^^^^^^^^^^^^^^
2025-09-12T21:17:24:   File "/usr/local/lib/python3.12/site-packages/streamlit/runtime/app_session.py", line 750, in _create_new_session_message
2025-09-12T21:17:24:     _populate_user_info_msg(imsg.user_info)
2025-09-12T21:17:24:   File "/usr/local/lib/python3.12/site-packages/streamlit/runtime/app_session.py", line 1154, in _populate_user_info_msg
2025-09-12T21:17:24:     inst = Installation.instance()
2025-09-12T21:17:24:            ^^^^^^^^^^^^^^^^^^^^^^^
2025-09-12T21:17:24:   File "/usr/local/lib/python3.12/site-packages/streamlit/runtime/metrics_util.py", line 228, in instance
2025-09-12T21:17:24:     cls._instance = Installation()
2025-09-12T21:17:24:                     ^^^^^^^^^^^^^^
2025-09-12T21:17:24:   File "/usr/local/lib/python3.12/site-packages/streamlit/runtime/metrics_util.py", line 233, in __init__
2025-09-12T21:17:24:     uuid.uuid5(uuid.NAMESPACE_DNS, _get_machine_id_v3())
2025-09-12T21:17:24:                                    ^^^^^^^^^^^^^^^^^^^^
2025-09-12T21:17:24:   File "/usr/local/lib/python3.12/site-packages/streamlit/runtime/metrics_util.py", line 173, in _get_machine_id_v3
2025-09-12T21:17:24:     machine_id = f.read()
2025-09-12T21:17:24:                  ^^^^^^^^
2025-09-12T21:17:24:   File "<frozen codecs>", line 322, in decode
2025-09-12T21:17:24: UnicodeDecodeError: 'utf-8' codec can't decode bytes in position 25-26: invalid continuation byte
2025-09-12T21:17:32: Exception in callback AppSession._on_scriptrunner_event.<locals>.<lambda>() at /usr/local/lib/python3.12/site-packages/streamlit/runtime/app_session.py:519
2025-09-12T21:17:32: handle: <Handle AppSession._on_scriptrunner_event.<locals>.<lambda>() at /usr/local/lib/python3.12/site-packages/streamlit/runtime/app_session.py:519>
2025-09-12T21:17:32: Traceback (most recent call last):
2025-09-12T21:17:32:   File "/usr/local/lib/python3.12/asyncio/events.py", line 88, in _run
2025-09-12T21:17:32:     self._context.run(self._callback, *self._args)
2025-09-12T21:17:32:   File "/usr/local/lib/python3.12/site-packages/streamlit/runtime/app_session.py", line 519, in <lambda>
2025-09-12T21:17:32:     lambda: self._handle_scriptrunner_event_on_event_loop(
2025-09-12T21:17:32:             ^^^^^^^^^^^^^^^^^^^^^^^^^^^^^^^^^^^^^^^^^^^^^^
2025-09-12T21:17:32:   File "/usr/local/lib/python3.12/site-packages/streamlit/runtime/app_session.py", line 616, in _handle_scriptrunner_event_on_event_loop
2025-09-12T21:17:32:     msg = self._create_new_session_message(
2025-09-12T21:17:32:           ^^^^^^^^^^^^^^^^^^^^^^^^^^^^^^^^^
2025-09-12T21:17:32:   File "/usr/local/lib/python3.12/site-packages/streamlit/runtime/app_session.py", line 750, in _create_new_session_message
2025-09-12T21:17:32:     _populate_user_info_msg(imsg.user_info)
2025-09-12T21:17:32:   File "/usr/local/lib/python3.12/site-packages/streamlit/runtime/app_session.py", line 1154, in _populate_user_info_msg
2025-09-12T21:17:32:     inst = Installation.instance()
2025-09-12T21:17:32:            ^^^^^^^^^^^^^^^^^^^^^^^
2025-09-12T21:17:32:   File "/usr/local/lib/python3.12/site-packages/streamlit/runtime/metrics_util.py", line 228, in instance
2025-09-12T21:17:32:     cls._instance = Installation()
2025-09-12T21:17:32:                     ^^^^^^^^^^^^^^
2025-09-12T21:17:32:   File "/usr/local/lib/python3.12/site-packages/streamlit/runtime/metrics_util.py", line 233, in __init__
2025-09-12T21:17:32:     uuid.uuid5(uuid.NAMESPACE_DNS, _get_machine_id_v3())
2025-09-12T21:17:32:                                    ^^^^^^^^^^^^^^^^^^^^
2025-09-12T21:17:32:   File "/usr/local/lib/python3.12/site-packages/streamlit/runtime/metrics_util.py", line 173, in _get_machine_id_v3
2025-09-12T21:17:32:     machine_id = f.read()
2025-09-12T21:17:32:                  ^^^^^^^^
2025-09-12T21:17:32:   File "<frozen codecs>", line 322, in decode
2025-09-12T21:17:32: UnicodeDecodeError: 'utf-8' codec can't decode bytes in position 25-26: invalid continuation byte
2025-09-12T21:17:32: Exception in callback AppSession._on_scriptrunner_event.<locals>.<lambda>() at /usr/local/lib/python3.12/site-packages/streamlit/runtime/app_session.py:519
2025-09-12T21:17:32: handle: <Handle AppSession._on_scriptrunner_event.<locals>.<lambda>() at /usr/local/lib/python3.12/site-packages/streamlit/runtime/app_session.py:519>
2025-09-12T21:17:32: Traceback (most recent call last):
2025-09-12T21:17:32:   File "/usr/local/lib/python3.12/asyncio/events.py", line 88, in _run
2025-09-12T21:17:32:     self._context.run(self._callback, *self._args)
2025-09-12T21:17:32:   File "/usr/local/lib/python3.12/site-packages/streamlit/runtime/app_session.py", line 519, in <lambda>
2025-09-12T21:17:32:     lambda: self._handle_scriptrunner_event_on_event_loop(
2025-09-12T21:17:32:             ^^^^^^^^^^^^^^^^^^^^^^^^^^^^^^^^^^^^^^^^^^^^^^
2025-09-12T21:17:32:   File "/usr/local/lib/python3.12/site-packages/streamlit/runtime/app_session.py", line 616, in _handle_scriptrunner_event_on_event_loop
2025-09-12T21:17:32:     msg = self._create_new_session_message(
2025-09-12T21:17:32:           ^^^^^^^^^^^^^^^^^^^^^^^^^^^^^^^^^
2025-09-12T21:17:32:   File "/usr/local/lib/python3.12/site-packages/streamlit/runtime/app_session.py", line 750, in _create_new_session_message
2025-09-12T21:17:32:     _populate_user_info_msg(imsg.user_info)
2025-09-12T21:17:32:   File "/usr/local/lib/python3.12/site-packages/streamlit/runtime/app_session.py", line 1154, in _populate_user_info_msg
2025-09-12T21:17:32:     inst = Installation.instance()
2025-09-12T21:17:32:            ^^^^^^^^^^^^^^^^^^^^^^^
2025-09-12T21:17:32:   File "/usr/local/lib/python3.12/site-packages/streamlit/runtime/metrics_util.py", line 228, in instance
2025-09-12T21:17:32:     cls._instance = Installation()
2025-09-12T21:17:32:                     ^^^^^^^^^^^^^^
2025-09-12T21:17:32:   File "/usr/local/lib/python3.12/site-packages/streamlit/runtime/metrics_util.py", line 233, in __init__
2025-09-12T21:17:32:     uuid.uuid5(uuid.NAMESPACE_DNS, _get_machine_id_v3())
2025-09-12T21:17:32:                                    ^^^^^^^^^^^^^^^^^^^^
2025-09-12T21:17:32:   File "/usr/local/lib/python3.12/site-packages/streamlit/runtime/metrics_util.py", line 173, in _get_machine_id_v3
2025-09-12T21:17:32:     machine_id = f.read()
2025-09-12T21:17:32:                  ^^^^^^^^
2025-09-12T21:17:32:   File "<frozen codecs>", line 322, in decode
2025-09-12T21:17:32: UnicodeDecodeError: 'utf-8' codec can't decode bytes in position 25-26: invalid continuation byte
2025-09-12T21:17:32: Exception in callback AppSession._on_scriptrunner_event.<locals>.<lambda>() at /usr/local/lib/python3.12/site-packages/streamlit/runtime/app_session.py:519
2025-09-12T21:17:32: handle: <Handle AppSession._on_scriptrunner_event.<locals>.<lambda>() at /usr/local/lib/python3.12/site-packages/streamlit/runtime/app_session.py:519>
2025-09-12T21:17:32: Traceback (most recent call last):
2025-09-12T21:17:32:   File "/usr/local/lib/python3.12/asyncio/events.py", line 88, in _run
2025-09-12T21:17:32:     self._context.run(self._callback, *self._args)
2025-09-12T21:17:32:   File "/usr/local/lib/python3.12/site-packages/streamlit/runtime/app_session.py", line 519, in <lambda>
2025-09-12T21:17:32:     lambda: self._handle_scriptrunner_event_on_event_loop(
2025-09-12T21:17:32:             ^^^^^^^^^^^^^^^^^^^^^^^^^^^^^^^^^^^^^^^^^^^^^^
2025-09-12T21:17:32:   File "/usr/local/lib/python3.12/site-packages/streamlit/runtime/app_session.py", line 616, in _handle_scriptrunner_event_on_event_loop
2025-09-12T21:17:32:     msg = self._create_new_session_message(
2025-09-12T21:17:32:           ^^^^^^^^^^^^^^^^^^^^^^^^^^^^^^^^^
2025-09-12T21:17:32:   File "/usr/local/lib/python3.12/site-packages/streamlit/runtime/app_session.py", line 750, in _create_new_session_message
2025-09-12T21:17:32:     _populate_user_info_msg(imsg.user_info)
2025-09-12T21:17:32:   File "/usr/local/lib/python3.12/site-packages/streamlit/runtime/app_session.py", line 1154, in _populate_user_info_msg
2025-09-12T21:17:32:     inst = Installation.instance()
2025-09-12T21:17:32:            ^^^^^^^^^^^^^^^^^^^^^^^
2025-09-12T21:17:32:   File "/usr/local/lib/python3.12/site-packages/streamlit/runtime/metrics_util.py", line 228, in instance
2025-09-12T21:17:32:     cls._instance = Installation()
2025-09-12T21:17:32:                     ^^^^^^^^^^^^^^
2025-09-12T21:17:32:   File "/usr/local/lib/python3.12/site-packages/streamlit/runtime/metrics_util.py", line 233, in __init__
2025-09-12T21:17:32:     uuid.uuid5(uuid.NAMESPACE_DNS, _get_machine_id_v3())
2025-09-12T21:17:32:                                    ^^^^^^^^^^^^^^^^^^^^
2025-09-12T21:17:32:   File "/usr/local/lib/python3.12/site-packages/streamlit/runtime/metrics_util.py", line 173, in _get_machine_id_v3
2025-09-12T21:17:32:     machine_id = f.read()
2025-09-12T21:17:32:                  ^^^^^^^^
2025-09-12T21:17:32:   File "<frozen codecs>", line 322, in decode
2025-09-12T21:17:32: UnicodeDecodeError: 'utf-8' codec can't decode bytes in position 25-26: invalid continuation byte
2025-09-12T21:17:38: Exception in callback AppSession._on_scriptrunner_event.<locals>.<lambda>() at /usr/local/lib/python3.12/site-packages/streamlit/runtime/app_session.py:519
2025-09-12T21:17:38: handle: <Handle AppSession._on_scriptrunner_event.<locals>.<lambda>() at /usr/local/lib/python3.12/site-packages/streamlit/runtime/app_session.py:519>
2025-09-12T21:17:38: Traceback (most recent call last):
2025-09-12T21:17:38:   File "/usr/local/lib/python3.12/asyncio/events.py", line 88, in _run
2025-09-12T21:17:38:     self._context.run(self._callback, *self._args)
2025-09-12T21:17:38:   File "/usr/local/lib/python3.12/site-packages/streamlit/runtime/app_session.py", line 519, in <lambda>
2025-09-12T21:17:38:     lambda: self._handle_scriptrunner_event_on_event_loop(
2025-09-12T21:17:38:             ^^^^^^^^^^^^^^^^^^^^^^^^^^^^^^^^^^^^^^^^^^^^^^
2025-09-12T21:17:38:   File "/usr/local/lib/python3.12/site-packages/streamlit/runtime/app_session.py", line 616, in _handle_scriptrunner_event_on_event_loop
2025-09-12T21:17:38:     msg = self._create_new_session_message(
2025-09-12T21:17:38:           ^^^^^^^^^^^^^^^^^^^^^^^^^^^^^^^^^
2025-09-12T21:17:38:   File "/usr/local/lib/python3.12/site-packages/streamlit/runtime/app_session.py", line 750, in _create_new_session_message
2025-09-12T21:17:38:     _populate_user_info_msg(imsg.user_info)
2025-09-12T21:17:38:   File "/usr/local/lib/python3.12/site-packages/streamlit/runtime/app_session.py", line 1154, in _populate_user_info_msg
2025-09-12T21:17:38:     inst = Installation.instance()
2025-09-12T21:17:38:            ^^^^^^^^^^^^^^^^^^^^^^^
2025-09-12T21:17:38:   File "/usr/local/lib/python3.12/site-packages/streamlit/runtime/metrics_util.py", line 228, in instance
2025-09-12T21:17:38:     cls._instance = Installation()
2025-09-12T21:17:38:                     ^^^^^^^^^^^^^^
2025-09-12T21:17:38:   File "/usr/local/lib/python3.12/site-packages/streamlit/runtime/metrics_util.py", line 233, in __init__
2025-09-12T21:17:38:     uuid.uuid5(uuid.NAMESPACE_DNS, _get_machine_id_v3())
2025-09-12T21:17:38:                                    ^^^^^^^^^^^^^^^^^^^^
2025-09-12T21:17:38:   File "/usr/local/lib/python3.12/site-packages/streamlit/runtime/metrics_util.py", line 173, in _get_machine_id_v3
2025-09-12T21:17:38:     machine_id = f.read()
2025-09-12T21:17:38:                  ^^^^^^^^
2025-09-12T21:17:38:   File "<frozen codecs>", line 322, in decode
2025-09-12T21:17:38: UnicodeDecodeError: 'utf-8' codec can't decode bytes in position 25-26: invalid continuation byte
2025-09-12T21:17:39: Exception in callback AppSession._on_scriptrunner_event.<locals>.<lambda>() at /usr/local/lib/python3.12/site-packages/streamlit/runtime/app_session.py:519
2025-09-12T21:17:39: handle: <Handle AppSession._on_scriptrunner_event.<locals>.<lambda>() at /usr/local/lib/python3.12/site-packages/streamlit/runtime/app_session.py:519>
2025-09-12T21:17:39: Traceback (most recent call last):
2025-09-12T21:17:39:   File "/usr/local/lib/python3.12/asyncio/events.py", line 88, in _run
2025-09-12T21:17:39:     self._context.run(self._callback, *self._args)
2025-09-12T21:17:39:   File "/usr/local/lib/python3.12/site-packages/streamlit/runtime/app_session.py", line 519, in <lambda>
2025-09-12T21:17:39:     lambda: self._handle_scriptrunner_event_on_event_loop(
2025-09-12T21:17:39:             ^^^^^^^^^^^^^^^^^^^^^^^^^^^^^^^^^^^^^^^^^^^^^^
2025-09-12T21:17:39:   File "/usr/local/lib/python3.12/site-packages/streamlit/runtime/app_session.py", line 616, in _handle_scriptrunner_event_on_event_loop
2025-09-12T21:17:39:     msg = self._create_new_session_message(
2025-09-12T21:17:39:           ^^^^^^^^^^^^^^^^^^^^^^^^^^^^^^^^^
2025-09-12T21:17:39:   File "/usr/local/lib/python3.12/site-packages/streamlit/runtime/app_session.py", line 750, in _create_new_session_message
2025-09-12T21:17:39:     _populate_user_info_msg(imsg.user_info)
2025-09-12T21:17:39:   File "/usr/local/lib/python3.12/site-packages/streamlit/runtime/app_session.py", line 1154, in _populate_user_info_msg
2025-09-12T21:17:39:     inst = Installation.instance()
2025-09-12T21:17:39:            ^^^^^^^^^^^^^^^^^^^^^^^
2025-09-12T21:17:39:   File "/usr/local/lib/python3.12/site-packages/streamlit/runtime/metrics_util.py", line 228, in instance
2025-09-12T21:17:39:     cls._instance = Installation()
2025-09-12T21:17:39:                     ^^^^^^^^^^^^^^
2025-09-12T21:17:39:   File "/usr/local/lib/python3.12/site-packages/streamlit/runtime/metrics_util.py", line 233, in __init__
2025-09-12T21:17:39:     uuid.uuid5(uuid.NAMESPACE_DNS, _get_machine_id_v3())
2025-09-12T21:17:39:                                    ^^^^^^^^^^^^^^^^^^^^
2025-09-12T21:17:39:   File "/usr/local/lib/python3.12/site-packages/streamlit/runtime/metrics_util.py", line 173, in _get_machine_id_v3
2025-09-12T21:17:39:     machine_id = f.read()
2025-09-12T21:17:39:                  ^^^^^^^^
2025-09-12T21:17:39:   File "<frozen codecs>", line 322, in decode
2025-09-12T21:17:39: UnicodeDecodeError: 'utf-8' codec can't decode bytes in position 25-26: invalid continuation byte
2025-09-12T21:17:40: Exception in callback AppSession._on_scriptrunner_event.<locals>.<lambda>() at /usr/local/lib/python3.12/site-packages/streamlit/runtime/app_session.py:519
2025-09-12T21:17:40: handle: <Handle AppSession._on_scriptrunner_event.<locals>.<lambda>() at /usr/local/lib/python3.12/site-packages/streamlit/runtime/app_session.py:519>
2025-09-12T21:17:40: Traceback (most recent call last):
2025-09-12T21:17:40:   File "/usr/local/lib/python3.12/asyncio/events.py", line 88, in _run
2025-09-12T21:17:40:     self._context.run(self._callback, *self._args)
2025-09-12T21:17:40:   File "/usr/local/lib/python3.12/site-packages/streamlit/runtime/app_session.py", line 519, in <lambda>
2025-09-12T21:17:40:     lambda: self._handle_scriptrunner_event_on_event_loop(
2025-09-12T21:17:40:             ^^^^^^^^^^^^^^^^^^^^^^^^^^^^^^^^^^^^^^^^^^^^^^
2025-09-12T21:17:40:   File "/usr/local/lib/python3.12/site-packages/streamlit/runtime/app_session.py", line 616, in _handle_scriptrunner_event_on_event_loop
2025-09-12T21:17:40:     msg = self._create_new_session_message(
2025-09-12T21:17:40:           ^^^^^^^^^^^^^^^^^^^^^^^^^^^^^^^^^
2025-09-12T21:17:40:   File "/usr/local/lib/python3.12/site-packages/streamlit/runtime/app_session.py", line 750, in _create_new_session_message
2025-09-12T21:17:40:     _populate_user_info_msg(imsg.user_info)
2025-09-12T21:17:40:   File "/usr/local/lib/python3.12/site-packages/streamlit/runtime/app_session.py", line 1154, in _populate_user_info_msg
2025-09-12T21:17:40:     inst = Installation.instance()
2025-09-12T21:17:40:            ^^^^^^^^^^^^^^^^^^^^^^^
2025-09-12T21:17:40:   File "/usr/local/lib/python3.12/site-packages/streamlit/runtime/metrics_util.py", line 228, in instance
2025-09-12T21:17:40:     cls._instance = Installation()
2025-09-12T21:17:40:                     ^^^^^^^^^^^^^^
2025-09-12T21:17:40:   File "/usr/local/lib/python3.12/site-packages/streamlit/runtime/metrics_util.py", line 233, in __init__
2025-09-12T21:17:40:     uuid.uuid5(uuid.NAMESPACE_DNS, _get_machine_id_v3())
2025-09-12T21:17:40:                                    ^^^^^^^^^^^^^^^^^^^^
2025-09-12T21:17:40:   File "/usr/local/lib/python3.12/site-packages/streamlit/runtime/metrics_util.py", line 173, in _get_machine_id_v3
2025-09-12T21:17:40:     machine_id = f.read()
2025-09-12T21:17:40:                  ^^^^^^^^
2025-09-12T21:17:40:   File "<frozen codecs>", line 322, in decode
2025-09-12T21:17:40: UnicodeDecodeError: 'utf-8' codec can't decode bytes in position 25-26: invalid continuation byte
2025-09-12T21:17:53: Exception in callback AppSession._on_scriptrunner_event.<locals>.<lambda>() at /usr/local/lib/python3.12/site-packages/streamlit/runtime/app_session.py:519
2025-09-12T21:17:53: handle: <Handle AppSession._on_scriptrunner_event.<locals>.<lambda>() at /usr/local/lib/python3.12/site-packages/streamlit/runtime/app_session.py:519>
2025-09-12T21:17:53: Traceback (most recent call last):
2025-09-12T21:17:53:   File "/usr/local/lib/python3.12/asyncio/events.py", line 88, in _run
2025-09-12T21:17:53:     self._context.run(self._callback, *self._args)
2025-09-12T21:17:53:   File "/usr/local/lib/python3.12/site-packages/streamlit/runtime/app_session.py", line 519, in <lambda>
2025-09-12T21:17:53:     lambda: self._handle_scriptrunner_event_on_event_loop(
2025-09-12T21:17:53:             ^^^^^^^^^^^^^^^^^^^^^^^^^^^^^^^^^^^^^^^^^^^^^^
2025-09-12T21:17:53:   File "/usr/local/lib/python3.12/site-packages/streamlit/runtime/app_session.py", line 616, in _handle_scriptrunner_event_on_event_loop
2025-09-12T21:17:53:     msg = self._create_new_session_message(
2025-09-12T21:17:53:           ^^^^^^^^^^^^^^^^^^^^^^^^^^^^^^^^^
2025-09-12T21:17:53:   File "/usr/local/lib/python3.12/site-packages/streamlit/runtime/app_session.py", line 750, in _create_new_session_message
2025-09-12T21:17:53:     _populate_user_info_msg(imsg.user_info)
2025-09-12T21:17:53:   File "/usr/local/lib/python3.12/site-packages/streamlit/runtime/app_session.py", line 1154, in _populate_user_info_msg
2025-09-12T21:17:53:     inst = Installation.instance()
2025-09-12T21:17:53:            ^^^^^^^^^^^^^^^^^^^^^^^
2025-09-12T21:17:53:   File "/usr/local/lib/python3.12/site-packages/streamlit/runtime/metrics_util.py", line 228, in instance
2025-09-12T21:17:53:     cls._instance = Installation()
2025-09-12T21:17:53:                     ^^^^^^^^^^^^^^
2025-09-12T21:17:53:   File "/usr/local/lib/python3.12/site-packages/streamlit/runtime/metrics_util.py", line 233, in __init__
2025-09-12T21:17:53:     uuid.uuid5(uuid.NAMESPACE_DNS, _get_machine_id_v3())
2025-09-12T21:17:53:                                    ^^^^^^^^^^^^^^^^^^^^
2025-09-12T21:17:53:   File "/usr/local/lib/python3.12/site-packages/streamlit/runtime/metrics_util.py", line 173, in _get_machine_id_v3
2025-09-12T21:17:53:     machine_id = f.read()
2025-09-12T21:17:53:                  ^^^^^^^^
2025-09-12T21:17:53:   File "<frozen codecs>", line 322, in decode
2025-09-12T21:17:53: UnicodeDecodeError: 'utf-8' codec can't decode bytes in position 25-26: invalid continuation byte
2025-09-12T21:17:55: Exception in callback AppSession._on_scriptrunner_event.<locals>.<lambda>() at /usr/local/lib/python3.12/site-packages/streamlit/runtime/app_session.py:519
2025-09-12T21:17:55: handle: <Handle AppSession._on_scriptrunner_event.<locals>.<lambda>() at /usr/local/lib/python3.12/site-packages/streamlit/runtime/app_session.py:519>
2025-09-12T21:17:55: Traceback (most recent call last):
2025-09-12T21:17:55:   File "/usr/local/lib/python3.12/asyncio/events.py", line 88, in _run
2025-09-12T21:17:55:     self._context.run(self._callback, *self._args)
2025-09-12T21:17:55:   File "/usr/local/lib/python3.12/site-packages/streamlit/runtime/app_session.py", line 519, in <lambda>
2025-09-12T21:17:55:     lambda: self._handle_scriptrunner_event_on_event_loop(
2025-09-12T21:17:55:             ^^^^^^^^^^^^^^^^^^^^^^^^^^^^^^^^^^^^^^^^^^^^^^
2025-09-12T21:17:55:   File "/usr/local/lib/python3.12/site-packages/streamlit/runtime/app_session.py", line 616, in _handle_scriptrunner_event_on_event_loop
2025-09-12T21:17:55:     msg = self._create_new_session_message(
2025-09-12T21:17:55:           ^^^^^^^^^^^^^^^^^^^^^^^^^^^^^^^^^
2025-09-12T21:17:55:   File "/usr/local/lib/python3.12/site-packages/streamlit/runtime/app_session.py", line 750, in _create_new_session_message
2025-09-12T21:17:55:     _populate_user_info_msg(imsg.user_info)
2025-09-12T21:17:55:   File "/usr/local/lib/python3.12/site-packages/streamlit/runtime/app_session.py", line 1154, in _populate_user_info_msg
2025-09-12T21:17:55:     inst = Installation.instance()
2025-09-12T21:17:55:            ^^^^^^^^^^^^^^^^^^^^^^^
2025-09-12T21:17:55:   File "/usr/local/lib/python3.12/site-packages/streamlit/runtime/metrics_util.py", line 228, in instance
2025-09-12T21:17:55:     cls._instance = Installation()
2025-09-12T21:17:55:                     ^^^^^^^^^^^^^^
2025-09-12T21:17:55:   File "/usr/local/lib/python3.12/site-packages/streamlit/runtime/metrics_util.py", line 233, in __init__
2025-09-12T21:17:55:     uuid.uuid5(uuid.NAMESPACE_DNS, _get_machine_id_v3())
2025-09-12T21:17:55:                                    ^^^^^^^^^^^^^^^^^^^^
2025-09-12T21:17:55:   File "/usr/local/lib/python3.12/site-packages/streamlit/runtime/metrics_util.py", line 173, in _get_machine_id_v3
2025-09-12T21:17:55:     machine_id = f.read()
2025-09-12T21:17:55:                  ^^^^^^^^
2025-09-12T21:17:55:   File "<frozen codecs>", line 322, in decode
2025-09-12T21:17:55: UnicodeDecodeError: 'utf-8' codec can't decode bytes in position 25-26: invalid continuation byte
2025-09-12T21:17:59: Exception in callback AppSession._on_scriptrunner_event.<locals>.<lambda>() at /usr/local/lib/python3.12/site-packages/streamlit/runtime/app_session.py:519
2025-09-12T21:17:59: handle: <Handle AppSession._on_scriptrunner_event.<locals>.<lambda>() at /usr/local/lib/python3.12/site-packages/streamlit/runtime/app_session.py:519>
2025-09-12T21:17:59: Traceback (most recent call last):
2025-09-12T21:17:59:   File "/usr/local/lib/python3.12/asyncio/events.py", line 88, in _run
2025-09-12T21:17:59:     self._context.run(self._callback, *self._args)
2025-09-12T21:17:59:   File "/usr/local/lib/python3.12/site-packages/streamlit/runtime/app_session.py", line 519, in <lambda>
2025-09-12T21:17:59:     lambda: self._handle_scriptrunner_event_on_event_loop(
2025-09-12T21:17:59:             ^^^^^^^^^^^^^^^^^^^^^^^^^^^^^^^^^^^^^^^^^^^^^^
2025-09-12T21:17:59:   File "/usr/local/lib/python3.12/site-packages/streamlit/runtime/app_session.py", line 616, in _handle_scriptrunner_event_on_event_loop
2025-09-12T21:17:59:     msg = self._create_new_session_message(
2025-09-12T21:17:59:           ^^^^^^^^^^^^^^^^^^^^^^^^^^^^^^^^^
2025-09-12T21:17:59:   File "/usr/local/lib/python3.12/site-packages/streamlit/runtime/app_session.py", line 750, in _create_new_session_message
2025-09-12T21:17:59:     _populate_user_info_msg(imsg.user_info)
2025-09-12T21:17:59:   File "/usr/local/lib/python3.12/site-packages/streamlit/runtime/app_session.py", line 1154, in _populate_user_info_msg
2025-09-12T21:17:59:     inst = Installation.instance()
2025-09-12T21:17:59:            ^^^^^^^^^^^^^^^^^^^^^^^
2025-09-12T21:17:59:   File "/usr/local/lib/python3.12/site-packages/streamlit/runtime/metrics_util.py", line 228, in instance
2025-09-12T21:17:59:     cls._instance = Installation()
2025-09-12T21:17:59:                     ^^^^^^^^^^^^^^
2025-09-12T21:17:59:   File "/usr/local/lib/python3.12/site-packages/streamlit/runtime/metrics_util.py", line 233, in __init__
2025-09-12T21:17:59:     uuid.uuid5(uuid.NAMESPACE_DNS, _get_machine_id_v3())
2025-09-12T21:17:59:                                    ^^^^^^^^^^^^^^^^^^^^
2025-09-12T21:17:59:   File "/usr/local/lib/python3.12/site-packages/streamlit/runtime/metrics_util.py", line 173, in _get_machine_id_v3
2025-09-12T21:17:59:     machine_id = f.read()
2025-09-12T21:17:59:                  ^^^^^^^^
2025-09-12T21:17:59:   File "<frozen codecs>", line 322, in decode
2025-09-12T21:17:59: UnicodeDecodeError: 'utf-8' codec can't decode bytes in position 25-26: invalid continuation byte
2025-09-12T21:17:59: Exception in callback AppSession._on_scriptrunner_event.<locals>.<lambda>() at /usr/local/lib/python3.12/site-packages/streamlit/runtime/app_session.py:519
2025-09-12T21:17:59: handle: <Handle AppSession._on_scriptrunner_event.<locals>.<lambda>() at /usr/local/lib/python3.12/site-packages/streamlit/runtime/app_session.py:519>
2025-09-12T21:17:59: Traceback (most recent call last):
2025-09-12T21:17:59:   File "/usr/local/lib/python3.12/asyncio/events.py", line 88, in _run
2025-09-12T21:17:59:     self._context.run(self._callback, *self._args)
2025-09-12T21:17:59:   File "/usr/local/lib/python3.12/site-packages/streamlit/runtime/app_session.py", line 519, in <lambda>
2025-09-12T21:17:59:     lambda: self._handle_scriptrunner_event_on_event_loop(
2025-09-12T21:17:59:             ^^^^^^^^^^^^^^^^^^^^^^^^^^^^^^^^^^^^^^^^^^^^^^
2025-09-12T21:17:59:   File "/usr/local/lib/python3.12/site-packages/streamlit/runtime/app_session.py", line 616, in _handle_scriptrunner_event_on_event_loop
2025-09-12T21:17:59:     msg = self._create_new_session_message(
2025-09-12T21:17:59:           ^^^^^^^^^^^^^^^^^^^^^^^^^^^^^^^^^
2025-09-12T21:17:59:   File "/usr/local/lib/python3.12/site-packages/streamlit/runtime/app_session.py", line 750, in _create_new_session_message
2025-09-12T21:17:59:     _populate_user_info_msg(imsg.user_info)
2025-09-12T21:17:59:   File "/usr/local/lib/python3.12/site-packages/streamlit/runtime/app_session.py", line 1154, in _populate_user_info_msg
2025-09-12T21:17:59:     inst = Installation.instance()
2025-09-12T21:17:59:            ^^^^^^^^^^^^^^^^^^^^^^^
2025-09-12T21:17:59:   File "/usr/local/lib/python3.12/site-packages/streamlit/runtime/metrics_util.py", line 228, in instance
2025-09-12T21:17:59:     cls._instance = Installation()
2025-09-12T21:17:59:                     ^^^^^^^^^^^^^^
2025-09-12T21:17:59:   File "/usr/local/lib/python3.12/site-packages/streamlit/runtime/metrics_util.py", line 233, in __init__
2025-09-12T21:17:59:     uuid.uuid5(uuid.NAMESPACE_DNS, _get_machine_id_v3())
2025-09-12T21:17:59:                                    ^^^^^^^^^^^^^^^^^^^^
2025-09-12T21:17:59:   File "/usr/local/lib/python3.12/site-packages/streamlit/runtime/metrics_util.py", line 173, in _get_machine_id_v3
2025-09-12T21:17:59:     machine_id = f.read()
2025-09-12T21:17:59:                  ^^^^^^^^
2025-09-12T21:17:59:   File "<frozen codecs>", line 322, in decode
2025-09-12T21:17:59: UnicodeDecodeError: 'utf-8' codec can't decode bytes in position 25-26: invalid continuation byte
2025-09-12T21:18:00: Exception in callback AppSession._on_scriptrunner_event.<locals>.<lambda>() at /usr/local/lib/python3.12/site-packages/streamlit/runtime/app_session.py:519
2025-09-12T21:18:00: handle: <Handle AppSession._on_scriptrunner_event.<locals>.<lambda>() at /usr/local/lib/python3.12/site-packages/streamlit/runtime/app_session.py:519>
2025-09-12T21:18:00: Traceback (most recent call last):
2025-09-12T21:18:00:   File "/usr/local/lib/python3.12/asyncio/events.py", line 88, in _run
2025-09-12T21:18:00:     self._context.run(self._callback, *self._args)
2025-09-12T21:18:00:   File "/usr/local/lib/python3.12/site-packages/streamlit/runtime/app_session.py", line 519, in <lambda>
2025-09-12T21:18:00:     lambda: self._handle_scriptrunner_event_on_event_loop(
2025-09-12T21:18:00:             ^^^^^^^^^^^^^^^^^^^^^^^^^^^^^^^^^^^^^^^^^^^^^^
2025-09-12T21:18:00:   File "/usr/local/lib/python3.12/site-packages/streamlit/runtime/app_session.py", line 616, in _handle_scriptrunner_event_on_event_loop
2025-09-12T21:18:00:     msg = self._create_new_session_message(
2025-09-12T21:18:00:           ^^^^^^^^^^^^^^^^^^^^^^^^^^^^^^^^^
2025-09-12T21:18:00:   File "/usr/local/lib/python3.12/site-packages/streamlit/runtime/app_session.py", line 750, in _create_new_session_message
2025-09-12T21:18:00:     _populate_user_info_msg(imsg.user_info)
2025-09-12T21:18:00:   File "/usr/local/lib/python3.12/site-packages/streamlit/runtime/app_session.py", line 1154, in _populate_user_info_msg
2025-09-12T21:18:00:     inst = Installation.instance()
2025-09-12T21:18:00:            ^^^^^^^^^^^^^^^^^^^^^^^
2025-09-12T21:18:00:   File "/usr/local/lib/python3.12/site-packages/streamlit/runtime/metrics_util.py", line 228, in instance
2025-09-12T21:18:00:     cls._instance = Installation()
2025-09-12T21:18:00:                     ^^^^^^^^^^^^^^
2025-09-12T21:18:00:   File "/usr/local/lib/python3.12/site-packages/streamlit/runtime/metrics_util.py", line 233, in __init__
2025-09-12T21:18:00:     uuid.uuid5(uuid.NAMESPACE_DNS, _get_machine_id_v3())
2025-09-12T21:18:00:                                    ^^^^^^^^^^^^^^^^^^^^
2025-09-12T21:18:00:   File "/usr/local/lib/python3.12/site-packages/streamlit/runtime/metrics_util.py", line 173, in _get_machine_id_v3
2025-09-12T21:18:00:     machine_id = f.read()
2025-09-12T21:18:00:                  ^^^^^^^^
2025-09-12T21:18:00:   File "<frozen codecs>", line 322, in decode
2025-09-12T21:18:00: UnicodeDecodeError: 'utf-8' codec can't decode bytes in position 25-26: invalid continuation byte
2025-09-12T21:18:00: Exception in callback AppSession._on_scriptrunner_event.<locals>.<lambda>() at /usr/local/lib/python3.12/site-packages/streamlit/runtime/app_session.py:519
2025-09-12T21:18:00: handle: <Handle AppSession._on_scriptrunner_event.<locals>.<lambda>() at /usr/local/lib/python3.12/site-packages/streamlit/runtime/app_session.py:519>
2025-09-12T21:18:00: Traceback (most recent call last):
2025-09-12T21:18:00:   File "/usr/local/lib/python3.12/asyncio/events.py", line 88, in _run
2025-09-12T21:18:00:     self._context.run(self._callback, *self._args)
2025-09-12T21:18:00:   File "/usr/local/lib/python3.12/site-packages/streamlit/runtime/app_session.py", line 519, in <lambda>
2025-09-12T21:18:00:     lambda: self._handle_scriptrunner_event_on_event_loop(
2025-09-12T21:18:00:             ^^^^^^^^^^^^^^^^^^^^^^^^^^^^^^^^^^^^^^^^^^^^^^
2025-09-12T21:18:00:   File "/usr/local/lib/python3.12/site-packages/streamlit/runtime/app_session.py", line 616, in _handle_scriptrunner_event_on_event_loop
2025-09-12T21:18:00:     msg = self._create_new_session_message(
2025-09-12T21:18:00:           ^^^^^^^^^^^^^^^^^^^^^^^^^^^^^^^^^
2025-09-12T21:18:00:   File "/usr/local/lib/python3.12/site-packages/streamlit/runtime/app_session.py", line 750, in _create_new_session_message
2025-09-12T21:18:00:     _populate_user_info_msg(imsg.user_info)
2025-09-12T21:18:00:   File "/usr/local/lib/python3.12/site-packages/streamlit/runtime/app_session.py", line 1154, in _populate_user_info_msg
2025-09-12T21:18:00:     inst = Installation.instance()
2025-09-12T21:18:00:            ^^^^^^^^^^^^^^^^^^^^^^^
2025-09-12T21:18:00:   File "/usr/local/lib/python3.12/site-packages/streamlit/runtime/metrics_util.py", line 228, in instance
2025-09-12T21:18:00:     cls._instance = Installation()
2025-09-12T21:18:00:                     ^^^^^^^^^^^^^^
2025-09-12T21:18:00:   File "/usr/local/lib/python3.12/site-packages/streamlit/runtime/metrics_util.py", line 233, in __init__
2025-09-12T21:18:00:     uuid.uuid5(uuid.NAMESPACE_DNS, _get_machine_id_v3())
2025-09-12T21:18:00:                                    ^^^^^^^^^^^^^^^^^^^^
2025-09-12T21:18:00:   File "/usr/local/lib/python3.12/site-packages/streamlit/runtime/metrics_util.py", line 173, in _get_machine_id_v3
2025-09-12T21:18:00:     machine_id = f.read()
2025-09-12T21:18:00:                  ^^^^^^^^
2025-09-12T21:18:00:   File "<frozen codecs>", line 322, in decode
2025-09-12T21:18:00: UnicodeDecodeError: 'utf-8' codec can't decode bytes in position 25-26: invalid continuation byte
2025-09-12T21:18:00: Exception in callback AppSession._on_scriptrunner_event.<locals>.<lambda>() at /usr/local/lib/python3.12/site-packages/streamlit/runtime/app_session.py:519
2025-09-12T21:18:00: handle: <Handle AppSession._on_scriptrunner_event.<locals>.<lambda>() at /usr/local/lib/python3.12/site-packages/streamlit/runtime/app_session.py:519>
2025-09-12T21:18:00: Traceback (most recent call last):
2025-09-12T21:18:00:   File "/usr/local/lib/python3.12/asyncio/events.py", line 88, in _run
2025-09-12T21:18:00:     self._context.run(self._callback, *self._args)
2025-09-12T21:18:00:   File "/usr/local/lib/python3.12/site-packages/streamlit/runtime/app_session.py", line 519, in <lambda>
2025-09-12T21:18:00:     lambda: self._handle_scriptrunner_event_on_event_loop(
2025-09-12T21:18:00:             ^^^^^^^^^^^^^^^^^^^^^^^^^^^^^^^^^^^^^^^^^^^^^^
2025-09-12T21:18:00:   File "/usr/local/lib/python3.12/site-packages/streamlit/runtime/app_session.py", line 616, in _handle_scriptrunner_event_on_event_loop
2025-09-12T21:18:00:     msg = self._create_new_session_message(
2025-09-12T21:18:00:           ^^^^^^^^^^^^^^^^^^^^^^^^^^^^^^^^^
2025-09-12T21:18:00:   File "/usr/local/lib/python3.12/site-packages/streamlit/runtime/app_session.py", line 750, in _create_new_session_message
2025-09-12T21:18:00:     _populate_user_info_msg(imsg.user_info)
2025-09-12T21:18:00:   File "/usr/local/lib/python3.12/site-packages/streamlit/runtime/app_session.py", line 1154, in _populate_user_info_msg
2025-09-12T21:18:00:     inst = Installation.instance()
2025-09-12T21:18:00:            ^^^^^^^^^^^^^^^^^^^^^^^
2025-09-12T21:18:00:   File "/usr/local/lib/python3.12/site-packages/streamlit/runtime/metrics_util.py", line 228, in instance
2025-09-12T21:18:00:     cls._instance = Installation()
2025-09-12T21:18:00:                     ^^^^^^^^^^^^^^
2025-09-12T21:18:00:   File "/usr/local/lib/python3.12/site-packages/streamlit/runtime/metrics_util.py", line 233, in __init__
2025-09-12T21:18:00:     uuid.uuid5(uuid.NAMESPACE_DNS, _get_machine_id_v3())
2025-09-12T21:18:00:                                    ^^^^^^^^^^^^^^^^^^^^
2025-09-12T21:18:00:   File "/usr/local/lib/python3.12/site-packages/streamlit/runtime/metrics_util.py", line 173, in _get_machine_id_v3
2025-09-12T21:18:00:     machine_id = f.read()
2025-09-12T21:18:00:                  ^^^^^^^^
2025-09-12T21:18:00:   File "<frozen codecs>", line 322, in decode
2025-09-12T21:18:00: UnicodeDecodeError: 'utf-8' codec can't decode bytes in position 25-26: invalid continuation byte
2025-09-12T21:18:04: Exception in callback AppSession._on_scriptrunner_event.<locals>.<lambda>() at /usr/local/lib/python3.12/site-packages/streamlit/runtime/app_session.py:519
2025-09-12T21:18:04: handle: <Handle AppSession._on_scriptrunner_event.<locals>.<lambda>() at /usr/local/lib/python3.12/site-packages/streamlit/runtime/app_session.py:519>
2025-09-12T21:18:04: Traceback (most recent call last):
2025-09-12T21:18:04:   File "/usr/local/lib/python3.12/asyncio/events.py", line 88, in _run
2025-09-12T21:18:04:     self._context.run(self._callback, *self._args)
2025-09-12T21:18:04:   File "/usr/local/lib/python3.12/site-packages/streamlit/runtime/app_session.py", line 519, in <lambda>
2025-09-12T21:18:04:     lambda: self._handle_scriptrunner_event_on_event_loop(
2025-09-12T21:18:04:             ^^^^^^^^^^^^^^^^^^^^^^^^^^^^^^^^^^^^^^^^^^^^^^
2025-09-12T21:18:04:   File "/usr/local/lib/python3.12/site-packages/streamlit/runtime/app_session.py", line 616, in _handle_scriptrunner_event_on_event_loop
2025-09-12T21:18:04:     msg = self._create_new_session_message(
2025-09-12T21:18:04:           ^^^^^^^^^^^^^^^^^^^^^^^^^^^^^^^^^
2025-09-12T21:18:04:   File "/usr/local/lib/python3.12/site-packages/streamlit/runtime/app_session.py", line 750, in _create_new_session_message
2025-09-12T21:18:04:     _populate_user_info_msg(imsg.user_info)
2025-09-12T21:18:04:   File "/usr/local/lib/python3.12/site-packages/streamlit/runtime/app_session.py", line 1154, in _populate_user_info_msg
2025-09-12T21:18:04:     inst = Installation.instance()
2025-09-12T21:18:04:            ^^^^^^^^^^^^^^^^^^^^^^^
2025-09-12T21:18:04:   File "/usr/local/lib/python3.12/site-packages/streamlit/runtime/metrics_util.py", line 228, in instance
2025-09-12T21:18:04:     cls._instance = Installation()
2025-09-12T21:18:04:                     ^^^^^^^^^^^^^^
2025-09-12T21:18:04:   File "/usr/local/lib/python3.12/site-packages/streamlit/runtime/metrics_util.py", line 233, in __init__
2025-09-12T21:18:04:     uuid.uuid5(uuid.NAMESPACE_DNS, _get_machine_id_v3())
2025-09-12T21:18:04:                                    ^^^^^^^^^^^^^^^^^^^^
2025-09-12T21:18:04:   File "/usr/local/lib/python3.12/site-packages/streamlit/runtime/metrics_util.py", line 173, in _get_machine_id_v3
2025-09-12T21:18:04:     machine_id = f.read()
2025-09-12T21:18:04:                  ^^^^^^^^
2025-09-12T21:18:04:   File "<frozen codecs>", line 322, in decode
2025-09-12T21:18:04: UnicodeDecodeError: 'utf-8' codec can't decode bytes in position 25-26: invalid continuation byte
2025-09-12T21:18:15: Exception in callback AppSession._on_scriptrunner_event.<locals>.<lambda>() at /usr/local/lib/python3.12/site-packages/streamlit/runtime/app_session.py:519
2025-09-12T21:18:15: handle: <Handle AppSession._on_scriptrunner_event.<locals>.<lambda>() at /usr/local/lib/python3.12/site-packages/streamlit/runtime/app_session.py:519>
2025-09-12T21:18:15: Traceback (most recent call last):
2025-09-12T21:18:15:   File "/usr/local/lib/python3.12/asyncio/events.py", line 88, in _run
2025-09-12T21:18:15:     self._context.run(self._callback, *self._args)
2025-09-12T21:18:15:   File "/usr/local/lib/python3.12/site-packages/streamlit/runtime/app_session.py", line 519, in <lambda>
2025-09-12T21:18:15:     lambda: self._handle_scriptrunner_event_on_event_loop(
2025-09-12T21:18:15:             ^^^^^^^^^^^^^^^^^^^^^^^^^^^^^^^^^^^^^^^^^^^^^^
2025-09-12T21:18:15:   File "/usr/local/lib/python3.12/site-packages/streamlit/runtime/app_session.py", line 616, in _handle_scriptrunner_event_on_event_loop
2025-09-12T21:18:15:     msg = self._create_new_session_message(
2025-09-12T21:18:15:           ^^^^^^^^^^^^^^^^^^^^^^^^^^^^^^^^^
2025-09-12T21:18:15:   File "/usr/local/lib/python3.12/site-packages/streamlit/runtime/app_session.py", line 750, in _create_new_session_message
2025-09-12T21:18:15:     _populate_user_info_msg(imsg.user_info)
2025-09-12T21:18:15:   File "/usr/local/lib/python3.12/site-packages/streamlit/runtime/app_session.py", line 1154, in _populate_user_info_msg
2025-09-12T21:18:15:     inst = Installation.instance()
2025-09-12T21:18:15:            ^^^^^^^^^^^^^^^^^^^^^^^
2025-09-12T21:18:15:   File "/usr/local/lib/python3.12/site-packages/streamlit/runtime/metrics_util.py", line 228, in instance
2025-09-12T21:18:15:     cls._instance = Installation()
2025-09-12T21:18:15:                     ^^^^^^^^^^^^^^
2025-09-12T21:18:15:   File "/usr/local/lib/python3.12/site-packages/streamlit/runtime/metrics_util.py", line 233, in __init__
2025-09-12T21:18:15:     uuid.uuid5(uuid.NAMESPACE_DNS, _get_machine_id_v3())
2025-09-12T21:18:15:                                    ^^^^^^^^^^^^^^^^^^^^
2025-09-12T21:18:15:   File "/usr/local/lib/python3.12/site-packages/streamlit/runtime/metrics_util.py", line 173, in _get_machine_id_v3
2025-09-12T21:18:15:     machine_id = f.read()
2025-09-12T21:18:15:                  ^^^^^^^^
2025-09-12T21:18:15:   File "<frozen codecs>", line 322, in decode
2025-09-12T21:18:15: UnicodeDecodeError: 'utf-8' codec can't decode bytes in position 25-26: invalid continuation byte
2025-09-12T21:18:23: Exception in callback AppSession._on_scriptrunner_event.<locals>.<lambda>() at /usr/local/lib/python3.12/site-packages/streamlit/runtime/app_session.py:519
2025-09-12T21:18:23: handle: <Handle AppSession._on_scriptrunner_event.<locals>.<lambda>() at /usr/local/lib/python3.12/site-packages/streamlit/runtime/app_session.py:519>
2025-09-12T21:18:23: Traceback (most recent call last):
2025-09-12T21:18:23:   File "/usr/local/lib/python3.12/asyncio/events.py", line 88, in _run
2025-09-12T21:18:23:     self._context.run(self._callback, *self._args)
2025-09-12T21:18:23:   File "/usr/local/lib/python3.12/site-packages/streamlit/runtime/app_session.py", line 519, in <lambda>
2025-09-12T21:18:23:     lambda: self._handle_scriptrunner_event_on_event_loop(
2025-09-12T21:18:23:             ^^^^^^^^^^^^^^^^^^^^^^^^^^^^^^^^^^^^^^^^^^^^^^
2025-09-12T21:18:23:   File "/usr/local/lib/python3.12/site-packages/streamlit/runtime/app_session.py", line 616, in _handle_scriptrunner_event_on_event_loop
2025-09-12T21:18:23:     msg = self._create_new_session_message(
2025-09-12T21:18:23:           ^^^^^^^^^^^^^^^^^^^^^^^^^^^^^^^^^
2025-09-12T21:18:23:   File "/usr/local/lib/python3.12/site-packages/streamlit/runtime/app_session.py", line 750, in _create_new_session_message
2025-09-12T21:18:23:     _populate_user_info_msg(imsg.user_info)
2025-09-12T21:18:23:   File "/usr/local/lib/python3.12/site-packages/streamlit/runtime/app_session.py", line 1154, in _populate_user_info_msg
2025-09-12T21:18:23:     inst = Installation.instance()
2025-09-12T21:18:23:            ^^^^^^^^^^^^^^^^^^^^^^^
2025-09-12T21:18:23:   File "/usr/local/lib/python3.12/site-packages/streamlit/runtime/metrics_util.py", line 228, in instance
2025-09-12T21:18:23:     cls._instance = Installation()
2025-09-12T21:18:23:                     ^^^^^^^^^^^^^^
2025-09-12T21:18:23:   File "/usr/local/lib/python3.12/site-packages/streamlit/runtime/metrics_util.py", line 233, in __init__
2025-09-12T21:18:23:     uuid.uuid5(uuid.NAMESPACE_DNS, _get_machine_id_v3())
2025-09-12T21:18:23:                                    ^^^^^^^^^^^^^^^^^^^^
2025-09-12T21:18:23:   File "/usr/local/lib/python3.12/site-packages/streamlit/runtime/metrics_util.py", line 173, in _get_machine_id_v3
2025-09-12T21:18:23:     machine_id = f.read()
2025-09-12T21:18:23:                  ^^^^^^^^
2025-09-12T21:18:23:   File "<frozen codecs>", line 322, in decode
2025-09-12T21:18:23: UnicodeDecodeError: 'utf-8' codec can't decode bytes in position 25-26: invalid continuation byte
2025-09-12T22:24:48: Exception in callback AppSession._on_scriptrunner_event.<locals>.<lambda>() at /usr/local/lib/python3.12/site-packages/streamlit/runtime/app_session.py:519
2025-09-12T22:24:48: handle: <Handle AppSession._on_scriptrunner_event.<locals>.<lambda>() at /usr/local/lib/python3.12/site-packages/streamlit/runtime/app_session.py:519>
2025-09-12T22:24:48: Traceback (most recent call last):
2025-09-12T22:24:48:   File "/usr/local/lib/python3.12/asyncio/events.py", line 88, in _run
2025-09-12T22:24:48:     self._context.run(self._callback, *self._args)
2025-09-12T22:24:48:   File "/usr/local/lib/python3.12/site-packages/streamlit/runtime/app_session.py", line 519, in <lambda>
2025-09-12T22:24:48:     lambda: self._handle_scriptrunner_event_on_event_loop(
2025-09-12T22:24:48:             ^^^^^^^^^^^^^^^^^^^^^^^^^^^^^^^^^^^^^^^^^^^^^^
2025-09-12T22:24:48:   File "/usr/local/lib/python3.12/site-packages/streamlit/runtime/app_session.py", line 616, in _handle_scriptrunner_event_on_event_loop
2025-09-12T22:24:48:     msg = self._create_new_session_message(
2025-09-12T22:24:48:           ^^^^^^^^^^^^^^^^^^^^^^^^^^^^^^^^^
2025-09-12T22:24:48:   File "/usr/local/lib/python3.12/site-packages/streamlit/runtime/app_session.py", line 750, in _create_new_session_message
2025-09-12T22:24:48:     _populate_user_info_msg(imsg.user_info)
2025-09-12T22:24:48:   File "/usr/local/lib/python3.12/site-packages/streamlit/runtime/app_session.py", line 1154, in _populate_user_info_msg
2025-09-12T22:24:48:     inst = Installation.instance()
2025-09-12T22:24:48:            ^^^^^^^^^^^^^^^^^^^^^^^
2025-09-12T22:24:48:   File "/usr/local/lib/python3.12/site-packages/streamlit/runtime/metrics_util.py", line 228, in instance
2025-09-12T22:24:48:     cls._instance = Installation()
2025-09-12T22:24:48:                     ^^^^^^^^^^^^^^
2025-09-12T22:24:48:   File "/usr/local/lib/python3.12/site-packages/streamlit/runtime/metrics_util.py", line 233, in __init__
2025-09-12T22:24:48:     uuid.uuid5(uuid.NAMESPACE_DNS, _get_machine_id_v3())
2025-09-12T22:24:48:                                    ^^^^^^^^^^^^^^^^^^^^
2025-09-12T22:24:48:   File "/usr/local/lib/python3.12/site-packages/streamlit/runtime/metrics_util.py", line 173, in _get_machine_id_v3
2025-09-12T22:24:48:     machine_id = f.read()
2025-09-12T22:24:48:                  ^^^^^^^^
2025-09-12T22:24:48:   File "<frozen codecs>", line 322, in decode
2025-09-12T22:24:48: UnicodeDecodeError: 'utf-8' codec can't decode bytes in position 25-26: invalid continuation byte
2025-09-12T22:25:29: Exception in callback AppSession._on_scriptrunner_event.<locals>.<lambda>() at /usr/local/lib/python3.12/site-packages/streamlit/runtime/app_session.py:519
2025-09-12T22:25:29: handle: <Handle AppSession._on_scriptrunner_event.<locals>.<lambda>() at /usr/local/lib/python3.12/site-packages/streamlit/runtime/app_session.py:519>
2025-09-12T22:25:29: Traceback (most recent call last):
2025-09-12T22:25:29:   File "/usr/local/lib/python3.12/asyncio/events.py", line 88, in _run
2025-09-12T22:25:29:     self._context.run(self._callback, *self._args)
2025-09-12T22:25:29:   File "/usr/local/lib/python3.12/site-packages/streamlit/runtime/app_session.py", line 519, in <lambda>
2025-09-12T22:25:29:     lambda: self._handle_scriptrunner_event_on_event_loop(
2025-09-12T22:25:29:             ^^^^^^^^^^^^^^^^^^^^^^^^^^^^^^^^^^^^^^^^^^^^^^
2025-09-12T22:25:29:   File "/usr/local/lib/python3.12/site-packages/streamlit/runtime/app_session.py", line 616, in _handle_scriptrunner_event_on_event_loop
2025-09-12T22:25:29:     msg = self._create_new_session_message(
2025-09-12T22:25:29:           ^^^^^^^^^^^^^^^^^^^^^^^^^^^^^^^^^
2025-09-12T22:25:29:   File "/usr/local/lib/python3.12/site-packages/streamlit/runtime/app_session.py", line 750, in _create_new_session_message
2025-09-12T22:25:29:     _populate_user_info_msg(imsg.user_info)
2025-09-12T22:25:29:   File "/usr/local/lib/python3.12/site-packages/streamlit/runtime/app_session.py", line 1154, in _populate_user_info_msg
2025-09-12T22:25:29:     inst = Installation.instance()
2025-09-12T22:25:29:            ^^^^^^^^^^^^^^^^^^^^^^^
2025-09-12T22:25:29:   File "/usr/local/lib/python3.12/site-packages/streamlit/runtime/metrics_util.py", line 228, in instance
2025-09-12T22:25:29:     cls._instance = Installation()
2025-09-12T22:25:29:                     ^^^^^^^^^^^^^^
2025-09-12T22:25:29:   File "/usr/local/lib/python3.12/site-packages/streamlit/runtime/metrics_util.py", line 233, in __init__
2025-09-12T22:25:29:     uuid.uuid5(uuid.NAMESPACE_DNS, _get_machine_id_v3())
2025-09-12T22:25:29:                                    ^^^^^^^^^^^^^^^^^^^^
2025-09-12T22:25:29:   File "/usr/local/lib/python3.12/site-packages/streamlit/runtime/metrics_util.py", line 173, in _get_machine_id_v3
2025-09-12T22:25:29:     machine_id = f.read()
2025-09-12T22:25:29:                  ^^^^^^^^
2025-09-12T22:25:29:   File "<frozen codecs>", line 322, in decode
2025-09-12T22:25:29: UnicodeDecodeError: 'utf-8' codec can't decode bytes in position 25-26: invalid continuation byte
2025-09-12T22:25:29: Exception in callback AppSession._on_scriptrunner_event.<locals>.<lambda>() at /usr/local/lib/python3.12/site-packages/streamlit/runtime/app_session.py:519
2025-09-12T22:25:29: handle: <Handle AppSession._on_scriptrunner_event.<locals>.<lambda>() at /usr/local/lib/python3.12/site-packages/streamlit/runtime/app_session.py:519>
2025-09-12T22:25:29: Traceback (most recent call last):
2025-09-12T22:25:29:   File "/usr/local/lib/python3.12/asyncio/events.py", line 88, in _run
2025-09-12T22:25:29:     self._context.run(self._callback, *self._args)
2025-09-12T22:25:29:   File "/usr/local/lib/python3.12/site-packages/streamlit/runtime/app_session.py", line 519, in <lambda>
2025-09-12T22:25:29:     lambda: self._handle_scriptrunner_event_on_event_loop(
2025-09-12T22:25:29:             ^^^^^^^^^^^^^^^^^^^^^^^^^^^^^^^^^^^^^^^^^^^^^^
2025-09-12T22:25:29:   File "/usr/local/lib/python3.12/site-packages/streamlit/runtime/app_session.py", line 616, in _handle_scriptrunner_event_on_event_loop
2025-09-12T22:25:29:     msg = self._create_new_session_message(
2025-09-12T22:25:29:           ^^^^^^^^^^^^^^^^^^^^^^^^^^^^^^^^^
2025-09-12T22:25:29:   File "/usr/local/lib/python3.12/site-packages/streamlit/runtime/app_session.py", line 750, in _create_new_session_message
2025-09-12T22:25:29:     _populate_user_info_msg(imsg.user_info)
2025-09-12T22:25:29:   File "/usr/local/lib/python3.12/site-packages/streamlit/runtime/app_session.py", line 1154, in _populate_user_info_msg
2025-09-12T22:25:29:     inst = Installation.instance()
2025-09-12T22:25:29:            ^^^^^^^^^^^^^^^^^^^^^^^
2025-09-12T22:25:29:   File "/usr/local/lib/python3.12/site-packages/streamlit/runtime/metrics_util.py", line 228, in instance
2025-09-12T22:25:29:     cls._instance = Installation()
2025-09-12T22:25:29:                     ^^^^^^^^^^^^^^
2025-09-12T22:25:29:   File "/usr/local/lib/python3.12/site-packages/streamlit/runtime/metrics_util.py", line 233, in __init__
2025-09-12T22:25:29:     uuid.uuid5(uuid.NAMESPACE_DNS, _get_machine_id_v3())
2025-09-12T22:25:29:                                    ^^^^^^^^^^^^^^^^^^^^
2025-09-12T22:25:29:   File "/usr/local/lib/python3.12/site-packages/streamlit/runtime/metrics_util.py", line 173, in _get_machine_id_v3
2025-09-12T22:25:29:     machine_id = f.read()
2025-09-12T22:25:29:                  ^^^^^^^^
2025-09-12T22:25:29:   File "<frozen codecs>", line 322, in decode
2025-09-12T22:25:29: UnicodeDecodeError: 'utf-8' codec can't decode bytes in position 25-26: invalid continuation byte
2025-09-12T22:25:29: 2025-09-12 22:25:29.357 Script compilation error
2025-09-12T22:25:29: Traceback (most recent call last):
2025-09-12T22:25:29:   File "/usr/local/lib/python3.12/site-packages/streamlit/runtime/scriptrunner/script_runner.py", line 571, in _run_script
2025-09-12T22:25:29:     code = self._script_cache.get_bytecode(script_path)
2025-09-12T22:25:29:            ^^^^^^^^^^^^^^^^^^^^^^^^^^^^^^^^^^^^^^^^^^^^
2025-09-12T22:25:29:   File "/usr/local/lib/python3.12/site-packages/streamlit/runtime/scriptrunner/script_cache.py", line 72, in get_bytecode
2025-09-12T22:25:29:     filebody = magic.add_magic(filebody, script_path)
2025-09-12T22:25:29:                ^^^^^^^^^^^^^^^^^^^^^^^^^^^^^^^^^^^^^^
2025-09-12T22:25:29:   File "/usr/local/lib/python3.12/site-packages/streamlit/runtime/scriptrunner/magic.py", line 45, in add_magic
2025-09-12T22:25:29:     tree = ast.parse(code, script_path, "exec")
2025-09-12T22:25:29:            ^^^^^^^^^^^^^^^^^^^^^^^^^^^^^^^^^^^^
2025-09-12T22:25:29:   File "/usr/local/lib/python3.12/ast.py", line 52, in parse
2025-09-12T22:25:29:     return compile(source, filename, mode, flags,
2025-09-12T22:25:29:            ^^^^^^^^^^^^^^^^^^^^^^^^^^^^^^^^^^^^^^
2025-09-12T22:25:29:   File "/home/user/webapp/balanced_contrast_dashboard.py", line 884
2025-09-12T22:25:29:     text_filters = {
2025-09-12T22:25:29:                    ^
2025-09-12T22:25:29: SyntaxError: '{' was never closed
2025-09-12T22:25:37: Exception in callback AppSession._on_scriptrunner_event.<locals>.<lambda>() at /usr/local/lib/python3.12/site-packages/streamlit/runtime/app_session.py:519
2025-09-12T22:25:37: handle: <Handle AppSession._on_scriptrunner_event.<locals>.<lambda>() at /usr/local/lib/python3.12/site-packages/streamlit/runtime/app_session.py:519>
2025-09-12T22:25:37: Traceback (most recent call last):
2025-09-12T22:25:37:   File "/usr/local/lib/python3.12/asyncio/events.py", line 88, in _run
2025-09-12T22:25:37:     self._context.run(self._callback, *self._args)
2025-09-12T22:25:37:   File "/usr/local/lib/python3.12/site-packages/streamlit/runtime/app_session.py", line 519, in <lambda>
2025-09-12T22:25:37:     lambda: self._handle_scriptrunner_event_on_event_loop(
2025-09-12T22:25:37:             ^^^^^^^^^^^^^^^^^^^^^^^^^^^^^^^^^^^^^^^^^^^^^^
2025-09-12T22:25:37:   File "/usr/local/lib/python3.12/site-packages/streamlit/runtime/app_session.py", line 616, in _handle_scriptrunner_event_on_event_loop
2025-09-12T22:25:37:     msg = self._create_new_session_message(
2025-09-12T22:25:37:           ^^^^^^^^^^^^^^^^^^^^^^^^^^^^^^^^^
2025-09-12T22:25:37:   File "/usr/local/lib/python3.12/site-packages/streamlit/runtime/app_session.py", line 750, in _create_new_session_message
2025-09-12T22:25:37:     _populate_user_info_msg(imsg.user_info)
2025-09-12T22:25:37:   File "/usr/local/lib/python3.12/site-packages/streamlit/runtime/app_session.py", line 1154, in _populate_user_info_msg
2025-09-12T22:25:37:     inst = Installation.instance()
2025-09-12T22:25:37:            ^^^^^^^^^^^^^^^^^^^^^^^
2025-09-12T22:25:37:   File "/usr/local/lib/python3.12/site-packages/streamlit/runtime/metrics_util.py", line 228, in instance
2025-09-12T22:25:37:     cls._instance = Installation()
2025-09-12T22:25:37:                     ^^^^^^^^^^^^^^
2025-09-12T22:25:37:   File "/usr/local/lib/python3.12/site-packages/streamlit/runtime/metrics_util.py", line 233, in __init__
2025-09-12T22:25:37:     uuid.uuid5(uuid.NAMESPACE_DNS, _get_machine_id_v3())
2025-09-12T22:25:37:                                    ^^^^^^^^^^^^^^^^^^^^
2025-09-12T22:25:37:   File "/usr/local/lib/python3.12/site-packages/streamlit/runtime/metrics_util.py", line 173, in _get_machine_id_v3
2025-09-12T22:25:37:     machine_id = f.read()
2025-09-12T22:25:37:                  ^^^^^^^^
2025-09-12T22:25:37:   File "<frozen codecs>", line 322, in decode
2025-09-12T22:25:37: UnicodeDecodeError: 'utf-8' codec can't decode bytes in position 25-26: invalid continuation byte
2025-09-12T22:25:38: Exception in callback AppSession._on_scriptrunner_event.<locals>.<lambda>() at /usr/local/lib/python3.12/site-packages/streamlit/runtime/app_session.py:519
2025-09-12T22:25:38: handle: <Handle AppSession._on_scriptrunner_event.<locals>.<lambda>() at /usr/local/lib/python3.12/site-packages/streamlit/runtime/app_session.py:519>
2025-09-12T22:25:38: Traceback (most recent call last):
2025-09-12T22:25:38:   File "/usr/local/lib/python3.12/asyncio/events.py", line 88, in _run
2025-09-12T22:25:38:     self._context.run(self._callback, *self._args)
2025-09-12T22:25:38:   File "/usr/local/lib/python3.12/site-packages/streamlit/runtime/app_session.py", line 519, in <lambda>
2025-09-12T22:25:38:     lambda: self._handle_scriptrunner_event_on_event_loop(
2025-09-12T22:25:38:             ^^^^^^^^^^^^^^^^^^^^^^^^^^^^^^^^^^^^^^^^^^^^^^
2025-09-12T22:25:38:   File "/usr/local/lib/python3.12/site-packages/streamlit/runtime/app_session.py", line 616, in _handle_scriptrunner_event_on_event_loop
2025-09-12T22:25:38:     msg = self._create_new_session_message(
2025-09-12T22:25:38:           ^^^^^^^^^^^^^^^^^^^^^^^^^^^^^^^^^
2025-09-12T22:25:38:   File "/usr/local/lib/python3.12/site-packages/streamlit/runtime/app_session.py", line 750, in _create_new_session_message
2025-09-12T22:25:38:     _populate_user_info_msg(imsg.user_info)
2025-09-12T22:25:38:   File "/usr/local/lib/python3.12/site-packages/streamlit/runtime/app_session.py", line 1154, in _populate_user_info_msg
2025-09-12T22:25:38:     inst = Installation.instance()
2025-09-12T22:25:38:            ^^^^^^^^^^^^^^^^^^^^^^^
2025-09-12T22:25:38:   File "/usr/local/lib/python3.12/site-packages/streamlit/runtime/metrics_util.py", line 228, in instance
2025-09-12T22:25:38:     cls._instance = Installation()
2025-09-12T22:25:38:                     ^^^^^^^^^^^^^^
2025-09-12T22:25:38:   File "/usr/local/lib/python3.12/site-packages/streamlit/runtime/metrics_util.py", line 233, in __init__
2025-09-12T22:25:38:     uuid.uuid5(uuid.NAMESPACE_DNS, _get_machine_id_v3())
2025-09-12T22:25:38:                                    ^^^^^^^^^^^^^^^^^^^^
2025-09-12T22:25:38:   File "/usr/local/lib/python3.12/site-packages/streamlit/runtime/metrics_util.py", line 173, in _get_machine_id_v3
2025-09-12T22:25:38:     machine_id = f.read()
2025-09-12T22:25:38:                  ^^^^^^^^
2025-09-12T22:25:38:   File "<frozen codecs>", line 322, in decode
2025-09-12T22:25:38: UnicodeDecodeError: 'utf-8' codec can't decode bytes in position 25-26: invalid continuation byte
2025-09-12T22:25:42: Exception in callback AppSession._on_scriptrunner_event.<locals>.<lambda>() at /usr/local/lib/python3.12/site-packages/streamlit/runtime/app_session.py:519
2025-09-12T22:25:42: handle: <Handle AppSession._on_scriptrunner_event.<locals>.<lambda>() at /usr/local/lib/python3.12/site-packages/streamlit/runtime/app_session.py:519>
2025-09-12T22:25:42: Traceback (most recent call last):
2025-09-12T22:25:42:   File "/usr/local/lib/python3.12/asyncio/events.py", line 88, in _run
2025-09-12T22:25:42:     self._context.run(self._callback, *self._args)
2025-09-12T22:25:42:   File "/usr/local/lib/python3.12/site-packages/streamlit/runtime/app_session.py", line 519, in <lambda>
2025-09-12T22:25:42:     lambda: self._handle_scriptrunner_event_on_event_loop(
2025-09-12T22:25:42:             ^^^^^^^^^^^^^^^^^^^^^^^^^^^^^^^^^^^^^^^^^^^^^^
2025-09-12T22:25:42:   File "/usr/local/lib/python3.12/site-packages/streamlit/runtime/app_session.py", line 616, in _handle_scriptrunner_event_on_event_loop
2025-09-12T22:25:42:     msg = self._create_new_session_message(
2025-09-12T22:25:42:           ^^^^^^^^^^^^^^^^^^^^^^^^^^^^^^^^^
2025-09-12T22:25:42:   File "/usr/local/lib/python3.12/site-packages/streamlit/runtime/app_session.py", line 750, in _create_new_session_message
2025-09-12T22:25:42:     _populate_user_info_msg(imsg.user_info)
2025-09-12T22:25:42:   File "/usr/local/lib/python3.12/site-packages/streamlit/runtime/app_session.py", line 1154, in _populate_user_info_msg
2025-09-12T22:25:42:     inst = Installation.instance()
2025-09-12T22:25:42:            ^^^^^^^^^^^^^^^^^^^^^^^
2025-09-12T22:25:42:   File "/usr/local/lib/python3.12/site-packages/streamlit/runtime/metrics_util.py", line 228, in instance
2025-09-12T22:25:42:     cls._instance = Installation()
2025-09-12T22:25:42:                     ^^^^^^^^^^^^^^
2025-09-12T22:25:42:   File "/usr/local/lib/python3.12/site-packages/streamlit/runtime/metrics_util.py", line 233, in __init__
2025-09-12T22:25:42:     uuid.uuid5(uuid.NAMESPACE_DNS, _get_machine_id_v3())
2025-09-12T22:25:42:                                    ^^^^^^^^^^^^^^^^^^^^
2025-09-12T22:25:42:   File "/usr/local/lib/python3.12/site-packages/streamlit/runtime/metrics_util.py", line 173, in _get_machine_id_v3
2025-09-12T22:25:42:     machine_id = f.read()
2025-09-12T22:25:42:                  ^^^^^^^^
2025-09-12T22:25:42:   File "<frozen codecs>", line 322, in decode
2025-09-12T22:25:42: UnicodeDecodeError: 'utf-8' codec can't decode bytes in position 25-26: invalid continuation byte
2025-09-12T22:25:42: 2025-09-12 22:25:42.196 Script compilation error
2025-09-12T22:25:42: Traceback (most recent call last):
2025-09-12T22:25:42:   File "/usr/local/lib/python3.12/site-packages/streamlit/runtime/scriptrunner/script_runner.py", line 571, in _run_script
2025-09-12T22:25:42:     code = self._script_cache.get_bytecode(script_path)
2025-09-12T22:25:42:            ^^^^^^^^^^^^^^^^^^^^^^^^^^^^^^^^^^^^^^^^^^^^
2025-09-12T22:25:42:   File "/usr/local/lib/python3.12/site-packages/streamlit/runtime/scriptrunner/script_cache.py", line 72, in get_bytecode
2025-09-12T22:25:42:     filebody = magic.add_magic(filebody, script_path)
2025-09-12T22:25:42:                ^^^^^^^^^^^^^^^^^^^^^^^^^^^^^^^^^^^^^^
2025-09-12T22:25:42:   File "/usr/local/lib/python3.12/site-packages/streamlit/runtime/scriptrunner/magic.py", line 45, in add_magic
2025-09-12T22:25:42:     tree = ast.parse(code, script_path, "exec")
2025-09-12T22:25:42:            ^^^^^^^^^^^^^^^^^^^^^^^^^^^^^^^^^^^^
2025-09-12T22:25:42:   File "/usr/local/lib/python3.12/ast.py", line 52, in parse
2025-09-12T22:25:42:     return compile(source, filename, mode, flags,
2025-09-12T22:25:42:            ^^^^^^^^^^^^^^^^^^^^^^^^^^^^^^^^^^^^^^
2025-09-12T22:25:42:   File "/home/user/webapp/balanced_contrast_dashboard.py", line 550
2025-09-12T22:25:42:     key="frequency_filt
2025-09-12T22:25:42:         ^
2025-09-12T22:25:42: SyntaxError: unterminated string literal (detected at line 550)
2025-09-12T22:26:12: Exception in callback AppSession._on_scriptrunner_event.<locals>.<lambda>() at /usr/local/lib/python3.12/site-packages/streamlit/runtime/app_session.py:519
2025-09-12T22:26:12: handle: <Handle AppSession._on_scriptrunner_event.<locals>.<lambda>() at /usr/local/lib/python3.12/site-packages/streamlit/runtime/app_session.py:519>
2025-09-12T22:26:12: Traceback (most recent call last):
2025-09-12T22:26:12:   File "/usr/local/lib/python3.12/asyncio/events.py", line 88, in _run
2025-09-12T22:26:12:     self._context.run(self._callback, *self._args)
2025-09-12T22:26:12:   File "/usr/local/lib/python3.12/site-packages/streamlit/runtime/app_session.py", line 519, in <lambda>
2025-09-12T22:26:12:     lambda: self._handle_scriptrunner_event_on_event_loop(
2025-09-12T22:26:12:             ^^^^^^^^^^^^^^^^^^^^^^^^^^^^^^^^^^^^^^^^^^^^^^
2025-09-12T22:26:12:   File "/usr/local/lib/python3.12/site-packages/streamlit/runtime/app_session.py", line 616, in _handle_scriptrunner_event_on_event_loop
2025-09-12T22:26:12:     msg = self._create_new_session_message(
2025-09-12T22:26:12:           ^^^^^^^^^^^^^^^^^^^^^^^^^^^^^^^^^
2025-09-12T22:26:12:   File "/usr/local/lib/python3.12/site-packages/streamlit/runtime/app_session.py", line 750, in _create_new_session_message
2025-09-12T22:26:12:     _populate_user_info_msg(imsg.user_info)
2025-09-12T22:26:12:   File "/usr/local/lib/python3.12/site-packages/streamlit/runtime/app_session.py", line 1154, in _populate_user_info_msg
2025-09-12T22:26:12:     inst = Installation.instance()
2025-09-12T22:26:12:            ^^^^^^^^^^^^^^^^^^^^^^^
2025-09-12T22:26:12:   File "/usr/local/lib/python3.12/site-packages/streamlit/runtime/metrics_util.py", line 228, in instance
2025-09-12T22:26:12:     cls._instance = Installation()
2025-09-12T22:26:12:                     ^^^^^^^^^^^^^^
2025-09-12T22:26:12:   File "/usr/local/lib/python3.12/site-packages/streamlit/runtime/metrics_util.py", line 233, in __init__
2025-09-12T22:26:12:     uuid.uuid5(uuid.NAMESPACE_DNS, _get_machine_id_v3())
2025-09-12T22:26:12:                                    ^^^^^^^^^^^^^^^^^^^^
2025-09-12T22:26:12:   File "/usr/local/lib/python3.12/site-packages/streamlit/runtime/metrics_util.py", line 173, in _get_machine_id_v3
2025-09-12T22:26:12:     machine_id = f.read()
2025-09-12T22:26:12:                  ^^^^^^^^
2025-09-12T22:26:12:   File "<frozen codecs>", line 322, in decode
2025-09-12T22:26:12: UnicodeDecodeError: 'utf-8' codec can't decode bytes in position 25-26: invalid continuation byte
